Algorithm: PageRank
Damping: 0.850000
Vertex ranks:
0 0.000014
1 0.000015
2 0.000038
3 0.000019
4 0.000021
5 0.000032
6 0.000040
7 0.000020
8 0.000021
9 0.000041
10 0.000023
11 0.000022
12 0.000022
13 0.000022
14 0.000012
15 0.000006
16 0.000013
17 0.000015
18 0.000016
19 0.000012
20 0.000023
21 0.000022
22 0.000009
23 0.000016
24 0.000017
25 0.000022
26 0.000026
27 0.000014
28 0.000026
29 0.000025
30 0.000028
31 0.000027
32 0.000026
33 0.000029
34 0.000011
35 0.000013
36 0.000013
37 0.000017
38 0.000027
39 0.000023
40 0.000031
41 0.000017
42 0.000024
43 0.000023
44 0.000023
45 0.000023
46 0.000029
47 0.000015
48 0.000007
49 0.000015
50 0.000037
51 0.000017
52 0.000018
53 0.000033
54 0.000037
55 0.000013
56 0.000016
57 0.000008
58 0.000006
59 0.000005
60 0.000005
61 0.000004
62 0.000005
63 0.000034
64 0.000023
65 0.000020
66 0.000011
67 0.000023
68 0.000010
69 0.000006
70 0.000005
71 0.000005
72 0.000005
73 0.000014
74 0.000013
75 0.000009
76 0.000006
77 0.000006
78 0.000018
79 0.000030
80 0.000016
81 0.000013
82 0.000008
83 0.000010
84 0.000006
85 0.000012
86 0.000006
87 0.000004
88 0.000015
89 0.000025
90 0.000024
91 0.000034
92 0.000032
93 0.000030
94 0.000015
95 0.000007
96 0.000005
97 0.000026
98 0.000046
99 0.000042
100 0.000054
101 0.000058
102 0.000055
103 0.000026
104 0.000025
105 0.000023
106 0.000023
107 0.000020
108 0.000011
109 0.000005
110 0.000022
111 0.000019
112 0.000022
113 0.000021
114 0.000012
115 0.000016
116 0.000010
117 0.000019
118 0.000020
119 0.000017
120 0.000008
121 0.000009
122 0.000013
123 0.000007
124 0.000014
125 0.000010
126 0.000020
127 0.000039
128 0.000020
129 0.000047
130 0.000020
131 0.000030
132 0.000016
133 0.000023
134 0.000011
135 0.000008
136 0.000014
137 0.000023
138 0.000009
139 0.000008
140 0.000010
141 0.000012
142 0.000008
143 0.000017
144 0.000007
145 0.000013
146 0.000020
147 0.000012
148 0.000011
149 0.000016
150 0.000008
151 0.000005
152 0.000013
153 0.000009
154 0.000010
155 0.000012
156 0.000013
157 0.000014
158 0.000009
159 0.000011
160 0.000006
161 0.000015
162 0.000021
163 0.000012
164 0.000015
165 0.000023
166 0.000023
167 0.000022
168 0.000034
169 0.000017
170 0.000026
171 0.000025
172 0.000017
173 0.000026
174 0.000014
175 0.000009
176 0.000015
177 0.000022
178 0.000022
179 0.000012
180 0.000019
181 0.000007
182 0.000050
183 0.000045
184 0.000013
185 0.000008
186 0.000007
187 0.000009
188 0.000022
189 0.000022
190 0.000012
191 0.000017
192 0.000010
193 0.000007
194 0.000013
195 0.000017
196 0.000010
197 0.000010
198 0.000039
199 0.000041
200 0.000028
201 0.000033
202 0.000021
203 0.000014
204 0.000017
205 0.000017
206 0.000013
207 0.000019
208 0.000019
209 0.000026
210 0.000026
211 0.000008
212 0.000007
213 0.000016
214 0.000010
215 0.000045
216 0.000058
217 0.000060
218 0.000054
219 0.000018
220 0.000017
221 0.000018
222 0.000007
223 0.000006
224 0.000008
225 0.000018
226 0.000036
227 0.000020
228 0.000020
229 0.000015
230 0.000016
231 0.000025
232 0.000017
233 0.000018
234 0.000028
235 0.000016
236 0.000010
237 0.000025
238 0.000024
239 0.000008
240 0.000014
241 0.000008
242 0.000020
243 0.000023
244 0.000023
245 0.000036
246 0.000051
247 0.000025
248 0.000014
249 0.000015
250 0.000025
251 0.000014
252 0.000022
253 0.000009
254 0.000007
255 0.000006
256 0.000006
257 0.000016
258 0.000018
259 0.000012
260 0.000018
261 0.000034
262 0.000019
263 0.000011
264 0.000012
265 0.000033
266 0.000017
267 0.000024
268 0.000010
269 0.000011
270 0.000013
271 0.000024
272 0.000030
273 0.000038
274 0.000027
275 0.000034
276 0.000033
277 0.000018
278 0.000019
279 0.000019
280 0.000019
281 0.000030
282 0.000012
283 0.000027
284 0.000023
285 0.000018
286 0.000011
287 0.000009
288 0.000017
289 0.000018
290 0.000022
291 0.000016
292 0.000017
293 0.000010
294 0.000025
295 0.000014
296 0.000010
297 0.000011
298 0.000008
299 0.000006
300 0.000004
301 0.000017
302 0.000012
303 0.000013
304 0.000035
305 0.000033
306 0.000031
307 0.000037
308 0.000043
309 0.000015
310 0.000016
311 0.000014
312 0.000023
313 0.000008
314 0.000017
315 0.000021
316 0.000016
317 0.000010
318 0.000006
319 0.000023
320 0.000022
321 0.000022
322 0.000016
323 0.000014
324 0.000027
325 0.000014
326 0.000019
327 0.000022
328 0.000022
329 0.000012
330 0.000015
331 0.000015
332 0.000044
333 0.000045
334 0.000019
335 0.000011
336 0.000014
337 0.000015
338 0.000012
339 0.000007
340 0.000014
341 0.000011
342 0.000023
343 0.000027
344 0.000011
345 0.000028
346 0.000020
347 0.000028
348 0.000014
349 0.000011
350 0.000012
351 0.000015
352 0.000041
353 0.000020
354 0.000027
355 0.000028
356 0.000019
357 0.000020
358 0.000018
359 0.000019
360 0.000039
361 0.000036
362 0.000027
363 0.000041
364 0.000047
365 0.000016
366 0.000021
367 0.000024
368 0.000013
369 0.000009
370 0.000013
371 0.000008
372 0.000019
373 0.000008
374 0.000014
375 0.000015
376 0.000006
377 0.000051
378 0.000046
379 0.000056
380 0.000051
381 0.000035
382 0.000036
383 0.000034
384 0.000017
385 0.000016
386 0.000008
387 0.000009
388 0.000010
389 0.000024
390 0.000015
391 0.000024
392 0.000023
393 0.000013
394 0.000009
395 0.000008
396 0.000019
397 0.000037
398 0.000026
399 0.000025
400 0.000010
401 0.000028
402 0.000017
403 0.000022
404 0.000012
405 0.000013
406 0.000011
407 0.000013
408 0.000016
409 0.000017
410 0.000024
411 0.000024
412 0.000030
413 0.000047
414 0.000019
415 0.000026
416 0.000010
417 0.000032
418 0.000012
419 0.000028
420 0.000027
421 0.000026
422 0.000036
423 0.000037
424 0.000009
425 0.000016
426 0.000010
427 0.000013
428 0.000013
429 0.000014
430 0.000025
431 0.000028
432 0.000029
433 0.000043
434 0.000015
435 0.000026
436 0.000014
437 0.000046
438 0.000019
439 0.000028
440 0.000019
441 0.000012
442 0.000013
443 0.000014
444 0.000015
445 0.000023
446 0.000013
447 0.000008
448 0.000011
449 0.000027
450 0.000021
451 0.000028
452 0.000044
453 0.000013
454 0.000029
455 0.000038
456 0.000029
457 0.000019
458 0.000008
459 0.000013
460 0.000017
461 0.000018
462 0.000018
463 0.000027
464 0.000029
465 0.000027
466 0.000009
467 0.000009
468 0.000010
469 0.000017
470 0.000010
471 0.000005
472 0.000016
473 0.000017
474 0.000017
475 0.000025
476 0.000013
477 0.000035
478 0.000037
479 0.000026
480 0.000045
481 0.000022
482 0.000025
483 0.000027
484 0.000022
485 0.000017
486 0.000023
487 0.000022
488 0.000015
489 0.000011
490 0.000018
491 0.000018
492 0.000008
493 0.000021
494 0.000024
495 0.000027
496 0.000016
497 0.000015
498 0.000007
499 0.000013
500 0.000017
501 0.000024
502 0.000019
503 0.000018
504 0.000018
505 0.000011
506 0.000008
507 0.000007
508 0.000008
509 0.000006
510 0.000013
511 0.000014
512 0.000007
513 0.000006
514 0.000006
515 0.000005
516 0.000010
517 0.000025
518 0.000016
519 0.000008
520 0.000009
521 0.000019
522 0.000017
523 0.000017
524 0.000010
525 0.000013
526 0.000007
527 0.000009
528 0.000007
529 0.000011
530 0.000012
531 0.000019
532 0.000019
533 0.000015
534 0.000007
535 0.000010
536 0.000028
537 0.000027
538 0.000035
539 0.000022
540 0.000012
541 0.000011
542 0.000021
543 0.000020
544 0.000024
545 0.000024
546 0.000013
547 0.000018
548 0.000017
549 0.000019
550 0.000007
551 0.000005
552 0.000008
553 0.000006
554 0.000005
555 0.000015
556 0.000016
557 0.000037
558 0.000031
559 0.000022
560 0.000029
561 0.000015
562 0.000030
563 0.000016
564 0.000012
565 0.000013
566 0.000007
567 0.000011
568 0.000022
569 0.000027
570 0.000014
571 0.000007
572 0.000006
573 0.000007
574 0.000005
575 0.000016
576 0.000012
577 0.000013
578 0.000032
579 0.000037
580 0.000038
581 0.000014
582 0.000016
583 0.000013
584 0.000014
585 0.000009
586 0.000005
587 0.000024
588 0.000013
589 0.000017
590 0.000028
591 0.000031
592 0.000017
593 0.000022
594 0.000025
595 0.000024
596 0.000023
597 0.000026
598 0.000025
599 0.000024
600 0.000013
601 0.000019
602 0.000016
603 0.000010
604 0.000013
605 0.000009
606 0.000027
607 0.000027
608 0.000050
609 0.000034
610 0.000046
611 0.000051
612 0.000017
613 0.000016
614 0.000017
615 0.000017
616 0.000007
617 0.000005
618 0.000005
619 0.000005
620 0.000007
621 0.000023
622 0.000013
623 0.000034
624 0.000021
625 0.000011
626 0.000040
627 0.000018
628 0.000018
629 0.000018
630 0.000009
631 0.000015
632 0.000008
633 0.000007
634 0.000006
635 0.000008
636 0.000017
637 0.000038
638 0.000018
639 0.000024
640 0.000013
641 0.000029
642 0.000011
643 0.000022
644 0.000023
645 0.000030
646 0.000014
647 0.000016
648 0.000017
649 0.000017
650 0.000017
651 0.000008
652 0.000006
653 0.000011
654 0.000010
655 0.000016
656 0.000007
657 0.000019
658 0.000022
659 0.000027
660 0.000043
661 0.000042
662 0.000044
663 0.000022
664 0.000021
665 0.000012
666 0.000008
667 0.000025
668 0.000017
669 0.000012
670 0.000006
671 0.000021
672 0.000022
673 0.000038
674 0.000035
675 0.000038
676 0.000044
677 0.000047
678 0.000013
679 0.000007
680 0.000010
681 0.000010
682 0.000040
683 0.000022
684 0.000025
685 0.000011
686 0.000019
687 0.000022
688 0.000012
689 0.000013
690 0.000008
691 0.000013
692 0.000014
693 0.000012
694 0.000014
695 0.000009
696 0.000010
697 0.000019
698 0.000033
699 0.000029
700 0.000015
701 0.000022
702 0.000019
703 0.000019
704 0.000011
705 0.000017
706 0.000017
707 0.000014
708 0.000027
709 0.000015
710 0.000021
711 0.000016
712 0.000028
713 0.000027
714 0.000011
715 0.000012
716 0.000018
717 0.000018
718 0.000022
719 0.000037
720 0.000019
721 0.000022
722 0.000027
723 0.000020
724 0.000035
725 0.000014
726 0.000007
727 0.000020
728 0.000012
729 0.000020
730 0.000020
731 0.000027
732 0.000028
733 0.000019
734 0.000021
735 0.000040
736 0.000037
737 0.000035
738 0.000018
739 0.000023
740 0.000020
741 0.000024
742 0.000010
743 0.000014
744 0.000006
745 0.000008
746 0.000021
747 0.000037
748 0.000034
749 0.000018
750 0.000022
751 0.000014
752 0.000005
753 0.000028
754 0.000038
755 0.000022
756 0.000012
757 0.000006
758 0.000013
759 0.000017
760 0.000017
761 0.000013
762 0.000018
763 0.000023
764 0.000022
765 0.000021
766 0.000021
767 0.000029
768 0.000022
769 0.000013
770 0.000019
771 0.000010
772 0.000020
773 0.000032
774 0.000042
775 0.000039
776 0.000053
777 0.000023
778 0.000021
779 0.000017
780 0.000010
781 0.000019
782 0.000020
783 0.000035
784 0.000048
785 0.000026
786 0.000014
787 0.000033
788 0.000027
789 0.000022
790 0.000013
791 0.000010
792 0.000005
793 0.000022
794 0.000009
795 0.000019
796 0.000041
797 0.000038
798 0.000047
799 0.000023
800 0.000025
801 0.000016
802 0.000015
803 0.000020
804 0.000024
805 0.000017
806 0.000027
807 0.000020
808 0.000017
809 0.000025
810 0.000026
811 0.000014
812 0.000006
813 0.000006
814 0.000007
815 0.000027
816 0.000015
817 0.000011
818 0.000016
819 0.000006
820 0.000024
821 0.000049
822 0.000044
823 0.000022
824 0.000008
825 0.000016
826 0.000016
827 0.000012
828 0.000024
829 0.000015
830 0.000025
831 0.000014
832 0.000015
833 0.000018
834 0.000031
835 0.000047
836 0.000026
837 0.000014
838 0.000021
839 0.000020
840 0.000021
841 0.000047
842 0.000024
843 0.000018
844 0.000019
845 0.000022
846 0.000009
847 0.000023
848 0.000035
849 0.000047
850 0.000055
851 0.000020
852 0.000024
853 0.000013
854 0.000017
855 0.000008
856 0.000009
857 0.000028
858 0.000016
859 0.000017
860 0.000015
861 0.000016
862 0.000030
863 0.000023
864 0.000023
865 0.000009
866 0.000011
867 0.000008
868 0.000011
869 0.000013
870 0.000019
871 0.000020
872 0.000012
873 0.000018
874 0.000027
875 0.000014
876 0.000015
877 0.000016
878 0.000015
879 0.000018
880 0.000018
881 0.000020
882 0.000047
883 0.000026
884 0.000026
885 0.000025
886 0.000014
887 0.000011
888 0.000022
889 0.000015
890 0.000010
891 0.000021
892 0.000045
893 0.000027
894 0.000016
895 0.000024
896 0.000015
897 0.000009
898 0.000029
899 0.000045
900 0.000026
901 0.000025
902 0.000043
903 0.000044
904 0.000051
905 0.000030
906 0.000033
907 0.000012
908 0.000013
909 0.000017
910 0.000019
911 0.000024
912 0.000035
913 0.000015
914 0.000007
915 0.000009
916 0.000006
917 0.000008
918 0.000019
919 0.000021
920 0.000033
921 0.000038
922 0.000035
923 0.000018
924 0.000016
925 0.000010
926 0.000011
927 0.000013
928 0.000015
929 0.000018
930 0.000017
931 0.000011
932 0.000008
933 0.000007
934 0.000017
935 0.000012
936 0.000008
937 0.000005
938 0.000036
939 0.000043
940 0.000040
941 0.000015
942 0.000006
943 0.000029
944 0.000029
945 0.000028
946 0.000018
947 0.000014
948 0.000019
949 0.000027
950 0.000030
951 0.000032
952 0.000012
953 0.000024
954 0.000025
955 0.000020
956 0.000028
957 0.000027
958 0.000022
959 0.000009
960 0.000007
961 0.000009
962 0.000007
963 0.000006
964 0.000008
965 0.000008
966 0.000011
967 0.000010
968 0.000006
969 0.000004
970 0.000008
971 0.000033
972 0.000019
973 0.000023
974 0.000006
975 0.000014
976 0.000017
977 0.000028
978 0.000024
979 0.000012
980 0.000013
981 0.000024
982 0.000013
983 0.000017
984 0.000010
985 0.000015
986 0.000023
987 0.000020
988 0.000014
989 0.000012
990 0.000019
991 0.000028
992 0.000026
993 0.000030
994 0.000024
995 0.000013
996 0.000029
997 0.000033
998 0.000022
999 0.000032
1000 0.000022
1001 0.000025
1002 0.000037
1003 0.000019
1004 0.000019
1005 0.000021
1006 0.000016
1007 0.000023
1008 0.000043
1009 0.000037
1010 0.000015
1011 0.000020
1012 0.000027
1013 0.000036
1014 0.000013
1015 0.000019
1016 0.000019
1017 0.000035
1018 0.000054
1019 0.000018
1020 0.000016
1021 0.000016
1022 0.000016
1023 0.000010
1024 0.000016
1025 0.000014
1026 0.000015
1027 0.000019
1028 0.000017
1029 0.000010
1030 0.000020
1031 0.000020
1032 0.000020
1033 0.000012
1034 0.000006
1035 0.000006
1036 0.000008
1037 0.000015
1038 0.000019
1039 0.000011
1040 0.000008
1041 0.000012
1042 0.000014
1043 0.000024
1044 0.000020
1045 0.000020
1046 0.000020
1047 0.000024
1048 0.000015
1049 0.000021
1050 0.000020
1051 0.000012
1052 0.000024
1053 0.000016
1054 0.000017
1055 0.000021
1056 0.000043
1057 0.000053
1058 0.000072
1059 0.000038
1060 0.000035
1061 0.000018
1062 0.000020
1063 0.000020
1064 0.000012
1065 0.000008
1066 0.000009
1067 0.000013
1068 0.000029
1069 0.000027
1070 0.000037
1071 0.000014
1072 0.000007
1073 0.000006
1074 0.000006
1075 0.000012
1076 0.000011
1077 0.000010
1078 0.000016
1079 0.000024
1080 0.000023
1081 0.000025
1082 0.000024
1083 0.000013
1084 0.000023
1085 0.000030
1086 0.000033
1087 0.000042
1088 0.000034
1089 0.000025
1090 0.000024
1091 0.000013
1092 0.000023
1093 0.000013
1094 0.000008
1095 0.000011
1096 0.000008
1097 0.000007
1098 0.000017
1099 0.000044
1100 0.000040
1101 0.000037
1102 0.000035
1103 0.000018
1104 0.000018
1105 0.000025
1106 0.000028
1107 0.000011
1108 0.000012
1109 0.000031
1110 0.000019
1111 0.000014
1112 0.000009
1113 0.000012
1114 0.000015
1115 0.000016
1116 0.000030
1117 0.000025
1118 0.000010
1119 0.000021
1120 0.000009
1121 0.000014
1122 0.000015
1123 0.000012
1124 0.000006
1125 0.000031
1126 0.000029
1127 0.000011
1128 0.000018
1129 0.000011
1130 0.000008
1131 0.000005
1132 0.000005
1133 0.000007
1134 0.000015
1135 0.000009
1136 0.000017
1137 0.000017
1138 0.000017
1139 0.000019
1140 0.000015
1141 0.000022
1142 0.000022
1143 0.000034
1144 0.000017
1145 0.000022
1146 0.000013
1147 0.000025
1148 0.000025
1149 0.000030
1150 0.000027
1151 0.000015
1152 0.000007
1153 0.000006
1154 0.000035
1155 0.000018
1156 0.000018
1157 0.000021
1158 0.000015
1159 0.000017
1160 0.000010
1161 0.000005
1162 0.000005
1163 0.000020
1164 0.000032
1165 0.000012
1166 0.000017
1167 0.000018
1168 0.000025
1169 0.000023
1170 0.000028
1171 0.000027
1172 0.000022
1173 0.000040
1174 0.000024
1175 0.000026
1176 0.000014
1177 0.000011
1178 0.000008
1179 0.000038
1180 0.000019
1181 0.000023
1182 0.000017
1183 0.000014
1184 0.000020
1185 0.000012
1186 0.000029
1187 0.000015
1188 0.000028
1189 0.000021
1190 0.000022
1191 0.000026
1192 0.000025
1193 0.000026
1194 0.000031
1195 0.000052
1196 0.000048
1197 0.000043
1198 0.000034
1199 0.000017
1200 0.000006
1201 0.000006
1202 0.000005
1203 0.000005
1204 0.000007
1205 0.000018
1206 0.000018
1207 0.000026
1208 0.000010
1209 0.000007
1210 0.000009
1211 0.000014
1212 0.000007
1213 0.000014
1214 0.000031
1215 0.000016
1216 0.000008
1217 0.000006
1218 0.000006
1219 0.000029
1220 0.000011
1221 0.000018
1222 0.000029
1223 0.000033
1224 0.000017
1225 0.000011
1226 0.000021
1227 0.000031
1228 0.000025
1229 0.000021
1230 0.000012
1231 0.000056
1232 0.000036
1233 0.000036
1234 0.000035
1235 0.000025
1236 0.000018
1237 0.000025
1238 0.000015
1239 0.000026
1240 0.000033
1241 0.000041
1242 0.000020
1243 0.000031
1244 0.000015
1245 0.000009
1246 0.000006
1247 0.000020
1248 0.000020
1249 0.000010
1250 0.000026
1251 0.000023
1252 0.000023
1253 0.000031
1254 0.000016
1255 0.000027
1256 0.000030
1257 0.000026
1258 0.000039
1259 0.000036
1260 0.000034
1261 0.000021
1262 0.000027
1263 0.000026
1264 0.000026
1265 0.000022
1266 0.000012
1267 0.000017
1268 0.000017
1269 0.000025
1270 0.000031
1271 0.000029
1272 0.000018
1273 0.000013
1274 0.000007
1275 0.000012
1276 0.000008
1277 0.000006
1278 0.000023
1279 0.000016
1280 0.000023
1281 0.000026
1282 0.000025
1283 0.000044
1284 0.000035
1285 0.000012
1286 0.000008
1287 0.000010
1288 0.000028
1289 0.000029
1290 0.000027
1291 0.000026
1292 0.000009
1293 0.000005
1294 0.000004
1295 0.000015
1296 0.000007
1297 0.000013
1298 0.000014
1299 0.000036
1300 0.000033
1301 0.000028
1302 0.000009
1303 0.000011
1304 0.000015
1305 0.000050
1306 0.000027
1307 0.000009
1308 0.000016
1309 0.000010
1310 0.000011
1311 0.000023
1312 0.000050
1313 0.000046
1314 0.000054
1315 0.000049
1316 0.000048
1317 0.000029
1318 0.000015
1319 0.000010
1320 0.000006
1321 0.000005
1322 0.000011
1323 0.000023
1324 0.000023
1325 0.000025
1326 0.000017
1327 0.000010
1328 0.000007
1329 0.000025
1330 0.000020
1331 0.000023
1332 0.000031
1333 0.000010
1334 0.000018
1335 0.000023
1336 0.000010
1337 0.000006
1338 0.000020
1339 0.000012
1340 0.000040
1341 0.000047
1342 0.000028
1343 0.000026
1344 0.000014
1345 0.000012
1346 0.000008
1347 0.000010
1348 0.000014
1349 0.000030
1350 0.000016
1351 0.000017
1352 0.000006
1353 0.000019
1354 0.000031
1355 0.000029
1356 0.000021
1357 0.000033
1358 0.000038
1359 0.000035
1360 0.000050
1361 0.000016
1362 0.000027
1363 0.000019
1364 0.000032
1365 0.000010
1366 0.000007
1367 0.000009
1368 0.000020
1369 0.000035
1370 0.000050
1371 0.000028
1372 0.000019
1373 0.000027
1374 0.000011
1375 0.000013
1376 0.000025
1377 0.000034
1378 0.000032
1379 0.000025
1380 0.000010
1381 0.000007
1382 0.000010
1383 0.000005
1384 0.000005
1385 0.000007
1386 0.000010
1387 0.000006
1388 0.000013
1389 0.000008
1390 0.000022
1391 0.000039
1392 0.000014
1393 0.000029
1394 0.000023
1395 0.000028
1396 0.000030
1397 0.000024
1398 0.000025
1399 0.000048
1400 0.000018
1401 0.000016
1402 0.000006
1403 0.000009
1404 0.000010
1405 0.000015
1406 0.000024
1407 0.000024
1408 0.000018
1409 0.000011
1410 0.000018
1411 0.000029
1412 0.000028
1413 0.000026
1414 0.000010
1415 0.000037
1416 0.000020
1417 0.000014
1418 0.000019
1419 0.000011
1420 0.000017
1421 0.000018
1422 0.000023
1423 0.000033
1424 0.000016
1425 0.000035
1426 0.000017
1427 0.000017
1428 0.000011
1429 0.000017
1430 0.000015
1431 0.000028
1432 0.000037
1433 0.000023
1434 0.000013
1435 0.000014
1436 0.000005
1437 0.000022
1438 0.000012
1439 0.000006
1440 0.000009
1441 0.000015
1442 0.000016
1443 0.000042
1444 0.000021
1445 0.000012
1446 0.000008
1447 0.000013
1448 0.000009
1449 0.000009
1450 0.000007
1451 0.000017
1452 0.000022
1453 0.000022
1454 0.000022
1455 0.000033
1456 0.000016
1457 0.000016
1458 0.000010
1459 0.000023
1460 0.000007
1461 0.000004
1462 0.000007
1463 0.000005
1464 0.000004
1465 0.000015
1466 0.000022
1467 0.000009
1468 0.000012
1469 0.000017
1470 0.000025
1471 0.000017
1472 0.000015
1473 0.000036
1474 0.000017
1475 0.000026
1476 0.000033
1477 0.000025
1478 0.000024
1479 0.000040
1480 0.000025
1481 0.000030
1482 0.000011
1483 0.000013
1484 0.000021
1485 0.000020
1486 0.000012
1487 0.000016
1488 0.000031
1489 0.000030
1490 0.000016
1491 0.000010
1492 0.000014
1493 0.000012
1494 0.000008
1495 0.000012
1496 0.000022
1497 0.000022
1498 0.000010
1499 0.000024
1500 0.000018
1501 0.000024
1502 0.000010
1503 0.000015
1504 0.000007
1505 0.000006
1506 0.000016
1507 0.000010
1508 0.000016
1509 0.000010
1510 0.000009
1511 0.000009
1512 0.000026
1513 0.000028
1514 0.000018
1515 0.000023
1516 0.000030
1517 0.000036
1518 0.000035
1519 0.000015
1520 0.000017
1521 0.000020
1522 0.000015
1523 0.000023
1524 0.000027
1525 0.000018
1526 0.000020
1527 0.000020
1528 0.000012
1529 0.000025
1530 0.000020
1531 0.000020
1532 0.000013
1533 0.000006
1534 0.000020
1535 0.000012
1536 0.000013
1537 0.000014
1538 0.000020
1539 0.000026
1540 0.000019
1541 0.000015
1542 0.000009
1543 0.000018
1544 0.000010
1545 0.000022
1546 0.000037
1547 0.000026
1548 0.000009
1549 0.000009
1550 0.000007
1551 0.000006
1552 0.000005
1553 0.000014
1554 0.000019
1555 0.000019
1556 0.000018
1557 0.000010
1558 0.000023
1559 0.000031
1560 0.000016
1561 0.000022
1562 0.000025
1563 0.000027
1564 0.000029
1565 0.000011
1566 0.000033
1567 0.000033
1568 0.000040
1569 0.000014
1570 0.000015
1571 0.000009
1572 0.000007
1573 0.000015
1574 0.000016
1575 0.000016
1576 0.000022
1577 0.000045
1578 0.000025
1579 0.000014
1580 0.000012
1581 0.000018
1582 0.000022
1583 0.000032
1584 0.000034
1585 0.000032
1586 0.000016
1587 0.000018
1588 0.000014
1589 0.000014
1590 0.000009
1591 0.000013
1592 0.000014
1593 0.000033
1594 0.000027
1595 0.000040
1596 0.000037
1597 0.000019
1598 0.000045
1599 0.000022
1600 0.000012
1601 0.000008
1602 0.000015
1603 0.000007
1604 0.000006
1605 0.000006
1606 0.000016
1607 0.000016
1608 0.000006
1609 0.000004
1610 0.000025
1611 0.000024
1612 0.000008
1613 0.000014
1614 0.000026
1615 0.000014
1616 0.000009
1617 0.000015
1618 0.000009
1619 0.000007
1620 0.000009
1621 0.000007
1622 0.000013
1623 0.000016
1624 0.000007
1625 0.000006
1626 0.000005
1627 0.000009
1628 0.000015
1629 0.000017
1630 0.000024
1631 0.000035
1632 0.000037
1633 0.000019
1634 0.000019
1635 0.000019
1636 0.000018
1637 0.000024
1638 0.000016
1639 0.000013
1640 0.000014
1641 0.000009
1642 0.000048
1643 0.000043
1644 0.000066
1645 0.000071
1646 0.000044
1647 0.000048
1648 0.000023
1649 0.000028
1650 0.000011
1651 0.000006
1652 0.000008
1653 0.000007
1654 0.000008
1655 0.000009
1656 0.000022
1657 0.000016
1658 0.000024
1659 0.000008
1660 0.000006
1661 0.000005
1662 0.000005
1663 0.000011
1664 0.000013
1665 0.000014
1666 0.000009
1667 0.000016
1668 0.000015
1669 0.000016
1670 0.000012
1671 0.000023
1672 0.000013
1673 0.000034
1674 0.000018
1675 0.000020
1676 0.000016
1677 0.000020
1678 0.000025
1679 0.000030
1680 0.000031
1681 0.000018
1682 0.000008
1683 0.000010
1684 0.000018
1685 0.000052
1686 0.000047
1687 0.000053
1688 0.000050
1689 0.000024
1690 0.000015
1691 0.000029
1692 0.000026
1693 0.000022
1694 0.000043
1695 0.000039
1696 0.000011
1697 0.000011
1698 0.000031
1699 0.000016
1700 0.000013
1701 0.000006
1702 0.000028
1703 0.000023
1704 0.000024
1705 0.000010
1706 0.000007
1707 0.000012
1708 0.000020
1709 0.000028
1710 0.000037
1711 0.000042
1712 0.000053
1713 0.000037
1714 0.000026
1715 0.000024
1716 0.000021
1717 0.000012
1718 0.000021
1719 0.000020
1720 0.000012
1721 0.000023
1722 0.000035
1723 0.000028
1724 0.000019
1725 0.000019
1726 0.000020
1727 0.000020
1728 0.000029
1729 0.000030
1730 0.000034
1731 0.000038
1732 0.000049
1733 0.000045
1734 0.000032
1735 0.000036
1736 0.000037
1737 0.000023
1738 0.000030
1739 0.000031
1740 0.000029
1741 0.000028
1742 0.000027
1743 0.000011
1744 0.000012
1745 0.000028
1746 0.000034
1747 0.000042
1748 0.000044
1749 0.000050
1750 0.000024
1751 0.000018
1752 0.000024
1753 0.000010
1754 0.000008
1755 0.000010
1756 0.000007
1757 0.000017
1758 0.000017
1759 0.000019
1760 0.000030
1761 0.000048
1762 0.000048
1763 0.000042
1764 0.000051
1765 0.000063
1766 0.000043
1767 0.000041
1768 0.000016
1769 0.000021
1770 0.000029
1771 0.000018
1772 0.000022
1773 0.000040
1774 0.000039
1775 0.000026
1776 0.000040
1777 0.000037
1778 0.000054
1779 0.000015
1780 0.000025
1781 0.000020
1782 0.000011
1783 0.000030
1784 0.000029
1785 0.000027
1786 0.000028
1787 0.000040
1788 0.000037
1789 0.000013
1790 0.000014
1791 0.000018
1792 0.000010
1793 0.000012
1794 0.000013
1795 0.000016
1796 0.000012
1797 0.000022
1798 0.000027
1799 0.000019
1800 0.000023
1801 0.000030
1802 0.000027
1803 0.000031
1804 0.000012
1805 0.000011
1806 0.000021
1807 0.000018
1808 0.000037
1809 0.000039
1810 0.000031
1811 0.000046
1812 0.000051
1813 0.000031
1814 0.000016
1815 0.000006
1816 0.000006
1817 0.000005
1818 0.000007
1819 0.000006
1820 0.000007
1821 0.000006
1822 0.000021
1823 0.000025
1824 0.000015
1825 0.000024
1826 0.000015
1827 0.000032
1828 0.000017
1829 0.000015
1830 0.000007
1831 0.000009
1832 0.000011
1833 0.000006
1834 0.000008
1835 0.000009
1836 0.000011
1837 0.000013
1838 0.000031
1839 0.000016
1840 0.000013
1841 0.000020
1842 0.000013
1843 0.000023
1844 0.000023
1845 0.000013
1846 0.000033
1847 0.000031
1848 0.000030
1849 0.000016
1850 0.000034
1851 0.000018
1852 0.000007
1853 0.000010
1854 0.000034
1855 0.000040
1856 0.000037
1857 0.000013
1858 0.000022
1859 0.000012
1860 0.000012
1861 0.000006
1862 0.000009
1863 0.000022
1864 0.000042
1865 0.000017
1866 0.000022
1867 0.000009
1868 0.000037
1869 0.000034
1870 0.000047
1871 0.000030
1872 0.000016
1873 0.000019
1874 0.000031
1875 0.000030
1876 0.000047
1877 0.000046
1878 0.000022
1879 0.000012
1880 0.000008
1881 0.000010
1882 0.000012
1883 0.000013
1884 0.000010
1885 0.000011
1886 0.000008
1887 0.000010
1888 0.000017
1889 0.000016
1890 0.000030
1891 0.000029
1892 0.000016
1893 0.000033
1894 0.000054
1895 0.000018
1896 0.000020
1897 0.000020
1898 0.000015
1899 0.000009
1900 0.000010
1901 0.000012
1902 0.000013
1903 0.000017
1904 0.000023
1905 0.000020
1906 0.000018
1907 0.000018
1908 0.000029
1909 0.000029
1910 0.000011
1911 0.000017
1912 0.000013
1913 0.000014
1914 0.000009
1915 0.000006
1916 0.000009
1917 0.000007
1918 0.000026
1919 0.000025
1920 0.000020
1921 0.000015
1922 0.000024
1923 0.000023
1924 0.000023
1925 0.000018
1926 0.000033
1927 0.000030
1928 0.000028
1929 0.000017
1930 0.000011
1931 0.000018
1932 0.000014
1933 0.000020
1934 0.000009
1935 0.000016
1936 0.000019
1937 0.000011
1938 0.000015
1939 0.000024
1940 0.000033
1941 0.000017
1942 0.000007
1943 0.000028
1944 0.000030
1945 0.000019
1946 0.000034
1947 0.000017
1948 0.000008
1949 0.000016
1950 0.000006
1951 0.000011
1952 0.000029
1953 0.000023
1954 0.000009
1955 0.000015
1956 0.000017
1957 0.000032
1958 0.000030
1959 0.000032
1960 0.000028
1961 0.000018
1962 0.000029
1963 0.000037
1964 0.000011
1965 0.000014
1966 0.000015
1967 0.000014
1968 0.000009
1969 0.000034
1970 0.000032
1971 0.000030
1972 0.000019
1973 0.000017
1974 0.000018
1975 0.000018
1976 0.000011
1977 0.000023
1978 0.000026
1979 0.000025
1980 0.000028
1981 0.000016
1982 0.000015
1983 0.000021
1984 0.000019
1985 0.000038
1986 0.000071
1987 0.000018
1988 0.000024
1989 0.000013
1990 0.000014
1991 0.000018
1992 0.000013
1993 0.000027
1994 0.000017
1995 0.000021
1996 0.000024
1997 0.000023
1998 0.000032
1999 0.000037
2000 0.000034
2001 0.000024
2002 0.000008
2003 0.000006
2004 0.000012
2005 0.000020
2006 0.000020
2007 0.000017
2008 0.000018
2009 0.000021
2010 0.000016
2011 0.000018
2012 0.000018
2013 0.000018
2014 0.000028
2015 0.000015
2016 0.000016
2017 0.000016
2018 0.000028
2019 0.000011
2020 0.000006
2021 0.000021
2022 0.000013
2023 0.000016
2024 0.000010
2025 0.000011
2026 0.000018
2027 0.000025
2028 0.000019
2029 0.000011
2030 0.000017
2031 0.000017
2032 0.000024
2033 0.000013
2034 0.000021
2035 0.000023
2036 0.000013
2037 0.000016
2038 0.000012
2039 0.000017
2040 0.000026
2041 0.000025
2042 0.000024
2043 0.000032
2044 0.000018
2045 0.000017
2046 0.000017
2047 0.000018
2048 0.000025
2049 0.000031
2050 0.000024
2051 0.000032
2052 0.000022
2053 0.000025
2054 0.000026
2055 0.000025
2056 0.000039
2057 0.000032
2058 0.000012
2059 0.000017
2060 0.000023
2061 0.000007
2062 0.000015
2063 0.000007
2064 0.000018
2065 0.000018
2066 0.000017
2067 0.000010
2068 0.000024
2069 0.000023
2070 0.000025
2071 0.000023
2072 0.000019
2073 0.000021
2074 0.000023
2075 0.000026
2076 0.000014
2077 0.000009
2078 0.000023
2079 0.000017
2080 0.000020
2081 0.000028
2082 0.000035
2083 0.000010
2084 0.000009
2085 0.000007
2086 0.000009
2087 0.000006
2088 0.000015
2089 0.000026
2090 0.000010
2091 0.000012
2092 0.000016
2093 0.000012
2094 0.000008
2095 0.000017
2096 0.000017
2097 0.000028
2098 0.000015
2099 0.000009
2100 0.000017
2101 0.000010
2102 0.000011
2103 0.000027
2104 0.000020
2105 0.000007
2106 0.000010
2107 0.000010
2108 0.000011
2109 0.000011
2110 0.000014
2111 0.000016
2112 0.000017
2113 0.000014
2114 0.000015
2115 0.000030
2116 0.000028
2117 0.000035
2118 0.000041
2119 0.000025
2120 0.000022
2121 0.000039
2122 0.000064
2123 0.000022
2124 0.000012
2125 0.000014
2126 0.000015
2127 0.000009
2128 0.000034
2129 0.000034
2130 0.000014
2131 0.000012
2132 0.000013
2133 0.000040
2134 0.000049
2135 0.000051
2136 0.000018
2137 0.000021
2138 0.000014
2139 0.000021
2140 0.000012
2141 0.000018
2142 0.000011
2143 0.000016
2144 0.000013
2145 0.000023
2146 0.000020
2147 0.000012
2148 0.000018
2149 0.000018
2150 0.000032
2151 0.000010
2152 0.000014
2153 0.000009
2154 0.000015
2155 0.000013
2156 0.000016
2157 0.000035
2158 0.000056
2159 0.000023
2160 0.000013
2161 0.000014
2162 0.000011
2163 0.000045
2164 0.000041
2165 0.000041
2166 0.000038
2167 0.000019
2168 0.000019
2169 0.000011
2170 0.000012
2171 0.000011
2172 0.000007
2173 0.000005
2174 0.000004
2175 0.000004
2176 0.000008
2177 0.000009
2178 0.000023
2179 0.000019
2180 0.000033
2181 0.000017
2182 0.000021
2183 0.000026
2184 0.000042
2185 0.000021
2186 0.000014
2187 0.000017
2188 0.000015
2189 0.000035
2190 0.000018
2191 0.000014
2192 0.000009
2193 0.000016
2194 0.000016
2195 0.000014
2196 0.000007
2197 0.000022
2198 0.000022
2199 0.000018
2200 0.000019
2201 0.000011
2202 0.000008
2203 0.000006
2204 0.000024
2205 0.000019
2206 0.000028
2207 0.000011
2208 0.000020
2209 0.000036
2210 0.000041
2211 0.000038
2212 0.000039
2213 0.000014
2214 0.000009
2215 0.000026
2216 0.000018
2217 0.000008
2218 0.000012
2219 0.000006
2220 0.000029
2221 0.000026
2222 0.000047
2223 0.000025
2224 0.000033
2225 0.000013
2226 0.000014
2227 0.000009
2228 0.000010
2229 0.000012
2230 0.000018
2231 0.000010
2232 0.000023
2233 0.000013
2234 0.000019
2235 0.000007
2236 0.000006
2237 0.000004
2238 0.000027
2239 0.000017
2240 0.000012
2241 0.000026
2242 0.000023
2243 0.000023
2244 0.000029
2245 0.000011
2246 0.000011
2247 0.000011
2248 0.000022
2249 0.000027
2250 0.000020
2251 0.000014
2252 0.000015
2253 0.000007
2254 0.000013
2255 0.000014
2256 0.000009
2257 0.000011
2258 0.000017
2259 0.000010
2260 0.000033
2261 0.000012
2262 0.000021
2263 0.000010
2264 0.000014
2265 0.000015
2266 0.000029
2267 0.000024
2268 0.000019
2269 0.000033
2270 0.000017
2271 0.000008
2272 0.000008
2273 0.000006
2274 0.000011
2275 0.000006
2276 0.000020
2277 0.000026
2278 0.000025
2279 0.000024
2280 0.000023
2281 0.000013
2282 0.000010
2283 0.000009
2284 0.000006
2285 0.000008
2286 0.000005
2287 0.000014
2288 0.000020
2289 0.000027
2290 0.000028
2291 0.000027
2292 0.000026
2293 0.000010
2294 0.000006
2295 0.000004
2296 0.000005
2297 0.000007
2298 0.000011
2299 0.000017
2300 0.000021
2301 0.000015
2302 0.000022
2303 0.000037
2304 0.000021
2305 0.000021
2306 0.000009
2307 0.000007
2308 0.000014
2309 0.000010
2310 0.000009
2311 0.000015
2312 0.000013
2313 0.000019
2314 0.000024
2315 0.000023
2316 0.000029
2317 0.000015
2318 0.000019
2319 0.000027
2320 0.000018
2321 0.000011
2322 0.000024
2323 0.000010
2324 0.000030
2325 0.000015
2326 0.000033
2327 0.000041
2328 0.000040
2329 0.000046
2330 0.000031
2331 0.000036
2332 0.000037
2333 0.000018
2334 0.000018
2335 0.000009
2336 0.000020
2337 0.000010
2338 0.000007
2339 0.000013
2340 0.000014
2341 0.000027
2342 0.000040
2343 0.000024
2344 0.000023
2345 0.000018
2346 0.000011
2347 0.000008
2348 0.000017
2349 0.000023
2350 0.000027
2351 0.000029
2352 0.000011
2353 0.000028
2354 0.000027
2355 0.000025
2356 0.000021
2357 0.000025
2358 0.000034
2359 0.000040
2360 0.000014
2361 0.000006
2362 0.000011
2363 0.000012
2364 0.000008
2365 0.000009
2366 0.000019
2367 0.000011
2368 0.000039
2369 0.000043
2370 0.000053
2371 0.000021
2372 0.000036
2373 0.000023
2374 0.000033
2375 0.000017
2376 0.000017
2377 0.000026
2378 0.000023
2379 0.000034
2380 0.000017
2381 0.000008
2382 0.000015
2383 0.000024
2384 0.000017
2385 0.000017
2386 0.000010
2387 0.000006
2388 0.000008
2389 0.000006
2390 0.000011
2391 0.000025
2392 0.000013
2393 0.000014
2394 0.000009
2395 0.000032
2396 0.000029
2397 0.000043
2398 0.000033
2399 0.000054
2400 0.000045
2401 0.000022
2402 0.000024
2403 0.000047
2404 0.000069
2405 0.000040
2406 0.000018
2407 0.000024
2408 0.000013
2409 0.000021
2410 0.000009
2411 0.000021
2412 0.000019
2413 0.000013
2414 0.000008
2415 0.000010
2416 0.000013
2417 0.000025
2418 0.000014
2419 0.000006
2420 0.000013
2421 0.000017
2422 0.000010
2423 0.000017
2424 0.000027
2425 0.000031
2426 0.000043
2427 0.000032
2428 0.000017
2429 0.000017
2430 0.000021
2431 0.000009
2432 0.000007
2433 0.000060
2434 0.000031
2435 0.000029
2436 0.000051
2437 0.000047
2438 0.000043
2439 0.000026
2440 0.000025
2441 0.000035
2442 0.000018
2443 0.000007
2444 0.000007
2445 0.000006
2446 0.000008
2447 0.000019
2448 0.000011
2449 0.000013
2450 0.000009
2451 0.000007
2452 0.000010
2453 0.000020
2454 0.000009
2455 0.000010
2456 0.000006
2457 0.000010
2458 0.000018
2459 0.000016
2460 0.000010
2461 0.000012
2462 0.000015
2463 0.000019
2464 0.000011
2465 0.000005
2466 0.000020
2467 0.000009
2468 0.000009
2469 0.000014
2470 0.000009
2471 0.000011
2472 0.000032
2473 0.000027
2474 0.000047
2475 0.000038
2476 0.000024
2477 0.000013
2478 0.000025
2479 0.000034
2480 0.000017
2481 0.000018
2482 0.000019
2483 0.000021
2484 0.000033
2485 0.000017
2486 0.000030
2487 0.000023
2488 0.000030
2489 0.000042
2490 0.000015
2491 0.000017
2492 0.000030
2493 0.000021
2494 0.000021
2495 0.000021
2496 0.000021
2497 0.000021
2498 0.000021
2499 0.000021
2500 0.000007
2501 0.000018
2502 0.000026
2503 0.000010
2504 0.000010
2505 0.000012
2506 0.000006
2507 0.000011
2508 0.000012
2509 0.000012
2510 0.000025
2511 0.000029
2512 0.000027
2513 0.000030
2514 0.000017
2515 0.000041
2516 0.000043
2517 0.000013
2518 0.000021
2519 0.000049
2520 0.000040
2521 0.000041
2522 0.000030
2523 0.000028
2524 0.000015
2525 0.000033
2526 0.000020
2527 0.000014
2528 0.000007
2529 0.000012
2530 0.000018
2531 0.000030
2532 0.000029
2533 0.000022
2534 0.000020
2535 0.000026
2536 0.000033
2537 0.000025
2538 0.000024
2539 0.000013
2540 0.000046
2541 0.000016
2542 0.000010
2543 0.000019
2544 0.000011
2545 0.000035
2546 0.000051
2547 0.000046
2548 0.000047
2549 0.000018
2550 0.000018
2551 0.000009
2552 0.000020
2553 0.000012
2554 0.000029
2555 0.000022
2556 0.000007
2557 0.000009
2558 0.000018
2559 0.000018
2560 0.000010
2561 0.000011
2562 0.000013
2563 0.000018
2564 0.000021
2565 0.000012
2566 0.000014
2567 0.000015
2568 0.000029
2569 0.000024
2570 0.000018
2571 0.000011
2572 0.000018
2573 0.000011
2574 0.000044
2575 0.000033
2576 0.000024
2577 0.000030
2578 0.000047
2579 0.000043
2580 0.000041
2581 0.000047
2582 0.000054
2583 0.000034
2584 0.000018
2585 0.000026
2586 0.000013
2587 0.000008
2588 0.000013
2589 0.000021
2590 0.000020
2591 0.000009
2592 0.000007
2593 0.000005
2594 0.000020
2595 0.000013
2596 0.000022
2597 0.000013
2598 0.000014
2599 0.000011
2600 0.000016
2601 0.000010
2602 0.000026
2603 0.000023
2604 0.000037
2605 0.000025
2606 0.000010
2607 0.000009
2608 0.000050
2609 0.000040
2610 0.000014
2611 0.000021
2612 0.000025
2613 0.000026
2614 0.000014
2615 0.000012
2616 0.000019
2617 0.000019
2618 0.000027
2619 0.000016
2620 0.000013
2621 0.000008
2622 0.000009
2623 0.000007
2624 0.000006
2625 0.000016
2626 0.000026
2627 0.000010
2628 0.000017
2629 0.000017
2630 0.000014
2631 0.000015
2632 0.000015
2633 0.000010
2634 0.000007
2635 0.000013
2636 0.000031
2637 0.000021
2638 0.000031
2639 0.000039
2640 0.000014
2641 0.000012
2642 0.000013
2643 0.000009
2644 0.000010
2645 0.000022
2646 0.000024
2647 0.000020
2648 0.000024
2649 0.000034
2650 0.000027
2651 0.000011
2652 0.000008
2653 0.000013
2654 0.000014
2655 0.000014
2656 0.000012
2657 0.000022
2658 0.000024
2659 0.000028
2660 0.000030
2661 0.000033
2662 0.000012
2663 0.000011
2664 0.000015
2665 0.000010
2666 0.000007
2667 0.000013
2668 0.000028
2669 0.000048
2670 0.000013
2671 0.000010
2672 0.000047
2673 0.000019
2674 0.000011
2675 0.000049
2676 0.000017
2677 0.000008
2678 0.000020
2679 0.000010
2680 0.000007
2681 0.000008
2682 0.000006
2683 0.000015
2684 0.000006
2685 0.000013
2686 0.000011
2687 0.000006
2688 0.000008
2689 0.000009
2690 0.000017
2691 0.000017
2692 0.000010
2693 0.000012
2694 0.000008
2695 0.000010
2696 0.000025
2697 0.000024
2698 0.000010
2699 0.000006
2700 0.000008
2701 0.000006
2702 0.000023
2703 0.000023
2704 0.000014
2705 0.000019
2706 0.000011
2707 0.000026
2708 0.000014
2709 0.000018
2710 0.000011
2711 0.000037
2712 0.000019
2713 0.000021
2714 0.000040
2715 0.000040
2716 0.000014
2717 0.000024
2718 0.000017
2719 0.000027
2720 0.000015
2721 0.000015
2722 0.000021
2723 0.000036
2724 0.000057
2725 0.000051
2726 0.000018
2727 0.000025
2728 0.000017
2729 0.000013
2730 0.000022
2731 0.000021
2732 0.000012
2733 0.000008
2734 0.000010
2735 0.000023
2736 0.000023
2737 0.000022
2738 0.000024
2739 0.000015
2740 0.000009
2741 0.000021
2742 0.000012
2743 0.000022
2744 0.000020
2745 0.000012
2746 0.000025
2747 0.000023
2748 0.000029
2749 0.000046
2750 0.000042
2751 0.000060
2752 0.000054
2753 0.000026
2754 0.000034
2755 0.000047
2756 0.000047
2757 0.000045
2758 0.000016
2759 0.000021
2760 0.000020
2761 0.000021
2762 0.000012
2763 0.000018
2764 0.000015
2765 0.000023
2766 0.000012
2767 0.000013
2768 0.000026
2769 0.000009
2770 0.000012
2771 0.000013
2772 0.000014
2773 0.000024
2774 0.000013
2775 0.000009
2776 0.000011
2777 0.000008
2778 0.000012
2779 0.000022
2780 0.000022
2781 0.000033
2782 0.000030
2783 0.000022
2784 0.000019
2785 0.000019
2786 0.000020
2787 0.000009
2788 0.000020
2789 0.000012
2790 0.000016
2791 0.000028
2792 0.000027
2793 0.000028
2794 0.000015
2795 0.000006
2796 0.000008
2797 0.000005
2798 0.000007
2799 0.000006
2800 0.000014
2801 0.000014
2802 0.000030
2803 0.000051
2804 0.000025
2805 0.000031
2806 0.000022
2807 0.000018
2808 0.000011
2809 0.000012
2810 0.000008
2811 0.000015
2812 0.000022
2813 0.000021
2814 0.000012
2815 0.000006
2816 0.000010
2817 0.000007
2818 0.000017
2819 0.000023
2820 0.000009
2821 0.000004
2822 0.000007
2823 0.000016
2824 0.000012
2825 0.000013
2826 0.000014
2827 0.000008
2828 0.000016
2829 0.000010
2830 0.000007
2831 0.000009
2832 0.000005
2833 0.000005
2834 0.000005
2835 0.000012
2836 0.000013
2837 0.000008
2838 0.000023
2839 0.000021
2840 0.000009
2841 0.000013
2842 0.000014
2843 0.000014
2844 0.000015
2845 0.000016
2846 0.000007
2847 0.000021
2848 0.000042
2849 0.000023
2850 0.000023
2851 0.000020
2852 0.000012
2853 0.000009
2854 0.000017
2855 0.000018
2856 0.000008
2857 0.000013
2858 0.000014
2859 0.000020
2860 0.000020
2861 0.000028
2862 0.000030
2863 0.000028
2864 0.000030
2865 0.000016
2866 0.000010
2867 0.000017
2868 0.000010
2869 0.000020
2870 0.000032
2871 0.000039
2872 0.000036
2873 0.000025
2874 0.000014
2875 0.000021
2876 0.000011
2877 0.000020
2878 0.000012
2879 0.000009
2880 0.000007
2881 0.000006
2882 0.000008
2883 0.000010
2884 0.000011
2885 0.000009
2886 0.000006
2887 0.000010
2888 0.000018
2889 0.000015
2890 0.000023
2891 0.000032
2892 0.000021
2893 0.000021
2894 0.000023
2895 0.000022
2896 0.000022
2897 0.000022
2898 0.000012
2899 0.000007
2900 0.000009
2901 0.000016
2902 0.000010
2903 0.000033
2904 0.000035
2905 0.000013
2906 0.000021
2907 0.000026
2908 0.000014
2909 0.000009
2910 0.000021
2911 0.000024
2912 0.000023
2913 0.000040
2914 0.000014
2915 0.000034
2916 0.000033
2917 0.000040
2918 0.000037
2919 0.000036
2920 0.000043
2921 0.000034
2922 0.000018
2923 0.000041
2924 0.000020
2925 0.000038
2926 0.000034
2927 0.000018
2928 0.000010
2929 0.000012
2930 0.000010
2931 0.000019
2932 0.000031
2933 0.000021
2934 0.000009
2935 0.000008
2936 0.000005
2937 0.000007
2938 0.000018
2939 0.000018
2940 0.000025
2941 0.000014
2942 0.000012
2943 0.000014
2944 0.000022
2945 0.000019
2946 0.000019
2947 0.000029
2948 0.000021
2949 0.000021
2950 0.000024
2951 0.000027
2952 0.000014
2953 0.000016
2954 0.000025
2955 0.000014
2956 0.000016
2957 0.000011
2958 0.000007
2959 0.000005
2960 0.000016
2961 0.000028
2962 0.000028
2963 0.000015
2964 0.000016
2965 0.000007
2966 0.000009
2967 0.000011
2968 0.000012
2969 0.000021
2970 0.000038
2971 0.000032
2972 0.000044
2973 0.000022
2974 0.000025
2975 0.000015
2976 0.000023
2977 0.000013
2978 0.000008
2979 0.000010
2980 0.000012
2981 0.000012
2982 0.000007
2983 0.000013
2984 0.000009
2985 0.000013
2986 0.000019
2987 0.000020
2988 0.000014
2989 0.000019
2990 0.000011
2991 0.000013
2992 0.000014
2993 0.000015
2994 0.000012
2995 0.000031
2996 0.000055
2997 0.000047
2998 0.000036
2999 0.000040
3000 0.000037
3001 0.000036
3002 0.000031
3003 0.000046
3004 0.000044
3005 0.000061
3006 0.000042
3007 0.000039
3008 0.000042
3009 0.000043
3010 0.000035
3011 0.000013
3012 0.000012
3013 0.000013
3014 0.000006
3015 0.000005
3016 0.000022
3017 0.000009
3018 0.000023
3019 0.000017
3020 0.000010
3021 0.000010
3022 0.000007
3023 0.000020
3024 0.000015
3025 0.000012
3026 0.000019
3027 0.000019
3028 0.000031
3029 0.000012
3030 0.000008
3031 0.000073
3032 0.000040
3033 0.000026
3034 0.000041
3035 0.000021
3036 0.000044
3037 0.000029
3038 0.000032
3039 0.000030
3040 0.000028
3041 0.000009
3042 0.000007
3043 0.000005
3044 0.000012
3045 0.000024
3046 0.000036
3047 0.000015
3048 0.000015
3049 0.000016
3050 0.000010
3051 0.000007
3052 0.000027
3053 0.000020
3054 0.000016
3055 0.000005
3056 0.000010
3057 0.000007
3058 0.000004
3059 0.000024
3060 0.000016
3061 0.000010
3062 0.000006
3063 0.000018
3064 0.000015
3065 0.000019
3066 0.000016
3067 0.000021
3068 0.000023
3069 0.000026
3070 0.000033
3071 0.000046
3072 0.000016
3073 0.000010
3074 0.000009
3075 0.000009
3076 0.000008
3077 0.000008
3078 0.000006
3079 0.000024
3080 0.000025
3081 0.000008
3082 0.000027
3083 0.000014
3084 0.000035
3085 0.000018
3086 0.000011
3087 0.000005
3088 0.000005
3089 0.000010
3090 0.000011
3091 0.000006
3092 0.000008
3093 0.000005
3094 0.000008
3095 0.000019
3096 0.000007
3097 0.000007
3098 0.000031
3099 0.000019
3100 0.000033
3101 0.000012
3102 0.000013
3103 0.000020
3104 0.000026
3105 0.000016
3106 0.000017
3107 0.000027
3108 0.000009
3109 0.000018
3110 0.000018
3111 0.000011
3112 0.000018
3113 0.000011
3114 0.000018
3115 0.000022
3116 0.000022
3117 0.000012
3118 0.000028
3119 0.000015
3120 0.000016
3121 0.000016
3122 0.000029
3123 0.000015
3124 0.000027
3125 0.000016
3126 0.000014
3127 0.000017
3128 0.000025
3129 0.000010
3130 0.000014
3131 0.000007
3132 0.000009
3133 0.000015
3134 0.000034
3135 0.000041
3136 0.000038
3137 0.000014
3138 0.000009
3139 0.000011
3140 0.000012
3141 0.000013
3142 0.000007
3143 0.000032
3144 0.000025
3145 0.000030
3146 0.000016
3147 0.000038
3148 0.000024
3149 0.000023
3150 0.000022
3151 0.000028
3152 0.000036
3153 0.000037
3154 0.000019
3155 0.000017
3156 0.000031
3157 0.000017
3158 0.000016
3159 0.000026
3160 0.000012
3161 0.000008
3162 0.000018
3163 0.000024
3164 0.000012
3165 0.000019
3166 0.000008
3167 0.000013
3168 0.000038
3169 0.000042
3170 0.000021
3171 0.000021
3172 0.000021
3173 0.000012
3174 0.000023
3175 0.000022
3176 0.000019
3177 0.000019
3178 0.000008
3179 0.000023
3180 0.000008
3181 0.000010
3182 0.000011
3183 0.000043
3184 0.000021
3185 0.000023
3186 0.000025
3187 0.000024
3188 0.000054
3189 0.000057
3190 0.000068
3191 0.000022
3192 0.000033
3193 0.000017
3194 0.000018
3195 0.000018
3196 0.000032
3197 0.000033
3198 0.000033
3199 0.000017
3200 0.000010
3201 0.000022
3202 0.000017
3203 0.000023
3204 0.000023
3205 0.000023
3206 0.000020
3207 0.000027
3208 0.000023
3209 0.000022
3210 0.000029
3211 0.000027
3212 0.000009
3213 0.000016
3214 0.000010
3215 0.000027
3216 0.000024
3217 0.000013
3218 0.000024
3219 0.000026
3220 0.000014
3221 0.000009
3222 0.000006
3223 0.000005
3224 0.000018
3225 0.000015
3226 0.000021
3227 0.000007
3228 0.000016
3229 0.000013
3230 0.000026
3231 0.000050
3232 0.000014
3233 0.000007
3234 0.000005
3235 0.000022
3236 0.000021
3237 0.000009
3238 0.000007
3239 0.000029
3240 0.000035
3241 0.000022
3242 0.000041
3243 0.000035
3244 0.000048
3245 0.000024
3246 0.000023
3247 0.000023
3248 0.000032
3249 0.000020
3250 0.000020
3251 0.000007
3252 0.000006
3253 0.000006
3254 0.000008
3255 0.000020
3256 0.000026
3257 0.000025
3258 0.000014
3259 0.000009
3260 0.000033
3261 0.000044
3262 0.000051
3263 0.000041
3264 0.000036
3265 0.000009
3266 0.000010
3267 0.000014
3268 0.000025
3269 0.000014
3270 0.000017
3271 0.000017
3272 0.000010
3273 0.000022
3274 0.000029
3275 0.000028
3276 0.000019
3277 0.000020
3278 0.000025
3279 0.000015
3280 0.000023
3281 0.000013
3282 0.000017
3283 0.000010
3284 0.000012
3285 0.000008
3286 0.000006
3287 0.000005
3288 0.000020
3289 0.000020
3290 0.000009
3291 0.000007
3292 0.000007
3293 0.000006
3294 0.000008
3295 0.000009
3296 0.000011
3297 0.000019
3298 0.000017
3299 0.000010
3300 0.000012
3301 0.000013
3302 0.000013
3303 0.000008
3304 0.000005
3305 0.000007
3306 0.000014
3307 0.000015
3308 0.000011
3309 0.000016
3310 0.000016
3311 0.000027
3312 0.000014
3313 0.000012
3314 0.000008
3315 0.000014
3316 0.000015
3317 0.000016
3318 0.000023
3319 0.000022
3320 0.000019
3321 0.000009
3322 0.000014
3323 0.000023
3324 0.000013
3325 0.000009
3326 0.000007
3327 0.000009
3328 0.000011
3329 0.000008
3330 0.000006
3331 0.000015
3332 0.000007
3333 0.000020
3334 0.000007
3335 0.000017
3336 0.000019
3337 0.000030
3338 0.000016
3339 0.000020
3340 0.000020
3341 0.000009
3342 0.000005
3343 0.000038
3344 0.000028
3345 0.000031
3346 0.000016
3347 0.000017
3348 0.000027
3349 0.000014
3350 0.000018
3351 0.000019
3352 0.000015
3353 0.000017
3354 0.000010
3355 0.000014
3356 0.000023
3357 0.000014
3358 0.000022
3359 0.000037
3360 0.000034
3361 0.000019
3362 0.000019
3363 0.000019
3364 0.000036
3365 0.000034
3366 0.000010
3367 0.000007
3368 0.000014
3369 0.000022
3370 0.000044
3371 0.000041
3372 0.000020
3373 0.000012
3374 0.000011
3375 0.000038
3376 0.000019
3377 0.000024
3378 0.000013
3379 0.000017
3380 0.000008
3381 0.000005
3382 0.000010
3383 0.000019
3384 0.000020
3385 0.000011
3386 0.000016
3387 0.000021
3388 0.000019
3389 0.000026
3390 0.000024
3391 0.000024
3392 0.000024
3393 0.000017
3394 0.000028
3395 0.000015
3396 0.000007
3397 0.000005
3398 0.000030
3399 0.000012
3400 0.000006
3401 0.000008
3402 0.000013
3403 0.000014
3404 0.000021
3405 0.000023
3406 0.000013
3407 0.000014
3408 0.000015
3409 0.000009
3410 0.000013
3411 0.000006
3412 0.000013
3413 0.000007
3414 0.000010
3415 0.000005
3416 0.000011
3417 0.000022
3418 0.000034
3419 0.000044
3420 0.000046
3421 0.000011
3422 0.000011
3423 0.000015
3424 0.000006
3425 0.000008
3426 0.000017
3427 0.000018
3428 0.000025
3429 0.000015
3430 0.000019
3431 0.000033
3432 0.000010
3433 0.000016
3434 0.000010
3435 0.000011
3436 0.000045
3437 0.000050
3438 0.000030
3439 0.000018
3440 0.000020
3441 0.000016
3442 0.000022
3443 0.000017
3444 0.000025
3445 0.000020
3446 0.000011
3447 0.000013
3448 0.000012
3449 0.000016
3450 0.000017
3451 0.000017
3452 0.000016
3453 0.000029
3454 0.000018
3455 0.000018
3456 0.000015
3457 0.000007
3458 0.000011
3459 0.000010
3460 0.000011
3461 0.000031
3462 0.000023
3463 0.000050
3464 0.000028
3465 0.000038
3466 0.000038
3467 0.000022
3468 0.000022
3469 0.000016
3470 0.000031
3471 0.000024
3472 0.000023
3473 0.000023
3474 0.000022
3475 0.000021
3476 0.000012
3477 0.000018
3478 0.000015
3479 0.000014
3480 0.000010
3481 0.000017
3482 0.000025
3483 0.000040
3484 0.000020
3485 0.000011
3486 0.000031
3487 0.000029
3488 0.000014
3489 0.000011
3490 0.000018
3491 0.000039
3492 0.000036
3493 0.000018
3494 0.000029
3495 0.000028
3496 0.000027
3497 0.000014
3498 0.000009
3499 0.000018
3500 0.000030
3501 0.000034
3502 0.000045
3503 0.000011
3504 0.000007
3505 0.000012
3506 0.000037
3507 0.000038
3508 0.000014
3509 0.000015
3510 0.000016
3511 0.000010
3512 0.000037
3513 0.000032
3514 0.000050
3515 0.000042
3516 0.000038
3517 0.000019
3518 0.000023
3519 0.000031
3520 0.000030
3521 0.000016
3522 0.000013
3523 0.000016
3524 0.000010
3525 0.000020
3526 0.000022
3527 0.000020
3528 0.000023
3529 0.000023
3530 0.000030
3531 0.000020
3532 0.000020
3533 0.000011
3534 0.000013
3535 0.000008
3536 0.000005
3537 0.000004
3538 0.000005
3539 0.000007
3540 0.000008
3541 0.000010
3542 0.000018
3543 0.000039
3544 0.000028
3545 0.000015
3546 0.000033
3547 0.000017
3548 0.000023
3549 0.000009
3550 0.000011
3551 0.000006
3552 0.000006
3553 0.000008
3554 0.000006
3555 0.000009
3556 0.000018
3557 0.000018
3558 0.000019
3559 0.000008
3560 0.000018
3561 0.000006
3562 0.000019
3563 0.000030
3564 0.000049
3565 0.000045
3566 0.000038
3567 0.000035
3568 0.000038
3569 0.000038
3570 0.000014
3571 0.000029
3572 0.000028
3573 0.000023
3574 0.000028
3575 0.000027
3576 0.000039
3577 0.000025
3578 0.000014
3579 0.000015
3580 0.000027
3581 0.000011
3582 0.000014
3583 0.000015
3584 0.000016
3585 0.000036
3586 0.000009
3587 0.000010
3588 0.000014
3589 0.000007
3590 0.000019
3591 0.000011
3592 0.000013
3593 0.000020
3594 0.000012
3595 0.000020
3596 0.000007
3597 0.000006
3598 0.000008
3599 0.000005
3600 0.000004
3601 0.000009
3602 0.000010
3603 0.000024
3604 0.000024
3605 0.000029
3606 0.000024
3607 0.000024
3608 0.000017
3609 0.000036
3610 0.000045
3611 0.000054
3612 0.000035
3613 0.000013
3614 0.000009
3615 0.000005
3616 0.000022
3617 0.000021
3618 0.000012
3619 0.000016
3620 0.000024
3621 0.000013
3622 0.000019
3623 0.000019
3624 0.000019
3625 0.000028
3626 0.000009
3627 0.000010
3628 0.000020
3629 0.000020
3630 0.000020
3631 0.000035
3632 0.000018
3633 0.000034
3634 0.000040
3635 0.000014
3636 0.000009
3637 0.000013
3638 0.000018
3639 0.000025
3640 0.000030
3641 0.000035
3642 0.000030
3643 0.000024
3644 0.000020
3645 0.000020
3646 0.000035
3647 0.000023
3648 0.000019
3649 0.000011
3650 0.000013
3651 0.000007
3652 0.000011
3653 0.000031
3654 0.000015
3655 0.000010
3656 0.000034
3657 0.000032
3658 0.000033
3659 0.000017
3660 0.000017
3661 0.000023
3662 0.000013
3663 0.000025
3664 0.000010
3665 0.000012
3666 0.000023
3667 0.000032
3668 0.000036
3669 0.000041
3670 0.000041
3671 0.000020
3672 0.000015
3673 0.000024
3674 0.000029
3675 0.000015
3676 0.000020
3677 0.000033
3678 0.000017
3679 0.000019
3680 0.000022
3681 0.000024
3682 0.000034
3683 0.000035
3684 0.000009
3685 0.000011
3686 0.000012
3687 0.000025
3688 0.000013
3689 0.000014
3690 0.000006
3691 0.000036
3692 0.000013
3693 0.000016
3694 0.000033
3695 0.000019
3696 0.000023
3697 0.000013
3698 0.000012
3699 0.000030
3700 0.000012
3701 0.000038
3702 0.000019
3703 0.000032
3704 0.000031
3705 0.000028
3706 0.000034
3707 0.000033
3708 0.000034
3709 0.000017
3710 0.000027
3711 0.000034
3712 0.000036
3713 0.000039
3714 0.000039
3715 0.000025
3716 0.000024
3717 0.000013
3718 0.000018
3719 0.000021
3720 0.000008
3721 0.000012
3722 0.000020
3723 0.000020
3724 0.000058
3725 0.000025
3726 0.000041
3727 0.000024
3728 0.000029
3729 0.000041
3730 0.000038
3731 0.000045
3732 0.000042
3733 0.000035
3734 0.000021
3735 0.000037
3736 0.000019
3737 0.000040
3738 0.000037
3739 0.000034
3740 0.000032
3741 0.000030
3742 0.000009
3743 0.000016
3744 0.000006
3745 0.000006
3746 0.000036
3747 0.000033
3748 0.000028
3749 0.000028
3750 0.000032
3751 0.000033
3752 0.000031
3753 0.000016
3754 0.000017
3755 0.000028
3756 0.000016
3757 0.000026
3758 0.000036
3759 0.000038
3760 0.000038
3761 0.000035
3762 0.000013
3763 0.000024
3764 0.000023
3765 0.000027
3766 0.000019
3767 0.000018
3768 0.000039
3769 0.000014
3770 0.000009
3771 0.000018
3772 0.000018
3773 0.000022
3774 0.000022
3775 0.000029
3776 0.000050
3777 0.000028
3778 0.000029
3779 0.000013
3780 0.000019
3781 0.000019
3782 0.000021
3783 0.000012
3784 0.000008
3785 0.000005
3786 0.000007
3787 0.000019
3788 0.000012
3789 0.000008
3790 0.000011
3791 0.000013
3792 0.000008
3793 0.000018
3794 0.000033
3795 0.000017
3796 0.000017
3797 0.000008
3798 0.000013
3799 0.000015
3800 0.000028
3801 0.000013
3802 0.000019
3803 0.000015
3804 0.000032
3805 0.000019
3806 0.000012
3807 0.000010
3808 0.000007
3809 0.000009
3810 0.000030
3811 0.000042
3812 0.000021
3813 0.000016
3814 0.000019
3815 0.000041
3816 0.000020
3817 0.000042
3818 0.000029
3819 0.000040
3820 0.000022
3821 0.000012
3822 0.000016
3823 0.000024
3824 0.000016
3825 0.000014
3826 0.000015
3827 0.000015
3828 0.000007
3829 0.000012
3830 0.000010
3831 0.000005
3832 0.000009
3833 0.000020
3834 0.000040
3835 0.000024
3836 0.000033
3837 0.000017
3838 0.000025
3839 0.000014
3840 0.000018
3841 0.000015
3842 0.000007
3843 0.000009
3844 0.000007
3845 0.000020
3846 0.000013
3847 0.000008
3848 0.000007
3849 0.000004
3850 0.000014
3851 0.000007
3852 0.000011
3853 0.000008
3854 0.000008
3855 0.000010
3856 0.000020
3857 0.000025
3858 0.000024
3859 0.000017
3860 0.000020
3861 0.000022
3862 0.000026
3863 0.000013
3864 0.000051
3865 0.000041
3866 0.000040
3867 0.000020
3868 0.000036
3869 0.000013
3870 0.000044
3871 0.000036
3872 0.000011
3873 0.000017
3874 0.000008
3875 0.000010
3876 0.000029
3877 0.000015
3878 0.000025
3879 0.000026
3880 0.000056
3881 0.000061
3882 0.000029
3883 0.000024
3884 0.000023
3885 0.000032
3886 0.000030
3887 0.000029
3888 0.000011
3889 0.000012
3890 0.000017
3891 0.000007
3892 0.000009
3893 0.000029
3894 0.000021
3895 0.000019
3896 0.000008
3897 0.000010
3898 0.000006
3899 0.000005
3900 0.000008
3901 0.000018
3902 0.000035
3903 0.000033
3904 0.000032
3905 0.000025
3906 0.000015
3907 0.000006
3908 0.000012
3909 0.000021
3910 0.000017
3911 0.000020
3912 0.000011
3913 0.000017
3914 0.000017
3915 0.000008
3916 0.000020
3917 0.000020
3918 0.000010
3919 0.000025
3920 0.000035
3921 0.000018
3922 0.000015
3923 0.000009
3924 0.000012
3925 0.000013
3926 0.000008
3927 0.000005
3928 0.000021
3929 0.000009
3930 0.000006
3931 0.000011
3932 0.000025
3933 0.000028
3934 0.000031
3935 0.000010
3936 0.000014
3937 0.000018
3938 0.000033
3939 0.000031
3940 0.000018
3941 0.000011
3942 0.000013
3943 0.000014
3944 0.000015
3945 0.000027
3946 0.000017
3947 0.000012
3948 0.000017
3949 0.000008
3950 0.000012
3951 0.000008
3952 0.000017
3953 0.000013
3954 0.000015
3955 0.000017
3956 0.000022
3957 0.000012
3958 0.000023
3959 0.000037
3960 0.000034
3961 0.000022
3962 0.000021
3963 0.000012
3964 0.000017
3965 0.000021
3966 0.000022
3967 0.000023
3968 0.000009
3969 0.000009
3970 0.000014
3971 0.000015
3972 0.000015
3973 0.000009
3974 0.000006
3975 0.000015
3976 0.000015
3977 0.000009
3978 0.000018
3979 0.000019
3980 0.000025
3981 0.000030
3982 0.000017
3983 0.000010
3984 0.000014
3985 0.000011
3986 0.000005
3987 0.000005
3988 0.000007
3989 0.000011
3990 0.000006
3991 0.000008
3992 0.000010
3993 0.000022
3994 0.000022
3995 0.000012
3996 0.000032
3997 0.000030
3998 0.000033
3999 0.000022
4000 0.000022
4001 0.000022
4002 0.000007
4003 0.000023
4004 0.000027
4005 0.000017
4006 0.000010
4007 0.000016
4008 0.000018
4009 0.000025
4010 0.000024
4011 0.000024
4012 0.000029
4013 0.000015
4014 0.000022
4015 0.000015
4016 0.000019
4017 0.000022
4018 0.000030
4019 0.000025
4020 0.000027
4021 0.000037
4022 0.000034
4023 0.000035
4024 0.000065
4025 0.000058
4026 0.000028
4027 0.000027
4028 0.000016
4029 0.000010
4030 0.000011
4031 0.000011
4032 0.000032
4033 0.000030
4034 0.000016
4035 0.000017
4036 0.000030
4037 0.000032
4038 0.000030
4039 0.000032
4040 0.000023
4041 0.000022
4042 0.000024
4043 0.000024
4044 0.000013
4045 0.000006
4046 0.000008
4047 0.000013
4048 0.000007
4049 0.000019
4050 0.000013
4051 0.000011
4052 0.000013
4053 0.000025
4054 0.000033
4055 0.000036
4056 0.000036
4057 0.000018
4058 0.000008
4059 0.000010
4060 0.000011
4061 0.000014
4062 0.000014
4063 0.000021
4064 0.000012
4065 0.000011
4066 0.000012
4067 0.000024
4068 0.000025
4069 0.000032
4070 0.000045
4071 0.000053
4072 0.000023
4073 0.000015
4074 0.000022
4075 0.000012
4076 0.000014
4077 0.000016
4078 0.000017
4079 0.000016
4080 0.000010
4081 0.000007
4082 0.000014
4083 0.000009
4084 0.000013
4085 0.000017
4086 0.000017
4087 0.000011
4088 0.000028
4089 0.000021
4090 0.000007
4091 0.000012
4092 0.000008
4093 0.000014
4094 0.000031
4095 0.000010
4096 0.000015
4097 0.000012
4098 0.000013
4099 0.000029
4100 0.000035
4101 0.000022
4102 0.000033
4103 0.000017
4104 0.000010
4105 0.000014
4106 0.000021
4107 0.000008
4108 0.000005
4109 0.000012
4110 0.000029
4111 0.000039
4112 0.000020
4113 0.000011
4114 0.000008
4115 0.000013
4116 0.000014
4117 0.000033
4118 0.000025
4119 0.000024
4120 0.000016
4121 0.000017
4122 0.000010
4123 0.000033
4124 0.000020
4125 0.000015
4126 0.000006
4127 0.000022
4128 0.000013
4129 0.000019
4130 0.000009
4131 0.000014
4132 0.000021
4133 0.000024
4134 0.000018
4135 0.000020
4136 0.000025
4137 0.000044
4138 0.000022
4139 0.000012
4140 0.000021
4141 0.000030
4142 0.000030
4143 0.000025
4144 0.000010
4145 0.000015
4146 0.000007
4147 0.000014
4148 0.000027
4149 0.000044
4150 0.000018
4151 0.000028
4152 0.000041
4153 0.000019
4154 0.000047
4155 0.000051
4156 0.000027
4157 0.000015
4158 0.000023
4159 0.000030
4160 0.000028
4161 0.000011
4162 0.000012
4163 0.000008
4164 0.000007
4165 0.000009
4166 0.000005
4167 0.000012
4168 0.000020
4169 0.000024
4170 0.000027
4171 0.000023
4172 0.000027
4173 0.000036
4174 0.000019
4175 0.000019
4176 0.000011
4177 0.000008
4178 0.000011
4179 0.000011
4180 0.000026
4181 0.000017
4182 0.000047
4183 0.000016
4184 0.000019
4185 0.000010
4186 0.000011
4187 0.000006
4188 0.000019
4189 0.000033
4190 0.000017
4191 0.000013
4192 0.000019
4193 0.000025
4194 0.000025
4195 0.000024
4196 0.000039
4197 0.000043
4198 0.000047
4199 0.000045
4200 0.000047
4201 0.000043
4202 0.000026
4203 0.000037
4204 0.000019
4205 0.000033
4206 0.000048
4207 0.000017
4208 0.000057
4209 0.000027
4210 0.000022
4211 0.000012
4212 0.000012
4213 0.000008
4214 0.000006
4215 0.000006
4216 0.000019
4217 0.000011
4218 0.000012
4219 0.000019
4220 0.000017
4221 0.000026
4222 0.000031
4223 0.000018
4224 0.000041
4225 0.000015
4226 0.000012
4227 0.000014
4228 0.000012
4229 0.000031
4230 0.000043
4231 0.000039
4232 0.000043
4233 0.000017
4234 0.000013
4235 0.000014
4236 0.000018
4237 0.000011
4238 0.000008
4239 0.000005
4240 0.000015
4241 0.000009
4242 0.000005
4243 0.000025
4244 0.000014
4245 0.000011
4246 0.000008
4247 0.000017
4248 0.000010
4249 0.000019
4250 0.000023
4251 0.000047
4252 0.000023
4253 0.000022
4254 0.000044
4255 0.000027
4256 0.000016
4257 0.000019
4258 0.000007
4259 0.000006
4260 0.000024
4261 0.000038
4262 0.000019
4263 0.000016
4264 0.000040
4265 0.000043
4266 0.000021
4267 0.000027
4268 0.000014
4269 0.000027
4270 0.000014
4271 0.000026
4272 0.000017
4273 0.000008
4274 0.000010
4275 0.000007
4276 0.000024
4277 0.000013
4278 0.000009
4279 0.000017
4280 0.000010
4281 0.000009
4282 0.000006
4283 0.000013
4284 0.000017
4285 0.000021
4286 0.000035
4287 0.000015
4288 0.000007
4289 0.000006
4290 0.000005
4291 0.000013
4292 0.000025
4293 0.000014
4294 0.000015
4295 0.000006
4296 0.000011
4297 0.000010
4298 0.000006
4299 0.000007
4300 0.000006
4301 0.000018
4302 0.000018
4303 0.000008
4304 0.000010
4305 0.000007
4306 0.000012
4307 0.000008
4308 0.000018
4309 0.000017
4310 0.000010
4311 0.000007
4312 0.000009
4313 0.000027
4314 0.000014
4315 0.000014
4316 0.000042
4317 0.000021
4318 0.000023
4319 0.000023
4320 0.000017
4321 0.000011
4322 0.000020
4323 0.000012
4324 0.000008
4325 0.000010
4326 0.000024
4327 0.000028
4328 0.000029
4329 0.000027
4330 0.000015
4331 0.000027
4332 0.000035
4333 0.000018
4334 0.000026
4335 0.000014
4336 0.000015
4337 0.000023
4338 0.000025
4339 0.000024
4340 0.000021
4341 0.000012
4342 0.000008
4343 0.000016
4344 0.000034
4345 0.000057
4346 0.000029
4347 0.000018
4348 0.000025
4349 0.000023
4350 0.000010
4351 0.000013
4352 0.000025
4353 0.000020
4354 0.000023
4355 0.000013
4356 0.000019
4357 0.000019
4358 0.000025
4359 0.000014
4360 0.000022
4361 0.000037
4362 0.000014
4363 0.000022
4364 0.000009
4365 0.000007
4366 0.000005
4367 0.000005
4368 0.000019
4369 0.000035
4370 0.000037
4371 0.000011
4372 0.000016
4373 0.000006
4374 0.000011
4375 0.000008
4376 0.000010
4377 0.000025
4378 0.000027
4379 0.000028
4380 0.000033
4381 0.000034
4382 0.000025
4383 0.000036
4384 0.000034
4385 0.000033
4386 0.000034
4387 0.000023
4388 0.000017
4389 0.000017
4390 0.000018
4391 0.000020
4392 0.000037
4393 0.000028
4394 0.000027
4395 0.000035
4396 0.000018
4397 0.000024
4398 0.000028
4399 0.000026
4400 0.000025
4401 0.000031
4402 0.000038
4403 0.000036
4404 0.000038
4405 0.000018
4406 0.000021
4407 0.000021
4408 0.000034
4409 0.000015
4410 0.000009
4411 0.000016
4412 0.000017
4413 0.000017
4414 0.000022
4415 0.000021
4416 0.000012
4417 0.000008
4418 0.000006
4419 0.000011
4420 0.000008
4421 0.000006
4422 0.000008
4423 0.000039
4424 0.000038
4425 0.000032
4426 0.000030
4427 0.000030
4428 0.000021
4429 0.000024
4430 0.000048
4431 0.000030
4432 0.000036
4433 0.000055
4434 0.000049
4435 0.000055
4436 0.000031
4437 0.000048
4438 0.000044
4439 0.000040
4440 0.000035
4441 0.000019
4442 0.000006
4443 0.000058
4444 0.000034
4445 0.000032
4446 0.000030
4447 0.000016
4448 0.000021
4449 0.000021
4450 0.000016
4451 0.000020
4452 0.000007
4453 0.000020
4454 0.000012
4455 0.000030
4456 0.000034
4457 0.000015
4458 0.000028
4459 0.000015
4460 0.000009
4461 0.000012
4462 0.000014
4463 0.000016
4464 0.000029
4465 0.000015
4466 0.000016
4467 0.000010
4468 0.000027
4469 0.000020
4470 0.000007
4471 0.000020
4472 0.000034
4473 0.000017
4474 0.000013
4475 0.000020
4476 0.000012
4477 0.000008
4478 0.000013
4479 0.000020
4480 0.000014
4481 0.000005
4482 0.000029
4483 0.000019
4484 0.000008
4485 0.000007
4486 0.000011
4487 0.000006
4488 0.000011
4489 0.000006
4490 0.000006
4491 0.000014
4492 0.000009
4493 0.000018
4494 0.000015
4495 0.000009
4496 0.000006
4497 0.000014
4498 0.000009
4499 0.000018
4500 0.000013
4501 0.000026
4502 0.000017
4503 0.000010
4504 0.000012
4505 0.000008
4506 0.000006
4507 0.000008
4508 0.000010
4509 0.000012
4510 0.000011
4511 0.000010
4512 0.000007
4513 0.000006
4514 0.000005
4515 0.000004
4516 0.000015
4517 0.000028
4518 0.000011
4519 0.000010
4520 0.000013
4521 0.000008
4522 0.000020
4523 0.000022
4524 0.000016
4525 0.000010
4526 0.000044
4527 0.000040
4528 0.000055
4529 0.000050
4530 0.000014
4531 0.000006
4532 0.000014
4533 0.000025
4534 0.000014
4535 0.000027
4536 0.000015
4537 0.000017
4538 0.000010
4539 0.000032
4540 0.000026
4541 0.000027
4542 0.000017
4543 0.000019
4544 0.000019
4545 0.000011
4546 0.000012
4547 0.000008
4548 0.000018
4549 0.000018
4550 0.000014
4551 0.000024
4552 0.000013
4553 0.000009
4554 0.000010
4555 0.000007
4556 0.000011
4557 0.000005
4558 0.000017
4559 0.000031
4560 0.000020
4561 0.000022
4562 0.000009
4563 0.000008
4564 0.000010
4565 0.000013
4566 0.000020
4567 0.000020
4568 0.000020
4569 0.000012
4570 0.000025
4571 0.000024
4572 0.000017
4573 0.000045
4574 0.000026
4575 0.000027
4576 0.000026
4577 0.000020
4578 0.000012
4579 0.000013
4580 0.000032
4581 0.000037
4582 0.000024
4583 0.000016
4584 0.000010
4585 0.000006
4586 0.000022
4587 0.000021
4588 0.000009
4589 0.000018
4590 0.000008
4591 0.000015
4592 0.000020
4593 0.000014
4594 0.000015
4595 0.000014
4596 0.000017
4597 0.000022
4598 0.000035
4599 0.000013
4600 0.000018
4601 0.000011
4602 0.000018
4603 0.000026
4604 0.000033
4605 0.000025
4606 0.000024
4607 0.000013
4608 0.000016
4609 0.000058
4610 0.000028
4611 0.000042
4612 0.000021
4613 0.000039
4614 0.000011
4615 0.000014
4616 0.000011
4617 0.000023
4618 0.000027
4619 0.000046
4620 0.000016
4621 0.000017
4622 0.000019
4623 0.000013
4624 0.000011
4625 0.000012
4626 0.000018
4627 0.000033
4628 0.000031
4629 0.000022
4630 0.000021
4631 0.000014
4632 0.000015
4633 0.000009
4634 0.000007
4635 0.000014
4636 0.000007
4637 0.000006
4638 0.000030
4639 0.000012
4640 0.000022
4641 0.000009
4642 0.000015
4643 0.000017
4644 0.000012
4645 0.000022
4646 0.000011
4647 0.000021
4648 0.000021
4649 0.000012
4650 0.000013
4651 0.000023
4652 0.000009
4653 0.000020
4654 0.000020
4655 0.000013
4656 0.000041
4657 0.000034
4658 0.000023
4659 0.000023
4660 0.000016
4661 0.000006
4662 0.000015
4663 0.000016
4664 0.000041
4665 0.000044
4666 0.000022
4667 0.000041
4668 0.000022
4669 0.000007
4670 0.000014
4671 0.000014
4672 0.000013
4673 0.000016
4674 0.000010
4675 0.000007
4676 0.000012
4677 0.000038
4678 0.000026
4679 0.000025
4680 0.000018
4681 0.000034
4682 0.000030
4683 0.000016
4684 0.000016
4685 0.000007
4686 0.000013
4687 0.000029
4688 0.000026
4689 0.000020
4690 0.000022
4691 0.000040
4692 0.000022
4693 0.000038
4694 0.000029
4695 0.000036
4696 0.000038
4697 0.000049
4698 0.000046
4699 0.000027
4700 0.000014
4701 0.000039
4702 0.000020
4703 0.000020
4704 0.000009
4705 0.000011
4706 0.000012
4707 0.000014
4708 0.000042
4709 0.000045
4710 0.000049
4711 0.000045
4712 0.000041
4713 0.000041
4714 0.000038
4715 0.000035
4716 0.000028
4717 0.000020
4718 0.000023
4719 0.000035
4720 0.000023
4721 0.000030
4722 0.000022
4723 0.000012
4724 0.000030
4725 0.000014
4726 0.000015
4727 0.000016
4728 0.000017
4729 0.000017
4730 0.000017
4731 0.000012
4732 0.000021
4733 0.000025
4734 0.000030
4735 0.000033
4736 0.000042
4737 0.000027
4738 0.000011
4739 0.000020
4740 0.000036
4741 0.000033
4742 0.000010
4743 0.000013
4744 0.000008
4745 0.000026
4746 0.000020
4747 0.000020
4748 0.000022
4749 0.000022
4750 0.000025
4751 0.000008
4752 0.000010
4753 0.000012
4754 0.000025
4755 0.000032
4756 0.000030
4757 0.000028
4758 0.000024
4759 0.000019
4760 0.000019
4761 0.000020
4762 0.000018
4763 0.000023
4764 0.000013
4765 0.000024
4766 0.000019
4767 0.000019
4768 0.000011
4769 0.000015
4770 0.000019
4771 0.000016
4772 0.000010
4773 0.000020
4774 0.000026
4775 0.000014
4776 0.000021
4777 0.000025
4778 0.000010
4779 0.000017
4780 0.000023
4781 0.000022
4782 0.000026
4783 0.000014
4784 0.000023
4785 0.000013
4786 0.000021
4787 0.000020
4788 0.000029
4789 0.000027
4790 0.000015
4791 0.000012
4792 0.000013
4793 0.000010
4794 0.000009
4795 0.000007
4796 0.000017
4797 0.000035
4798 0.000034
4799 0.000018
4800 0.000019
4801 0.000023
4802 0.000015
4803 0.000007
4804 0.000020
4805 0.000017
4806 0.000026
4807 0.000030
4808 0.000016
4809 0.000007
4810 0.000009
4811 0.000016
4812 0.000021
4813 0.000021
4814 0.000012
4815 0.000028
4816 0.000021
4817 0.000026
4818 0.000018
4819 0.000034
4820 0.000020
4821 0.000032
4822 0.000030
4823 0.000011
4824 0.000026
4825 0.000009
4826 0.000007
4827 0.000021
4828 0.000016
4829 0.000019
4830 0.000008
4831 0.000022
4832 0.000026
4833 0.000027
4834 0.000020
4835 0.000014
4836 0.000017
4837 0.000046
4838 0.000034
4839 0.000013
4840 0.000014
4841 0.000015
4842 0.000007
4843 0.000006
4844 0.000006
4845 0.000005
4846 0.000005
4847 0.000024
4848 0.000014
4849 0.000011
4850 0.000008
4851 0.000014
4852 0.000028
4853 0.000032
4854 0.000047
4855 0.000054
4856 0.000027
4857 0.000031
4858 0.000020
4859 0.000040
4860 0.000037
4861 0.000016
4862 0.000010
4863 0.000011
4864 0.000008
4865 0.000011
4866 0.000039
4867 0.000014
4868 0.000017
4869 0.000010
4870 0.000021
4871 0.000009
4872 0.000006
4873 0.000008
4874 0.000010
4875 0.000014
4876 0.000009
4877 0.000016
4878 0.000025
4879 0.000016
4880 0.000032
4881 0.000010
4882 0.000011
4883 0.000023
4884 0.000035
4885 0.000033
4886 0.000052
4887 0.000069
4888 0.000022
4889 0.000022
4890 0.000018
4891 0.000008
4892 0.000014
4893 0.000008
4894 0.000008
4895 0.000006
4896 0.000013
4897 0.000009
4898 0.000011
4899 0.000010
4900 0.000023
4901 0.000023
4902 0.000016
4903 0.000032
4904 0.000010
4905 0.000016
4906 0.000010
4907 0.000006
4908 0.000008
4909 0.000012
4910 0.000016
4911 0.000010
4912 0.000011
4913 0.000017
4914 0.000025
4915 0.000017
4916 0.000050
4917 0.000020
4918 0.000020
4919 0.000014
4920 0.000009
4921 0.000010
4922 0.000023
4923 0.000023
4924 0.000022
4925 0.000022
4926 0.000015
4927 0.000028
4928 0.000020
4929 0.000013
4930 0.000014
4931 0.000007
4932 0.000011
4933 0.000012
4934 0.000008
4935 0.000005
4936 0.000015
4937 0.000007
4938 0.000009
4939 0.000023
4940 0.000030
4941 0.000034
4942 0.000017
4943 0.000010
4944 0.000012
4945 0.000013
4946 0.000016
4947 0.000024
4948 0.000031
4949 0.000029
4950 0.000011
4951 0.000011
4952 0.000014
4953 0.000020
4954 0.000010
4955 0.000008
4956 0.000006
4957 0.000020
4958 0.000018
4959 0.000036
4960 0.000043
4961 0.000021
4962 0.000030
4963 0.000014
4964 0.000015
4965 0.000009
4966 0.000013
4967 0.000016
4968 0.000019
4969 0.000012
4970 0.000012
4971 0.000021
4972 0.000021
4973 0.000033
4974 0.000033
4975 0.000012
4976 0.000006
4977 0.000006
4978 0.000017
4979 0.000010
4980 0.000012
4981 0.000007
4982 0.000006
4983 0.000016
4984 0.000018
4985 0.000036
4986 0.000033
4987 0.000028
4988 0.000015
4989 0.000007
4990 0.000008
4991 0.000018
4992 0.000020
4993 0.000049
4994 0.000024
4995 0.000021
4996 0.000024
4997 0.000010
4998 0.000024
4999 0.000027
5000 0.000011
5001 0.000012
5002 0.000016
5003 0.000009
5004 0.000005
5005 0.000004
5006 0.000014
5007 0.000021
5008 0.000009
5009 0.000015
5010 0.000020
5011 0.000012
5012 0.000013
5013 0.000028
5014 0.000027
5015 0.000026
5016 0.000041
5017 0.000052
5018 0.000029
5019 0.000028
5020 0.000019
5021 0.000028
5022 0.000032
5023 0.000030
5024 0.000032
5025 0.000039
5026 0.000036
5027 0.000043
5028 0.000037
5029 0.000034
5030 0.000034
5031 0.000023
5032 0.000025
5033 0.000028
5034 0.000035
5035 0.000018
5036 0.000008
5037 0.000036
5038 0.000018
5039 0.000008
5040 0.000021
5041 0.000023
5042 0.000023
5043 0.000030
5044 0.000016
5045 0.000010
5046 0.000006
5047 0.000005
5048 0.000005
5049 0.000010
5050 0.000006
5051 0.000008
5052 0.000010
5053 0.000018
5054 0.000014
5055 0.000020
5056 0.000020
5057 0.000009
5058 0.000034
5059 0.000043
5060 0.000021
5061 0.000014
5062 0.000038
5063 0.000019
5064 0.000010
5065 0.000010
5066 0.000029
5067 0.000015
5068 0.000024
5069 0.000016
5070 0.000012
5071 0.000006
5072 0.000017
5073 0.000018
5074 0.000018
5075 0.000021
5076 0.000021
5077 0.000024
5078 0.000013
5079 0.000010
5080 0.000041
5081 0.000025
5082 0.000032
5083 0.000023
5084 0.000025
5085 0.000025
5086 0.000010
5087 0.000024
5088 0.000026
5089 0.000014
5090 0.000024
5091 0.000010
5092 0.000029
5093 0.000015
5094 0.000013
5095 0.000016
5096 0.000025
5097 0.000014
5098 0.000015
5099 0.000009
5100 0.000007
5101 0.000009
5102 0.000043
5103 0.000025
5104 0.000014
5105 0.000007
5106 0.000013
5107 0.000009
5108 0.000030
5109 0.000024
5110 0.000024
5111 0.000025
5112 0.000034
5113 0.000032
5114 0.000010
5115 0.000014
5116 0.000015
5117 0.000016
5118 0.000020
5119 0.000031
5120 0.000016
5121 0.000017
5122 0.000010
5123 0.000009
5124 0.000013
5125 0.000007
5126 0.000013
5127 0.000016
5128 0.000017
5129 0.000018
5130 0.000018
5131 0.000007
5132 0.000023
5133 0.000012
5134 0.000007
5135 0.000009
5136 0.000020
5137 0.000016
5138 0.000010
5139 0.000013
5140 0.000042
5141 0.000039
5142 0.000047
5143 0.000023
5144 0.000013
5145 0.000019
5146 0.000025
5147 0.000014
5148 0.000009
5149 0.000007
5150 0.000009
5151 0.000011
5152 0.000012
5153 0.000013
5154 0.000021
5155 0.000015
5156 0.000026
5157 0.000025
5158 0.000011
5159 0.000011
5160 0.000012
5161 0.000013
5162 0.000017
5163 0.000008
5164 0.000014
5165 0.000041
5166 0.000037
5167 0.000013
5168 0.000014
5169 0.000015
5170 0.000013
5171 0.000008
5172 0.000009
5173 0.000011
5174 0.000013
5175 0.000008
5176 0.000020
5177 0.000025
5178 0.000032
5179 0.000038
5180 0.000035
5181 0.000029
5182 0.000011
5183 0.000019
5184 0.000023
5185 0.000026
5186 0.000017
5187 0.000007
5188 0.000009
5189 0.000017
5190 0.000031
5191 0.000040
5192 0.000037
5193 0.000052
5194 0.000021
5195 0.000012
5196 0.000028
5197 0.000030
5198 0.000011
5199 0.000013
5200 0.000021
5201 0.000034
5202 0.000031
5203 0.000040
5204 0.000018
5205 0.000018
5206 0.000011
5207 0.000024
5208 0.000027
5209 0.000026
5210 0.000010
5211 0.000017
5212 0.000020
5213 0.000009
5214 0.000007
5215 0.000006
5216 0.000008
5217 0.000015
5218 0.000009
5219 0.000018
5220 0.000026
5221 0.000016
5222 0.000017
5223 0.000032
5224 0.000012
5225 0.000023
5226 0.000033
5227 0.000012
5228 0.000008
5229 0.000004
5230 0.000005
5231 0.000031
5232 0.000040
5233 0.000037
5234 0.000036
5235 0.000030
5236 0.000031
5237 0.000051
5238 0.000025
5239 0.000024
5240 0.000028
5241 0.000037
5242 0.000034
5243 0.000038
5244 0.000041
5245 0.000059
5246 0.000038
5247 0.000024
5248 0.000013
5249 0.000016
5250 0.000016
5251 0.000013
5252 0.000007
5253 0.000011
5254 0.000018
5255 0.000018
5256 0.000012
5257 0.000006
5258 0.000005
5259 0.000005
5260 0.000005
5261 0.000020
5262 0.000022
5263 0.000013
5264 0.000019
5265 0.000024
5266 0.000031
5267 0.000016
5268 0.000010
5269 0.000060
5270 0.000033
5271 0.000019
5272 0.000032
5273 0.000030
5274 0.000050
5275 0.000024
5276 0.000024
5277 0.000013
5278 0.000009
5279 0.000025
5280 0.000029
5281 0.000028
5282 0.000034
5283 0.000023
5284 0.000023
5285 0.000011
5286 0.000006
5287 0.000010
5288 0.000027
5289 0.000026
5290 0.000031
5291 0.000029
5292 0.000035
5293 0.000025
5294 0.000025
5295 0.000024
5296 0.000025
5297 0.000019
5298 0.000016
5299 0.000006
5300 0.000020
5301 0.000009
5302 0.000005
5303 0.000008
5304 0.000016
5305 0.000017
5306 0.000024
5307 0.000023
5308 0.000010
5309 0.000007
5310 0.000016
5311 0.000010
5312 0.000011
5313 0.000017
5314 0.000018
5315 0.000011
5316 0.000011
5317 0.000019
5318 0.000014
5319 0.000007
5320 0.000006
5321 0.000006
5322 0.000005
5323 0.000016
5324 0.000014
5325 0.000007
5326 0.000004
5327 0.000016
5328 0.000035
5329 0.000027
5330 0.000037
5331 0.000034
5332 0.000015
5333 0.000017
5334 0.000008
5335 0.000010
5336 0.000015
5337 0.000013
5338 0.000015
5339 0.000032
5340 0.000025
5341 0.000018
5342 0.000014
5343 0.000015
5344 0.000011
5345 0.000008
5346 0.000030
5347 0.000016
5348 0.000019
5349 0.000017
5350 0.000024
5351 0.000021
5352 0.000021
5353 0.000032
5354 0.000052
5355 0.000018
5356 0.000040
5357 0.000011
5358 0.000006
5359 0.000012
5360 0.000024
5361 0.000010
5362 0.000024
5363 0.000015
5364 0.000018
5365 0.000011
5366 0.000018
5367 0.000016
5368 0.000015
5369 0.000007
5370 0.000009
5371 0.000015
5372 0.000016
5373 0.000008
5374 0.000005
5375 0.000005
5376 0.000007
5377 0.000011
5378 0.000011
5379 0.000016
5380 0.000019
5381 0.000006
5382 0.000010
5383 0.000029
5384 0.000027
5385 0.000028
5386 0.000027
5387 0.000011
5388 0.000015
5389 0.000016
5390 0.000027
5391 0.000014
5392 0.000023
5393 0.000029
5394 0.000022
5395 0.000024
5396 0.000024
5397 0.000018
5398 0.000023
5399 0.000010
5400 0.000013
5401 0.000036
5402 0.000013
5403 0.000036
5404 0.000035
5405 0.000033
5406 0.000012
5407 0.000016
5408 0.000027
5409 0.000015
5410 0.000018
5411 0.000008
5412 0.000015
5413 0.000007
5414 0.000005
5415 0.000007
5416 0.000006
5417 0.000006
5418 0.000005
5419 0.000005
5420 0.000016
5421 0.000024
5422 0.000036
5423 0.000034
5424 0.000045
5425 0.000041
5426 0.000021
5427 0.000020
5428 0.000014
5429 0.000015
5430 0.000016
5431 0.000007
5432 0.000009
5433 0.000007
5434 0.000005
5435 0.000022
5436 0.000038
5437 0.000035
5438 0.000037
5439 0.000048
5440 0.000045
5441 0.000021
5442 0.000012
5443 0.000015
5444 0.000035
5445 0.000018
5446 0.000018
5447 0.000010
5448 0.000019
5449 0.000026
5450 0.000014
5451 0.000015
5452 0.000013
5453 0.000030
5454 0.000013
5455 0.000012
5456 0.000017
5457 0.000010
5458 0.000012
5459 0.000008
5460 0.000012
5461 0.000014
5462 0.000013
5463 0.000015
5464 0.000009
5465 0.000007
5466 0.000009
5467 0.000007
5468 0.000035
5469 0.000033
5470 0.000013
5471 0.000014
5472 0.000012
5473 0.000025
5474 0.000029
5475 0.000011
5476 0.000008
5477 0.000005
5478 0.000018
5479 0.000044
5480 0.000031
5481 0.000016
5482 0.000019
5483 0.000017
5484 0.000027
5485 0.000014
5486 0.000015
5487 0.000016
5488 0.000010
5489 0.000017
5490 0.000039
5491 0.000011
5492 0.000013
5493 0.000016
5494 0.000010
5495 0.000009
5496 0.000011
5497 0.000026
5498 0.000025
5499 0.000008
5500 0.000012
5501 0.000015
5502 0.000009
5503 0.000029
5504 0.000027
5505 0.000026
5506 0.000025
5507 0.000049
5508 0.000032
5509 0.000013
5510 0.000016
5511 0.000010
5512 0.000011
5513 0.000008
5514 0.000027
5515 0.000026
5516 0.000035
5517 0.000013
5518 0.000018
5519 0.000017
5520 0.000007
5521 0.000013
5522 0.000015
5523 0.000007
5524 0.000024
5525 0.000023
5526 0.000015
5527 0.000013
5528 0.000016
5529 0.000019
5530 0.000019
5531 0.000020
5532 0.000020
5533 0.000032
5534 0.000017
5535 0.000010
5536 0.000032
5537 0.000020
5538 0.000026
5539 0.000025
5540 0.000018
5541 0.000021
5542 0.000035
5543 0.000057
5544 0.000034
5545 0.000015
5546 0.000016
5547 0.000023
5548 0.000015
5549 0.000026
5550 0.000027
5551 0.000030
5552 0.000033
5553 0.000020
5554 0.000026
5555 0.000014
5556 0.000015
5557 0.000018
5558 0.000011
5559 0.000012
5560 0.000022
5561 0.000022
5562 0.000030
5563 0.000035
5564 0.000030
5565 0.000019
5566 0.000011
5567 0.000018
5568 0.000033
5569 0.000037
5570 0.000035
5571 0.000041
5572 0.000038
5573 0.000016
5574 0.000010
5575 0.000010
5576 0.000005
5577 0.000004
5578 0.000004
5579 0.000008
5580 0.000014
5581 0.000015
5582 0.000023
5583 0.000022
5584 0.000012
5585 0.000014
5586 0.000045
5587 0.000049
5588 0.000045
5589 0.000056
5590 0.000019
5591 0.000025
5592 0.000014
5593 0.000005
5594 0.000009
5595 0.000027
5596 0.000011
5597 0.000010
5598 0.000013
5599 0.000009
5600 0.000010
5601 0.000031
5602 0.000033
5603 0.000021
5604 0.000021
5605 0.000021
5606 0.000030
5607 0.000034
5608 0.000031
5609 0.000027
5610 0.000014
5611 0.000015
5612 0.000016
5613 0.000034
5614 0.000036
5615 0.000023
5616 0.000022
5617 0.000009
5618 0.000011
5619 0.000034
5620 0.000029
5621 0.000044
5622 0.000024
5623 0.000030
5624 0.000023
5625 0.000032
5626 0.000030
5627 0.000016
5628 0.000010
5629 0.000007
5630 0.000017
5631 0.000023
5632 0.000009
5633 0.000012
5634 0.000008
5635 0.000019
5636 0.000011
5637 0.000006
5638 0.000030
5639 0.000013
5640 0.000014
5641 0.000015
5642 0.000007
5643 0.000005
5644 0.000017
5645 0.000014
5646 0.000021
5647 0.000033
5648 0.000016
5649 0.000017
5650 0.000010
5651 0.000015
5652 0.000031
5653 0.000022
5654 0.000021
5655 0.000034
5656 0.000018
5657 0.000023
5658 0.000025
5659 0.000024
5660 0.000010
5661 0.000013
5662 0.000032
5663 0.000030
5664 0.000028
5665 0.000015
5666 0.000006
5667 0.000013
5668 0.000011
5669 0.000015
5670 0.000014
5671 0.000015
5672 0.000034
5673 0.000039
5674 0.000024
5675 0.000015
5676 0.000017
5677 0.000026
5678 0.000015
5679 0.000013
5680 0.000020
5681 0.000056
5682 0.000027
5683 0.000033
5684 0.000040
5685 0.000037
5686 0.000019
5687 0.000024
5688 0.000015
5689 0.000013
5690 0.000008
5691 0.000017
5692 0.000007
5693 0.000013
5694 0.000021
5695 0.000019
5696 0.000019
5697 0.000019
5698 0.000024
5699 0.000018
5700 0.000011
5701 0.000018
5702 0.000014
5703 0.000015
5704 0.000016
5705 0.000010
5706 0.000011
5707 0.000024
5708 0.000013
5709 0.000014
5710 0.000007
5711 0.000013
5712 0.000008
5713 0.000010
5714 0.000008
5715 0.000011
5716 0.000006
5717 0.000030
5718 0.000028
5719 0.000031
5720 0.000032
5721 0.000040
5722 0.000027
5723 0.000015
5724 0.000017
5725 0.000019
5726 0.000011
5727 0.000021
5728 0.000030
5729 0.000029
5730 0.000022
5731 0.000012
5732 0.000019
5733 0.000030
5734 0.000039
5735 0.000053
5736 0.000057
5737 0.000029
5738 0.000009
5739 0.000011
5740 0.000006
5741 0.000012
5742 0.000008
5743 0.000007
5744 0.000016
5745 0.000034
5746 0.000013
5747 0.000020
5748 0.000009
5749 0.000010
5750 0.000027
5751 0.000030
5752 0.000042
5753 0.000021
5754 0.000007
5755 0.000025
5756 0.000016
5757 0.000024
5758 0.000010
5759 0.000019
5760 0.000024
5761 0.000017
5762 0.000046
5763 0.000022
5764 0.000009
5765 0.000007
5766 0.000016
5767 0.000010
5768 0.000023
5769 0.000024
5770 0.000013
5771 0.000022
5772 0.000012
5773 0.000014
5774 0.000023
5775 0.000034
5776 0.000025
5777 0.000024
5778 0.000031
5779 0.000042
5780 0.000021
5781 0.000028
5782 0.000015
5783 0.000009
5784 0.000026
5785 0.000022
5786 0.000022
5787 0.000015
5788 0.000007
5789 0.000010
5790 0.000007
5791 0.000009
5792 0.000022
5793 0.000017
5794 0.000040
5795 0.000020
5796 0.000020
5797 0.000030
5798 0.000017
5799 0.000022
5800 0.000041
5801 0.000056
5802 0.000027
5803 0.000011
5804 0.000012
5805 0.000018
5806 0.000021
5807 0.000016
5808 0.000022
5809 0.000025
5810 0.000026
5811 0.000007
5812 0.000026
5813 0.000014
5814 0.000018
5815 0.000027
5816 0.000017
5817 0.000024
5818 0.000013
5819 0.000014
5820 0.000009
5821 0.000013
5822 0.000026
5823 0.000019
5824 0.000023
5825 0.000023
5826 0.000014
5827 0.000012
5828 0.000006
5829 0.000027
5830 0.000026
5831 0.000018
5832 0.000008
5833 0.000014
5834 0.000030
5835 0.000011
5836 0.000013
5837 0.000022
5838 0.000039
5839 0.000043
5840 0.000053
5841 0.000032
5842 0.000030
5843 0.000040
5844 0.000016
5845 0.000010
5846 0.000025
5847 0.000024
5848 0.000026
5849 0.000025
5850 0.000010
5851 0.000012
5852 0.000019
5853 0.000025
5854 0.000008
5855 0.000010
5856 0.000023
5857 0.000030
5858 0.000021
5859 0.000021
5860 0.000024
5861 0.000023
5862 0.000023
5863 0.000034
5864 0.000034
5865 0.000023
5866 0.000013
5867 0.000021
5868 0.000025
5869 0.000018
5870 0.000009
5871 0.000006
5872 0.000008
5873 0.000010
5874 0.000011
5875 0.000005
5876 0.000005
5877 0.000007
5878 0.000006
5879 0.000006
5880 0.000005
5881 0.000004
5882 0.000007
5883 0.000004
5884 0.000016
5885 0.000042
5886 0.000036
5887 0.000045
5888 0.000058
5889 0.000019
5890 0.000023
5891 0.000023
5892 0.000013
5893 0.000009
5894 0.000018
5895 0.000018
5896 0.000012
5897 0.000024
5898 0.000039
5899 0.000041
5900 0.000045
5901 0.000013
5902 0.000008
5903 0.000021
5904 0.000041
5905 0.000035
5906 0.000045
5907 0.000027
5908 0.000057
5909 0.000027
5910 0.000015
5911 0.000009
5912 0.000013
5913 0.000016
5914 0.000014
5915 0.000011
5916 0.000012
5917 0.000023
5918 0.000040
5919 0.000037
5920 0.000034
5921 0.000038
5922 0.000023
5923 0.000029
5924 0.000028
5925 0.000032
5926 0.000012
5927 0.000021
5928 0.000030
5929 0.000030
5930 0.000035
5931 0.000074
5932 0.000022
5933 0.000018
5934 0.000039
5935 0.000044
5936 0.000050
5937 0.000045
5938 0.000029
5939 0.000015
5940 0.000010
5941 0.000014
5942 0.000009
5943 0.000006
5944 0.000006
5945 0.000015
5946 0.000028
5947 0.000015
5948 0.000007
5949 0.000019
5950 0.000020
5951 0.000018
5952 0.000021
5953 0.000024
5954 0.000028
5955 0.000015
5956 0.000007
5957 0.000018
5958 0.000032
5959 0.000028
5960 0.000038
5961 0.000043
5962 0.000020
5963 0.000020
5964 0.000017
5965 0.000025
5966 0.000040
5967 0.000019
5968 0.000013
5969 0.000029
5970 0.000018
5971 0.000018
5972 0.000008
5973 0.000012
5974 0.000024
5975 0.000056
5976 0.000030
5977 0.000031
5978 0.000023
5979 0.000009
5980 0.000009
5981 0.000017
5982 0.000030
5983 0.000016
5984 0.000010
5985 0.000008
5986 0.000007
5987 0.000021
5988 0.000029
5989 0.000018
5990 0.000027
5991 0.000016
5992 0.000010
5993 0.000011
5994 0.000006
5995 0.000006
5996 0.000034
5997 0.000027
5998 0.000050
5999 0.000014
6000 0.000017
6001 0.000019
6002 0.000019
6003 0.000008
6004 0.000017
6005 0.000011
6006 0.000058
6007 0.000063
6008 0.000024
6009 0.000013
6010 0.000021
6011 0.000012
6012 0.000022
6013 0.000008
6014 0.000006
6015 0.000012
6016 0.000020
6017 0.000022
6018 0.000029
6019 0.000035
6020 0.000032
6021 0.000010
6022 0.000006
6023 0.000027
6024 0.000022
6025 0.000012
6026 0.000013
6027 0.000025
6028 0.000029
6029 0.000028
6030 0.000027
6031 0.000026
6032 0.000014
6033 0.000020
6034 0.000012
6035 0.000021
6036 0.000021
6037 0.000024
6038 0.000016
6039 0.000016
6040 0.000013
6041 0.000007
6042 0.000033
6043 0.000031
6044 0.000042
6045 0.000052
6046 0.000025
6047 0.000041
6048 0.000021
6049 0.000009
6050 0.000027
6051 0.000015
6052 0.000023
6053 0.000042
6054 0.000029
6055 0.000015
6056 0.000031
6057 0.000047
6058 0.000043
6059 0.000041
6060 0.000034
6061 0.000026
6062 0.000037
6063 0.000013
6064 0.000014
6065 0.000033
6066 0.000045
6067 0.000045
6068 0.000021
6069 0.000017
6070 0.000012
6071 0.000013
6072 0.000022
6073 0.000016
6074 0.000006
6075 0.000012
6076 0.000008
6077 0.000006
6078 0.000006
6079 0.000008
6080 0.000008
6081 0.000014
6082 0.000015
6083 0.000018
6084 0.000012
6085 0.000015
6086 0.000021
6087 0.000009
6088 0.000042
6089 0.000048
6090 0.000026
6091 0.000009
6092 0.000005
6093 0.000008
6094 0.000005
6095 0.000009
6096 0.000007
6097 0.000039
6098 0.000020
6099 0.000030
6100 0.000016
6101 0.000029
6102 0.000011
6103 0.000008
6104 0.000012
6105 0.000010
6106 0.000018
6107 0.000018
6108 0.000008
6109 0.000006
6110 0.000006
6111 0.000015
6112 0.000016
6113 0.000017
6114 0.000029
6115 0.000028
6116 0.000015
6117 0.000014
6118 0.000015
6119 0.000009
6120 0.000017
6121 0.000029
6122 0.000018
6123 0.000018
6124 0.000018
6125 0.000016
6126 0.000016
6127 0.000017
6128 0.000011
6129 0.000006
6130 0.000013
6131 0.000015
6132 0.000035
6133 0.000033
6134 0.000022
6135 0.000015
6136 0.000020
6137 0.000012
6138 0.000030
6139 0.000043
6140 0.000040
6141 0.000035
6142 0.000058
6143 0.000042
6144 0.000049
6145 0.000029
6146 0.000011
6147 0.000017
6148 0.000010
6149 0.000024
6150 0.000023
6151 0.000022
6152 0.000013
6153 0.000014
6154 0.000018
6155 0.000035
6156 0.000047
6157 0.000023
6158 0.000009
6159 0.000043
6160 0.000024
6161 0.000026
6162 0.000025
6163 0.000024
6164 0.000023
6165 0.000023
6166 0.000018
6167 0.000008
6168 0.000017
6169 0.000032
6170 0.000016
6171 0.000016
6172 0.000017
6173 0.000025
6174 0.000034
6175 0.000044
6176 0.000022
6177 0.000019
6178 0.000021
6179 0.000015
6180 0.000012
6181 0.000023
6182 0.000020
6183 0.000020
6184 0.000017
6185 0.000010
6186 0.000012
6187 0.000021
6188 0.000021
6189 0.000022
6190 0.000009
6191 0.000011
6192 0.000021
6193 0.000021
6194 0.000012
6195 0.000016
6196 0.000017
6197 0.000011
6198 0.000015
6199 0.000020
6200 0.000026
6201 0.000028
6202 0.000031
6203 0.000015
6204 0.000012
6205 0.000008
6206 0.000005
6207 0.000018
6208 0.000012
6209 0.000016
6210 0.000014
6211 0.000012
6212 0.000029
6213 0.000027
6214 0.000009
6215 0.000022
6216 0.000022
6217 0.000027
6218 0.000022
6219 0.000026
6220 0.000047
6221 0.000043
6222 0.000040
6223 0.000020
6224 0.000020
6225 0.000022
6226 0.000030
6227 0.000028
6228 0.000016
6229 0.000019
6230 0.000024
6231 0.000015
6232 0.000018
6233 0.000018
6234 0.000018
6235 0.000018
6236 0.000006
6237 0.000007
6238 0.000009
6239 0.000005
6240 0.000005
6241 0.000008
6242 0.000007
6243 0.000014
6244 0.000012
6245 0.000015
6246 0.000016
6247 0.000043
6248 0.000009
6249 0.000011
6250 0.000008
6251 0.000020
6252 0.000029
6253 0.000015
6254 0.000023
6255 0.000027
6256 0.000026
6257 0.000025
6258 0.000037
6259 0.000020
6260 0.000017
6261 0.000022
6262 0.000032
6263 0.000023
6264 0.000022
6265 0.000009
6266 0.000015
6267 0.000007
6268 0.000016
6269 0.000017
6270 0.000017
6271 0.000023
6272 0.000013
6273 0.000007
6274 0.000018
6275 0.000014
6276 0.000009
6277 0.000007
6278 0.000025
6279 0.000013
6280 0.000007
6281 0.000010
6282 0.000010
6283 0.000012
6284 0.000016
6285 0.000010
6286 0.000011
6287 0.000017
6288 0.000009
6289 0.000007
6290 0.000004
6291 0.000015
6292 0.000015
6293 0.000014
6294 0.000027
6295 0.000029
6296 0.000015
6297 0.000016
6298 0.000017
6299 0.000018
6300 0.000020
6301 0.000024
6302 0.000032
6303 0.000028
6304 0.000015
6305 0.000007
6306 0.000013
6307 0.000009
6308 0.000012
6309 0.000008
6310 0.000014
6311 0.000026
6312 0.000025
6313 0.000036
6314 0.000030
6315 0.000028
6316 0.000023
6317 0.000013
6318 0.000011
6319 0.000039
6320 0.000044
6321 0.000026
6322 0.000028
6323 0.000022
6324 0.000022
6325 0.000014
6326 0.000025
6327 0.000010
6328 0.000007
6329 0.000009
6330 0.000011
6331 0.000022
6332 0.000022
6333 0.000022
6334 0.000016
6335 0.000013
6336 0.000009
6337 0.000012
6338 0.000013
6339 0.000014
6340 0.000007
6341 0.000023
6342 0.000022
6343 0.000023
6344 0.000025
6345 0.000024
6346 0.000050
6347 0.000024
6348 0.000028
6349 0.000051
6350 0.000055
6351 0.000017
6352 0.000013
6353 0.000006
6354 0.000024
6355 0.000008
6356 0.000026
6357 0.000059
6358 0.000031
6359 0.000022
6360 0.000009
6361 0.000020
6362 0.000032
6363 0.000041
6364 0.000042
6365 0.000021
6366 0.000018
6367 0.000014
6368 0.000015
6369 0.000010
6370 0.000012
6371 0.000006
6372 0.000013
6373 0.000028
6374 0.000011
6375 0.000016
6376 0.000010
6377 0.000015
6378 0.000020
6379 0.000020
6380 0.000020
6381 0.000010
6382 0.000027
6383 0.000011
6384 0.000008
6385 0.000014
6386 0.000014
6387 0.000009
6388 0.000010
6389 0.000009
6390 0.000006
6391 0.000008
6392 0.000010
6393 0.000022
6394 0.000012
6395 0.000015
6396 0.000007
6397 0.000006
6398 0.000017
6399 0.000024
6400 0.000032
6401 0.000037
6402 0.000023
6403 0.000038
6404 0.000038
6405 0.000023
6406 0.000041
6407 0.000022
6408 0.000009
6409 0.000011
6410 0.000011
6411 0.000012
6412 0.000014
6413 0.000020
6414 0.000028
6415 0.000026
6416 0.000016
6417 0.000007
6418 0.000035
6419 0.000041
6420 0.000027
6421 0.000014
6422 0.000006
6423 0.000011
6424 0.000018
6425 0.000015
6426 0.000013
6427 0.000014
6428 0.000039
6429 0.000019
6430 0.000019
6431 0.000016
6432 0.000017
6433 0.000019
6434 0.000048
6435 0.000021
6436 0.000012
6437 0.000019
6438 0.000019
6439 0.000025
6440 0.000010
6441 0.000012
6442 0.000006
6443 0.000005
6444 0.000004
6445 0.000019
6446 0.000019
6447 0.000012
6448 0.000008
6449 0.000006
6450 0.000005
6451 0.000007
6452 0.000014
6453 0.000007
6454 0.000006
6455 0.000005
6456 0.000007
6457 0.000019
6458 0.000030
6459 0.000038
6460 0.000036
6461 0.000013
6462 0.000024
6463 0.000010
6464 0.000013
6465 0.000012
6466 0.000014
6467 0.000015
6468 0.000015
6469 0.000018
6470 0.000011
6471 0.000004
6472 0.000007
6473 0.000009
6474 0.000009
6475 0.000007
6476 0.000021
6477 0.000018
6478 0.000011
6479 0.000016
6480 0.000021
6481 0.000023
6482 0.000031
6483 0.000016
6484 0.000022
6485 0.000015
6486 0.000022
6487 0.000012
6488 0.000013
6489 0.000016
6490 0.000029
6491 0.000025
6492 0.000031
6493 0.000033
6494 0.000020
6495 0.000020
6496 0.000012
6497 0.000015
6498 0.000009
6499 0.000009
6500 0.000011
6501 0.000015
6502 0.000008
6503 0.000006
6504 0.000008
6505 0.000010
6506 0.000021
6507 0.000020
6508 0.000012
6509 0.000008
6510 0.000005
6511 0.000023
6512 0.000023
6513 0.000031
6514 0.000030
6515 0.000029
6516 0.000018
6517 0.000012
6518 0.000020
6519 0.000009
6520 0.000011
6521 0.000017
6522 0.000017
6523 0.000022
6524 0.000009
6525 0.000023
6526 0.000023
6527 0.000009
6528 0.000016
6529 0.000015
6530 0.000019
6531 0.000011
6532 0.000015
6533 0.000012
6534 0.000017
6535 0.000021
6536 0.000021
6537 0.000020
6538 0.000027
6539 0.000037
6540 0.000019
6541 0.000008
6542 0.000010
6543 0.000011
6544 0.000019
6545 0.000057
6546 0.000055
6547 0.000042
6548 0.000016
6549 0.000033
6550 0.000042
6551 0.000024
6552 0.000013
6553 0.000009
6554 0.000010
6555 0.000019
6556 0.000023
6557 0.000013
6558 0.000015
6559 0.000007
6560 0.000008
6561 0.000027
6562 0.000011
6563 0.000009
6564 0.000011
6565 0.000037
6566 0.000037
6567 0.000027
6568 0.000015
6569 0.000009
6570 0.000017
6571 0.000026
6572 0.000025
6573 0.000042
6574 0.000041
6575 0.000020
6576 0.000019
6577 0.000017
6578 0.000036
6579 0.000028
6580 0.000023
6581 0.000013
6582 0.000016
6583 0.000036
6584 0.000013
6585 0.000014
6586 0.000015
6587 0.000016
6588 0.000022
6589 0.000021
6590 0.000021
6591 0.000019
6592 0.000013
6593 0.000014
6594 0.000023
6595 0.000009
6596 0.000016
6597 0.000017
6598 0.000019
6599 0.000019
6600 0.000025
6601 0.000029
6602 0.000028
6603 0.000023
6604 0.000010
6605 0.000006
6606 0.000005
6607 0.000008
6608 0.000009
6609 0.000007
6610 0.000014
6611 0.000013
6612 0.000011
6613 0.000012
6614 0.000019
6615 0.000008
6616 0.000010
6617 0.000015
6618 0.000015
6619 0.000022
6620 0.000015
6621 0.000018
6622 0.000023
6623 0.000020
6624 0.000041
6625 0.000015
6626 0.000024
6627 0.000012
6628 0.000008
6629 0.000006
6630 0.000019
6631 0.000011
6632 0.000026
6633 0.000034
6634 0.000037
6635 0.000038
6636 0.000019
6637 0.000011
6638 0.000012
6639 0.000008
6640 0.000011
6641 0.000005
6642 0.000008
6643 0.000009
6644 0.000014
6645 0.000017
6646 0.000025
6647 0.000024
6648 0.000013
6649 0.000014
6650 0.000025
6651 0.000035
6652 0.000027
6653 0.000020
6654 0.000033
6655 0.000017
6656 0.000022
6657 0.000018
6658 0.000021
6659 0.000014
6660 0.000018
6661 0.000033
6662 0.000017
6663 0.000010
6664 0.000037
6665 0.000024
6666 0.000016
6667 0.000007
6668 0.000019
6669 0.000012
6670 0.000008
6671 0.000026
6672 0.000033
6673 0.000027
6674 0.000028
6675 0.000014
6676 0.000012
6677 0.000006
6678 0.000004
6679 0.000016
6680 0.000010
6681 0.000012
6682 0.000040
6683 0.000037
6684 0.000035
6685 0.000031
6686 0.000010
6687 0.000028
6688 0.000024
6689 0.000013
6690 0.000014
6691 0.000015
6692 0.000019
6693 0.000019
6694 0.000011
6695 0.000018
6696 0.000007
6697 0.000005
6698 0.000005
6699 0.000016
6700 0.000017
6701 0.000020
6702 0.000026
6703 0.000014
6704 0.000009
6705 0.000020
6706 0.000016
6707 0.000026
6708 0.000013
6709 0.000035
6710 0.000048
6711 0.000044
6712 0.000048
6713 0.000044
6714 0.000040
6715 0.000023
6716 0.000032
6717 0.000024
6718 0.000019
6719 0.000029
6720 0.000008
6721 0.000026
6722 0.000028
6723 0.000026
6724 0.000027
6725 0.000025
6726 0.000013
6727 0.000017
6728 0.000015
6729 0.000022
6730 0.000035
6731 0.000027
6732 0.000042
6733 0.000039
6734 0.000041
6735 0.000015
6736 0.000022
6737 0.000025
6738 0.000025
6739 0.000024
6740 0.000013
6741 0.000020
6742 0.000027
6743 0.000009
6744 0.000019
6745 0.000027
6746 0.000012
6747 0.000008
6748 0.000006
6749 0.000008
6750 0.000010
6751 0.000011
6752 0.000013
6753 0.000019
6754 0.000021
6755 0.000012
6756 0.000012
6757 0.000020
6758 0.000030
6759 0.000041
6760 0.000026
6761 0.000037
6762 0.000034
6763 0.000032
6764 0.000010
6765 0.000018
6766 0.000032
6767 0.000030
6768 0.000028
6769 0.000032
6770 0.000047
6771 0.000049
6772 0.000050
6773 0.000024
6774 0.000023
6775 0.000027
6776 0.000031
6777 0.000012
6778 0.000008
6779 0.000013
6780 0.000023
6781 0.000021
6782 0.000007
6783 0.000018
6784 0.000026
6785 0.000043
6786 0.000050
6787 0.000049
6788 0.000024
6789 0.000030
6790 0.000016
6791 0.000029
6792 0.000028
6793 0.000053
6794 0.000032
6795 0.000028
6796 0.000026
6797 0.000014
6798 0.000017
6799 0.000020
6800 0.000020
6801 0.000007
6802 0.000008
6803 0.000010
6804 0.000014
6805 0.000014
6806 0.000007
6807 0.000016
6808 0.000039
6809 0.000020
6810 0.000020
6811 0.000028
6812 0.000027
6813 0.000014
6814 0.000030
6815 0.000029
6816 0.000027
6817 0.000019
6818 0.000040
6819 0.000046
6820 0.000045
6821 0.000053
6822 0.000028
6823 0.000030
6824 0.000038
6825 0.000014
6826 0.000036
6827 0.000024
6828 0.000019
6829 0.000019
6830 0.000030
6831 0.000032
6832 0.000026
6833 0.000023
6834 0.000009
6835 0.000022
6836 0.000020
6837 0.000013
6838 0.000024
6839 0.000028
6840 0.000019
6841 0.000011
6842 0.000008
6843 0.000014
6844 0.000015
6845 0.000011
6846 0.000012
6847 0.000010
6848 0.000028
6849 0.000033
6850 0.000031
6851 0.000033
6852 0.000012
6853 0.000006
6854 0.000005
6855 0.000004
6856 0.000007
6857 0.000005
6858 0.000027
6859 0.000025
6860 0.000029
6861 0.000025
6862 0.000020
6863 0.000011
6864 0.000013
6865 0.000014
6866 0.000019
6867 0.000019
6868 0.000026
6869 0.000017
6870 0.000034
6871 0.000036
6872 0.000013
6873 0.000025
6874 0.000036
6875 0.000033
6876 0.000014
6877 0.000015
6878 0.000016
6879 0.000007
6880 0.000005
6881 0.000005
6882 0.000007
6883 0.000019
6884 0.000007
6885 0.000007
6886 0.000005
6887 0.000005
6888 0.000007
6889 0.000006
6890 0.000014
6891 0.000019
6892 0.000020
6893 0.000011
6894 0.000008
6895 0.000035
6896 0.000041
6897 0.000027
6898 0.000014
6899 0.000009
6900 0.000020
6901 0.000022
6902 0.000026
6903 0.000046
6904 0.000032
6905 0.000030
6906 0.000036
6907 0.000035
6908 0.000028
6909 0.000050
6910 0.000052
6911 0.000047
6912 0.000056
6913 0.000050
6914 0.000033
6915 0.000045
6916 0.000042
6917 0.000047
6918 0.000022
6919 0.000015
6920 0.000011
6921 0.000006
6922 0.000008
6923 0.000012
6924 0.000026
6925 0.000059
6926 0.000044
6927 0.000035
6928 0.000018
6929 0.000030
6930 0.000018
6931 0.000018
6932 0.000025
6933 0.000027
6934 0.000031
6935 0.000034
6936 0.000059
6937 0.000053
6938 0.000033
6939 0.000034
6940 0.000016
6941 0.000007
6942 0.000018
6943 0.000030
6944 0.000025
6945 0.000018
6946 0.000030
6947 0.000011
6948 0.000024
6949 0.000037
6950 0.000011
6951 0.000005
6952 0.000010
6953 0.000007
6954 0.000011
6955 0.000015
6956 0.000016
6957 0.000010
6958 0.000012
6959 0.000010
6960 0.000012
6961 0.000016
6962 0.000010
6963 0.000007
6964 0.000015
6965 0.000009
6966 0.000011
6967 0.000005
6968 0.000005
6969 0.000011
6970 0.000021
6971 0.000016
6972 0.000010
6973 0.000027
6974 0.000040
6975 0.000048
6976 0.000043
6977 0.000031
6978 0.000029
6979 0.000018
6980 0.000019
6981 0.000027
6982 0.000030
6983 0.000027
6984 0.000014
6985 0.000018
6986 0.000009
6987 0.000027
6988 0.000026
6989 0.000014
6990 0.000016
6991 0.000021
6992 0.000012
6993 0.000022
6994 0.000021
6995 0.000047
6996 0.000043
6997 0.000040
6998 0.000020
6999 0.000030
7000 0.000022
7001 0.000036
7002 0.000041
7003 0.000063
7004 0.000062
7005 0.000026
7006 0.000010
7007 0.000012
7008 0.000014
7009 0.000009
7010 0.000007
7011 0.000024
7012 0.000024
7013 0.000040
7014 0.000032
7015 0.000030
7016 0.000029
7017 0.000017
7018 0.000026
7019 0.000014
7020 0.000007
7021 0.000006
7022 0.000006
7023 0.000013
7024 0.000014
7025 0.000019
7026 0.000027
7027 0.000042
7028 0.000046
7029 0.000027
7030 0.000021
7031 0.000020
7032 0.000009
7033 0.000007
7034 0.000021
7035 0.000023
7036 0.000032
7037 0.000018
7038 0.000044
7039 0.000022
7040 0.000016
7041 0.000017
7042 0.000018
7043 0.000022
7044 0.000031
7045 0.000029
7046 0.000012
7047 0.000014
7048 0.000009
7049 0.000010
7050 0.000013
7051 0.000022
7052 0.000022
7053 0.000016
7054 0.000020
7055 0.000011
7056 0.000013
7057 0.000007
7058 0.000005
7059 0.000011
7060 0.000031
7061 0.000030
7062 0.000016
7063 0.000015
7064 0.000021
7065 0.000016
7066 0.000011
7067 0.000006
7068 0.000008
7069 0.000007
7070 0.000004
7071 0.000015
7072 0.000014
7073 0.000007
7074 0.000012
7075 0.000008
7076 0.000006
7077 0.000006
7078 0.000004
7079 0.000011
7080 0.000008
7081 0.000020
7082 0.000018
7083 0.000011
7084 0.000025
7085 0.000034
7086 0.000032
7087 0.000030
7088 0.000037
7089 0.000013
7090 0.000024
7091 0.000023
7092 0.000026
7093 0.000029
7094 0.000015
7095 0.000010
7096 0.000021
7097 0.000012
7098 0.000006
7099 0.000019
7100 0.000028
7101 0.000027
7102 0.000026
7103 0.000023
7104 0.000025
7105 0.000010
7106 0.000012
7107 0.000008
7108 0.000009
7109 0.000011
7110 0.000012
7111 0.000008
7112 0.000021
7113 0.000027
7114 0.000034
7115 0.000027
7116 0.000021
7117 0.000032
7118 0.000017
7119 0.000010
7120 0.000017
7121 0.000032
7122 0.000017
7123 0.000030
7124 0.000044
7125 0.000015
7126 0.000018
7127 0.000014
7128 0.000013
7129 0.000009
7130 0.000008
7131 0.000010
7132 0.000014
7133 0.000011
7134 0.000014
7135 0.000007
7136 0.000012
7137 0.000025
7138 0.000014
7139 0.000021
7140 0.000034
7141 0.000032
7142 0.000032
7143 0.000039
7144 0.000020
7145 0.000014
7146 0.000015
7147 0.000024
7148 0.000028
7149 0.000037
7150 0.000009
7151 0.000010
7152 0.000021
7153 0.000029
7154 0.000020
7155 0.000035
7156 0.000013
7157 0.000014
7158 0.000014
7159 0.000017
7160 0.000032
7161 0.000034
7162 0.000037
7163 0.000020
7164 0.000015
7165 0.000022
7166 0.000007
7167 0.000009
7168 0.000036
7169 0.000013
7170 0.000011
7171 0.000040
7172 0.000026
7173 0.000012
7174 0.000008
7175 0.000007
7176 0.000009
7177 0.000016
7178 0.000018
7179 0.000008
7180 0.000010
7181 0.000009
7182 0.000011
7183 0.000008
7184 0.000009
7185 0.000009
7186 0.000010
7187 0.000011
7188 0.000024
7189 0.000023
7190 0.000010
7191 0.000006
7192 0.000011
7193 0.000010
7194 0.000007
7195 0.000026
7196 0.000027
7197 0.000018
7198 0.000025
7199 0.000030
7200 0.000012
7201 0.000027
7202 0.000026
7203 0.000026
7204 0.000025
7205 0.000016
7206 0.000018
7207 0.000036
7208 0.000038
7209 0.000014
7210 0.000018
7211 0.000018
7212 0.000011
7213 0.000026
7214 0.000016
7215 0.000020
7216 0.000026
7217 0.000013
7218 0.000007
7219 0.000024
7220 0.000033
7221 0.000043
7222 0.000062
7223 0.000043
7224 0.000021
7225 0.000026
7226 0.000053
7227 0.000035
7228 0.000033
7229 0.000035
7230 0.000091
7231 0.000060
7232 0.000039
7233 0.000014
7234 0.000007
7235 0.000025
7236 0.000025
7237 0.000019
7238 0.000012
7239 0.000024
7240 0.000023
7241 0.000033
7242 0.000017
7243 0.000030
7244 0.000028
7245 0.000031
7246 0.000029
7247 0.000038
7248 0.000048
7249 0.000023
7250 0.000013
7251 0.000007
7252 0.000005
7253 0.000019
7254 0.000019
7255 0.000025
7256 0.000014
7257 0.000015
7258 0.000030
7259 0.000011
7260 0.000019
7261 0.000027
7262 0.000018
7263 0.000021
7264 0.000009
7265 0.000018
7266 0.000023
7267 0.000011
7268 0.000020
7269 0.000014
7270 0.000017
7271 0.000018
7272 0.000011
7273 0.000007
7274 0.000008
7275 0.000010
7276 0.000023
7277 0.000023
7278 0.000013
7279 0.000008
7280 0.000024
7281 0.000013
7282 0.000022
7283 0.000022
7284 0.000018
7285 0.000008
7286 0.000015
7287 0.000009
7288 0.000010
7289 0.000032
7290 0.000012
7291 0.000054
7292 0.000066
7293 0.000059
7294 0.000053
7295 0.000048
7296 0.000035
7297 0.000021
7298 0.000016
7299 0.000013
7300 0.000012
7301 0.000010
7302 0.000007
7303 0.000017
7304 0.000010
7305 0.000012
7306 0.000018
7307 0.000026
7308 0.000014
7309 0.000017
7310 0.000018
7311 0.000029
7312 0.000015
7313 0.000016
7314 0.000009
7315 0.000005
7316 0.000014
7317 0.000014
7318 0.000033
7319 0.000035
7320 0.000037
7321 0.000036
7322 0.000033
7323 0.000024
7324 0.000023
7325 0.000017
7326 0.000019
7327 0.000023
7328 0.000011
7329 0.000013
7330 0.000014
7331 0.000007
7332 0.000038
7333 0.000019
7334 0.000018
7335 0.000031
7336 0.000013
7337 0.000054
7338 0.000028
7339 0.000014
7340 0.000013
7341 0.000025
7342 0.000025
7343 0.000024
7344 0.000024
7345 0.000027
7346 0.000024
7347 0.000018
7348 0.000022
7349 0.000019
7350 0.000025
7351 0.000014
7352 0.000015
7353 0.000031
7354 0.000029
7355 0.000033
7356 0.000049
7357 0.000024
7358 0.000019
7359 0.000018
7360 0.000006
7361 0.000032
7362 0.000030
7363 0.000036
7364 0.000018
7365 0.000019
7366 0.000007
7367 0.000012
7368 0.000008
7369 0.000007
7370 0.000009
7371 0.000007
7372 0.000011
7373 0.000034
7374 0.000025
7375 0.000014
7376 0.000012
7377 0.000025
7378 0.000016
7379 0.000016
7380 0.000031
7381 0.000016
7382 0.000017
7383 0.000019
7384 0.000020
7385 0.000031
7386 0.000016
7387 0.000010
7388 0.000011
7389 0.000025
7390 0.000026
7391 0.000028
7392 0.000021
7393 0.000014
7394 0.000019
7395 0.000014
7396 0.000006
7397 0.000012
7398 0.000013
7399 0.000019
7400 0.000019
7401 0.000022
7402 0.000008
7403 0.000006
7404 0.000006
7405 0.000010
7406 0.000014
7407 0.000009
7408 0.000011
7409 0.000005
7410 0.000016
7411 0.000017
7412 0.000017
7413 0.000018
7414 0.000049
7415 0.000045
7416 0.000022
7417 0.000012
7418 0.000008
7419 0.000013
7420 0.000009
7421 0.000010
7422 0.000024
7423 0.000010
7424 0.000016
7425 0.000008
7426 0.000010
7427 0.000011
7428 0.000019
7429 0.000014
7430 0.000020
7431 0.000027
7432 0.000018
7433 0.000019
7434 0.000015
7435 0.000022
7436 0.000013
7437 0.000019
7438 0.000013
7439 0.000009
7440 0.000011
7441 0.000030
7442 0.000044
7443 0.000022
7444 0.000028
7445 0.000015
7446 0.000009
7447 0.000013
7448 0.000009
7449 0.000014
7450 0.000009
7451 0.000017
7452 0.000010
7453 0.000006
7454 0.000013
7455 0.000007
7456 0.000008
7457 0.000010
7458 0.000012
7459 0.000015
7460 0.000016
7461 0.000024
7462 0.000043
7463 0.000034
7464 0.000030
7465 0.000013
7466 0.000006
7467 0.000014
7468 0.000026
7469 0.000018
7470 0.000024
7471 0.000008
7472 0.000018
7473 0.000018
7474 0.000023
7475 0.000012
7476 0.000030
7477 0.000016
7478 0.000024
7479 0.000010
7480 0.000011
7481 0.000006
7482 0.000021
7483 0.000029
7484 0.000023
7485 0.000007
7486 0.000009
7487 0.000019
7488 0.000011
7489 0.000014
7490 0.000009
7491 0.000014
7492 0.000010
7493 0.000012
7494 0.000015
7495 0.000010
7496 0.000014
7497 0.000017
7498 0.000023
7499 0.000031
7500 0.000029
7501 0.000036
7502 0.000040
7503 0.000017
7504 0.000017
7505 0.000010
7506 0.000017
7507 0.000018
7508 0.000040
7509 0.000048
7510 0.000016
7511 0.000027
7512 0.000035
7513 0.000016
7514 0.000012
7515 0.000028
7516 0.000031
7517 0.000030
7518 0.000011
7519 0.000008
7520 0.000012
7521 0.000016
7522 0.000017
7523 0.000010
7524 0.000016
7525 0.000033
7526 0.000027
7527 0.000035
7528 0.000033
7529 0.000040
7530 0.000039
7531 0.000041
7532 0.000046
7533 0.000043
7534 0.000029
7535 0.000025
7536 0.000010
7537 0.000007
7538 0.000005
7539 0.000014
7540 0.000009
7541 0.000011
7542 0.000020
7543 0.000018
7544 0.000010
7545 0.000022
7546 0.000016
7547 0.000016
7548 0.000039
7549 0.000043
7550 0.000040
7551 0.000020
7552 0.000020
7553 0.000019
7554 0.000019
7555 0.000022
7556 0.000012
7557 0.000006
7558 0.000006
7559 0.000010
7560 0.000017
7561 0.000027
7562 0.000043
7563 0.000021
7564 0.000022
7565 0.000016
7566 0.000014
7567 0.000024
7568 0.000026
7569 0.000026
7570 0.000016
7571 0.000014
7572 0.000009
7573 0.000011
7574 0.000025
7575 0.000024
7576 0.000013
7577 0.000016
7578 0.000010
7579 0.000007
7580 0.000019
7581 0.000023
7582 0.000025
7583 0.000014
7584 0.000030
7585 0.000023
7586 0.000013
7587 0.000014
7588 0.000023
7589 0.000028
7590 0.000014
7591 0.000019
7592 0.000024
7593 0.000016
7594 0.000039
7595 0.000022
7596 0.000016
7597 0.000039
7598 0.000041
7599 0.000022
7600 0.000064
7601 0.000035
7602 0.000021
7603 0.000027
7604 0.000026
7605 0.000017
7606 0.000019
7607 0.000028
7608 0.000036
7609 0.000030
7610 0.000016
7611 0.000010
7612 0.000028
7613 0.000031
7614 0.000017
7615 0.000017
7616 0.000019
7617 0.000021
7618 0.000012
7619 0.000019
7620 0.000013
7621 0.000019
7622 0.000028
7623 0.000029
7624 0.000028
7625 0.000035
7626 0.000026
7627 0.000028
7628 0.000015
7629 0.000012
7630 0.000013
7631 0.000025
7632 0.000026
7633 0.000031
7634 0.000012
7635 0.000007
7636 0.000032
7637 0.000018
7638 0.000016
7639 0.000034
7640 0.000021
7641 0.000020
7642 0.000012
7643 0.000016
7644 0.000024
7645 0.000039
7646 0.000035
7647 0.000013
7648 0.000011
7649 0.000012
7650 0.000029
7651 0.000035
7652 0.000042
7653 0.000023
7654 0.000023
7655 0.000022
7656 0.000016
7657 0.000006
7658 0.000008
7659 0.000012
7660 0.000011
7661 0.000010
7662 0.000007
7663 0.000009
7664 0.000021
7665 0.000034
7666 0.000043
7667 0.000049
7668 0.000045
7669 0.000016
7670 0.000010
7671 0.000027
7672 0.000026
7673 0.000010
7674 0.000007
7675 0.000009
7676 0.000017
7677 0.000022
7678 0.000009
7679 0.000006
7680 0.000005
7681 0.000015
7682 0.000009
7683 0.000010
7684 0.000012
7685 0.000018
7686 0.000008
7687 0.000012
7688 0.000017
7689 0.000017
7690 0.000023
7691 0.000036
7692 0.000039
7693 0.000036
7694 0.000034
7695 0.000010
7696 0.000019
7697 0.000009
7698 0.000005
7699 0.000010
7700 0.000015
7701 0.000016
7702 0.000010
7703 0.000016
7704 0.000017
7705 0.000030
7706 0.000059
7707 0.000020
7708 0.000020
7709 0.000025
7710 0.000013
7711 0.000036
7712 0.000039
7713 0.000036
7714 0.000018
7715 0.000023
7716 0.000015
7717 0.000021
7718 0.000012
7719 0.000006
7720 0.000014
7721 0.000012
7722 0.000020
7723 0.000012
7724 0.000018
7725 0.000021
7726 0.000036
7727 0.000017
7728 0.000010
7729 0.000007
7730 0.000010
7731 0.000012
7732 0.000005
7733 0.000011
7734 0.000032
7735 0.000021
7736 0.000021
7737 0.000015
7738 0.000011
7739 0.000021
7740 0.000025
7741 0.000018
7742 0.000013
7743 0.000046
7744 0.000050
7745 0.000024
7746 0.000019
7747 0.000008
7748 0.000018
7749 0.000028
7750 0.000011
7751 0.000015
7752 0.000022
7753 0.000015
7754 0.000007
7755 0.000015
7756 0.000022
7757 0.000035
7758 0.000029
7759 0.000027
7760 0.000019
7761 0.000019
7762 0.000028
7763 0.000015
7764 0.000009
7765 0.000006
7766 0.000017
7767 0.000011
7768 0.000014
7769 0.000040
7770 0.000049
7771 0.000044
7772 0.000025
7773 0.000032
7774 0.000028
7775 0.000030
7776 0.000024
7777 0.000028
7778 0.000015
7779 0.000009
7780 0.000011
7781 0.000019
7782 0.000015
7783 0.000027
7784 0.000033
7785 0.000017
7786 0.000007
7787 0.000009
7788 0.000035
7789 0.000022
7790 0.000022
7791 0.000027
7792 0.000014
7793 0.000009
7794 0.000011
7795 0.000021
7796 0.000019
7797 0.000008
7798 0.000009
7799 0.000018
7800 0.000028
7801 0.000015
7802 0.000024
7803 0.000013
7804 0.000017
7805 0.000023
7806 0.000029
7807 0.000015
7808 0.000023
7809 0.000025
7810 0.000032
7811 0.000030
7812 0.000033
7813 0.000012
7814 0.000008
7815 0.000011
7816 0.000012
7817 0.000013
7818 0.000006
7819 0.000005
7820 0.000031
7821 0.000034
7822 0.000066
7823 0.000019
7824 0.000021
7825 0.000012
7826 0.000006
7827 0.000024
7828 0.000014
7829 0.000009
7830 0.000012
7831 0.000025
7832 0.000014
7833 0.000009
7834 0.000009
7835 0.000012
7836 0.000013
7837 0.000015
7838 0.000018
7839 0.000049
7840 0.000031
7841 0.000016
7842 0.000021
7843 0.000012
7844 0.000020
7845 0.000020
7846 0.000013
7847 0.000017
7848 0.000010
7849 0.000010
7850 0.000005
7851 0.000009
7852 0.000007
7853 0.000010
7854 0.000041
7855 0.000025
7856 0.000016
7857 0.000027
7858 0.000028
7859 0.000015
7860 0.000016
7861 0.000016
7862 0.000023
7863 0.000016
7864 0.000010
7865 0.000005
7866 0.000005
7867 0.000036
7868 0.000034
7869 0.000067
7870 0.000045
7871 0.000016
7872 0.000010
7873 0.000006
7874 0.000022
7875 0.000021
7876 0.000015
7877 0.000031
7878 0.000025
7879 0.000008
7880 0.000007
7881 0.000030
7882 0.000018
7883 0.000007
7884 0.000009
7885 0.000026
7886 0.000037
7887 0.000039
7888 0.000051
7889 0.000046
7890 0.000027
7891 0.000014
7892 0.000037
7893 0.000024
7894 0.000030
7895 0.000016
7896 0.000016
7897 0.000017
7898 0.000014
7899 0.000026
7900 0.000035
7901 0.000018
7902 0.000008
7903 0.000017
7904 0.000010
7905 0.000005
7906 0.000007
7907 0.000009
7908 0.000019
7909 0.000029
7910 0.000017
7911 0.000030
7912 0.000047
7913 0.000047
7914 0.000030
7915 0.000036
7916 0.000045
7917 0.000044
7918 0.000048
7919 0.000052
7920 0.000069
7921 0.000035
7922 0.000028
7923 0.000060
7924 0.000054
7925 0.000035
7926 0.000018
7927 0.000030
7928 0.000052
7929 0.000012
7930 0.000037
7931 0.000062
7932 0.000060
7933 0.000074
7934 0.000035
7935 0.000033
7936 0.000031
7937 0.000038
7938 0.000022
7939 0.000022
7940 0.000027
7941 0.000031
7942 0.000048
7943 0.000023
7944 0.000013
7945 0.000034
7946 0.000037
7947 0.000025
7948 0.000015
7949 0.000015
7950 0.000032
7951 0.000016
7952 0.000017
7953 0.000012
7954 0.000018
7955 0.000018
7956 0.000011
7957 0.000019
7958 0.000030
7959 0.000032
7960 0.000012
7961 0.000023
7962 0.000016
7963 0.000010
7964 0.000007
7965 0.000021
7966 0.000014
7967 0.000009
7968 0.000030
7969 0.000030
7970 0.000038
7971 0.000026
7972 0.000019
7973 0.000022
7974 0.000013
7975 0.000014
7976 0.000015
7977 0.000009
7978 0.000007
7979 0.000016
7980 0.000016
7981 0.000030
7982 0.000015
7983 0.000009
7984 0.000011
7985 0.000006
7986 0.000019
7987 0.000020
7988 0.000020
7989 0.000017
7990 0.000022
7991 0.000027
7992 0.000017
7993 0.000010
7994 0.000011
7995 0.000016
7996 0.000020
7997 0.000027
7998 0.000025
7999 0.000014
8000 0.000020
8001 0.000017
8002 0.000020
8003 0.000037
8004 0.000020
8005 0.000020
8006 0.000027
8007 0.000014
8008 0.000011
8009 0.000006
8010 0.000023
8011 0.000013
8012 0.000028
8013 0.000033
8014 0.000023
8015 0.000013
8016 0.000024
8017 0.000023
8018 0.000017
8019 0.000016
8020 0.000016
8021 0.000007
8022 0.000006
8023 0.000008
8024 0.000024
8025 0.000013
8026 0.000020
8027 0.000009
8028 0.000015
8029 0.000020
8030 0.000014
8031 0.000023
8032 0.000026
8033 0.000025
8034 0.000030
8035 0.000016
8036 0.000025
8037 0.000024
8038 0.000058
8039 0.000053
8040 0.000018
8041 0.000018
8042 0.000018
8043 0.000020
8044 0.000022
8045 0.000024
8046 0.000035
8047 0.000040
8048 0.000037
8049 0.000019
8050 0.000015
8051 0.000017
8052 0.000010
8053 0.000008
8054 0.000016
8055 0.000017
8056 0.000010
8057 0.000012
8058 0.000026
8059 0.000014
8060 0.000033
8061 0.000017
8062 0.000017
8063 0.000010
8064 0.000006
8065 0.000008
8066 0.000005
8067 0.000005
8068 0.000005
8069 0.000007
8070 0.000006
8071 0.000013
8072 0.000015
8073 0.000007
8074 0.000009
8075 0.000021
8076 0.000028
8077 0.000015
8078 0.000016
8079 0.000016
8080 0.000010
8081 0.000007
8082 0.000005
8083 0.000015
8084 0.000013
8085 0.000034
8086 0.000010
8087 0.000025
8088 0.000020
8089 0.000020
8090 0.000017
8091 0.000007
8092 0.000005
8093 0.000017
8094 0.000025
8095 0.000027
8096 0.000011
8097 0.000008
8098 0.000005
8099 0.000014
8100 0.000018
8101 0.000008
8102 0.000008
8103 0.000006
8104 0.000007
8105 0.000006
8106 0.000011
8107 0.000012
8108 0.000013
8109 0.000009
8110 0.000023
8111 0.000022
8112 0.000022
8113 0.000022
8114 0.000012
8115 0.000008
8116 0.000011
8117 0.000008
8118 0.000012
8119 0.000008
8120 0.000012
8121 0.000012
8122 0.000041
8123 0.000065
8124 0.000063
8125 0.000035
8126 0.000053
8127 0.000029
8128 0.000034
8129 0.000032
8130 0.000030
8131 0.000018
8132 0.000011
8133 0.000014
8134 0.000015
8135 0.000017
8136 0.000012
8137 0.000013
8138 0.000019
8139 0.000027
8140 0.000014
8141 0.000005
8142 0.000014
8143 0.000007
8144 0.000017
8145 0.000010
8146 0.000007
8147 0.000012
8148 0.000020
8149 0.000026
8150 0.000035
8151 0.000033
8152 0.000053
8153 0.000048
8154 0.000022
8155 0.000021
8156 0.000018
8157 0.000015
8158 0.000016
8159 0.000021
8160 0.000016
8161 0.000016
8162 0.000039
8163 0.000041
8164 0.000027
8165 0.000019
8166 0.000008
8167 0.000009
8168 0.000019
8169 0.000010
8170 0.000032
8171 0.000023
8172 0.000013
8173 0.000036
8174 0.000047
8175 0.000051
8176 0.000025
8177 0.000028
8178 0.000018
8179 0.000028
8180 0.000027
8181 0.000020
8182 0.000030
8183 0.000011
8184 0.000019
8185 0.000030
8186 0.000015
8187 0.000021
8188 0.000011
8189 0.000008
8190 0.000013
8191 0.000020
8192 0.000022
8193 0.000010
8194 0.000010
8195 0.000014
8196 0.000015
8197 0.000019
8198 0.000006
8199 0.000012
8200 0.000012
8201 0.000021
8202 0.000012
8203 0.000008
8204 0.000006
8205 0.000031
8206 0.000036
8207 0.000018
8208 0.000008
8209 0.000043
8210 0.000044
8211 0.000048
8212 0.000046
8213 0.000048
8214 0.000023
8215 0.000010
8216 0.000017
8217 0.000008
8218 0.000010
8219 0.000007
8220 0.000006
8221 0.000013
8222 0.000014
8223 0.000019
8224 0.000030
8225 0.000052
8226 0.000033
8227 0.000012
8228 0.000027
8229 0.000026
8230 0.000025
8231 0.000010
8232 0.000028
8233 0.000026
8234 0.000010
8235 0.000007
8236 0.000009
8237 0.000013
8238 0.000010
8239 0.000012
8240 0.000006
8241 0.000012
8242 0.000010
8243 0.000024
8244 0.000010
8245 0.000006
8246 0.000020
8247 0.000009
8248 0.000007
8249 0.000007
8250 0.000014
8251 0.000015
8252 0.000018
8253 0.000012
8254 0.000013
8255 0.000007
8256 0.000005
8257 0.000019
8258 0.000023
8259 0.000023
8260 0.000036
8261 0.000037
8262 0.000039
8263 0.000029
8264 0.000041
8265 0.000031
8266 0.000015
8267 0.000026
8268 0.000022
8269 0.000022
8270 0.000012
8271 0.000013
8272 0.000042
8273 0.000012
8274 0.000013
8275 0.000009
8276 0.000025
8277 0.000026
8278 0.000014
8279 0.000024
8280 0.000029
8281 0.000022
8282 0.000012
8283 0.000014
8284 0.000024
8285 0.000020
8286 0.000020
8287 0.000020
8288 0.000011
8289 0.000012
8290 0.000015
8291 0.000013
8292 0.000014
8293 0.000006
8294 0.000016
8295 0.000020
8296 0.000016
8297 0.000016
8298 0.000016
8299 0.000044
8300 0.000022
8301 0.000012
8302 0.000013
8303 0.000026
8304 0.000040
8305 0.000020
8306 0.000024
8307 0.000020
8308 0.000020
8309 0.000012
8310 0.000015
8311 0.000020
8312 0.000012
8313 0.000022
8314 0.000029
8315 0.000028
8316 0.000028
8317 0.000040
8318 0.000041
8319 0.000062
8320 0.000061
8321 0.000040
8322 0.000025
8323 0.000014
8324 0.000007
8325 0.000005
8326 0.000020
8327 0.000012
8328 0.000009
8329 0.000009
8330 0.000014
8331 0.000011
8332 0.000009
8333 0.000006
8334 0.000005
8335 0.000008
8336 0.000011
8337 0.000021
8338 0.000026
8339 0.000019
8340 0.000011
8341 0.000013
8342 0.000017
8343 0.000013
8344 0.000014
8345 0.000037
8346 0.000046
8347 0.000029
8348 0.000011
8349 0.000037
8350 0.000025
8351 0.000017
8352 0.000008
8353 0.000037
8354 0.000019
8355 0.000016
8356 0.000020
8357 0.000015
8358 0.000014
8359 0.000020
8360 0.000014
8361 0.000025
8362 0.000012
8363 0.000022
8364 0.000022
8365 0.000012
8366 0.000021
8367 0.000009
8368 0.000017
8369 0.000031
8370 0.000016
8371 0.000022
8372 0.000021
8373 0.000029
8374 0.000028
8375 0.000011
8376 0.000018
8377 0.000023
8378 0.000016
8379 0.000024
8380 0.000013
8381 0.000026
8382 0.000023
8383 0.000021
8384 0.000021
8385 0.000021
8386 0.000022
8387 0.000038
8388 0.000030
8389 0.000024
8390 0.000010
8391 0.000007
8392 0.000012
8393 0.000005
8394 0.000005
8395 0.000010
8396 0.000012
8397 0.000009
8398 0.000022
8399 0.000009
8400 0.000021
8401 0.000012
8402 0.000008
8403 0.000016
8404 0.000021
8405 0.000012
8406 0.000006
8407 0.000021
8408 0.000024
8409 0.000023
8410 0.000028
8411 0.000027
8412 0.000014
8413 0.000030
8414 0.000042
8415 0.000032
8416 0.000043
8417 0.000015
8418 0.000016
8419 0.000010
8420 0.000032
8421 0.000023
8422 0.000014
8423 0.000015
8424 0.000011
8425 0.000009
8426 0.000006
8427 0.000005
8428 0.000011
8429 0.000015
8430 0.000037
8431 0.000026
8432 0.000032
8433 0.000012
8434 0.000011
8435 0.000018
8436 0.000024
8437 0.000042
8438 0.000021
8439 0.000016
8440 0.000010
8441 0.000025
8442 0.000015
8443 0.000013
8444 0.000021
8445 0.000007
8446 0.000021
8447 0.000030
8448 0.000016
8449 0.000016
8450 0.000010
8451 0.000008
8452 0.000010
8453 0.000006
8454 0.000005
8455 0.000008
8456 0.000034
8457 0.000032
8458 0.000018
8459 0.000010
8460 0.000035
8461 0.000018
8462 0.000045
8463 0.000041
8464 0.000038
8465 0.000036
8466 0.000025
8467 0.000017
8468 0.000019
8469 0.000012
8470 0.000013
8471 0.000009
8472 0.000010
8473 0.000012
8474 0.000013
8475 0.000027
8476 0.000025
8477 0.000043
8478 0.000015
8479 0.000013
8480 0.000020
8481 0.000020
8482 0.000015
8483 0.000032
8484 0.000023
8485 0.000022
8486 0.000029
8487 0.000019
8488 0.000019
8489 0.000006
8490 0.000008
8491 0.000007
8492 0.000009
8493 0.000007
8494 0.000005
8495 0.000004
8496 0.000005
8497 0.000007
8498 0.000007
8499 0.000022
8500 0.000017
8501 0.000010
8502 0.000015
8503 0.000023
8504 0.000035
8505 0.000038
8506 0.000009
8507 0.000041
8508 0.000037
8509 0.000022
8510 0.000022
8511 0.000012
8512 0.000013
8513 0.000021
8514 0.000021
8515 0.000028
8516 0.000021
8517 0.000007
8518 0.000008
8519 0.000012
8520 0.000028
8521 0.000025
8522 0.000010
8523 0.000024
8524 0.000013
8525 0.000010
8526 0.000011
8527 0.000013
8528 0.000008
8529 0.000014
8530 0.000011
8531 0.000014
8532 0.000015
8533 0.000009
8534 0.000034
8535 0.000038
8536 0.000028
8537 0.000036
8538 0.000046
8539 0.000042
8540 0.000028
8541 0.000015
8542 0.000033
8543 0.000042
8544 0.000031
8545 0.000029
8546 0.000031
8547 0.000016
8548 0.000038
8549 0.000036
8550 0.000016
8551 0.000013
8552 0.000012
8553 0.000006
8554 0.000008
8555 0.000016
8556 0.000010
8557 0.000008
8558 0.000030
8559 0.000036
8560 0.000018
8561 0.000020
8562 0.000009
8563 0.000014
8564 0.000018
8565 0.000011
8566 0.000008
8567 0.000006
8568 0.000026
8569 0.000040
8570 0.000044
8571 0.000030
8572 0.000016
8573 0.000022
8574 0.000019
8575 0.000008
8576 0.000007
8577 0.000028
8578 0.000015
8579 0.000019
8580 0.000008
8581 0.000007
8582 0.000006
8583 0.000011
8584 0.000005
8585 0.000010
8586 0.000020
8587 0.000017
8588 0.000008
8589 0.000030
8590 0.000019
8591 0.000032
8592 0.000030
8593 0.000016
8594 0.000040
8595 0.000027
8596 0.000014
8597 0.000024
8598 0.000013
8599 0.000019
8600 0.000011
8601 0.000008
8602 0.000015
8603 0.000033
8604 0.000042
8605 0.000035
8606 0.000021
8607 0.000020
8608 0.000021
8609 0.000021
8610 0.000012
8611 0.000018
8612 0.000011
8613 0.000008
8614 0.000006
8615 0.000030
8616 0.000031
8617 0.000030
8618 0.000016
8619 0.000016
8620 0.000018
8621 0.000042
8622 0.000022
8623 0.000025
8624 0.000016
8625 0.000021
8626 0.000012
8627 0.000008
8628 0.000037
8629 0.000063
8630 0.000021
8631 0.000021
8632 0.000009
8633 0.000011
8634 0.000006
8635 0.000005
8636 0.000007
8637 0.000009
8638 0.000007
8639 0.000032
8640 0.000034
8641 0.000013
8642 0.000007
8643 0.000014
8644 0.000010
8645 0.000007
8646 0.000012
8647 0.000021
8648 0.000012
8649 0.000013
8650 0.000007
8651 0.000024
8652 0.000013
8653 0.000025
8654 0.000030
8655 0.000023
8656 0.000009
8657 0.000005
8658 0.000007
8659 0.000006
8660 0.000005
8661 0.000005
8662 0.000009
8663 0.000033
8664 0.000014
8665 0.000015
8666 0.000025
8667 0.000024
8668 0.000034
8669 0.000018
8670 0.000029
8671 0.000016
8672 0.000016
8673 0.000019
8674 0.000024
8675 0.000011
8676 0.000006
8677 0.000008
8678 0.000020
8679 0.000035
8680 0.000015
8681 0.000030
8682 0.000028
8683 0.000015
8684 0.000019
8685 0.000011
8686 0.000022
8687 0.000022
8688 0.000022
8689 0.000012
8690 0.000017
8691 0.000029
8692 0.000018
8693 0.000026
8694 0.000030
8695 0.000034
8696 0.000044
8697 0.000040
8698 0.000031
8699 0.000012
8700 0.000009
8701 0.000013
8702 0.000012
8703 0.000008
8704 0.000010
8705 0.000012
8706 0.000008
8707 0.000012
8708 0.000008
8709 0.000019
8710 0.000047
8711 0.000013
8712 0.000021
8713 0.000021
8714 0.000016
8715 0.000006
8716 0.000008
8717 0.000005
8718 0.000011
8719 0.000013
8720 0.000017
8721 0.000018
8722 0.000032
8723 0.000038
8724 0.000028
8725 0.000016
8726 0.000016
8727 0.000010
8728 0.000034
8729 0.000032
8730 0.000030
8731 0.000032
8732 0.000039
8733 0.000020
8734 0.000009
8735 0.000005
8736 0.000020
8737 0.000062
8738 0.000066
8739 0.000059
8740 0.000029
8741 0.000020
8742 0.000011
8743 0.000022
8744 0.000026
8745 0.000014
8746 0.000025
8747 0.000041
8748 0.000025
8749 0.000010
8750 0.000034
8751 0.000032
8752 0.000016
8753 0.000008
8754 0.000018
8755 0.000027
8756 0.000045
8757 0.000027
8758 0.000023
8759 0.000022
8760 0.000013
8761 0.000023
8762 0.000025
8763 0.000030
8764 0.000032
8765 0.000024
8766 0.000022
8767 0.000009
8768 0.000011
8769 0.000025
8770 0.000019
8771 0.000023
8772 0.000013
8773 0.000009
8774 0.000018
8775 0.000019
8776 0.000011
8777 0.000031
8778 0.000021
8779 0.000033
8780 0.000017
8781 0.000017
8782 0.000027
8783 0.000013
8784 0.000016
8785 0.000016
8786 0.000010
8787 0.000015
8788 0.000015
8789 0.000010
8790 0.000024
8791 0.000024
8792 0.000013
8793 0.000014
8794 0.000009
8795 0.000018
8796 0.000025
8797 0.000043
8798 0.000021
8799 0.000009
8800 0.000014
8801 0.000021
8802 0.000027
8803 0.000026
8804 0.000019
8805 0.000013
8806 0.000020
8807 0.000022
8808 0.000011
8809 0.000006
8810 0.000013
8811 0.000014
8812 0.000025
8813 0.000017
8814 0.000017
8815 0.000028
8816 0.000011
8817 0.000019
8818 0.000037
8819 0.000019
8820 0.000037
8821 0.000019
8822 0.000026
8823 0.000030
8824 0.000029
8825 0.000015
8826 0.000009
8827 0.000012
8828 0.000032
8829 0.000030
8830 0.000026
8831 0.000028
8832 0.000033
8833 0.000031
8834 0.000026
8835 0.000025
8836 0.000027
8837 0.000040
8838 0.000036
8839 0.000034
8840 0.000048
8841 0.000055
8842 0.000027
8843 0.000026
8844 0.000035
8845 0.000021
8846 0.000043
8847 0.000048
8848 0.000019
8849 0.000027
8850 0.000042
8851 0.000024
8852 0.000017
8853 0.000023
8854 0.000013
8855 0.000043
8856 0.000047
8857 0.000043
8858 0.000040
8859 0.000048
8860 0.000024
8861 0.000026
8862 0.000030
8863 0.000028
8864 0.000024
8865 0.000007
8866 0.000009
8867 0.000017
8868 0.000019
8869 0.000008
8870 0.000010
8871 0.000013
8872 0.000009
8873 0.000018
8874 0.000025
8875 0.000014
8876 0.000012
8877 0.000013
8878 0.000024
8879 0.000026
8880 0.000025
8881 0.000024
8882 0.000024
8883 0.000035
8884 0.000017
8885 0.000014
8886 0.000038
8887 0.000042
8888 0.000015
8889 0.000007
8890 0.000017
8891 0.000014
8892 0.000016
8893 0.000013
8894 0.000014
8895 0.000012
8896 0.000012
8897 0.000012
8898 0.000008
8899 0.000015
8900 0.000016
8901 0.000016
8902 0.000010
8903 0.000017
8904 0.000018
8905 0.000010
8906 0.000020
8907 0.000014
8908 0.000015
8909 0.000015
8910 0.000013
8911 0.000009
8912 0.000010
8913 0.000007
8914 0.000013
8915 0.000039
8916 0.000011
8917 0.000013
8918 0.000007
8919 0.000024
8920 0.000023
8921 0.000015
8922 0.000012
8923 0.000013
8924 0.000014
8925 0.000015
8926 0.000016
8927 0.000019
8928 0.000029
8929 0.000011
8930 0.000013
8931 0.000008
8932 0.000010
8933 0.000012
8934 0.000006
8935 0.000031
8936 0.000016
8937 0.000017
8938 0.000041
8939 0.000023
8940 0.000035
8941 0.000020
8942 0.000018
8943 0.000024
8944 0.000019
8945 0.000027
8946 0.000012
8947 0.000023
8948 0.000013
8949 0.000014
8950 0.000007
8951 0.000006
8952 0.000013
8953 0.000007
8954 0.000012
8955 0.000016
8956 0.000017
8957 0.000010
8958 0.000045
8959 0.000024
8960 0.000026
8961 0.000010
8962 0.000015
8963 0.000024
8964 0.000013
8965 0.000014
8966 0.000013
8967 0.000016
8968 0.000013
8969 0.000019
8970 0.000025
8971 0.000012
8972 0.000021
8973 0.000031
8974 0.000035
8975 0.000016
8976 0.000016
8977 0.000016
8978 0.000026
8979 0.000036
8980 0.000033
8981 0.000037
8982 0.000025
8983 0.000020
8984 0.000020
8985 0.000009
8986 0.000010
8987 0.000012
8988 0.000008
8989 0.000006
8990 0.000008
8991 0.000010
8992 0.000026
8993 0.000025
8994 0.000029
8995 0.000028
8996 0.000015
8997 0.000006
8998 0.000008
8999 0.000034
9000 0.000017
9001 0.000013
9002 0.000049
9003 0.000072
9004 0.000037
9005 0.000024
9006 0.000024
9007 0.000015
9008 0.000007
9009 0.000011
9010 0.000012
9011 0.000009
9012 0.000010
9013 0.000009
9014 0.000007
9015 0.000017
9016 0.000015
9017 0.000011
9018 0.000010
9019 0.000029
9020 0.000027
9021 0.000015
9022 0.000032
9023 0.000021
9024 0.000025
9025 0.000025
9026 0.000016
9027 0.000028
9028 0.000042
9029 0.000045
9030 0.000022
9031 0.000022
9032 0.000014
9033 0.000022
9034 0.000026
9035 0.000019
9036 0.000011
9037 0.000012
9038 0.000014
9039 0.000022
9040 0.000009
9041 0.000012
9042 0.000015
9043 0.000009
9044 0.000010
9045 0.000065
9046 0.000083
9047 0.000026
9048 0.000009
9049 0.000007
9050 0.000020
9051 0.000034
9052 0.000035
9053 0.000037
9054 0.000042
9055 0.000021
9056 0.000023
9057 0.000013
9058 0.000007
9059 0.000009
9060 0.000027
9061 0.000031
9062 0.000029
9063 0.000040
9064 0.000014
9065 0.000020
9066 0.000027
9067 0.000008
9068 0.000008
9069 0.000021
9070 0.000012
9071 0.000013
9072 0.000013
9073 0.000013
9074 0.000016
9075 0.000010
9076 0.000020
9077 0.000021
9078 0.000009
9079 0.000016
9080 0.000006
9081 0.000005
9082 0.000016
9083 0.000008
9084 0.000023
9085 0.000044
9086 0.000049
9087 0.000046
9088 0.000013
9089 0.000014
9090 0.000011
9091 0.000012
9092 0.000025
9093 0.000031
9094 0.000020
9095 0.000027
9096 0.000018
9097 0.000008
9098 0.000010
9099 0.000011
9100 0.000016
9101 0.000035
9102 0.000018
9103 0.000024
9104 0.000026
9105 0.000032
9106 0.000034
9107 0.000038
9108 0.000031
9109 0.000012
9110 0.000020
9111 0.000011
9112 0.000013
9113 0.000017
9114 0.000017
9115 0.000010
9116 0.000012
9117 0.000006
9118 0.000005
9119 0.000015
9120 0.000018
9121 0.000021
9122 0.000021
9123 0.000019
9124 0.000017
9125 0.000017
9126 0.000018
9127 0.000015
9128 0.000028
9129 0.000011
9130 0.000008
9131 0.000005
9132 0.000021
9133 0.000024
9134 0.000010
9135 0.000028
9136 0.000019
9137 0.000019
9138 0.000026
9139 0.000022
9140 0.000018
9141 0.000020
9142 0.000020
9143 0.000036
9144 0.000035
9145 0.000019
9146 0.000022
9147 0.000037
9148 0.000029
9149 0.000040
9150 0.000014
9151 0.000015
9152 0.000020
9153 0.000020
9154 0.000011
9155 0.000014
9156 0.000012
9157 0.000013
9158 0.000013
9159 0.000009
9160 0.000018
9161 0.000012
9162 0.000005
9163 0.000013
9164 0.000014
9165 0.000015
9166 0.000009
9167 0.000011
9168 0.000019
9169 0.000019
9170 0.000007
9171 0.000019
9172 0.000022
9173 0.000013
9174 0.000014
9175 0.000005
9176 0.000004
9177 0.000016
9178 0.000025
9179 0.000024
9180 0.000024
9181 0.000013
9182 0.000009
9183 0.000011
9184 0.000012
9185 0.000027
9186 0.000014
9187 0.000028
9188 0.000027
9189 0.000025
9190 0.000014
9191 0.000015
9192 0.000006
9193 0.000008
9194 0.000019
9195 0.000024
9196 0.000028
9197 0.000012
9198 0.000029
9199 0.000021
9200 0.000036
9201 0.000018
9202 0.000011
9203 0.000016
9204 0.000010
9205 0.000015
9206 0.000017
9207 0.000043
9208 0.000065
9209 0.000063
9210 0.000068
9211 0.000068
9212 0.000070
9213 0.000063
9214 0.000035
9215 0.000023
9216 0.000021
9217 0.000012
9218 0.000008
9219 0.000006
9220 0.000039
9221 0.000036
9222 0.000025
9223 0.000020
9224 0.000017
9225 0.000014
9226 0.000023
9227 0.000008
9228 0.000007
9229 0.000012
9230 0.000010
9231 0.000007
9232 0.000012
9233 0.000016
9234 0.000013
9235 0.000026
9236 0.000027
9237 0.000035
9238 0.000018
9239 0.000011
9240 0.000012
9241 0.000013
9242 0.000048
9243 0.000045
9244 0.000063
9245 0.000021
9246 0.000035
9247 0.000018
9248 0.000016
9249 0.000016
9250 0.000010
9251 0.000012
9252 0.000008
9253 0.000006
9254 0.000004
9255 0.000019
9256 0.000013
9257 0.000014
9258 0.000020
9259 0.000009
9260 0.000009
9261 0.000015
9262 0.000018
9263 0.000007
9264 0.000015
9265 0.000035
9266 0.000032
9267 0.000048
9268 0.000060
9269 0.000066
9270 0.000038
9271 0.000039
9272 0.000064
9273 0.000049
9274 0.000055
9275 0.000050
9276 0.000045
9277 0.000017
9278 0.000008
9279 0.000006
9280 0.000008
9281 0.000010
9282 0.000007
9283 0.000006
9284 0.000023
9285 0.000008
9286 0.000022
9287 0.000025
9288 0.000034
9289 0.000032
9290 0.000030
9291 0.000016
9292 0.000006
9293 0.000006
9294 0.000023
9295 0.000012
9296 0.000023
9297 0.000037
9298 0.000009
9299 0.000024
9300 0.000032
9301 0.000025
9302 0.000022
9303 0.000015
9304 0.000012
9305 0.000011
9306 0.000015
9307 0.000025
9308 0.000013
9309 0.000008
9310 0.000043
9311 0.000022
9312 0.000012
9313 0.000029
9314 0.000018
9315 0.000008
9316 0.000018
9317 0.000012
9318 0.000021
9319 0.000027
9320 0.000033
9321 0.000027
9322 0.000015
9323 0.000014
9324 0.000012
9325 0.000029
9326 0.000031
9327 0.000043
9328 0.000046
9329 0.000022
9330 0.000032
9331 0.000012
9332 0.000026
9333 0.000025
9334 0.000030
9335 0.000046
9336 0.000076
9337 0.000070
9338 0.000033
9339 0.000012
9340 0.000011
9341 0.000013
9342 0.000007
9343 0.000008
9344 0.000010
9345 0.000012
9346 0.000006
9347 0.000014
9348 0.000007
9349 0.000015
9350 0.000010
9351 0.000017
9352 0.000020
9353 0.000007
9354 0.000006
9355 0.000020
9356 0.000020
9357 0.000020
9358 0.000018
9359 0.000031
9360 0.000010
9361 0.000025
9362 0.000010
9363 0.000015
9364 0.000030
9365 0.000018
9366 0.000018
9367 0.000011
9368 0.000015
9369 0.000016
9370 0.000008
9371 0.000018
9372 0.000011
9373 0.000008
9374 0.000014
9375 0.000013
9376 0.000006
9377 0.000005
9378 0.000008
9379 0.000006
9380 0.000013
9381 0.000022
9382 0.000020
9383 0.000007
9384 0.000015
9385 0.000023
9386 0.000032
9387 0.000020
9388 0.000014
9389 0.000022
9390 0.000017
9391 0.000028
9392 0.000032
9393 0.000030
9394 0.000034
9395 0.000013
9396 0.000014
9397 0.000013
9398 0.000020
9399 0.000023
9400 0.000017
9401 0.000014
9402 0.000015
9403 0.000016
9404 0.000017
9405 0.000007
9406 0.000013
9407 0.000012
9408 0.000016
9409 0.000010
9410 0.000021
9411 0.000012
9412 0.000013
9413 0.000006
9414 0.000025
9415 0.000019
9416 0.000007
9417 0.000010
9418 0.000011
9419 0.000012
9420 0.000026
9421 0.000012
9422 0.000012
9423 0.000017
9424 0.000010
9425 0.000006
9426 0.000022
9427 0.000037
9428 0.000011
9429 0.000019
9430 0.000011
9431 0.000013
9432 0.000007
9433 0.000011
9434 0.000012
9435 0.000009
9436 0.000015
9437 0.000007
9438 0.000005
9439 0.000009
9440 0.000005
9441 0.000005
9442 0.000019
9443 0.000020
9444 0.000023
9445 0.000028
9446 0.000028
9447 0.000025
9448 0.000010
9449 0.000007
9450 0.000009
9451 0.000023
9452 0.000013
9453 0.000008
9454 0.000026
9455 0.000009
9456 0.000005
9457 0.000010
9458 0.000038
9459 0.000019
9460 0.000029
9461 0.000015
9462 0.000016
9463 0.000024
9464 0.000013
9465 0.000025
9466 0.000014
9467 0.000013
9468 0.000019
9469 0.000008
9470 0.000021
9471 0.000019
9472 0.000023
9473 0.000027
9474 0.000039
9475 0.000017
9476 0.000019
9477 0.000012
9478 0.000006
9479 0.000009
9480 0.000013
9481 0.000019
9482 0.000019
9483 0.000019
9484 0.000034
9485 0.000017
9486 0.000022
9487 0.000022
9488 0.000011
9489 0.000012
9490 0.000005
9491 0.000007
9492 0.000015
9493 0.000023
9494 0.000017
9495 0.000021
9496 0.000035
9497 0.000033
9498 0.000024
9499 0.000012
9500 0.000014
9501 0.000015
9502 0.000007
9503 0.000005
9504 0.000017
9505 0.000010
9506 0.000007
9507 0.000009
9508 0.000011
9509 0.000010
9510 0.000029
9511 0.000031
9512 0.000029
9513 0.000039
9514 0.000027
9515 0.000030
9516 0.000016
9517 0.000016
9518 0.000025
9519 0.000045
9520 0.000023
9521 0.000023
9522 0.000009
9523 0.000016
9524 0.000037
9525 0.000023
9526 0.000026
9527 0.000025
9528 0.000027
9529 0.000014
9530 0.000009
9531 0.000007
9532 0.000006
9533 0.000007
9534 0.000006
9535 0.000015
9536 0.000009
9537 0.000010
9538 0.000018
9539 0.000018
9540 0.000015
9541 0.000025
9542 0.000008
9543 0.000007
9544 0.000009
9545 0.000015
9546 0.000024
9547 0.000016
9548 0.000015
9549 0.000016
9550 0.000025
9551 0.000033
9552 0.000030
9553 0.000014
9554 0.000009
9555 0.000006
9556 0.000005
9557 0.000007
9558 0.000009
9559 0.000011
9560 0.000022
9561 0.000012
9562 0.000007
9563 0.000006
9564 0.000005
9565 0.000009
9566 0.000007
9567 0.000012
9568 0.000019
9569 0.000019
9570 0.000011
9571 0.000012
9572 0.000014
9573 0.000015
9574 0.000015
9575 0.000033
9576 0.000034
9577 0.000012
9578 0.000017
9579 0.000010
9580 0.000015
9581 0.000012
9582 0.000024
9583 0.000041
9584 0.000023
9585 0.000037
9586 0.000043
9587 0.000021
9588 0.000041
9589 0.000042
9590 0.000039
9591 0.000040
9592 0.000026
9593 0.000025
9594 0.000014
9595 0.000009
9596 0.000009
9597 0.000010
9598 0.000007
9599 0.000009
9600 0.000017
9601 0.000017
9602 0.000018
9603 0.000014
9604 0.000009
9605 0.000016
9606 0.000013
9607 0.000014
9608 0.000009
9609 0.000007
9610 0.000013
9611 0.000011
9612 0.000008
9613 0.000014
9614 0.000021
9615 0.000021
9616 0.000016
9617 0.000010
9618 0.000019
9619 0.000011
9620 0.000008
9621 0.000010
9622 0.000025
9623 0.000015
9624 0.000010
9625 0.000005
9626 0.000015
9627 0.000014
9628 0.000017
9629 0.000019
9630 0.000011
9631 0.000029
9632 0.000015
9633 0.000016
9634 0.000018
9635 0.000011
9636 0.000008
9637 0.000015
9638 0.000020
9639 0.000007
9640 0.000010
9641 0.000007
9642 0.000011
9643 0.000016
9644 0.000017
9645 0.000014
9646 0.000011
9647 0.000023
9648 0.000013
9649 0.000013
9650 0.000019
9651 0.000014
9652 0.000009
9653 0.000013
9654 0.000018
9655 0.000018
9656 0.000029
9657 0.000011
9658 0.000015
9659 0.000021
9660 0.000024
9661 0.000030
9662 0.000016
9663 0.000016
9664 0.000021
9665 0.000020
9666 0.000016
9667 0.000037
9668 0.000037
9669 0.000046
9670 0.000023
9671 0.000029
9672 0.000008
9673 0.000005
9674 0.000024
9675 0.000023
9676 0.000013
9677 0.000012
9678 0.000026
9679 0.000025
9680 0.000026
9681 0.000017
9682 0.000010
9683 0.000012
9684 0.000008
9685 0.000015
9686 0.000021
9687 0.000022
9688 0.000012
9689 0.000006
9690 0.000009
9691 0.000019
9692 0.000037
9693 0.000021
9694 0.000012
9695 0.000008
9696 0.000021
9697 0.000034
9698 0.000032
9699 0.000030
9700 0.000030
9701 0.000023
9702 0.000013
9703 0.000010
9704 0.000007
9705 0.000013
9706 0.000015
9707 0.000017
9708 0.000010
9709 0.000006
9710 0.000011
9711 0.000008
9712 0.000012
9713 0.000029
9714 0.000031
9715 0.000008
9716 0.000026
9717 0.000024
9718 0.000020
9719 0.000011
9720 0.000025
9721 0.000025
9722 0.000013
9723 0.000009
9724 0.000026
9725 0.000030
9726 0.000034
9727 0.000036
9728 0.000009
9729 0.000011
9730 0.000012
9731 0.000008
9732 0.000010
9733 0.000005
9734 0.000010
9735 0.000015
9736 0.000033
9737 0.000055
9738 0.000030
9739 0.000021
9740 0.000021
9741 0.000020
9742 0.000021
9743 0.000024
9744 0.000013
9745 0.000017
9746 0.000015
9747 0.000017
9748 0.000010
9749 0.000012
9750 0.000015
9751 0.000011
9752 0.000008
9753 0.000007
9754 0.000006
9755 0.000011
9756 0.000021
9757 0.000029
9758 0.000044
9759 0.000022
9760 0.000016
9761 0.000011
9762 0.000028
9763 0.000015
9764 0.000016
9765 0.000027
9766 0.000031
9767 0.000025
9768 0.000020
9769 0.000018
9770 0.000018
9771 0.000016
9772 0.000016
9773 0.000017
9774 0.000015
9775 0.000017
9776 0.000026
9777 0.000014
9778 0.000009
9779 0.000019
9780 0.000008
9781 0.000014
9782 0.000009
9783 0.000007
9784 0.000005
9785 0.000007
9786 0.000009
9787 0.000013
9788 0.000007
9789 0.000009
9790 0.000005
9791 0.000008
9792 0.000031
9793 0.000026
9794 0.000017
9795 0.000015
9796 0.000024
9797 0.000026
9798 0.000010
9799 0.000006
9800 0.000006
9801 0.000022
9802 0.000027
9803 0.000014
9804 0.000014
9805 0.000015
9806 0.000016
9807 0.000016
9808 0.000016
9809 0.000010
9810 0.000008
9811 0.000008
9812 0.000021
9813 0.000026
9814 0.000010
9815 0.000027
9816 0.000021
9817 0.000012
9818 0.000027
9819 0.000038
9820 0.000047
9821 0.000026
9822 0.000028
9823 0.000026
9824 0.000016
9825 0.000010
9826 0.000007
9827 0.000016
9828 0.000010
9829 0.000007
9830 0.000011
9831 0.000012
9832 0.000006
9833 0.000018
9834 0.000011
9835 0.000016
9836 0.000012
9837 0.000018
9838 0.000022
9839 0.000028
9840 0.000015
9841 0.000018
9842 0.000013
9843 0.000019
9844 0.000019
9845 0.000028
9846 0.000036
9847 0.000037
9848 0.000035
9849 0.000028
9850 0.000015
9851 0.000013
9852 0.000009
9853 0.000005
9854 0.000008
9855 0.000009
9856 0.000007
9857 0.000015
9858 0.000009
9859 0.000016
9860 0.000016
9861 0.000032
9862 0.000017
9863 0.000007
9864 0.000016
9865 0.000015
9866 0.000016
9867 0.000010
9868 0.000009
9869 0.000044
9870 0.000023
9871 0.000022
9872 0.000022
9873 0.000022
9874 0.000012
9875 0.000038
9876 0.000014
9877 0.000028
9878 0.000027
9879 0.000048
9880 0.000048
9881 0.000044
9882 0.000026
9883 0.000009
9884 0.000017
9885 0.000027
9886 0.000019
9887 0.000028
9888 0.000023
9889 0.000013
9890 0.000011
9891 0.000008
9892 0.000006
9893 0.000010
9894 0.000006
9895 0.000023
9896 0.000031
9897 0.000032
9898 0.000030
9899 0.000022
9900 0.000036
9901 0.000018
9902 0.000011
9903 0.000020
9904 0.000017
9905 0.000008
9906 0.000009
9907 0.000013
9908 0.000009
9909 0.000020
9910 0.000012
9911 0.000031
9912 0.000029
9913 0.000033
9914 0.000017
9915 0.000022
9916 0.000026
9917 0.000022
9918 0.000009
9919 0.000006
9920 0.000012
9921 0.000008
9922 0.000011
9923 0.000018
9924 0.000007
9925 0.000007
9926 0.000012
9927 0.000013
9928 0.000019
9929 0.000032
9930 0.000043
9931 0.000028
9932 0.000035
9933 0.000018
9934 0.000025
9935 0.000024
9936 0.000013
9937 0.000010
9938 0.000006
9939 0.000018
9940 0.000010
9941 0.000014
9942 0.000015
9943 0.000009
9944 0.000011
9945 0.000015
9946 0.000019
9947 0.000019
9948 0.000011
9949 0.000019
9950 0.000011
9951 0.000010
9952 0.000011
9953 0.000008
9954 0.000014
9955 0.000021
9956 0.000012
9957 0.000023
9958 0.000029
9959 0.000017
9960 0.000017
9961 0.000021
9962 0.000056
9963 0.000029
9964 0.000015
9965 0.000030
9966 0.000018
9967 0.000011
9968 0.000017
9969 0.000026
9970 0.000025
9971 0.000014
9972 0.000017
9973 0.000011
9974 0.000012
9975 0.000030
9976 0.000019
9977 0.000028
9978 0.000015
9979 0.000016
9980 0.000015
9981 0.000009
9982 0.000011
9983 0.000022
9984 0.000014
9985 0.000007
9986 0.000019
9987 0.000011
9988 0.000024
9989 0.000020
9990 0.000010
9991 0.000011
9992 0.000017
9993 0.000036
9994 0.000038
9995 0.000033
9996 0.000037
9997 0.000014
9998 0.000017
9999 0.000025
10000 0.000032
10001 0.000010
10002 0.000010
10003 0.000006
10004 0.000014
10005 0.000007
10006 0.000006
10007 0.000004
10008 0.000004
10009 0.000006
10010 0.000013
10011 0.000027
10012 0.000018
10013 0.000018
10014 0.000031
10015 0.000011
10016 0.000007
10017 0.000006
10018 0.000013
10019 0.000031
10020 0.000030
10021 0.000028
10022 0.000044
10023 0.000014
10024 0.000032
10025 0.000023
10026 0.000023
10027 0.000016
10028 0.000010
10029 0.000031
10030 0.000033
10031 0.000038
10032 0.000011
10033 0.000012
10034 0.000022
10035 0.000022
10036 0.000009
10037 0.000007
10038 0.000006
10039 0.000008
10040 0.000012
10041 0.000008
10042 0.000010
10043 0.000007
10044 0.000017
10045 0.000013
10046 0.000036
10047 0.000048
10048 0.000044
10049 0.000032
10050 0.000040
10051 0.000037
10052 0.000019
10053 0.000026
10054 0.000015
10055 0.000021
10056 0.000009
10057 0.000015
10058 0.000012
10059 0.000014
10060 0.000020
10061 0.000020
10062 0.000042
10063 0.000021
10064 0.000029
10065 0.000028
10066 0.000015
10067 0.000009
10068 0.000026
10069 0.000039
10070 0.000014
10071 0.000015
10072 0.000009
10073 0.000027
10074 0.000009
10075 0.000009
10076 0.000029
10077 0.000028
10078 0.000027
10079 0.000017
10080 0.000014
10081 0.000034
10082 0.000048
10083 0.000023
10084 0.000013
10085 0.000012
10086 0.000017
10087 0.000008
10088 0.000010
10089 0.000011
10090 0.000030
10091 0.000018
10092 0.000018
10093 0.000019
10094 0.000008
10095 0.000024
10096 0.000028
10097 0.000030
10098 0.000028
10099 0.000020
10100 0.000035
10101 0.000018
10102 0.000013
10103 0.000028
10104 0.000033
10105 0.000031
10106 0.000029
10107 0.000026
10108 0.000025
10109 0.000030
10110 0.000033
10111 0.000017
10112 0.000051
10113 0.000020
10114 0.000024
10115 0.000021
10116 0.000012
10117 0.000008
10118 0.000017
10119 0.000017
10120 0.000032
10121 0.000033
10122 0.000039
10123 0.000051
10124 0.000014
10125 0.000009
10126 0.000012
10127 0.000015
10128 0.000009
10129 0.000011
10130 0.000020
10131 0.000025
10132 0.000014
10133 0.000033
10134 0.000031
10135 0.000016
10136 0.000039
10137 0.000019
10138 0.000011
10139 0.000008
10140 0.000020
10141 0.000009
10142 0.000013
10143 0.000028
10144 0.000051
10145 0.000018
10146 0.000016
10147 0.000017
10148 0.000027
10149 0.000027
10150 0.000019
10151 0.000025
10152 0.000021
10153 0.000024
10154 0.000025
10155 0.000025
10156 0.000028
10157 0.000035
10158 0.000018
10159 0.000013
10160 0.000005
10161 0.000008
10162 0.000009
10163 0.000030
10164 0.000029
10165 0.000015
10166 0.000009
10167 0.000047
10168 0.000015
10169 0.000009
10170 0.000011
10171 0.000019
10172 0.000029
10173 0.000015
10174 0.000034
10175 0.000034
10176 0.000038
10177 0.000019
10178 0.000014
10179 0.000009
10180 0.000012
10181 0.000005
10182 0.000007
10183 0.000006
10184 0.000008
10185 0.000010
10186 0.000022
10187 0.000014
10188 0.000020
10189 0.000012
10190 0.000008
10191 0.000010
10192 0.000012
10193 0.000021
10194 0.000012
10195 0.000008
10196 0.000019
10197 0.000029
10198 0.000016
10199 0.000010
10200 0.000007
10201 0.000029
10202 0.000025
10203 0.000016
10204 0.000017
10205 0.000017
10206 0.000026
10207 0.000017
10208 0.000008
10209 0.000006
10210 0.000018
10211 0.000025
10212 0.000010
10213 0.000011
10214 0.000023
10215 0.000018
10216 0.000017
10217 0.000023
10218 0.000012
10219 0.000008
10220 0.000006
10221 0.000014
10222 0.000025
10223 0.000019
10224 0.000015
10225 0.000007
10226 0.000018
10227 0.000027
10228 0.000052
10229 0.000050
10230 0.000039
10231 0.000012
10232 0.000012
10233 0.000008
10234 0.000010
10235 0.000017
10236 0.000036
10237 0.000029
10238 0.000016
10239 0.000017
10240 0.000013
10241 0.000014
10242 0.000014
10243 0.000021
10244 0.000016
10245 0.000013
10246 0.000009
10247 0.000012
10248 0.000014
10249 0.000024
10250 0.000025
10251 0.000039
10252 0.000037
10253 0.000034
10254 0.000009
10255 0.000023
10256 0.000013
10257 0.000008
10258 0.000011
10259 0.000017
10260 0.000018
10261 0.000020
10262 0.000016
10263 0.000018
10264 0.000038
10265 0.000027
10266 0.000017
10267 0.000026
10268 0.000046
10269 0.000012
10270 0.000021
10271 0.000012
10272 0.000012
10273 0.000013
10274 0.000020
10275 0.000042
10276 0.000029
10277 0.000011
10278 0.000040
10279 0.000020
10280 0.000039
10281 0.000018
10282 0.000024
10283 0.000008
10284 0.000031
10285 0.000016
10286 0.000034
10287 0.000037
10288 0.000015
10289 0.000016
10290 0.000007
10291 0.000009
10292 0.000016
10293 0.000019
10294 0.000017
10295 0.000010
10296 0.000012
10297 0.000008
10298 0.000012
10299 0.000009
10300 0.000015
10301 0.000009
10302 0.000011
10303 0.000020
10304 0.000029
10305 0.000015
10306 0.000026
10307 0.000033
10308 0.000023
10309 0.000026
10310 0.000010
10311 0.000010
10312 0.000012
10313 0.000013
10314 0.000027
10315 0.000046
10316 0.000042
10317 0.000015
10318 0.000058
10319 0.000027
10320 0.000015
10321 0.000009
10322 0.000015
10323 0.000020
10324 0.000021
10325 0.000021
10326 0.000050
10327 0.000057
10328 0.000022
10329 0.000009
10330 0.000011
10331 0.000024
10332 0.000022
10333 0.000025
10334 0.000019
10335 0.000014
10336 0.000009
10337 0.000017
10338 0.000028
10339 0.000019
10340 0.000029
10341 0.000018
10342 0.000012
10343 0.000014
10344 0.000012
10345 0.000013
10346 0.000022
10347 0.000021
10348 0.000027
10349 0.000031
10350 0.000036
10351 0.000039
10352 0.000041
10353 0.000038
10354 0.000031
10355 0.000016
10356 0.000022
10357 0.000018
10358 0.000030
10359 0.000055
10360 0.000057
10361 0.000036
10362 0.000022
10363 0.000032
10364 0.000035
10365 0.000010
10366 0.000024
10367 0.000031
10368 0.000032
10369 0.000026
10370 0.000032
10371 0.000039
10372 0.000019
10373 0.000009
10374 0.000005
10375 0.000005
10376 0.000007
10377 0.000009
10378 0.000007
10379 0.000009
10380 0.000023
10381 0.000042
10382 0.000046
10383 0.000021
10384 0.000012
10385 0.000014
10386 0.000015
10387 0.000024
10388 0.000030
10389 0.000019
10390 0.000019
10391 0.000016
10392 0.000010
10393 0.000021
10394 0.000025
10395 0.000010
10396 0.000012
10397 0.000024
10398 0.000020
10399 0.000020
10400 0.000020
10401 0.000025
10402 0.000014
10403 0.000015
10404 0.000034
10405 0.000018
10406 0.000007
10407 0.000009
10408 0.000022
10409 0.000024
10410 0.000019
10411 0.000019
10412 0.000009
10413 0.000026
10414 0.000025
10415 0.000017
10416 0.000017
10417 0.000008
10418 0.000006
10419 0.000005
10420 0.000014
10421 0.000026
10422 0.000037
10423 0.000018
10424 0.000032
10425 0.000017
10426 0.000017
10427 0.000027
10428 0.000011
10429 0.000021
10430 0.000015
10431 0.000007
10432 0.000005
10433 0.000017
10434 0.000030
10435 0.000012
10436 0.000014
10437 0.000006
10438 0.000008
10439 0.000040
10440 0.000052
10441 0.000018
10442 0.000018
10443 0.000020
10444 0.000012
10445 0.000017
10446 0.000010
10447 0.000013
10448 0.000016
10449 0.000011
10450 0.000005
10451 0.000009
10452 0.000020
10453 0.000029
10454 0.000015
10455 0.000007
10456 0.000009
10457 0.000005
10458 0.000019
10459 0.000017
10460 0.000008
10461 0.000006
10462 0.000016
10463 0.000010
10464 0.000007
10465 0.000006
10466 0.000006
10467 0.000005
10468 0.000008
10469 0.000022
10470 0.000008
10471 0.000036
10472 0.000036
10473 0.000018
10474 0.000011
10475 0.000012
10476 0.000032
10477 0.000012
10478 0.000016
10479 0.000010
10480 0.000026
10481 0.000014
10482 0.000005
10483 0.000005
10484 0.000010
10485 0.000006
10486 0.000008
10487 0.000016
10488 0.000010
10489 0.000024
10490 0.000018
10491 0.000011
10492 0.000016
10493 0.000010
10494 0.000022
10495 0.000028
10496 0.000011
10497 0.000015
10498 0.000013
10499 0.000014
10500 0.000009
10501 0.000008
10502 0.000021
10503 0.000020
10504 0.000020
10505 0.000019
10506 0.000009
10507 0.000010
10508 0.000011
10509 0.000031
10510 0.000016
10511 0.000010
10512 0.000010
10513 0.000012
10514 0.000013
10515 0.000015
10516 0.000018
10517 0.000018
10518 0.000020
10519 0.000020
10520 0.000028
10521 0.000030
10522 0.000029
10523 0.000037
10524 0.000029
10525 0.000016
10526 0.000008
10527 0.000009
10528 0.000023
10529 0.000030
10530 0.000021
10531 0.000012
10532 0.000005
10533 0.000026
10534 0.000017
10535 0.000010
10536 0.000018
10537 0.000018
10538 0.000006
10539 0.000012
10540 0.000008
10541 0.000005
10542 0.000018
10543 0.000007
10544 0.000020
10545 0.000020
10546 0.000020
10547 0.000015
10548 0.000009
10549 0.000011
10550 0.000015
10551 0.000026
10552 0.000014
10553 0.000014
10554 0.000007
10555 0.000036
10556 0.000048
10557 0.000058
10558 0.000028
10559 0.000011
10560 0.000012
10561 0.000017
10562 0.000039
10563 0.000043
10564 0.000039
10565 0.000020
10566 0.000026
10567 0.000014
10568 0.000009
10569 0.000009
10570 0.000032
10571 0.000025
10572 0.000017
10573 0.000010
10574 0.000013
10575 0.000023
10576 0.000025
10577 0.000007
10578 0.000006
10579 0.000020
10580 0.000037
10581 0.000019
10582 0.000011
10583 0.000010
10584 0.000012
10585 0.000021
10586 0.000016
10587 0.000025
10588 0.000010
10589 0.000021
10590 0.000007
10591 0.000006
10592 0.000014
10593 0.000015
10594 0.000012
10595 0.000025
10596 0.000014
10597 0.000009
10598 0.000013
10599 0.000014
10600 0.000015
10601 0.000016
10602 0.000007
10603 0.000025
10604 0.000024
10605 0.000018
10606 0.000017
10607 0.000036
10608 0.000018
10609 0.000017
10610 0.000031
10611 0.000025
10612 0.000033
10613 0.000041
10614 0.000024
10615 0.000020
10616 0.000012
10617 0.000020
10618 0.000014
10619 0.000015
10620 0.000022
10621 0.000022
10622 0.000034
10623 0.000021
10624 0.000007
10625 0.000009
10626 0.000017
10627 0.000027
10628 0.000019
10629 0.000030
10630 0.000036
10631 0.000011
10632 0.000015
10633 0.000007
10634 0.000009
10635 0.000011
10636 0.000012
10637 0.000012
10638 0.000008
10639 0.000008
10640 0.000005
10641 0.000013
10642 0.000012
10643 0.000006
10644 0.000008
10645 0.000010
10646 0.000019
10647 0.000020
10648 0.000020
10649 0.000015
10650 0.000020
10651 0.000024
10652 0.000023
10653 0.000013
10654 0.000019
10655 0.000007
10656 0.000013
10657 0.000015
10658 0.000009
10659 0.000012
10660 0.000009
10661 0.000010
10662 0.000019
10663 0.000027
10664 0.000042
10665 0.000015
10666 0.000012
10667 0.000013
10668 0.000020
10669 0.000020
10670 0.000026
10671 0.000016
10672 0.000020
10673 0.000024
10674 0.000013
10675 0.000005
10676 0.000004
10677 0.000021
10678 0.000018
10679 0.000027
10680 0.000016
10681 0.000019
10682 0.000024
10683 0.000023
10684 0.000019
10685 0.000007
10686 0.000017
10687 0.000007
10688 0.000020
10689 0.000023
10690 0.000036
10691 0.000013
10692 0.000024
10693 0.000016
10694 0.000016
10695 0.000010
10696 0.000011
10697 0.000017
10698 0.000014
10699 0.000016
10700 0.000023
10701 0.000008
10702 0.000028
10703 0.000027
10704 0.000014
10705 0.000016
10706 0.000022
10707 0.000017
10708 0.000007
10709 0.000011
10710 0.000039
10711 0.000022
10712 0.000032
10713 0.000018
10714 0.000011
10715 0.000023
10716 0.000024
10717 0.000033
10718 0.000038
10719 0.000044
10720 0.000040
10721 0.000026
10722 0.000041
10723 0.000045
10724 0.000022
10725 0.000027
10726 0.000013
10727 0.000037
10728 0.000019
10729 0.000015
10730 0.000015
10731 0.000022
10732 0.000008
10733 0.000005
10734 0.000007
10735 0.000040
10736 0.000037
10737 0.000028
10738 0.000020
10739 0.000020
10740 0.000015
10741 0.000005
10742 0.000004
10743 0.000013
10744 0.000013
10745 0.000015
10746 0.000007
10747 0.000009
10748 0.000022
10749 0.000012
10750 0.000012
10751 0.000013
10752 0.000013
10753 0.000007
10754 0.000009
10755 0.000015
10756 0.000012
10757 0.000014
10758 0.000015
10759 0.000016
10760 0.000017
10761 0.000028
10762 0.000015
10763 0.000026
10764 0.000025
10765 0.000025
10766 0.000018
10767 0.000013
10768 0.000007
10769 0.000017
10770 0.000008
10771 0.000012
10772 0.000013
10773 0.000018
10774 0.000019
10775 0.000011
10776 0.000008
10777 0.000006
10778 0.000006
10779 0.000019
10780 0.000011
10781 0.000012
10782 0.000017
10783 0.000015
10784 0.000019
10785 0.000019
10786 0.000020
10787 0.000037
10788 0.000019
10789 0.000022
10790 0.000022
10791 0.000022
10792 0.000009
10793 0.000023
10794 0.000026
10795 0.000025
10796 0.000034
10797 0.000032
10798 0.000030
10799 0.000033
10800 0.000030
10801 0.000037
10802 0.000034
10803 0.000018
10804 0.000026
10805 0.000014
10806 0.000009
10807 0.000021
10808 0.000021
10809 0.000012
10810 0.000011
10811 0.000011
10812 0.000008
10813 0.000016
10814 0.000006
10815 0.000025
10816 0.000010
10817 0.000021
10818 0.000009
10819 0.000007
10820 0.000017
10821 0.000034
10822 0.000044
10823 0.000077
10824 0.000036
10825 0.000033
10826 0.000021
10827 0.000021
10828 0.000021
10829 0.000021
10830 0.000020
10831 0.000007
10832 0.000011
10833 0.000016
10834 0.000016
10835 0.000018
10836 0.000029
10837 0.000016
10838 0.000010
10839 0.000018
10840 0.000010
10841 0.000018
10842 0.000008
10843 0.000008
10844 0.000016
10845 0.000017
10846 0.000010
10847 0.000007
10848 0.000005
10849 0.000005
10850 0.000018
10851 0.000014
10852 0.000014
10853 0.000013
10854 0.000016
10855 0.000017
10856 0.000017
10857 0.000027
10858 0.000018
10859 0.000024
10860 0.000028
10861 0.000040
10862 0.000016
10863 0.000014
10864 0.000032
10865 0.000027
10866 0.000011
10867 0.000012
10868 0.000013
10869 0.000022
10870 0.000018
10871 0.000021
10872 0.000021
10873 0.000024
10874 0.000028
10875 0.000035
10876 0.000031
10877 0.000034
10878 0.000032
10879 0.000030
10880 0.000039
10881 0.000039
10882 0.000031
10883 0.000012
10884 0.000006
10885 0.000015
10886 0.000011
10887 0.000011
10888 0.000027
10889 0.000012
10890 0.000013
10891 0.000019
10892 0.000015
10893 0.000035
10894 0.000027
10895 0.000026
10896 0.000025
10897 0.000027
10898 0.000029
10899 0.000030
10900 0.000025
10901 0.000010
10902 0.000007
10903 0.000019
10904 0.000032
10905 0.000032
10906 0.000033
10907 0.000013
10908 0.000014
10909 0.000039
10910 0.000042
10911 0.000032
10912 0.000037
10913 0.000035
10914 0.000018
10915 0.000030
10916 0.000044
10917 0.000018
10918 0.000011
10919 0.000012
10920 0.000015
10921 0.000019
10922 0.000008
10923 0.000010
10924 0.000020
10925 0.000011
10926 0.000013
10927 0.000027
10928 0.000017
10929 0.000026
10930 0.000014
10931 0.000030
10932 0.000016
10933 0.000027
10934 0.000013
10935 0.000014
10936 0.000037
10937 0.000023
10938 0.000022
10939 0.000015
10940 0.000009
10941 0.000010
10942 0.000022
10943 0.000035
10944 0.000032
10945 0.000033
10946 0.000012
10947 0.000016
10948 0.000010
10949 0.000011
10950 0.000021
10951 0.000009
10952 0.000030
10953 0.000012
10954 0.000013
10955 0.000014
10956 0.000034
10957 0.000032
10958 0.000016
10959 0.000011
10960 0.000006
10961 0.000023
10962 0.000013
10963 0.000017
10964 0.000010
10965 0.000011
10966 0.000015
10967 0.000006
10968 0.000018
10969 0.000008
10970 0.000019
10971 0.000044
10972 0.000015
10973 0.000019
10974 0.000019
10975 0.000007
10976 0.000019
10977 0.000013
10978 0.000014
10979 0.000006
10980 0.000028
10981 0.000024
10982 0.000037
10983 0.000034
10984 0.000056
10985 0.000027
10986 0.000019
10987 0.000023
10988 0.000022
10989 0.000022
10990 0.000018
10991 0.000011
10992 0.000010
10993 0.000015
10994 0.000009
10995 0.000020
10996 0.000048
10997 0.000023
10998 0.000015
10999 0.000024
11000 0.000034
11001 0.000032
11002 0.000018
11003 0.000012
11004 0.000014
11005 0.000009
11006 0.000007
11007 0.000016
11008 0.000010
11009 0.000020
11010 0.000012
11011 0.000015
11012 0.000024
11013 0.000033
11014 0.000012
11015 0.000042
11016 0.000019
11017 0.000011
11018 0.000008
11019 0.000011
11020 0.000012
11021 0.000008
11022 0.000005
11023 0.000005
11024 0.000018
11025 0.000018
11026 0.000023
11027 0.000014
11028 0.000025
11029 0.000019
11030 0.000011
11031 0.000034
11032 0.000034
11033 0.000023
11034 0.000024
11035 0.000028
11036 0.000025
11037 0.000021
11038 0.000028
11039 0.000015
11040 0.000007
11041 0.000009
11042 0.000010
11043 0.000029
11044 0.000015
11045 0.000016
11046 0.000012
11047 0.000013
11048 0.000010
11049 0.000019
11050 0.000019
11051 0.000019
11052 0.000027
11053 0.000018
11054 0.000025
11055 0.000024
11056 0.000017
11057 0.000010
11058 0.000007
11059 0.000005
11060 0.000004
11061 0.000006
11062 0.000008
11063 0.000010
11064 0.000005
11065 0.000020
11066 0.000020
11067 0.000012
11068 0.000009
11069 0.000025
11070 0.000008
11071 0.000018
11072 0.000025
11073 0.000032
11074 0.000022
11075 0.000009
11076 0.000016
11077 0.000010
11078 0.000011
11079 0.000008
11080 0.000016
11081 0.000014
11082 0.000007
11083 0.000010
11084 0.000018
11085 0.000021
11086 0.000041
11087 0.000026
11088 0.000014
11089 0.000010
11090 0.000040
11091 0.000033
11092 0.000027
11093 0.000043
11094 0.000040
11095 0.000027
11096 0.000030
11097 0.000016
11098 0.000016
11099 0.000017
11100 0.000017
11101 0.000017
11102 0.000017
11103 0.000013
11104 0.000019
11105 0.000020
11106 0.000012
11107 0.000027
11108 0.000014
11109 0.000026
11110 0.000024
11111 0.000024
11112 0.000035
11113 0.000049
11114 0.000045
11115 0.000022
11116 0.000014
11117 0.000009
11118 0.000011
11119 0.000009
11120 0.000011
11121 0.000012
11122 0.000008
11123 0.000005
11124 0.000014
11125 0.000015
11126 0.000018
11127 0.000010
11128 0.000034
11129 0.000032
11130 0.000038
11131 0.000019
11132 0.000017
11133 0.000032
11134 0.000030
11135 0.000027
11136 0.000026
11137 0.000026
11138 0.000018
11139 0.000011
11140 0.000014
11141 0.000009
11142 0.000004
11143 0.000005
11144 0.000014
11145 0.000009
11146 0.000006
11147 0.000020
11148 0.000009
11149 0.000007
11150 0.000009
11151 0.000007
11152 0.000009
11153 0.000007
11154 0.000009
11155 0.000012
11156 0.000015
11157 0.000019
11158 0.000019
11159 0.000013
11160 0.000021
11161 0.000009
11162 0.000005
11163 0.000020
11164 0.000009
11165 0.000011
11166 0.000017
11167 0.000011
11168 0.000007
11169 0.000013
11170 0.000014
11171 0.000035
11172 0.000057
11173 0.000052
11174 0.000059
11175 0.000044
11176 0.000041
11177 0.000037
11178 0.000011
11179 0.000018
11180 0.000031
11181 0.000029
11182 0.000035
11183 0.000025
11184 0.000019
11185 0.000019
11186 0.000011
11187 0.000013
11188 0.000008
11189 0.000018
11190 0.000022
11191 0.000022
11192 0.000012
11193 0.000020
11194 0.000012
11195 0.000008
11196 0.000016
11197 0.000016
11198 0.000017
11199 0.000017
11200 0.000008
11201 0.000005
11202 0.000004
11203 0.000011
11204 0.000011
11205 0.000020
11206 0.000020
11207 0.000022
11208 0.000020
11209 0.000030
11210 0.000021
11211 0.000021
11212 0.000009
11213 0.000010
11214 0.000008
11215 0.000016
11216 0.000022
11217 0.000029
11218 0.000032
11219 0.000012
11220 0.000021
11221 0.000017
11222 0.000018
11223 0.000008
11224 0.000018
11225 0.000037
11226 0.000041
11227 0.000040
11228 0.000037
11229 0.000035
11230 0.000041
11231 0.000027
11232 0.000026
11233 0.000017
11234 0.000010
11235 0.000012
11236 0.000010
11237 0.000006
11238 0.000011
11239 0.000012
11240 0.000023
11241 0.000027
11242 0.000026
11243 0.000025
11244 0.000033
11245 0.000026
11246 0.000025
11247 0.000025
11248 0.000013
11249 0.000038
11250 0.000036
11251 0.000034
11252 0.000010
11253 0.000005
11254 0.000010
11255 0.000014
11256 0.000009
11257 0.000007
11258 0.000027
11259 0.000014
11260 0.000026
11261 0.000016
11262 0.000017
11263 0.000017
11264 0.000008
11265 0.000012
11266 0.000022
11267 0.000021
11268 0.000029
11269 0.000027
11270 0.000046
11271 0.000011
11272 0.000012
11273 0.000013
11274 0.000007
11275 0.000009
11276 0.000016
11277 0.000030
11278 0.000011
11279 0.000008
11280 0.000015
11281 0.000016
11282 0.000024
11283 0.000014
11284 0.000009
11285 0.000009
11286 0.000007
11287 0.000011
11288 0.000005
11289 0.000010
11290 0.000026
11291 0.000025
11292 0.000013
11293 0.000008
11294 0.000010
11295 0.000012
11296 0.000022
11297 0.000022
11298 0.000017
11299 0.000018
11300 0.000028
11301 0.000033
11302 0.000031
11303 0.000017
11304 0.000033
11305 0.000042
11306 0.000021
11307 0.000016
11308 0.000017
11309 0.000010
11310 0.000012
11311 0.000020
11312 0.000013
11313 0.000009
11314 0.000015
11315 0.000009
11316 0.000023
11317 0.000025
11318 0.000024
11319 0.000027
11320 0.000016
11321 0.000016
11322 0.000014
11323 0.000063
11324 0.000057
11325 0.000056
11326 0.000019
11327 0.000021
11328 0.000013
11329 0.000035
11330 0.000038
11331 0.000038
11332 0.000028
11333 0.000019
11334 0.000038
11335 0.000019
11336 0.000018
11337 0.000016
11338 0.000017
11339 0.000017
11340 0.000018
11341 0.000010
11342 0.000013
11343 0.000018
11344 0.000011
11345 0.000006
11346 0.000024
11347 0.000032
11348 0.000037
11349 0.000009
11350 0.000007
11351 0.000020
11352 0.000013
11353 0.000011
11354 0.000013
11355 0.000008
11356 0.000014
11357 0.000009
11358 0.000008
11359 0.000018
11360 0.000017
11361 0.000020
11362 0.000020
11363 0.000012
11364 0.000017
11365 0.000028
11366 0.000033
11367 0.000030
11368 0.000035
11369 0.000046
11370 0.000015
11371 0.000024
11372 0.000018
11373 0.000010
11374 0.000010
11375 0.000012
11376 0.000006
11377 0.000011
11378 0.000012
11379 0.000022
11380 0.000023
11381 0.000013
11382 0.000012
11383 0.000019
11384 0.000017
11385 0.000027
11386 0.000028
11387 0.000023
11388 0.000017
11389 0.000030
11390 0.000029
11391 0.000031
11392 0.000014
11393 0.000039
11394 0.000051
11395 0.000014
11396 0.000009
11397 0.000030
11398 0.000044
11399 0.000026
11400 0.000042
11401 0.000050
11402 0.000024
11403 0.000022
11404 0.000018
11405 0.000018
11406 0.000019
11407 0.000011
11408 0.000013
11409 0.000023
11410 0.000040
11411 0.000044
11412 0.000050
11413 0.000045
11414 0.000041
11415 0.000010
11416 0.000015
11417 0.000021
11418 0.000012
11419 0.000008
11420 0.000006
11421 0.000020
11422 0.000009
11423 0.000010
11424 0.000020
11425 0.000022
11426 0.000012
11427 0.000013
11428 0.000021
11429 0.000021
11430 0.000007
11431 0.000015
11432 0.000018
11433 0.000019
11434 0.000011
11435 0.000014
11436 0.000015
11437 0.000011
11438 0.000015
11439 0.000013
11440 0.000024
11441 0.000013
11442 0.000007
11443 0.000018
11444 0.000019
11445 0.000037
11446 0.000047
11447 0.000029
11448 0.000017
11449 0.000018
11450 0.000039
11451 0.000036
11452 0.000029
11453 0.000025
11454 0.000022
11455 0.000032
11456 0.000031
11457 0.000027
11458 0.000021
11459 0.000012
11460 0.000039
11461 0.000047
11462 0.000023
11463 0.000022
11464 0.000034
11465 0.000017
11466 0.000027
11467 0.000026
11468 0.000010
11469 0.000016
11470 0.000007
11471 0.000012
11472 0.000012
11473 0.000013
11474 0.000011
11475 0.000013
11476 0.000022
11477 0.000009
11478 0.000007
11479 0.000005
11480 0.000007
11481 0.000015
11482 0.000021
11483 0.000020
11484 0.000026
11485 0.000019
11486 0.000018
11487 0.000020
11488 0.000011
11489 0.000016
11490 0.000023
11491 0.000013
11492 0.000007
11493 0.000005
11494 0.000007
11495 0.000014
11496 0.000029
11497 0.000015
11498 0.000033
11499 0.000012
11500 0.000010
11501 0.000012
11502 0.000019
11503 0.000011
11504 0.000007
11505 0.000011
11506 0.000025
11507 0.000010
11508 0.000007
11509 0.000018
11510 0.000018
11511 0.000019
11512 0.000024
11513 0.000009
11514 0.000022
11515 0.000016
11516 0.000024
11517 0.000012
11518 0.000008
11519 0.000010
11520 0.000007
11521 0.000012
11522 0.000025
11523 0.000018
11524 0.000030
11525 0.000040
11526 0.000032
11527 0.000030
11528 0.000029
11529 0.000019
11530 0.000008
11531 0.000010
11532 0.000012
11533 0.000016
11534 0.000016
11535 0.000022
11536 0.000041
11537 0.000015
11538 0.000020
11539 0.000022
11540 0.000030
11541 0.000029
11542 0.000028
11543 0.000056
11544 0.000052
11545 0.000038
11546 0.000027
11547 0.000026
11548 0.000014
11549 0.000009
11550 0.000007
11551 0.000018
11552 0.000008
11553 0.000005
11554 0.000031
11555 0.000012
11556 0.000016
11557 0.000010
11558 0.000014
11559 0.000023
11560 0.000022
11561 0.000022
11562 0.000036
11563 0.000018
11564 0.000020
11565 0.000011
11566 0.000008
11567 0.000015
11568 0.000024
11569 0.000030
11570 0.000028
11571 0.000021
11572 0.000033
11573 0.000031
11574 0.000045
11575 0.000019
11576 0.000034
11577 0.000036
11578 0.000018
11579 0.000022
11580 0.000027
11581 0.000044
11582 0.000047
11583 0.000046
11584 0.000036
11585 0.000039
11586 0.000020
11587 0.000014
11588 0.000009
11589 0.000011
11590 0.000008
11591 0.000010
11592 0.000024
11593 0.000038
11594 0.000021
11595 0.000020
11596 0.000020
11597 0.000020
11598 0.000027
11599 0.000026
11600 0.000021
11601 0.000049
11602 0.000013
11603 0.000013
11604 0.000030
11605 0.000016
11606 0.000010
11607 0.000018
11608 0.000049
11609 0.000027
11610 0.000011
11611 0.000012
11612 0.000015
11613 0.000006
11614 0.000005
11615 0.000016
11616 0.000017
11617 0.000018
11618 0.000018
11619 0.000019
11620 0.000017
11621 0.000016
11622 0.000017
11623 0.000013
11624 0.000017
11625 0.000026
11626 0.000029
11627 0.000036
11628 0.000023
11629 0.000037
11630 0.000040
11631 0.000055
11632 0.000049
11633 0.000035
11634 0.000030
11635 0.000024
11636 0.000044
11637 0.000022
11638 0.000012
11639 0.000013
11640 0.000030
11641 0.000016
11642 0.000022
11643 0.000041
11644 0.000015
11645 0.000031
11646 0.000033
11647 0.000040
11648 0.000014
11649 0.000029
11650 0.000028
11651 0.000026
11652 0.000041
11653 0.000034
11654 0.000038
11655 0.000019
11656 0.000017
11657 0.000032
11658 0.000017
11659 0.000008
11660 0.000014
11661 0.000009
11662 0.000019
11663 0.000047
11664 0.000043
11665 0.000039
11666 0.000020
11667 0.000011
11668 0.000014
11669 0.000015
11670 0.000028
11671 0.000047
11672 0.000050
11673 0.000032
11674 0.000032
11675 0.000018
11676 0.000019
11677 0.000016
11678 0.000016
11679 0.000017
11680 0.000010
11681 0.000018
11682 0.000029
11683 0.000028
11684 0.000009
11685 0.000011
11686 0.000008
11687 0.000006
11688 0.000007
11689 0.000010
11690 0.000017
11691 0.000018
11692 0.000012
11693 0.000030
11694 0.000014
11695 0.000021
11696 0.000009
11697 0.000011
11698 0.000011
11699 0.000021
11700 0.000024
11701 0.000015
11702 0.000007
11703 0.000015
11704 0.000022
11705 0.000022
11706 0.000021
11707 0.000033
11708 0.000052
11709 0.000025
11710 0.000030
11711 0.000009
11712 0.000018
11713 0.000020
11714 0.000016
11715 0.000017
11716 0.000018
11717 0.000011
11718 0.000017
11719 0.000023
11720 0.000028
11721 0.000009
11722 0.000014
11723 0.000024
11724 0.000023
11725 0.000012
11726 0.000014
11727 0.000016
11728 0.000010
11729 0.000006
11730 0.000005
11731 0.000008
11732 0.000029
11733 0.000041
11734 0.000034
11735 0.000042
11736 0.000042
11737 0.000061
11738 0.000046
11739 0.000023
11740 0.000023
11741 0.000013
11742 0.000023
11743 0.000031
11744 0.000016
11745 0.000018
11746 0.000015
11747 0.000020
11748 0.000022
11749 0.000032
11750 0.000034
11751 0.000026
11752 0.000012
11753 0.000021
11754 0.000007
11755 0.000006
11756 0.000015
11757 0.000009
11758 0.000013
11759 0.000007
11760 0.000007
11761 0.000011
11762 0.000008
11763 0.000032
11764 0.000030
11765 0.000016
11766 0.000021
11767 0.000012
11768 0.000025
11769 0.000019
11770 0.000018
11771 0.000024
11772 0.000029
11773 0.000015
11774 0.000037
11775 0.000031
11776 0.000041
11777 0.000020
11778 0.000012
11779 0.000013
11780 0.000022
11781 0.000027
11782 0.000024
11783 0.000013
11784 0.000020
11785 0.000017
11786 0.000023
11787 0.000013
11788 0.000008
11789 0.000005
11790 0.000005
11791 0.000029
11792 0.000011
11793 0.000007
11794 0.000010
11795 0.000006
11796 0.000011
11797 0.000010
11798 0.000020
11799 0.000028
11800 0.000027
11801 0.000038
11802 0.000019
11803 0.000018
11804 0.000011
11805 0.000021
11806 0.000021
11807 0.000011
11808 0.000013
11809 0.000013
11810 0.000021
11811 0.000021
11812 0.000021
11813 0.000031
11814 0.000035
11815 0.000049
11816 0.000024
11817 0.000023
11818 0.000029
11819 0.000042
11820 0.000039
11821 0.000022
11822 0.000029
11823 0.000023
11824 0.000026
11825 0.000025
11826 0.000021
11827 0.000014
11828 0.000012
11829 0.000020
11830 0.000017
11831 0.000017
11832 0.000014
11833 0.000021
11834 0.000012
11835 0.000030
11836 0.000026
11837 0.000025
11838 0.000014
11839 0.000010
11840 0.000014
11841 0.000007
11842 0.000009
11843 0.000006
11844 0.000035
11845 0.000015
11846 0.000007
11847 0.000005
11848 0.000012
11849 0.000013
11850 0.000009
11851 0.000010
11852 0.000030
11853 0.000016
11854 0.000029
11855 0.000033
11856 0.000026
11857 0.000014
11858 0.000005
11859 0.000011
11860 0.000012
11861 0.000033
11862 0.000017
11863 0.000010
11864 0.000020
11865 0.000009
11866 0.000009
11867 0.000005
11868 0.000005
11869 0.000007
11870 0.000011
11871 0.000009
11872 0.000013
11873 0.000029
11874 0.000027
11875 0.000028
11876 0.000026
11877 0.000010
11878 0.000012
11879 0.000009
11880 0.000007
11881 0.000004
11882 0.000007
11883 0.000004
11884 0.000022
11885 0.000009
11886 0.000007
11887 0.000004
11888 0.000011
11889 0.000009
11890 0.000011
11891 0.000008
11892 0.000006
11893 0.000014
11894 0.000023
11895 0.000026
11896 0.000032
11897 0.000019
11898 0.000011
11899 0.000008
11900 0.000017
11901 0.000017
11902 0.000024
11903 0.000024
11904 0.000013
11905 0.000009
11906 0.000007
11907 0.000014
11908 0.000022
11909 0.000015
11910 0.000025
11911 0.000014
11912 0.000020
11913 0.000011
11914 0.000007
11915 0.000016
11916 0.000017
11917 0.000022
11918 0.000022
11919 0.000009
11920 0.000011
11921 0.000013
11922 0.000014
11923 0.000037
11924 0.000017
11925 0.000026
11926 0.000044
11927 0.000058
11928 0.000063
11929 0.000030
11930 0.000026
11931 0.000025
11932 0.000014
11933 0.000014
11934 0.000011
11935 0.000012
11936 0.000006
11937 0.000024
11938 0.000014
11939 0.000018
11940 0.000029
11941 0.000032
11942 0.000030
11943 0.000027
11944 0.000035
11945 0.000019
11946 0.000017
11947 0.000019
11948 0.000035
11949 0.000018
11950 0.000011
11951 0.000021
11952 0.000018
11953 0.000006
11954 0.000012
11955 0.000033
11956 0.000017
11957 0.000036
11958 0.000042
11959 0.000043
11960 0.000015
11961 0.000031
11962 0.000022
11963 0.000022
11964 0.000032
11965 0.000016
11966 0.000006
11967 0.000011
11968 0.000013
11969 0.000044
11970 0.000040
11971 0.000020
11972 0.000038
11973 0.000014
11974 0.000015
11975 0.000021
11976 0.000012
11977 0.000026
11978 0.000029
11979 0.000043
11980 0.000028
11981 0.000035
11982 0.000025
11983 0.000036
11984 0.000033
11985 0.000023
11986 0.000023
11987 0.000023
11988 0.000022
11989 0.000022
11990 0.000012
11991 0.000013
11992 0.000021
11993 0.000046
11994 0.000030
11995 0.000045
11996 0.000047
11997 0.000036
11998 0.000016
11999 0.000010
12000 0.000011
12001 0.000017
12002 0.000017
12003 0.000008
12004 0.000019
12005 0.000008
12006 0.000010
12007 0.000010
12008 0.000016
12009 0.000015
12010 0.000025
12011 0.000016
12012 0.000010
12013 0.000007
12014 0.000005
12015 0.000022
12016 0.000028
12017 0.000025
12018 0.000024
12019 0.000020
12020 0.000028
12021 0.000015
12022 0.000007
12023 0.000009
12024 0.000006
12025 0.000024
12026 0.000031
12027 0.000030
12028 0.000016
12029 0.000020
12030 0.000009
12031 0.000009
12032 0.000015
12033 0.000010
12034 0.000019
12035 0.000037
12036 0.000019
12037 0.000019
12038 0.000011
12039 0.000030
12040 0.000028
12041 0.000015
12042 0.000014
12043 0.000015
12044 0.000016
12045 0.000027
12046 0.000016
12047 0.000021
12048 0.000007
12049 0.000013
12050 0.000018
12051 0.000018
12052 0.000051
12053 0.000031
12054 0.000012
12055 0.000020
12056 0.000024
12057 0.000027
12058 0.000032
12059 0.000044
12060 0.000040
12061 0.000022
12062 0.000016
12063 0.000017
12064 0.000008
12065 0.000005
12066 0.000005
12067 0.000017
12068 0.000010
12069 0.000015
12070 0.000012
12071 0.000013
12072 0.000024
12073 0.000024
12074 0.000012
12075 0.000008
12076 0.000034
12077 0.000017
12078 0.000023
12079 0.000013
12080 0.000007
12081 0.000011
12082 0.000019
12083 0.000025
12084 0.000021
12085 0.000024
12086 0.000046
12087 0.000049
12088 0.000044
12089 0.000027
12090 0.000026
12091 0.000016
12092 0.000012
12093 0.000030
12094 0.000035
12095 0.000019
12096 0.000015
12097 0.000031
12098 0.000016
12099 0.000020
12100 0.000009
12101 0.000005
12102 0.000008
12103 0.000016
12104 0.000016
12105 0.000008
12106 0.000017
12107 0.000013
12108 0.000014
12109 0.000012
12110 0.000008
12111 0.000008
12112 0.000016
12113 0.000017
12114 0.000023
12115 0.000025
12116 0.000012
12117 0.000016
12118 0.000016
12119 0.000021
12120 0.000035
12121 0.000042
12122 0.000064
12123 0.000026
12124 0.000039
12125 0.000019
12126 0.000030
12127 0.000016
12128 0.000051
12129 0.000051
12130 0.000053
12131 0.000048
12132 0.000013
12133 0.000018
12134 0.000010
12135 0.000015
12136 0.000010
12137 0.000018
12138 0.000024
12139 0.000029
12140 0.000019
12141 0.000011
12142 0.000013
12143 0.000016
12144 0.000010
12145 0.000021
12146 0.000012
12147 0.000019
12148 0.000008
12149 0.000007
12150 0.000005
12151 0.000004
12152 0.000010
12153 0.000026
12154 0.000030
12155 0.000023
12156 0.000026
12157 0.000027
12158 0.000037
12159 0.000049
12160 0.000059
12161 0.000015
12162 0.000024
12163 0.000010
12164 0.000013
12165 0.000007
12166 0.000011
12167 0.000019
12168 0.000043
12169 0.000030
12170 0.000028
12171 0.000035
12172 0.000018
12173 0.000011
12174 0.000020
12175 0.000036
12176 0.000017
12177 0.000017
12178 0.000018
12179 0.000018
12180 0.000026
12181 0.000034
12182 0.000026
12183 0.000022
12184 0.000016
12185 0.000025
12186 0.000010
12187 0.000011
12188 0.000018
12189 0.000011
12190 0.000012
12191 0.000017
12192 0.000006
12193 0.000005
12194 0.000008
12195 0.000012
12196 0.000014
12197 0.000011
12198 0.000030
12199 0.000029
12200 0.000016
12201 0.000014
12202 0.000006
12203 0.000024
12204 0.000021
12205 0.000012
12206 0.000006
12207 0.000005
12208 0.000004
12209 0.000008
12210 0.000006
12211 0.000005
12212 0.000005
12213 0.000010
12214 0.000011
12215 0.000012
12216 0.000044
12217 0.000032
12218 0.000020
12219 0.000012
12220 0.000008
12221 0.000006
12222 0.000010
12223 0.000008
12224 0.000013
12225 0.000036
12226 0.000023
12227 0.000027
12228 0.000031
12229 0.000035
12230 0.000035
12231 0.000050
12232 0.000050
12233 0.000017
12234 0.000010
12235 0.000017
12236 0.000021
12237 0.000012
12238 0.000021
12239 0.000018
12240 0.000022
12241 0.000020
12242 0.000009
12243 0.000015
12244 0.000020
12245 0.000034
12246 0.000037
12247 0.000034
12248 0.000010
12249 0.000006
12250 0.000024
12251 0.000018
12252 0.000026
12253 0.000029
12254 0.000026
12255 0.000031
12256 0.000010
12257 0.000007
12258 0.000009
12259 0.000019
12260 0.000037
12261 0.000022
12262 0.000024
12263 0.000032
12264 0.000025
12265 0.000024
12266 0.000036
12267 0.000011
12268 0.000021
12269 0.000031
12270 0.000025
12271 0.000010
12272 0.000005
12273 0.000008
12274 0.000007
12275 0.000020
12276 0.000030
12277 0.000029
12278 0.000015
12279 0.000016
12280 0.000017
12281 0.000010
12282 0.000012
12283 0.000006
12284 0.000006
12285 0.000008
12286 0.000010
12287 0.000025
12288 0.000025
12289 0.000013
12290 0.000025
12291 0.000025
12292 0.000014
12293 0.000031
12294 0.000029
12295 0.000042
12296 0.000035
12297 0.000018
12298 0.000018
12299 0.000011
12300 0.000008
12301 0.000030
12302 0.000028
12303 0.000022
12304 0.000022
12305 0.000018
12306 0.000014
12307 0.000015
12308 0.000021
12309 0.000021
12310 0.000019
12311 0.000019
12312 0.000025
12313 0.000024
12314 0.000010
12315 0.000015
12316 0.000014
12317 0.000020
12318 0.000009
12319 0.000005
12320 0.000014
12321 0.000017
12322 0.000038
12323 0.000044
12324 0.000040
12325 0.000016
12326 0.000010
12327 0.000024
12328 0.000013
12329 0.000019
12330 0.000011
12331 0.000022
12332 0.000031
12333 0.000032
12334 0.000017
12335 0.000036
12336 0.000013
12337 0.000018
12338 0.000012
12339 0.000006
12340 0.000012
12341 0.000005
12342 0.000007
12343 0.000006
12344 0.000012
12345 0.000044
12346 0.000022
12347 0.000011
12348 0.000020
12349 0.000035
12350 0.000025
12351 0.000021
12352 0.000009
12353 0.000011
12354 0.000020
12355 0.000020
12356 0.000026
12357 0.000032
12358 0.000015
12359 0.000014
12360 0.000016
12361 0.000022
12362 0.000029
12363 0.000038
12364 0.000014
12365 0.000017
12366 0.000040
12367 0.000029
12368 0.000028
12369 0.000034
12370 0.000051
12371 0.000027
12372 0.000032
12373 0.000010
12374 0.000007
12375 0.000005
12376 0.000020
12377 0.000032
12378 0.000030
12379 0.000018
12380 0.000011
12381 0.000019
12382 0.000016
12383 0.000014
12384 0.000017
12385 0.000018
12386 0.000018
12387 0.000020
12388 0.000035
12389 0.000049
12390 0.000044
12391 0.000012
12392 0.000015
12393 0.000021
12394 0.000025
12395 0.000014
12396 0.000014
12397 0.000009
12398 0.000007
12399 0.000009
12400 0.000009
12401 0.000010
12402 0.000015
12403 0.000009
12404 0.000007
12405 0.000034
12406 0.000037
12407 0.000032
12408 0.000030
12409 0.000019
12410 0.000019
12411 0.000015
12412 0.000019
12413 0.000014
12414 0.000006
12415 0.000011
12416 0.000024
12417 0.000024
12418 0.000035
12419 0.000013
12420 0.000009
12421 0.000005
12422 0.000008
12423 0.000009
12424 0.000006
12425 0.000085
12426 0.000030
12427 0.000011
12428 0.000013
12429 0.000022
12430 0.000007
12431 0.000006
12432 0.000014
12433 0.000007
12434 0.000012
12435 0.000022
12436 0.000016
12437 0.000025
12438 0.000018
12439 0.000021
12440 0.000016
12441 0.000027
12442 0.000026
12443 0.000017
12444 0.000010
12445 0.000021
12446 0.000032
12447 0.000020
12448 0.000025
12449 0.000025
12450 0.000010
12451 0.000007
12452 0.000009
12453 0.000007
12454 0.000011
12455 0.000025
12456 0.000017
12457 0.000030
12458 0.000015
12459 0.000007
12460 0.000023
12461 0.000013
12462 0.000007
12463 0.000021
12464 0.000021
12465 0.000028
12466 0.000028
12467 0.000016
12468 0.000008
12469 0.000006
12470 0.000011
12471 0.000009
12472 0.000010
12473 0.000036
12474 0.000028
12475 0.000022
12476 0.000028
12477 0.000026
12478 0.000039
12479 0.000036
12480 0.000021
12481 0.000021
12482 0.000021
12483 0.000046
12484 0.000016
12485 0.000013
12486 0.000017
12487 0.000045
12488 0.000017
12489 0.000013
12490 0.000014
12491 0.000009
12492 0.000041
12493 0.000024
12494 0.000010
12495 0.000031
12496 0.000015
12497 0.000041
12498 0.000015
12499 0.000011
12500 0.000008
12501 0.000006
12502 0.000015
12503 0.000009
12504 0.000007
12505 0.000008
12506 0.000010
12507 0.000006
12508 0.000029
12509 0.000011
12510 0.000013
12511 0.000039
12512 0.000044
12513 0.000028
12514 0.000044
12515 0.000031
12516 0.000017
12517 0.000023
12518 0.000031
12519 0.000029
12520 0.000040
12521 0.000018
12522 0.000030
12523 0.000026
12524 0.000034
12525 0.000039
12526 0.000038
12527 0.000014
12528 0.000005
12529 0.000011
12530 0.000031
12531 0.000010
12532 0.000026
12533 0.000020
12534 0.000020
12535 0.000015
12536 0.000005
12537 0.000016
12538 0.000020
12539 0.000012
12540 0.000006
12541 0.000018
12542 0.000008
12543 0.000016
12544 0.000039
12545 0.000010
12546 0.000006
12547 0.000005
12548 0.000008
12549 0.000005
12550 0.000017
12551 0.000015
12552 0.000022
12553 0.000036
12554 0.000018
12555 0.000018
12556 0.000019
12557 0.000020
12558 0.000013
12559 0.000008
12560 0.000006
12561 0.000012
12562 0.000037
12563 0.000035
12564 0.000022
12565 0.000028
12566 0.000020
12567 0.000020
12568 0.000023
12569 0.000029
12570 0.000027
12571 0.000034
12572 0.000038
12573 0.000058
12574 0.000037
12575 0.000034
12576 0.000040
12577 0.000058
12578 0.000039
12579 0.000018
12580 0.000008
12581 0.000006
12582 0.000017
12583 0.000018
12584 0.000010
12585 0.000014
12586 0.000025
12587 0.000010
12588 0.000010
12589 0.000011
12590 0.000012
12591 0.000007
12592 0.000005
12593 0.000014
12594 0.000016
12595 0.000010
12596 0.000020
12597 0.000024
12598 0.000023
12599 0.000010
12600 0.000011
12601 0.000018
12602 0.000034
12603 0.000040
12604 0.000044
12605 0.000034
12606 0.000031
12607 0.000012
12608 0.000013
12609 0.000009
12610 0.000011
12611 0.000006
12612 0.000013
12613 0.000008
12614 0.000005
12615 0.000021
12616 0.000028
12617 0.000021
12618 0.000006
12619 0.000014
12620 0.000028
12621 0.000016
12622 0.000017
12623 0.000032
12624 0.000024
12625 0.000010
12626 0.000007
12627 0.000021
12628 0.000014
12629 0.000022
12630 0.000022
12631 0.000021
12632 0.000021
12633 0.000021
12634 0.000012
12635 0.000034
12636 0.000032
12637 0.000030
12638 0.000014
12639 0.000023
12640 0.000013
12641 0.000011
12642 0.000008
12643 0.000010
12644 0.000008
12645 0.000012
12646 0.000013
12647 0.000009
12648 0.000013
12649 0.000014
12650 0.000009
12651 0.000021
12652 0.000023
12653 0.000040
12654 0.000041
12655 0.000038
12656 0.000014
12657 0.000018
12658 0.000025
12659 0.000025
12660 0.000032
12661 0.000016
12662 0.000032
12663 0.000030
12664 0.000037
12665 0.000040
12666 0.000031
12667 0.000038
12668 0.000019
12669 0.000011
12670 0.000008
12671 0.000011
12672 0.000017
12673 0.000032
12674 0.000030
12675 0.000021
12676 0.000012
12677 0.000008
12678 0.000013
12679 0.000013
12680 0.000014
12681 0.000009
12682 0.000016
12683 0.000017
12684 0.000009
12685 0.000006
12686 0.000008
12687 0.000010
12688 0.000022
12689 0.000021
12690 0.000017
12691 0.000018
12692 0.000011
12693 0.000017
12694 0.000023
12695 0.000013
12696 0.000008
12697 0.000007
12698 0.000008
12699 0.000010
12700 0.000015
12701 0.000013
12702 0.000020
12703 0.000020
12704 0.000011
12705 0.000010
12706 0.000006
12707 0.000019
12708 0.000019
12709 0.000011
12710 0.000008
12711 0.000012
12712 0.000011
12713 0.000008
12714 0.000010
12715 0.000007
12716 0.000019
12717 0.000007
12718 0.000013
12719 0.000020
12720 0.000020
12721 0.000013
12722 0.000019
12723 0.000013
12724 0.000031
12725 0.000012
12726 0.000017
12727 0.000019
12728 0.000019
12729 0.000014
12730 0.000024
12731 0.000030
12732 0.000029
12733 0.000021
12734 0.000021
12735 0.000025
12736 0.000020
12737 0.000028
12738 0.000027
12739 0.000026
12740 0.000016
12741 0.000009
12742 0.000007
12743 0.000006
12744 0.000008
12745 0.000010
12746 0.000010
12747 0.000014
12748 0.000033
12749 0.000031
12750 0.000045
12751 0.000022
12752 0.000026
12753 0.000025
12754 0.000014
12755 0.000013
12756 0.000008
12757 0.000016
12758 0.000018
12759 0.000018
12760 0.000034
12761 0.000024
12762 0.000010
12763 0.000008
12764 0.000005
12765 0.000005
12766 0.000005
12767 0.000011
12768 0.000008
12769 0.000025
12770 0.000028
12771 0.000019
12772 0.000020
12773 0.000011
12774 0.000014
12775 0.000022
12776 0.000021
12777 0.000009
12778 0.000011
12779 0.000008
12780 0.000024
12781 0.000018
12782 0.000027
12783 0.000014
12784 0.000014
12785 0.000007
12786 0.000009
12787 0.000033
12788 0.000034
12789 0.000040
12790 0.000024
12791 0.000013
12792 0.000010
12793 0.000012
12794 0.000020
12795 0.000012
12796 0.000013
12797 0.000025
12798 0.000028
12799 0.000025
12800 0.000014
12801 0.000033
12802 0.000029
12803 0.000036
12804 0.000055
12805 0.000031
12806 0.000016
12807 0.000010
12808 0.000005
12809 0.000025
12810 0.000027
12811 0.000033
12812 0.000012
12813 0.000007
12814 0.000021
12815 0.000026
12816 0.000015
12817 0.000016
12818 0.000029
12819 0.000027
12820 0.000024
12821 0.000035
12822 0.000013
12823 0.000017
12824 0.000016
12825 0.000010
12826 0.000010
12827 0.000010
12828 0.000009
12829 0.000007
12830 0.000005
12831 0.000015
12832 0.000014
12833 0.000020
12834 0.000030
12835 0.000040
12836 0.000020
12837 0.000023
12838 0.000037
12839 0.000043
12840 0.000024
12841 0.000013
12842 0.000016
12843 0.000014
12844 0.000013
12845 0.000014
12846 0.000025
12847 0.000014
12848 0.000015
12849 0.000024
12850 0.000008
12851 0.000013
12852 0.000029
12853 0.000028
12854 0.000056
12855 0.000019
12856 0.000030
12857 0.000030
12858 0.000031
12859 0.000019
12860 0.000015
12861 0.000016
12862 0.000017
12863 0.000008
12864 0.000029
12865 0.000011
12866 0.000020
12867 0.000023
12868 0.000022
12869 0.000009
12870 0.000016
12871 0.000044
12872 0.000018
12873 0.000023
12874 0.000028
12875 0.000015
12876 0.000016
12877 0.000023
12878 0.000019
12879 0.000011
12880 0.000017
12881 0.000020
12882 0.000013
12883 0.000028
12884 0.000053
12885 0.000023
12886 0.000020
12887 0.000023
12888 0.000022
12889 0.000013
12890 0.000014
12891 0.000007
12892 0.000010
12893 0.000031
12894 0.000030
12895 0.000033
12896 0.000012
12897 0.000008
12898 0.000022
12899 0.000022
12900 0.000017
12901 0.000010
12902 0.000007
12903 0.000017
12904 0.000010
12905 0.000017
12906 0.000008
12907 0.000006
12908 0.000008
12909 0.000009
12910 0.000011
12911 0.000006
12912 0.000023
12913 0.000035
12914 0.000024
12915 0.000023
12916 0.000027
12917 0.000056
12918 0.000027
12919 0.000014
12920 0.000018
12921 0.000026
12922 0.000025
12923 0.000015
12924 0.000059
12925 0.000023
12926 0.000017
12927 0.000010
12928 0.000012
12929 0.000013
12930 0.000010
12931 0.000007
12932 0.000028
12933 0.000042
12934 0.000039
12935 0.000020
12936 0.000011
12937 0.000008
12938 0.000006
12939 0.000014
12940 0.000020
12941 0.000024
12942 0.000041
12943 0.000026
12944 0.000010
12945 0.000010
12946 0.000016
12947 0.000027
12948 0.000015
12949 0.000028
12950 0.000017
12951 0.000017
12952 0.000010
12953 0.000018
12954 0.000011
12955 0.000012
12956 0.000021
12957 0.000022
12958 0.000035
12959 0.000052
12960 0.000026
12961 0.000035
12962 0.000018
12963 0.000017
12964 0.000014
12965 0.000007
12966 0.000016
12967 0.000043
12968 0.000021
12969 0.000009
12970 0.000046
12971 0.000023
12972 0.000019
12973 0.000011
12974 0.000026
12975 0.000028
12976 0.000028
12977 0.000020
12978 0.000027
12979 0.000030
12980 0.000025
12981 0.000029
12982 0.000059
12983 0.000082
12984 0.000085
12985 0.000049
12986 0.000051
12987 0.000036
12988 0.000023
12989 0.000041
12990 0.000041
12991 0.000015
12992 0.000021
12993 0.000015
12994 0.000025
12995 0.000029
12996 0.000011
12997 0.000017
12998 0.000015
12999 0.000017
13000 0.000018
13001 0.000018
13002 0.000008
13003 0.000023
13004 0.000022
13005 0.000028
13006 0.000029
13007 0.000024
13008 0.000042
13009 0.000028
13010 0.000037
13011 0.000034
13012 0.000013
13013 0.000038
13014 0.000034
13015 0.000027
13016 0.000011
13017 0.000014
13018 0.000009
13019 0.000009
13020 0.000007
13021 0.000012
13022 0.000006
13023 0.000012
13024 0.000015
13025 0.000013
13026 0.000020
13027 0.000014
13028 0.000015
13029 0.000016
13030 0.000016
13031 0.000021
13032 0.000016
13033 0.000012
13034 0.000029
13035 0.000008
13036 0.000010
13037 0.000010
13038 0.000007
13039 0.000006
13040 0.000013
13041 0.000008
13042 0.000005
13043 0.000038
13044 0.000019
13045 0.000019
13046 0.000011
13047 0.000008
13048 0.000006
13049 0.000008
13050 0.000014
13051 0.000011
13052 0.000008
13053 0.000005
13054 0.000010
13055 0.000017
13056 0.000014
13057 0.000017
13058 0.000024
13059 0.000024
13060 0.000023
13061 0.000034
13062 0.000017
13063 0.000010
13064 0.000012
13065 0.000017
13066 0.000012
13067 0.000006
13068 0.000006
13069 0.000011
13070 0.000026
13071 0.000025
13072 0.000026
13073 0.000025
13074 0.000014
13075 0.000007
13076 0.000006
13077 0.000007
13078 0.000015
13079 0.000019
13080 0.000019
13081 0.000019
13082 0.000021
13083 0.000018
13084 0.000008
13085 0.000011
13086 0.000012
13087 0.000008
13088 0.000010
13089 0.000011
13090 0.000013
13091 0.000026
13092 0.000025
13093 0.000031
13094 0.000024
13095 0.000035
13096 0.000045
13097 0.000021
13098 0.000012
13099 0.000014
13100 0.000009
13101 0.000009
13102 0.000015
13103 0.000007
13104 0.000021
13105 0.000014
13106 0.000009
13107 0.000007
13108 0.000011
13109 0.000012
13110 0.000016
13111 0.000022
13112 0.000012
13113 0.000011
13114 0.000018
13115 0.000036
13116 0.000037
13117 0.000039
13118 0.000036
13119 0.000039
13120 0.000039
13121 0.000036
13122 0.000009
13123 0.000017
13124 0.000017
13125 0.000010
13126 0.000025
13127 0.000014
13128 0.000021
13129 0.000012
13130 0.000017
13131 0.000008
13132 0.000013
13133 0.000011
13134 0.000011
13135 0.000006
13136 0.000014
13137 0.000026
13138 0.000036
13139 0.000023
13140 0.000030
13141 0.000025
13142 0.000012
13143 0.000013
13144 0.000016
13145 0.000024
13146 0.000013
13147 0.000017
13148 0.000020
13149 0.000007
13150 0.000026
13151 0.000014
13152 0.000021
13153 0.000011
13154 0.000012
13155 0.000006
13156 0.000004
13157 0.000004
13158 0.000029
13159 0.000009
13160 0.000011
13161 0.000010
13162 0.000011
13163 0.000042
13164 0.000017
13165 0.000008
13166 0.000018
13167 0.000010
13168 0.000018
13169 0.000027
13170 0.000011
13171 0.000006
13172 0.000015
13173 0.000006
13174 0.000029
13175 0.000009
13176 0.000011
13177 0.000013
13178 0.000014
13179 0.000014
13180 0.000020
13181 0.000012
13182 0.000013
13183 0.000012
13184 0.000007
13185 0.000019
13186 0.000032
13187 0.000012
13188 0.000013
13189 0.000012
13190 0.000017
13191 0.000014
13192 0.000021
13193 0.000012
13194 0.000008
13195 0.000019
13196 0.000023
13197 0.000013
13198 0.000010
13199 0.000007
13200 0.000014
13201 0.000013
13202 0.000008
13203 0.000008
13204 0.000014
13205 0.000017
13206 0.000017
13207 0.000029
13208 0.000033
13209 0.000017
13210 0.000026
13211 0.000033
13212 0.000037
13213 0.000034
13214 0.000045
13215 0.000013
13216 0.000014
13217 0.000011
13218 0.000008
13219 0.000009
13220 0.000018
13221 0.000018
13222 0.000016
13223 0.000012
13224 0.000025
13225 0.000030
13226 0.000014
13227 0.000009
13228 0.000021
13229 0.000012
13230 0.000013
13231 0.000018
13232 0.000033
13233 0.000017
13234 0.000008
13235 0.000025
13236 0.000024
13237 0.000013
13238 0.000009
13239 0.000005
13240 0.000022
13241 0.000037
13242 0.000046
13243 0.000022
13244 0.000009
13245 0.000013
13246 0.000009
13247 0.000009
13248 0.000012
13249 0.000022
13250 0.000021
13251 0.000034
13252 0.000013
13253 0.000007
13254 0.000017
13255 0.000017
13256 0.000017
13257 0.000016
13258 0.000017
13259 0.000010
13260 0.000012
13261 0.000008
13262 0.000012
13263 0.000006
13264 0.000008
13265 0.000005
13266 0.000013
13267 0.000016
13268 0.000010
13269 0.000019
13270 0.000024
13271 0.000010
13272 0.000031
13273 0.000016
13274 0.000019
13275 0.000028
13276 0.000041
13277 0.000023
13278 0.000026
13279 0.000031
13280 0.000033
13281 0.000015
13282 0.000014
13283 0.000014
13284 0.000016
13285 0.000013
13286 0.000013
13287 0.000012
13288 0.000021
13289 0.000012
13290 0.000010
13291 0.000013
13292 0.000022
13293 0.000018
13294 0.000023
13295 0.000018
13296 0.000018
13297 0.000007
13298 0.000006
13299 0.000017
13300 0.000013
13301 0.000011
13302 0.000036
13303 0.000018
13304 0.000020
13305 0.000042
13306 0.000021
13307 0.000020
13308 0.000017
13309 0.000028
13310 0.000020
13311 0.000031
13312 0.000016
13313 0.000013
13314 0.000014
13315 0.000009
13316 0.000008
13317 0.000010
13318 0.000010
13319 0.000013
13320 0.000031
13321 0.000030
13322 0.000028
13323 0.000030
13324 0.000040
13325 0.000054
13326 0.000051
13327 0.000047
13328 0.000052
13329 0.000029
13330 0.000015
13331 0.000013
13332 0.000012
13333 0.000026
13334 0.000024
13335 0.000013
13336 0.000008
13337 0.000014
13338 0.000024
13339 0.000030
13340 0.000028
13341 0.000027
13342 0.000016
13343 0.000012
13344 0.000020
13345 0.000030
13346 0.000016
13347 0.000031
13348 0.000022
13349 0.000029
13350 0.000018
13351 0.000013
13352 0.000009
13353 0.000039
13354 0.000016
13355 0.000011
13356 0.000007
13357 0.000010
13358 0.000011
13359 0.000014
13360 0.000006
13361 0.000007
13362 0.000009
13363 0.000009
13364 0.000024
13365 0.000024
13366 0.000007
13367 0.000005
13368 0.000008
13369 0.000010
13370 0.000012
13371 0.000011
13372 0.000014
13373 0.000006
13374 0.000023
13375 0.000013
13376 0.000008
13377 0.000010
13378 0.000007
13379 0.000019
13380 0.000014
13381 0.000009
13382 0.000014
13383 0.000015
13384 0.000020
13385 0.000023
13386 0.000021
13387 0.000017
13388 0.000018
13389 0.000012
13390 0.000017
13391 0.000017
13392 0.000019
13393 0.000019
13394 0.000032
13395 0.000010
13396 0.000007
13397 0.000009
13398 0.000007
13399 0.000006
13400 0.000006
13401 0.000005
13402 0.000008
13403 0.000009
13404 0.000010
13405 0.000012
13406 0.000013
13407 0.000019
13408 0.000008
13409 0.000010
13410 0.000018
13411 0.000013
13412 0.000016
13413 0.000010
13414 0.000008
13415 0.000010
13416 0.000024
13417 0.000018
13418 0.000020
13419 0.000021
13420 0.000008
13421 0.000032
13422 0.000008
13423 0.000004
13424 0.000007
13425 0.000011
13426 0.000007
13427 0.000016
13428 0.000016
13429 0.000014
13430 0.000013
13431 0.000012
13432 0.000027
13433 0.000020
13434 0.000009
13435 0.000007
13436 0.000006
13437 0.000030
13438 0.000032
13439 0.000038
13440 0.000035
13441 0.000033
13442 0.000012
13443 0.000015
13444 0.000022
13445 0.000012
13446 0.000030
13447 0.000009
13448 0.000014
13449 0.000013
13450 0.000029
13451 0.000015
13452 0.000009
13453 0.000013
13454 0.000020
13455 0.000022
13456 0.000014
13457 0.000026
13458 0.000025
13459 0.000024
13460 0.000013
13461 0.000022
13462 0.000012
13463 0.000008
13464 0.000007
13465 0.000006
13466 0.000023
13467 0.000013
13468 0.000017
13469 0.000015
13470 0.000009
13471 0.000007
13472 0.000005
13473 0.000004
13474 0.000006
13475 0.000016
13476 0.000019
13477 0.000020
13478 0.000020
13479 0.000007
13480 0.000009
13481 0.000024
13482 0.000035
13483 0.000040
13484 0.000043
13485 0.000020
13486 0.000019
13487 0.000011
13488 0.000015
13489 0.000009
13490 0.000012
13491 0.000014
13492 0.000030
13493 0.000012
13494 0.000005
13495 0.000038
13496 0.000019
13497 0.000016
13498 0.000010
13499 0.000009
13500 0.000014
13501 0.000022
13502 0.000009
13503 0.000015
13504 0.000043
13505 0.000021
13506 0.000019
13507 0.000011
13508 0.000028
13509 0.000033
13510 0.000031
13511 0.000029
13512 0.000040
13513 0.000020
13514 0.000018
13515 0.000008
13516 0.000010
13517 0.000011
13518 0.000008
13519 0.000016
13520 0.000025
13521 0.000033
13522 0.000033
13523 0.000025
13524 0.000033
13525 0.000031
13526 0.000037
13527 0.000043
13528 0.000050
13529 0.000065
13530 0.000041
13531 0.000029
13532 0.000018
13533 0.000018
13534 0.000013
13535 0.000014
13536 0.000018
13537 0.000026
13538 0.000027
13539 0.000015
13540 0.000022
13541 0.000023
13542 0.000022
13543 0.000022
13544 0.000018
13545 0.000053
13546 0.000026
13547 0.000026
13548 0.000029
13549 0.000017
13550 0.000013
13551 0.000021
13552 0.000025
13553 0.000021
13554 0.000012
13555 0.000008
13556 0.000009
13557 0.000011
13558 0.000045
13559 0.000016
13560 0.000017
13561 0.000010
13562 0.000011
13563 0.000021
13564 0.000025
13565 0.000054
13566 0.000021
13567 0.000021
13568 0.000027
13569 0.000014
13570 0.000025
13571 0.000028
13572 0.000022
13573 0.000020
13574 0.000023
13575 0.000017
13576 0.000010
13577 0.000006
13578 0.000020
13579 0.000017
13580 0.000014
13581 0.000020
13582 0.000031
13583 0.000034
13584 0.000024
13585 0.000036
13586 0.000018
13587 0.000007
13588 0.000009
13589 0.000007
13590 0.000016
13591 0.000006
13592 0.000015
13593 0.000021
13594 0.000016
13595 0.000021
13596 0.000032
13597 0.000027
13598 0.000020
13599 0.000033
13600 0.000017
13601 0.000020
13602 0.000011
13603 0.000029
13604 0.000023
13605 0.000040
13606 0.000018
13607 0.000020
13608 0.000020
13609 0.000024
13610 0.000023
13611 0.000023
13612 0.000012
13613 0.000019
13614 0.000011
13615 0.000028
13616 0.000015
13617 0.000011
13618 0.000017
13619 0.000019
13620 0.000013
13621 0.000007
13622 0.000005
13623 0.000005
13624 0.000005
13625 0.000004
13626 0.000014
13627 0.000009
13628 0.000011
13629 0.000027
13630 0.000029
13631 0.000028
13632 0.000034
13633 0.000020
13634 0.000012
13635 0.000013
13636 0.000023
13637 0.000018
13638 0.000010
13639 0.000014
13640 0.000015
13641 0.000015
13642 0.000016
13643 0.000010
13644 0.000038
13645 0.000025
13646 0.000042
13647 0.000035
13648 0.000023
13649 0.000023
13650 0.000022
13651 0.000008
13652 0.000006
13653 0.000017
13654 0.000010
13655 0.000012
13656 0.000013
13657 0.000010
13658 0.000014
13659 0.000014
13660 0.000012
13661 0.000007
13662 0.000012
13663 0.000016
13664 0.000022
13665 0.000022
13666 0.000027
13667 0.000034
13668 0.000043
13669 0.000015
13670 0.000013
13671 0.000014
13672 0.000020
13673 0.000032
13674 0.000019
13675 0.000020
13676 0.000035
13677 0.000019
13678 0.000017
13679 0.000014
13680 0.000017
13681 0.000008
13682 0.000005
13683 0.000013
13684 0.000015
13685 0.000007
13686 0.000006
13687 0.000013
13688 0.000008
13689 0.000011
13690 0.000015
13691 0.000015
13692 0.000016
13693 0.000026
13694 0.000022
13695 0.000012
13696 0.000016
13697 0.000010
13698 0.000006
13699 0.000032
13700 0.000017
13701 0.000014
13702 0.000015
13703 0.000026
13704 0.000007
13705 0.000006
13706 0.000011
13707 0.000030
13708 0.000039
13709 0.000031
13710 0.000043
13711 0.000021
13712 0.000021
13713 0.000015
13714 0.000019
13715 0.000027
13716 0.000028
13717 0.000015
13718 0.000016
13719 0.000010
13720 0.000021
13721 0.000022
13722 0.000022
13723 0.000012
13724 0.000013
13725 0.000028
13726 0.000015
13727 0.000016
13728 0.000016
13729 0.000015
13730 0.000010
13731 0.000013
13732 0.000014
13733 0.000019
13734 0.000023
13735 0.000023
13736 0.000031
13737 0.000023
13738 0.000008
13739 0.000006
13740 0.000008
13741 0.000005
13742 0.000015
13743 0.000024
13744 0.000012
13745 0.000013
13746 0.000025
13747 0.000024
13748 0.000024
13749 0.000013
13750 0.000018
13751 0.000023
13752 0.000025
13753 0.000024
13754 0.000013
13755 0.000027
13756 0.000045
13757 0.000022
13758 0.000022
13759 0.000021
13760 0.000009
13761 0.000019
13762 0.000013
13763 0.000010
13764 0.000012
13765 0.000006
13766 0.000020
13767 0.000026
13768 0.000014
13769 0.000010
13770 0.000009
13771 0.000019
13772 0.000021
13773 0.000009
13774 0.000007
13775 0.000039
13776 0.000046
13777 0.000025
13778 0.000013
13779 0.000023
13780 0.000031
13781 0.000057
13782 0.000032
13783 0.000017
13784 0.000062
13785 0.000059
13786 0.000031
13787 0.000050
13788 0.000049
13789 0.000027
13790 0.000026
13791 0.000018
13792 0.000018
13793 0.000034
13794 0.000020
13795 0.000026
13796 0.000032
13797 0.000022
13798 0.000024
13799 0.000015
13800 0.000016
13801 0.000010
13802 0.000005
13803 0.000004
13804 0.000021
13805 0.000030
13806 0.000021
13807 0.000011
13808 0.000013
13809 0.000008
13810 0.000007
13811 0.000017
13812 0.000019
13813 0.000036
13814 0.000030
13815 0.000030
13816 0.000012
13817 0.000012
13818 0.000036
13819 0.000018
13820 0.000007
13821 0.000032
13822 0.000019
13823 0.000011
13824 0.000013
13825 0.000014
13826 0.000012
13827 0.000008
13828 0.000010
13829 0.000024
13830 0.000032
13831 0.000041
13832 0.000015
13833 0.000015
13834 0.000011
13835 0.000013
13836 0.000021
13837 0.000021
13838 0.000012
13839 0.000021
13840 0.000024
13841 0.000035
13842 0.000042
13843 0.000049
13844 0.000032
13845 0.000019
13846 0.000011
13847 0.000009
13848 0.000013
13849 0.000009
13850 0.000010
13851 0.000008
13852 0.000017
13853 0.000018
13854 0.000036
13855 0.000036
13856 0.000013
13857 0.000009
13858 0.000010
13859 0.000011
13860 0.000015
13861 0.000011
13862 0.000006
13863 0.000010
13864 0.000009
13865 0.000007
13866 0.000015
13867 0.000023
13868 0.000022
13869 0.000034
13870 0.000017
13871 0.000026
13872 0.000010
13873 0.000007
13874 0.000016
13875 0.000015
13876 0.000016
13877 0.000012
13878 0.000013
13879 0.000027
13880 0.000026
13881 0.000028
13882 0.000033
13883 0.000027
13884 0.000017
13885 0.000010
13886 0.000036
13887 0.000034
13888 0.000022
13889 0.000021
13890 0.000021
13891 0.000009
13892 0.000007
13893 0.000015
13894 0.000036
13895 0.000024
13896 0.000022
13897 0.000020
13898 0.000043
13899 0.000039
13900 0.000040
13901 0.000052
13902 0.000027
13903 0.000014
13904 0.000015
13905 0.000006
13906 0.000026
13907 0.000028
13908 0.000031
13909 0.000046
13910 0.000042
13911 0.000026
13912 0.000014
13913 0.000009
13914 0.000022
13915 0.000020
13916 0.000032
13917 0.000040
13918 0.000020
13919 0.000026
13920 0.000034
13921 0.000016
13922 0.000010
13923 0.000036
13924 0.000021
13925 0.000012
13926 0.000012
13927 0.000013
13928 0.000021
13929 0.000013
13930 0.000018
13931 0.000008
13932 0.000022
13933 0.000024
13934 0.000023
13935 0.000023
13936 0.000017
13937 0.000012
13938 0.000013
13939 0.000006
13940 0.000004
13941 0.000006
13942 0.000004
13943 0.000012
13944 0.000008
13945 0.000005
13946 0.000016
13947 0.000014
13948 0.000012
13949 0.000006
13950 0.000013
13951 0.000014
13952 0.000017
13953 0.000015
13954 0.000016
13955 0.000017
13956 0.000015
13957 0.000024
13958 0.000013
13959 0.000016
13960 0.000018
13961 0.000032
13962 0.000022
13963 0.000028
13964 0.000015
13965 0.000014
13966 0.000007
13967 0.000006
13968 0.000008
13969 0.000039
13970 0.000050
13971 0.000050
13972 0.000035
13973 0.000018
13974 0.000025
13975 0.000014
13976 0.000031
13977 0.000016
13978 0.000009
13979 0.000006
13980 0.000008
13981 0.000018
13982 0.000025
13983 0.000021
13984 0.000015
13985 0.000009
13986 0.000019
13987 0.000030
13988 0.000045
13989 0.000022
13990 0.000030
13991 0.000028
13992 0.000035
13993 0.000016
13994 0.000017
13995 0.000017
13996 0.000015
13997 0.000019
13998 0.000011
13999 0.000006
14000 0.000009
14001 0.000011
14002 0.000005
14003 0.000012
14004 0.000018
14005 0.000009
14006 0.000007
14007 0.000009
14008 0.000006
14009 0.000014
14010 0.000015
14011 0.000025
14012 0.000037
14013 0.000019
14014 0.000016
14015 0.000015
14016 0.000012
14017 0.000008
14018 0.000020
14019 0.000021
14020 0.000021
14021 0.000029
14022 0.000023
14023 0.000009
14024 0.000011
14025 0.000012
14026 0.000013
14027 0.000019
14028 0.000032
14029 0.000030
14030 0.000035
14031 0.000043
14032 0.000044
14033 0.000015
14034 0.000023
14035 0.000013
14036 0.000014
14037 0.000027
14038 0.000030
14039 0.000024
14040 0.000023
14041 0.000010
14042 0.000012
14043 0.000030
14044 0.000040
14045 0.000041
14046 0.000038
14047 0.000035
14048 0.000037
14049 0.000032
14050 0.000012
14051 0.000014
14052 0.000015
14053 0.000020
14054 0.000020
14055 0.000012
14056 0.000024
14057 0.000008
14058 0.000009
14059 0.000014
14060 0.000019
14061 0.000011
14062 0.000010
14063 0.000013
14064 0.000010
14065 0.000006
14066 0.000005
14067 0.000016
14068 0.000018
14069 0.000018
14070 0.000017
14071 0.000008
14072 0.000010
14073 0.000022
14074 0.000022
14075 0.000012
14076 0.000041
14077 0.000051
14078 0.000035
14079 0.000033
14080 0.000067
14081 0.000028
14082 0.000037
14083 0.000030
14084 0.000024
14085 0.000029
14086 0.000035
14087 0.000019
14088 0.000011
14089 0.000007
14090 0.000005
14091 0.000005
14092 0.000007
14093 0.000009
14094 0.000016
14095 0.000030
14096 0.000028
14097 0.000027
14098 0.000031
14099 0.000038
14100 0.000014
14101 0.000038
14102 0.000056
14103 0.000027
14104 0.000014
14105 0.000013
14106 0.000014
14107 0.000014
14108 0.000022
14109 0.000029
14110 0.000011
14111 0.000023
14112 0.000018
14113 0.000011
14114 0.000009
14115 0.000015
14116 0.000010
14117 0.000020
14118 0.000023
14119 0.000029
14120 0.000048
14121 0.000025
14122 0.000014
14123 0.000010
14124 0.000012
14125 0.000006
14126 0.000010
14127 0.000022
14128 0.000018
14129 0.000024
14130 0.000024
14131 0.000013
14132 0.000005
14133 0.000022
14134 0.000022
14135 0.000037
14136 0.000034
14137 0.000037
14138 0.000019
14139 0.000011
14140 0.000020
14141 0.000028
14142 0.000043
14143 0.000060
14144 0.000029
14145 0.000029
14146 0.000023
14147 0.000041
14148 0.000041
14149 0.000031
14150 0.000042
14151 0.000018
14152 0.000011
14153 0.000022
14154 0.000022
14155 0.000031
14156 0.000015
14157 0.000013
14158 0.000015
14159 0.000010
14160 0.000015
14161 0.000022
14162 0.000033
14163 0.000048
14164 0.000059
14165 0.000038
14166 0.000036
14167 0.000029
14168 0.000015
14169 0.000010
14170 0.000011
14171 0.000015
14172 0.000015
14173 0.000016
14174 0.000012
14175 0.000021
14176 0.000023
14177 0.000029
14178 0.000027
14179 0.000015
14180 0.000017
14181 0.000019
14182 0.000040
14183 0.000012
14184 0.000008
14185 0.000006
14186 0.000009
14187 0.000012
14188 0.000020
14189 0.000014
14190 0.000018
14191 0.000011
14192 0.000005
14193 0.000004
14194 0.000008
14195 0.000014
14196 0.000015
14197 0.000009
14198 0.000017
14199 0.000017
14200 0.000008
14201 0.000005
14202 0.000007
14203 0.000010
14204 0.000025
14205 0.000015
14206 0.000007
14207 0.000009
14208 0.000011
14209 0.000006
14210 0.000027
14211 0.000025
14212 0.000027
14213 0.000033
14214 0.000045
14215 0.000057
14216 0.000055
14217 0.000032
14218 0.000030
14219 0.000009
14220 0.000032
14221 0.000044
14222 0.000047
14223 0.000047
14224 0.000023
14225 0.000023
14226 0.000041
14227 0.000042
14228 0.000015
14229 0.000006
14230 0.000006
14231 0.000005
14232 0.000005
14233 0.000007
14234 0.000015
14235 0.000009
14236 0.000005
14237 0.000014
14238 0.000030
14239 0.000015
14240 0.000026
14241 0.000025
14242 0.000020
14243 0.000019
14244 0.000017
14245 0.000010
14246 0.000012
14247 0.000008
14248 0.000006
14249 0.000020
14250 0.000041
14251 0.000020
14252 0.000020
14253 0.000009
14254 0.000015
14255 0.000007
14256 0.000017
14257 0.000010
14258 0.000012
14259 0.000038
14260 0.000023
14261 0.000014
14262 0.000009
14263 0.000015
14264 0.000021
14265 0.000020
14266 0.000006
14267 0.000012
14268 0.000022
14269 0.000020
14270 0.000020
14271 0.000020
14272 0.000015
14273 0.000015
14274 0.000024
14275 0.000023
14276 0.000020
14277 0.000009
14278 0.000005
14279 0.000011
14280 0.000008
14281 0.000041
14282 0.000032
14283 0.000021
14284 0.000030
14285 0.000020
14286 0.000033
14287 0.000031
14288 0.000012
14289 0.000014
14290 0.000023
14291 0.000029
14292 0.000028
14293 0.000036
14294 0.000018
14295 0.000011
14296 0.000006
14297 0.000006
14298 0.000024
14299 0.000013
14300 0.000020
14301 0.000022
14302 0.000028
14303 0.000020
14304 0.000026
14305 0.000030
14306 0.000032
14307 0.000029
14308 0.000027
14309 0.000040
14310 0.000029
14311 0.000018
14312 0.000035
14313 0.000026
14314 0.000024
14315 0.000033
14316 0.000010
14317 0.000007
14318 0.000005
14319 0.000004
14320 0.000009
14321 0.000007
14322 0.000016
14323 0.000009
14324 0.000012
14325 0.000041
14326 0.000023
14327 0.000023
14328 0.000013
14329 0.000014
14330 0.000007
14331 0.000023
14332 0.000013
14333 0.000013
14334 0.000014
14335 0.000015
14336 0.000016
14337 0.000011
14338 0.000008
14339 0.000009
14340 0.000011
14341 0.000005
14342 0.000007
14343 0.000006
14344 0.000006
14345 0.000015
14346 0.000011
14347 0.000015
14348 0.000015
14349 0.000007
14350 0.000007
14351 0.000005
14352 0.000014
14353 0.000023
14354 0.000022
14355 0.000013
14356 0.000007
14357 0.000026
14358 0.000014
14359 0.000024
14360 0.000023
14361 0.000015
14362 0.000009
14363 0.000016
14364 0.000012
14365 0.000026
14366 0.000010
14367 0.000013
14368 0.000005
14369 0.000010
14370 0.000011
14371 0.000031
14372 0.000038
14373 0.000029
14374 0.000030
14375 0.000030
14376 0.000028
14377 0.000021
14378 0.000011
14379 0.000008
14380 0.000014
14381 0.000015
14382 0.000016
14383 0.000036
14384 0.000040
14385 0.000020
14386 0.000020
14387 0.000020
14388 0.000015
14389 0.000006
14390 0.000011
14391 0.000019
14392 0.000019
14393 0.000011
14394 0.000012
14395 0.000026
14396 0.000030
14397 0.000035
14398 0.000015
14399 0.000016
14400 0.000029
14401 0.000028
14402 0.000019
14403 0.000012
14404 0.000005
14405 0.000007
14406 0.000022
14407 0.000022
14408 0.000022
14409 0.000025
14410 0.000031
14411 0.000016
14412 0.000035
14413 0.000020
14414 0.000022
14415 0.000022
14416 0.000012
14417 0.000021
14418 0.000036
14419 0.000024
14420 0.000028
14421 0.000020
14422 0.000015
14423 0.000016
14424 0.000017
14425 0.000023
14426 0.000041
14427 0.000042
14428 0.000040
14429 0.000025
14430 0.000014
14431 0.000016
14432 0.000021
14433 0.000012
14434 0.000013
14435 0.000017
14436 0.000023
14437 0.000041
14438 0.000038
14439 0.000058
14440 0.000062
14441 0.000022
14442 0.000029
14443 0.000056
14444 0.000035
14445 0.000013
14446 0.000009
14447 0.000005
14448 0.000005
14449 0.000005
14450 0.000015
14451 0.000014
14452 0.000027
14453 0.000041
14454 0.000012
14455 0.000018
14456 0.000008
14457 0.000013
14458 0.000019
14459 0.000019
14460 0.000021
14461 0.000029
14462 0.000021
14463 0.000012
14464 0.000011
14465 0.000010
14466 0.000010
14467 0.000012
14468 0.000019
14469 0.000011
14470 0.000019
14471 0.000027
14472 0.000029
14473 0.000017
14474 0.000020
14475 0.000016
14476 0.000019
14477 0.000030
14478 0.000029
14479 0.000036
14480 0.000018
14481 0.000008
14482 0.000010
14483 0.000037
14484 0.000022
14485 0.000012
14486 0.000014
14487 0.000026
14488 0.000014
14489 0.000009
14490 0.000007
14491 0.000009
14492 0.000007
14493 0.000021
14494 0.000026
14495 0.000014
14496 0.000026
14497 0.000017
14498 0.000022
14499 0.000016
14500 0.000027
14501 0.000026
14502 0.000020
14503 0.000016
14504 0.000028
14505 0.000032
14506 0.000012
14507 0.000006
14508 0.000011
14509 0.000012
14510 0.000017
14511 0.000030
14512 0.000029
14513 0.000032
14514 0.000044
14515 0.000032
14516 0.000030
14517 0.000016
14518 0.000017
14519 0.000010
14520 0.000019
14521 0.000030
14522 0.000029
14523 0.000014
14524 0.000013
14525 0.000013
14526 0.000008
14527 0.000011
14528 0.000013
14529 0.000032
14530 0.000026
14531 0.000019
14532 0.000032
14533 0.000031
14534 0.000027
14535 0.000036
14536 0.000024
14537 0.000010
14538 0.000007
14539 0.000013
14540 0.000007
14541 0.000007
14542 0.000021
14543 0.000012
14544 0.000006
14545 0.000031
14546 0.000047
14547 0.000027
14548 0.000011
14549 0.000025
14550 0.000035
14551 0.000018
14552 0.000014
14553 0.000016
14554 0.000018
14555 0.000012
14556 0.000011
14557 0.000008
14558 0.000016
14559 0.000010
14560 0.000013
14561 0.000039
14562 0.000030
14563 0.000048
14564 0.000056
14565 0.000052
14566 0.000025
14567 0.000030
14568 0.000036
14569 0.000034
14570 0.000018
14571 0.000009
14572 0.000007
14573 0.000023
14574 0.000021
14575 0.000013
14576 0.000022
14577 0.000013
14578 0.000010
14579 0.000009
14580 0.000018
14581 0.000018
14582 0.000018
14583 0.000008
14584 0.000010
14585 0.000012
14586 0.000015
14587 0.000029
14588 0.000017
14589 0.000023
14590 0.000014
14591 0.000012
14592 0.000006
14593 0.000006
14594 0.000005
14595 0.000015
14596 0.000036
14597 0.000026
14598 0.000047
14599 0.000035
14600 0.000014
14601 0.000015
14602 0.000016
14603 0.000011
14604 0.000013
14605 0.000013
14606 0.000007
14607 0.000016
14608 0.000035
14609 0.000044
14610 0.000016
14611 0.000020
14612 0.000022
14613 0.000012
14614 0.000014
14615 0.000037
14616 0.000025
14617 0.000038
14618 0.000014
14619 0.000015
14620 0.000007
14621 0.000010
14622 0.000028
14623 0.000009
14624 0.000019
14625 0.000015
14626 0.000009
14627 0.000027
14628 0.000014
14629 0.000021
14630 0.000048
14631 0.000052
14632 0.000053
14633 0.000051
14634 0.000040
14635 0.000037
14636 0.000019
14637 0.000016
14638 0.000008
14639 0.000008
14640 0.000007
14641 0.000009
14642 0.000010
14643 0.000030
14644 0.000011
14645 0.000011
14646 0.000011
14647 0.000019
14648 0.000021
14649 0.000028
14650 0.000023
14651 0.000025
14652 0.000032
14653 0.000019
14654 0.000010
14655 0.000009
14656 0.000014
14657 0.000007
14658 0.000009
14659 0.000011
14660 0.000034
14661 0.000016
14662 0.000012
14663 0.000024
14664 0.000015
14665 0.000033
14666 0.000012
14667 0.000014
14668 0.000021
14669 0.000039
14670 0.000014
14671 0.000027
14672 0.000014
14673 0.000011
14674 0.000024
14675 0.000012
14676 0.000011
14677 0.000013
14678 0.000018
14679 0.000011
14680 0.000021
14681 0.000015
14682 0.000012
14683 0.000008
14684 0.000025
14685 0.000013
14686 0.000018
14687 0.000017
14688 0.000016
14689 0.000014
14690 0.000006
14691 0.000018
14692 0.000021
14693 0.000021
14694 0.000028
14695 0.000030
14696 0.000034
14697 0.000041
14698 0.000020
14699 0.000006
14700 0.000006
14701 0.000009
14702 0.000017
14703 0.000024
14704 0.000031
14705 0.000023
14706 0.000022
14707 0.000021
14708 0.000012
14709 0.000010
14710 0.000025
14711 0.000017
14712 0.000008
14713 0.000006
14714 0.000007
14715 0.000016
14716 0.000024
14717 0.000043
14718 0.000015
14719 0.000016
14720 0.000010
14721 0.000017
14722 0.000010
14723 0.000018
14724 0.000031
14725 0.000023
14726 0.000013
14727 0.000024
14728 0.000013
14729 0.000028
14730 0.000017
14731 0.000021
14732 0.000015
14733 0.000022
14734 0.000016
14735 0.000010
14736 0.000011
14737 0.000023
14738 0.000029
14739 0.000016
14740 0.000017
14741 0.000017
14742 0.000031
14743 0.000023
14744 0.000013
14745 0.000026
14746 0.000014
14747 0.000025
14748 0.000014
14749 0.000015
14750 0.000019
14751 0.000019
14752 0.000037
14753 0.000055
14754 0.000029
14755 0.000017
14756 0.000007
14757 0.000024
14758 0.000017
14759 0.000028
14760 0.000015
14761 0.000015
14762 0.000016
14763 0.000016
14764 0.000017
14765 0.000031
14766 0.000023
14767 0.000036
14768 0.000029
14769 0.000038
14770 0.000035
14771 0.000010
14772 0.000010
14773 0.000017
14774 0.000014
14775 0.000009
14776 0.000017
14777 0.000019
14778 0.000007
14779 0.000016
14780 0.000006
14781 0.000006
14782 0.000014
14783 0.000032
14784 0.000016
14785 0.000019
14786 0.000016
14787 0.000010
14788 0.000010
14789 0.000016
14790 0.000010
14791 0.000014
14792 0.000018
14793 0.000017
14794 0.000010
14795 0.000007
14796 0.000016
14797 0.000039
14798 0.000025
14799 0.000024
14800 0.000025
14801 0.000052
14802 0.000014
14803 0.000017
14804 0.000010
14805 0.000014
14806 0.000007
14807 0.000006
14808 0.000008
14809 0.000014
14810 0.000024
14811 0.000027
14812 0.000015
14813 0.000009
14814 0.000006
14815 0.000005
14816 0.000018
14817 0.000011
14818 0.000023
14819 0.000032
14820 0.000035
14821 0.000017
14822 0.000028
14823 0.000011
14824 0.000022
14825 0.000021
14826 0.000021
14827 0.000009
14828 0.000007
14829 0.000016
14830 0.000016
14831 0.000014
14832 0.000007
14833 0.000024
14834 0.000013
14835 0.000012
14836 0.000053
14837 0.000042
14838 0.000039
14839 0.000011
14840 0.000022
14841 0.000017
14842 0.000024
14843 0.000025
14844 0.000014
14845 0.000007
14846 0.000017
14847 0.000012
14848 0.000025
14849 0.000024
14850 0.000032
14851 0.000014
14852 0.000015
14853 0.000022
14854 0.000021
14855 0.000012
14856 0.000039
14857 0.000020
14858 0.000020
14859 0.000020
14860 0.000020
14861 0.000020
14862 0.000035
14863 0.000013
14864 0.000030
14865 0.000038
14866 0.000039
14867 0.000020
14868 0.000042
14869 0.000028
14870 0.000016
14871 0.000013
14872 0.000007
14873 0.000011
14874 0.000019
14875 0.000011
14876 0.000018
14877 0.000031
14878 0.000014
14879 0.000034
14880 0.000013
14881 0.000023
14882 0.000025
14883 0.000027
14884 0.000050
14885 0.000017
14886 0.000022
14887 0.000024
14888 0.000023
14889 0.000013
14890 0.000009
14891 0.000010
14892 0.000011
14893 0.000013
14894 0.000020
14895 0.000020
14896 0.000024
14897 0.000023
14898 0.000031
14899 0.000016
14900 0.000008
14901 0.000021
14902 0.000020
14903 0.000018
14904 0.000015
14905 0.000015
14906 0.000021
14907 0.000020
14908 0.000038
14909 0.000035
14910 0.000015
14911 0.000013
14912 0.000019
14913 0.000027
14914 0.000021
14915 0.000025
14916 0.000012
14917 0.000013
14918 0.000018
14919 0.000018
14920 0.000006
14921 0.000026
14922 0.000037
14923 0.000025
14924 0.000024
14925 0.000023
14926 0.000014
14927 0.000016
14928 0.000013
14929 0.000016
14930 0.000008
14931 0.000006
14932 0.000008
14933 0.000016
14934 0.000054
14935 0.000026
14936 0.000010
14937 0.000016
14938 0.000017
14939 0.000013
14940 0.000018
14941 0.000023
14942 0.000032
14943 0.000033
14944 0.000020
14945 0.000020
14946 0.000040
14947 0.000047
14948 0.000064
14949 0.000021
14950 0.000016
14951 0.000023
14952 0.000031
14953 0.000030
14954 0.000028
14955 0.000018
14956 0.000030
14957 0.000011
14958 0.000023
14959 0.000023
14960 0.000037
14961 0.000019
14962 0.000025
14963 0.000014
14964 0.000018
14965 0.000028
14966 0.000031
14967 0.000016
14968 0.000025
14969 0.000022
14970 0.000012
14971 0.000018
14972 0.000032
14973 0.000032
14974 0.000015
14975 0.000009
14976 0.000011
14977 0.000008
14978 0.000008
14979 0.000017
14980 0.000030
14981 0.000020
14982 0.000037
14983 0.000023
14984 0.000013
14985 0.000015
14986 0.000009
14987 0.000017
14988 0.000017
14989 0.000018
14990 0.000018
14991 0.000031
14992 0.000034
14993 0.000035
14994 0.000025
14995 0.000014
14996 0.000016
14997 0.000018
14998 0.000012
14999 0.000022
15000 0.000033
15001 0.000015
15002 0.000015
15003 0.000026
15004 0.000027
15005 0.000016
15006 0.000010
15007 0.000017
15008 0.000027
15009 0.000013
15010 0.000016
15011 0.000023
15012 0.000013
15013 0.000019
15014 0.000019
15015 0.000026
15016 0.000014
15017 0.000018
15018 0.000018
15019 0.000027
15020 0.000056
15021 0.000030
15022 0.000016
15023 0.000025
15024 0.000044
15025 0.000068
15026 0.000022
15027 0.000019
15028 0.000020
15029 0.000009
15030 0.000005
15031 0.000005
15032 0.000011
15033 0.000013
15034 0.000017
15035 0.000014
15036 0.000018
15037 0.000016
15038 0.000013
15039 0.000015
15040 0.000030
15041 0.000022
15042 0.000030
15043 0.000033
15044 0.000023
15045 0.000047
15046 0.000051
15047 0.000031
15048 0.000044
15049 0.000022
15050 0.000016
15051 0.000010
15052 0.000010
15053 0.000012
15054 0.000022
15055 0.000013
15056 0.000006
15057 0.000022
15058 0.000008
15059 0.000010
15060 0.000006
15061 0.000008
15062 0.000016
15063 0.000010
15064 0.000017
15065 0.000023
15066 0.000017
15067 0.000017
15068 0.000030
15069 0.000021
15070 0.000021
15071 0.000020
15072 0.000028
15073 0.000029
15074 0.000028
15075 0.000038
15076 0.000036
15077 0.000043
15078 0.000057
15079 0.000051
15080 0.000055
15081 0.000019
15082 0.000037
15083 0.000019
15084 0.000013
15085 0.000014
15086 0.000015
15087 0.000015
15088 0.000022
15089 0.000022
15090 0.000021
15091 0.000048
15092 0.000044
15093 0.000026
15094 0.000025
15095 0.000036
15096 0.000016
15097 0.000028
15098 0.000027
15099 0.000026
15100 0.000032
15101 0.000032
15102 0.000012
15103 0.000008
15104 0.000020
15105 0.000011
15106 0.000008
15107 0.000006
15108 0.000009
15109 0.000011
15110 0.000023
15111 0.000033
15112 0.000031
15113 0.000016
15114 0.000017
15115 0.000008
15116 0.000012
15117 0.000022
15118 0.000025
15119 0.000026
15120 0.000025
15121 0.000014
15122 0.000011
15123 0.000016
15124 0.000010
15125 0.000009
15126 0.000026
15127 0.000017
15128 0.000010
15129 0.000020
15130 0.000020
15131 0.000048
15132 0.000043
15133 0.000040
15134 0.000014
15135 0.000015
15136 0.000016
15137 0.000016
15138 0.000010
15139 0.000016
15140 0.000016
15141 0.000017
15142 0.000021
15143 0.000021
15144 0.000023
15145 0.000010
15146 0.000016
15147 0.000041
15148 0.000023
15149 0.000034
15150 0.000037
15151 0.000022
15152 0.000023
15153 0.000026
15154 0.000048
15155 0.000017
15156 0.000017
15157 0.000010
15158 0.000006
15159 0.000006
15160 0.000005
15161 0.000015
15162 0.000013
15163 0.000018
15164 0.000019
15165 0.000024
15166 0.000012
15167 0.000010
15168 0.000006
15169 0.000009
15170 0.000010
15171 0.000015
15172 0.000007
15173 0.000012
15174 0.000008
15175 0.000006
15176 0.000010
15177 0.000011
15178 0.000017
15179 0.000013
15180 0.000013
15181 0.000023
15182 0.000028
15183 0.000020
15184 0.000012
15185 0.000029
15186 0.000015
15187 0.000031
15188 0.000035
15189 0.000036
15190 0.000042
15191 0.000038
15192 0.000030
15193 0.000016
15194 0.000018
15195 0.000022
15196 0.000016
15197 0.000012
15198 0.000017
15199 0.000016
15200 0.000027
15201 0.000034
15202 0.000050
15203 0.000028
15204 0.000027
15205 0.000032
15206 0.000011
15207 0.000008
15208 0.000010
15209 0.000011
15210 0.000020
15211 0.000019
15212 0.000007
15213 0.000013
15214 0.000005
15215 0.000004
15216 0.000019
15217 0.000016
15218 0.000017
15219 0.000021
15220 0.000012
15221 0.000008
15222 0.000016
15223 0.000016
15224 0.000009
15225 0.000011
15226 0.000040
15227 0.000051
15228 0.000025
15229 0.000030
15230 0.000027
15231 0.000014
15232 0.000014
15233 0.000014
15234 0.000015
15235 0.000016
15236 0.000017
15237 0.000022
15238 0.000029
15239 0.000042
15240 0.000038
15241 0.000036
15242 0.000041
15243 0.000038
15244 0.000031
15245 0.000026
15246 0.000014
15247 0.000019
15248 0.000013
15249 0.000014
15250 0.000014
15251 0.000015
15252 0.000009
15253 0.000006
15254 0.000005
15255 0.000008
15256 0.000005
15257 0.000007
15258 0.000023
15259 0.000028
15260 0.000041
15261 0.000038
15262 0.000044
15263 0.000049
15264 0.000024
15265 0.000045
15266 0.000022
15267 0.000012
15268 0.000012
15269 0.000008
15270 0.000012
15271 0.000008
15272 0.000010
15273 0.000014
15274 0.000015
15275 0.000006
15276 0.000006
15277 0.000008
15278 0.000017
15279 0.000014
15280 0.000024
15281 0.000016
15282 0.000019
15283 0.000020
15284 0.000016
15285 0.000042
15286 0.000056
15287 0.000051
15288 0.000034
15289 0.000037
15290 0.000036
15291 0.000018
15292 0.000025
15293 0.000024
15294 0.000023
15295 0.000021
15296 0.000026
15297 0.000021
15298 0.000021
15299 0.000011
15300 0.000015
15301 0.000015
15302 0.000018
15303 0.000018
15304 0.000022
15305 0.000012
15306 0.000013
15307 0.000021
15308 0.000013
15309 0.000022
15310 0.000012
15311 0.000014
15312 0.000039
15313 0.000014
15314 0.000010
15315 0.000006
15316 0.000025
15317 0.000046
15318 0.000047
15319 0.000023
15320 0.000022
15321 0.000013
15322 0.000018
15323 0.000020
15324 0.000014
15325 0.000024
15326 0.000024
15327 0.000015
15328 0.000014
15329 0.000013
15330 0.000022
15331 0.000024
15332 0.000025
15333 0.000017
15334 0.000020
15335 0.000016
15336 0.000030
15337 0.000027
15338 0.000016
15339 0.000018
15340 0.000019
15341 0.000008
15342 0.000005
15343 0.000008
15344 0.000009
15345 0.000016
15346 0.000019
15347 0.000019
15348 0.000020
15349 0.000030
15350 0.000009
15351 0.000012
15352 0.000006
15353 0.000011
15354 0.000023
15355 0.000010
15356 0.000005
15357 0.000015
15358 0.000026
15359 0.000020
15360 0.000013
15361 0.000009
15362 0.000010
15363 0.000016
15364 0.000017
15365 0.000024
15366 0.000031
15367 0.000021
15368 0.000021
15369 0.000014
15370 0.000016
15371 0.000024
15372 0.000030
15373 0.000023
15374 0.000041
15375 0.000021
15376 0.000020
15377 0.000020
15378 0.000044
15379 0.000022
15380 0.000022
15381 0.000009
15382 0.000024
15383 0.000024
15384 0.000025
15385 0.000015
15386 0.000031
15387 0.000035
15388 0.000013
15389 0.000018
15390 0.000030
15391 0.000039
15392 0.000022
15393 0.000014
15394 0.000023
15395 0.000024
15396 0.000023
15397 0.000031
15398 0.000022
15399 0.000008
15400 0.000011
15401 0.000018
15402 0.000008
15403 0.000014
15404 0.000017
15405 0.000010
15406 0.000005
15407 0.000016
15408 0.000033
15409 0.000020
15410 0.000011
15411 0.000008
15412 0.000027
15413 0.000023
15414 0.000042
15415 0.000038
15416 0.000019
15417 0.000039
15418 0.000020
15419 0.000039
15420 0.000020
15421 0.000020
15422 0.000020
15423 0.000026
15424 0.000036
15425 0.000013
15426 0.000015
15427 0.000007
15428 0.000016
15429 0.000017
15430 0.000013
15431 0.000014
15432 0.000016
15433 0.000015
15434 0.000016
15435 0.000010
15436 0.000014
15437 0.000018
15438 0.000016
15439 0.000008
15440 0.000017
15441 0.000017
15442 0.000010
15443 0.000006
15444 0.000004
15445 0.000010
15446 0.000012
15447 0.000012
15448 0.000009
15449 0.000009
15450 0.000009
15451 0.000007
15452 0.000011
15453 0.000028
15454 0.000011
15455 0.000019
15456 0.000011
15457 0.000023
15458 0.000010
15459 0.000015
15460 0.000021
15461 0.000012
15462 0.000012
15463 0.000013
15464 0.000037
15465 0.000040
15466 0.000027
15467 0.000026
15468 0.000013
15469 0.000015
15470 0.000013
15471 0.000006
15472 0.000005
15473 0.000009
15474 0.000012
15475 0.000006
15476 0.000007
15477 0.000010
15478 0.000007
15479 0.000013
15480 0.000014
15481 0.000016
15482 0.000013
15483 0.000037
15484 0.000034
15485 0.000034
15486 0.000027
15487 0.000026
15488 0.000014
15489 0.000012
15490 0.000028
15491 0.000047
15492 0.000023
15493 0.000030
15494 0.000034
15495 0.000035
15496 0.000053
15497 0.000033
15498 0.000046
15499 0.000058
15500 0.000055
15501 0.000026
15502 0.000031
15503 0.000033
15504 0.000031
15505 0.000020
15506 0.000024
15507 0.000023
15508 0.000026
15509 0.000010
15510 0.000017
15511 0.000008
15512 0.000015
15513 0.000016
15514 0.000010
15515 0.000015
15516 0.000021
15517 0.000021
15518 0.000031
15519 0.000037
15520 0.000011
15521 0.000009
15522 0.000019
15523 0.000011
15524 0.000020
15525 0.000028
15526 0.000030
15527 0.000023
15528 0.000023
15529 0.000022
15530 0.000008
15531 0.000009
15532 0.000005
15533 0.000022
15534 0.000022
15535 0.000028
15536 0.000032
15537 0.000044
15538 0.000022
15539 0.000022
15540 0.000012
15541 0.000013
15542 0.000009
15543 0.000010
15544 0.000012
15545 0.000011
15546 0.000008
15547 0.000009
15548 0.000006
15549 0.000015
15550 0.000018
15551 0.000021
15552 0.000012
15553 0.000013
15554 0.000010
15555 0.000037
15556 0.000013
15557 0.000024
15558 0.000044
15559 0.000052
15560 0.000052
15561 0.000055
15562 0.000019
15563 0.000034
15564 0.000031
15565 0.000030
15566 0.000027
15567 0.000023
15568 0.000012
15569 0.000014
15570 0.000007
15571 0.000024
15572 0.000023
15573 0.000033
15574 0.000017
15575 0.000017
15576 0.000010
15577 0.000013
15578 0.000028
15579 0.000025
15580 0.000026
15581 0.000010
15582 0.000012
15583 0.000013
15584 0.000031
15585 0.000019
15586 0.000022
15587 0.000020
15588 0.000009
15589 0.000021
15590 0.000021
15591 0.000009
15592 0.000007
15593 0.000006
15594 0.000015
15595 0.000015
15596 0.000007
15597 0.000025
15598 0.000024
15599 0.000016
15600 0.000010
15601 0.000015
15602 0.000016
15603 0.000023
15604 0.000026
15605 0.000019
15606 0.000015
15607 0.000016
15608 0.000011
15609 0.000013
15610 0.000018
15611 0.000036
15612 0.000013
15613 0.000014
15614 0.000021
15615 0.000012
15616 0.000014
15617 0.000026
15618 0.000014
15619 0.000026
15620 0.000025
15621 0.000024
15622 0.000027
15623 0.000020
15624 0.000025
15625 0.000030
15626 0.000028
15627 0.000025
15628 0.000028
15629 0.000032
15630 0.000025
15631 0.000013
15632 0.000028
15633 0.000044
15634 0.000015
15635 0.000016
15636 0.000024
15637 0.000049
15638 0.000047
15639 0.000016
15640 0.000024
15641 0.000045
15642 0.000041
15643 0.000038
15644 0.000024
15645 0.000016
15646 0.000010
15647 0.000007
15648 0.000018
15649 0.000022
15650 0.000012
15651 0.000036
15652 0.000028
15653 0.000032
15654 0.000031
15655 0.000029
15656 0.000018
15657 0.000010
15658 0.000032
15659 0.000012
15660 0.000006
15661 0.000021
15662 0.000050
15663 0.000045
15664 0.000055
15665 0.000058
15666 0.000028
15667 0.000027
15668 0.000014
15669 0.000037
15670 0.000020
15671 0.000012
15672 0.000014
15673 0.000020
15674 0.000031
15675 0.000017
15676 0.000010
15677 0.000015
15678 0.000021
15679 0.000042
15680 0.000026
15681 0.000036
15682 0.000018
15683 0.000007
15684 0.000025
15685 0.000032
15686 0.000026
15687 0.000034
15688 0.000024
15689 0.000017
15690 0.000006
15691 0.000008
15692 0.000007
15693 0.000027
15694 0.000033
15695 0.000031
15696 0.000029
15697 0.000028
15698 0.000022
15699 0.000041
15700 0.000023
15701 0.000034
15702 0.000021
15703 0.000009
15704 0.000015
15705 0.000015
15706 0.000013
15707 0.000017
15708 0.000017
15709 0.000019
15710 0.000030
15711 0.000014
15712 0.000020
15713 0.000011
15714 0.000026
15715 0.000009
15716 0.000006
15717 0.000022
15718 0.000012
15719 0.000022
15720 0.000032
15721 0.000039
15722 0.000028
15723 0.000018
15724 0.000018
15725 0.000012
15726 0.000016
15727 0.000006
15728 0.000035
15729 0.000018
15730 0.000011
15731 0.000009
15732 0.000020
15733 0.000055
15734 0.000031
15735 0.000016
15736 0.000010
15737 0.000012
15738 0.000013
15739 0.000020
15740 0.000021
15741 0.000014
15742 0.000007
15743 0.000014
15744 0.000013
15745 0.000010
15746 0.000012
15747 0.000016
15748 0.000008
15749 0.000008
15750 0.000005
15751 0.000016
15752 0.000008
15753 0.000014
15754 0.000009
15755 0.000021
15756 0.000032
15757 0.000023
15758 0.000029
15759 0.000028
15760 0.000016
15761 0.000026
15762 0.000025
15763 0.000027
15764 0.000019
15765 0.000016
15766 0.000011
15767 0.000012
15768 0.000028
15769 0.000027
15770 0.000026
15771 0.000025
15772 0.000034
15773 0.000053
15774 0.000056
15775 0.000023
15776 0.000032
15777 0.000040
15778 0.000020
15779 0.000020
15780 0.000011
15781 0.000038
15782 0.000014
15783 0.000009
15784 0.000023
15785 0.000023
15786 0.000011
15787 0.000008
15788 0.000030
15789 0.000028
15790 0.000019
15791 0.000028
15792 0.000035
15793 0.000053
15794 0.000035
15795 0.000049
15796 0.000045
15797 0.000022
15798 0.000012
15799 0.000022
15800 0.000022
15801 0.000016
15802 0.000016
15803 0.000022
15804 0.000012
15805 0.000009
15806 0.000029
15807 0.000027
15808 0.000024
15809 0.000038
15810 0.000019
15811 0.000028
15812 0.000027
15813 0.000026
15814 0.000019
15815 0.000014
15816 0.000015
15817 0.000015
15818 0.000012
15819 0.000027
15820 0.000022
15821 0.000021
15822 0.000029
15823 0.000042
15824 0.000021
15825 0.000034
15826 0.000032
15827 0.000030
15828 0.000019
15829 0.000025
15830 0.000024
15831 0.000048
15832 0.000027
15833 0.000026
15834 0.000009
15835 0.000020
15836 0.000019
15837 0.000015
15838 0.000028
15839 0.000021
15840 0.000012
15841 0.000014
15842 0.000021
15843 0.000012
15844 0.000013
15845 0.000009
15846 0.000014
15847 0.000007
15848 0.000006
15849 0.000006
15850 0.000005
15851 0.000005
15852 0.000016
15853 0.000013
15854 0.000012
15855 0.000017
15856 0.000023
15857 0.000006
15858 0.000017
15859 0.000032
15860 0.000016
15861 0.000007
15862 0.000009
15863 0.000011
15864 0.000012
15865 0.000028
15866 0.000036
15867 0.000013
15868 0.000009
15869 0.000015
15870 0.000018
15871 0.000010
15872 0.000020
15873 0.000025
15874 0.000035
15875 0.000042
15876 0.000042
15877 0.000023
15878 0.000034
15879 0.000032
15880 0.000010
15881 0.000019
15882 0.000011
15883 0.000006
15884 0.000011
15885 0.000005
15886 0.000009
15887 0.000014
15888 0.000009
15889 0.000011
15890 0.000018
15891 0.000027
15892 0.000044
15893 0.000022
15894 0.000017
15895 0.000018
15896 0.000020
15897 0.000018
15898 0.000009
15899 0.000011
15900 0.000011
15901 0.000016
15902 0.000017
15903 0.000008
15904 0.000010
15905 0.000016
15906 0.000011
15907 0.000007
15908 0.000013
15909 0.000018
15910 0.000011
15911 0.000005
15912 0.000011
15913 0.000032
15914 0.000029
15915 0.000027
15916 0.000019
15917 0.000015
15918 0.000013
15919 0.000024
15920 0.000010
15921 0.000023
15922 0.000013
15923 0.000009
15924 0.000010
15925 0.000015
15926 0.000025
15927 0.000024
15928 0.000026
15929 0.000010
15930 0.000012
15931 0.000014
15932 0.000009
15933 0.000019
15934 0.000008
15935 0.000031
15936 0.000031
15937 0.000022
15938 0.000032
15939 0.000030
15940 0.000027
15941 0.000014
15942 0.000020
15943 0.000015
15944 0.000012
15945 0.000013
15946 0.000026
15947 0.000016
15948 0.000013
15949 0.000016
15950 0.000012
15951 0.000013
15952 0.000016
15953 0.000016
15954 0.000021
15955 0.000047
15956 0.000043
15957 0.000021
15958 0.000016
15959 0.000034
15960 0.000032
15961 0.000021
15962 0.000020
15963 0.000011
15964 0.000033
15965 0.000039
15966 0.000046
15967 0.000016
15968 0.000010
15969 0.000007
15970 0.000007
15971 0.000009
15972 0.000012
15973 0.000013
15974 0.000009
15975 0.000009
15976 0.000020
15977 0.000009
15978 0.000014
15979 0.000007
15980 0.000014
15981 0.000015
15982 0.000039
15983 0.000046
15984 0.000019
15985 0.000021
15986 0.000017
15987 0.000024
15988 0.000016
15989 0.000010
15990 0.000007
15991 0.000019
15992 0.000011
15993 0.000012
15994 0.000023
15995 0.000041
15996 0.000052
15997 0.000070
15998 0.000038
15999 0.000043
16000 0.000043
16001 0.000021
16002 0.000025
16003 0.000017
16004 0.000037
16005 0.000035
16006 0.000033
16007 0.000035
16008 0.000018
16009 0.000022
16010 0.000009
16011 0.000026
16012 0.000026
16013 0.000014
16014 0.000007
16015 0.000006
16016 0.000013
16017 0.000024
16018 0.000013
16019 0.000016
16020 0.000013
16021 0.000017
16022 0.000026
16023 0.000010
16024 0.000007
16025 0.000006
16026 0.000019
16027 0.000028
16028 0.000027
16029 0.000017
16030 0.000017
16031 0.000010
16032 0.000007
16033 0.000010
16034 0.000010
16035 0.000017
16036 0.000018
16037 0.000011
16038 0.000010
16039 0.000008
16040 0.000014
16041 0.000022
16042 0.000042
16043 0.000048
16044 0.000068
16045 0.000037
16046 0.000038
16047 0.000047
16048 0.000027
16049 0.000030
16050 0.000028
16051 0.000023
16052 0.000027
16053 0.000029
16054 0.000038
16055 0.000019
16056 0.000026
16057 0.000014
16058 0.000006
16059 0.000008
16060 0.000008
16061 0.000010
16062 0.000022
16063 0.000009
16064 0.000023
16065 0.000031
16066 0.000032
16067 0.000019
16068 0.000008
16069 0.000018
16070 0.000008
16071 0.000032
16072 0.000027
16073 0.000039
16074 0.000046
16075 0.000037
16076 0.000028
16077 0.000030
16078 0.000017
16079 0.000017
16080 0.000042
16081 0.000039
16082 0.000039
16083 0.000023
16084 0.000028
16085 0.000017
16086 0.000010
16087 0.000007
16088 0.000005
16089 0.000008
16090 0.000021
16091 0.000012
16092 0.000013
16093 0.000007
16094 0.000012
16095 0.000016
16096 0.000018
16097 0.000011
16098 0.000014
16099 0.000015
16100 0.000007
16101 0.000010
16102 0.000020
16103 0.000031
16104 0.000016
16105 0.000019
16106 0.000042
16107 0.000020
16108 0.000026
16109 0.000030
16110 0.000036
16111 0.000020
16112 0.000009
16113 0.000008
16114 0.000016
16115 0.000014
16116 0.000015
16117 0.000029
16118 0.000009
16119 0.000011
16120 0.000012
16121 0.000032
16122 0.000033
16123 0.000031
16124 0.000010
16125 0.000011
16126 0.000008
16127 0.000016
16128 0.000023
16129 0.000021
16130 0.000016
16131 0.000026
16132 0.000026
16133 0.000013
16134 0.000008
16135 0.000010
16136 0.000006
16137 0.000008
16138 0.000026
16139 0.000019
16140 0.000022
16141 0.000017
16142 0.000046
16143 0.000038
16144 0.000031
16145 0.000012
16146 0.000021
16147 0.000012
16148 0.000023
16149 0.000031
16150 0.000045
16151 0.000038
16152 0.000038
16153 0.000035
16154 0.000033
16155 0.000029
16156 0.000011
16157 0.000008
16158 0.000005
16159 0.000016
16160 0.000013
16161 0.000016
16162 0.000007
16163 0.000012
16164 0.000008
16165 0.000006
16166 0.000010
16167 0.000017
16168 0.000008
16169 0.000010
16170 0.000007
16171 0.000004
16172 0.000011
16173 0.000028
16174 0.000015
16175 0.000014
16176 0.000013
16177 0.000020
16178 0.000016
16179 0.000010
16180 0.000011
16181 0.000011
16182 0.000021
16183 0.000018
16184 0.000009
16185 0.000010
16186 0.000005
16187 0.000021
16188 0.000036
16189 0.000031
16190 0.000016
16191 0.000020
16192 0.000011
16193 0.000008
16194 0.000004
16195 0.000004
16196 0.000005
16197 0.000004
16198 0.000005
16199 0.000007
16200 0.000005
16201 0.000008
16202 0.000017
16203 0.000025
16204 0.000008
16205 0.000026
16206 0.000020
16207 0.000011
16208 0.000013
16209 0.000019
16210 0.000011
16211 0.000008
16212 0.000017
16213 0.000030
16214 0.000029
16215 0.000015
16216 0.000010
16217 0.000011
16218 0.000012
16219 0.000018
16220 0.000008
16221 0.000014
16222 0.000026
16223 0.000025
16224 0.000025
16225 0.000011
16226 0.000016
16227 0.000036
16228 0.000039
16229 0.000020
16230 0.000016
16231 0.000029
16232 0.000042
16233 0.000043
16234 0.000021
16235 0.000012
16236 0.000011
16237 0.000022
16238 0.000014
16239 0.000018
16240 0.000008
16241 0.000026
16242 0.000024
16243 0.000013
16244 0.000012
16245 0.000019
16246 0.000025
16247 0.000013
16248 0.000010
16249 0.000017
16250 0.000030
16251 0.000011
16252 0.000015
16253 0.000022
16254 0.000012
16255 0.000017
16256 0.000024
16257 0.000027
16258 0.000015
16259 0.000007
16260 0.000009
16261 0.000012
16262 0.000005
16263 0.000012
16264 0.000014
16265 0.000009
16266 0.000010
16267 0.000029
16268 0.000011
16269 0.000023
16270 0.000028
16271 0.000026
16272 0.000014
16273 0.000014
16274 0.000007
16275 0.000004
16276 0.000009
16277 0.000019
16278 0.000025
16279 0.000015
16280 0.000014
16281 0.000006
16282 0.000032
16283 0.000016
16284 0.000010
16285 0.000006
16286 0.000005
16287 0.000014
16288 0.000015
16289 0.000009
16290 0.000007
16291 0.000021
16292 0.000021
16293 0.000021
16294 0.000012
16295 0.000015
16296 0.000009
16297 0.000014
16298 0.000005
16299 0.000022
16300 0.000009
16301 0.000025
16302 0.000015
16303 0.000011
16304 0.000009
16305 0.000006
16306 0.000005
16307 0.000005
16308 0.000033
16309 0.000012
16310 0.000020
16311 0.000011
16312 0.000022
16313 0.000022
16314 0.000020
16315 0.000014
16316 0.000013
16317 0.000007
16318 0.000044
16319 0.000022
16320 0.000017
16321 0.000018
16322 0.000025
16323 0.000025
16324 0.000024
16325 0.000024
16326 0.000008
16327 0.000010
16328 0.000011
16329 0.000013
16330 0.000010
16331 0.000007
16332 0.000009
16333 0.000020
16334 0.000011
16335 0.000013
16336 0.000008
16337 0.000032
16338 0.000012
16339 0.000022
16340 0.000016
16341 0.000023
16342 0.000042
16343 0.000028
16344 0.000022
16345 0.000012
16346 0.000017
16347 0.000025
16348 0.000024
16349 0.000019
16350 0.000024
16351 0.000023
16352 0.000019
16353 0.000033
16354 0.000013
16355 0.000007
16356 0.000031
16357 0.000021
16358 0.000012
16359 0.000028
16360 0.000010
16361 0.000006
16362 0.000008
16363 0.000014
16364 0.000011
16365 0.000021
16366 0.000025
16367 0.000027
16368 0.000014
16369 0.000007
16370 0.000004
16371 0.000036
16372 0.000022
16373 0.000018
16374 0.000028
16375 0.000015
16376 0.000012
16377 0.000024
16378 0.000015
16379 0.000021
16380 0.000021
16381 0.000029
16382 0.000020
16383 0.000012
16384 0.000009
16385 0.000014
16386 0.000017
16387 0.000018
16388 0.000038
16389 0.000028
16390 0.000020
16391 0.000014
16392 0.000009
16393 0.000005
16394 0.000004
16395 0.000031
16396 0.000016
16397 0.000034
16398 0.000018
16399 0.000007
16400 0.000013
16401 0.000009
16402 0.000010
16403 0.000023
16404 0.000030
16405 0.000049
16406 0.000031
16407 0.000029
16408 0.000014
16409 0.000009
16410 0.000007
16411 0.000006
16412 0.000008
16413 0.000005
16414 0.000005
16415 0.000016
16416 0.000010
16417 0.000018
16418 0.000032
16419 0.000031
16420 0.000015
16421 0.000026
16422 0.000014
16423 0.000019
16424 0.000035
16425 0.000038
16426 0.000031
16427 0.000036
16428 0.000018
16429 0.000025
16430 0.000014
16431 0.000032
16432 0.000017
16433 0.000018
16434 0.000019
16435 0.000011
16436 0.000006
16437 0.000004
16438 0.000054
16439 0.000027
16440 0.000015
16441 0.000013
16442 0.000018
16443 0.000007
16444 0.000020
16445 0.000012
16446 0.000008
16447 0.000011
16448 0.000011
16449 0.000009
16450 0.000016
16451 0.000017
16452 0.000021
16453 0.000012
16454 0.000015
16455 0.000016
16456 0.000025
16457 0.000022
16458 0.000013
16459 0.000007
16460 0.000009
16461 0.000019
16462 0.000019
16463 0.000008
16464 0.000026
16465 0.000020
16466 0.000011
16467 0.000016
16468 0.000008
16469 0.000006
16470 0.000010
16471 0.000030
16472 0.000016
16473 0.000016
16474 0.000017
16475 0.000007
16476 0.000011
16477 0.000006
16478 0.000013
16479 0.000021
16480 0.000012
16481 0.000017
16482 0.000021
16483 0.000017
16484 0.000015
16485 0.000012
16486 0.000028
16487 0.000015
16488 0.000047
16489 0.000016
16490 0.000010
16491 0.000013
16492 0.000009
16493 0.000017
16494 0.000018
16495 0.000013
16496 0.000014
16497 0.000030
16498 0.000029
16499 0.000021
16500 0.000013
16501 0.000024
16502 0.000013
16503 0.000019
16504 0.000019
16505 0.000019
16506 0.000017
16507 0.000008
16508 0.000012
16509 0.000013
16510 0.000041
16511 0.000015
16512 0.000007
16513 0.000012
16514 0.000038
16515 0.000019
16516 0.000028
16517 0.000015
16518 0.000034
16519 0.000032
16520 0.000016
16521 0.000022
16522 0.000021
16523 0.000021
16524 0.000012
16525 0.000013
16526 0.000014
16527 0.000007
16528 0.000025
16529 0.000016
16530 0.000007
16531 0.000013
16532 0.000015
16533 0.000009
16534 0.000047
16535 0.000050
16536 0.000046
16537 0.000050
16538 0.000024
16539 0.000013
16540 0.000021
16541 0.000009
16542 0.000011
16543 0.000014
16544 0.000019
16545 0.000007
16546 0.000011
16547 0.000023
16548 0.000021
16549 0.000014
16550 0.000013
16551 0.000038
16552 0.000058
16553 0.000030
16554 0.000029
16555 0.000008
16556 0.000005
16557 0.000015
16558 0.000025
16559 0.000024
16560 0.000013
16561 0.000017
16562 0.000024
16563 0.000022
16564 0.000012
16565 0.000026
16566 0.000037
16567 0.000035
16568 0.000038
16569 0.000037
16570 0.000019
16571 0.000032
16572 0.000023
16573 0.000053
16574 0.000026
16575 0.000014
16576 0.000009
16577 0.000023
16578 0.000022
16579 0.000019
16580 0.000033
16581 0.000025
16582 0.000024
16583 0.000023
16584 0.000016
16585 0.000008
16586 0.000008
16587 0.000018
16588 0.000027
16589 0.000031
16590 0.000016
16591 0.000015
16592 0.000020
16593 0.000011
16594 0.000006
16595 0.000008
16596 0.000019
16597 0.000015
16598 0.000016
16599 0.000016
16600 0.000010
16601 0.000019
16602 0.000008
16603 0.000017
16604 0.000018
16605 0.000020
16606 0.000038
16607 0.000019
16608 0.000021
16609 0.000021
16610 0.000032
16611 0.000016
16612 0.000022
16613 0.000026
16614 0.000025
16615 0.000007
16616 0.000006
16617 0.000020
16618 0.000020
16619 0.000025
16620 0.000010
16621 0.000007
16622 0.000006
16623 0.000014
16624 0.000009
16625 0.000019
16626 0.000011
16627 0.000008
16628 0.000033
16629 0.000023
16630 0.000025
16631 0.000025
16632 0.000024
16633 0.000010
16634 0.000035
16635 0.000032
16636 0.000024
16637 0.000037
16638 0.000053
16639 0.000028
16640 0.000027
16641 0.000017
16642 0.000025
16643 0.000040
16644 0.000037
16645 0.000032
16646 0.000030
16647 0.000016
16648 0.000006
16649 0.000005
16650 0.000005
16651 0.000014
16652 0.000017
16653 0.000018
16654 0.000026
16655 0.000030
16656 0.000030
16657 0.000016
16658 0.000028
16659 0.000015
16660 0.000009
16661 0.000007
16662 0.000017
16663 0.000019
16664 0.000011
16665 0.000035
16666 0.000022
16667 0.000020
16668 0.000017
16669 0.000008
16670 0.000014
16671 0.000024
16672 0.000010
16673 0.000004
16674 0.000007
16675 0.000021
16676 0.000021
16677 0.000037
16678 0.000014
16679 0.000009
16680 0.000007
16681 0.000006
16682 0.000019
16683 0.000011
16684 0.000016
16685 0.000021
16686 0.000027
16687 0.000015
16688 0.000009
16689 0.000017
16690 0.000023
16691 0.000038
16692 0.000022
16693 0.000026
16694 0.000014
16695 0.000009
16696 0.000017
16697 0.000033
16698 0.000015
16699 0.000009
16700 0.000015
16701 0.000007
16702 0.000006
16703 0.000005
16704 0.000010
16705 0.000012
16706 0.000008
16707 0.000014
16708 0.000021
16709 0.000021
16710 0.000028
16711 0.000022
16712 0.000021
16713 0.000027
16714 0.000025
16715 0.000027
16716 0.000018
16717 0.000023
16718 0.000017
16719 0.000020
16720 0.000017
16721 0.000013
16722 0.000019
16723 0.000015
16724 0.000017
16725 0.000022
16726 0.000022
16727 0.000039
16728 0.000040
16729 0.000020
16730 0.000022
16731 0.000035
16732 0.000021
16733 0.000027
16734 0.000021
16735 0.000023
16736 0.000013
16737 0.000020
16738 0.000020
16739 0.000020
16740 0.000011
16741 0.000013
16742 0.000033
16743 0.000040
16744 0.000023
16745 0.000035
16746 0.000033
16747 0.000055
16748 0.000019
16749 0.000011
16750 0.000012
16751 0.000013
16752 0.000007
16753 0.000009
16754 0.000005
16755 0.000010
16756 0.000012
16757 0.000020
16758 0.000012
16759 0.000012
16760 0.000008
16761 0.000013
16762 0.000018
16763 0.000009
16764 0.000021
16765 0.000011
16766 0.000023
16767 0.000047
16768 0.000025
16769 0.000014
16770 0.000015
16771 0.000015
16772 0.000032
16773 0.000017
16774 0.000010
16775 0.000012
16776 0.000025
16777 0.000012
16778 0.000008
16779 0.000017
16780 0.000010
16781 0.000017
16782 0.000017
16783 0.000010
16784 0.000017
16785 0.000030
16786 0.000041
16787 0.000019
16788 0.000035
16789 0.000025
16790 0.000017
16791 0.000018
16792 0.000023
16793 0.000015
16794 0.000016
16795 0.000018
16796 0.000011
16797 0.000006
16798 0.000006
16799 0.000006
16800 0.000018
16801 0.000014
16802 0.000015
16803 0.000009
16804 0.000005
16805 0.000007
16806 0.000010
16807 0.000015
16808 0.000009
16809 0.000019
16810 0.000029
16811 0.000038
16812 0.000011
16813 0.000016
16814 0.000035
16815 0.000033
16816 0.000031
16817 0.000030
16818 0.000017
16819 0.000010
16820 0.000007
16821 0.000006
16822 0.000015
16823 0.000019
16824 0.000011
16825 0.000009
16826 0.000019
16827 0.000022
16828 0.000039
16829 0.000042
16830 0.000036
16831 0.000016
16832 0.000007
16833 0.000032
16834 0.000030
16835 0.000021
16836 0.000028
16837 0.000011
16838 0.000021
16839 0.000025
16840 0.000010
16841 0.000012
16842 0.000021
16843 0.000021
16844 0.000024
16845 0.000027
16846 0.000036
16847 0.000011
16848 0.000020
16849 0.000009
16850 0.000005
16851 0.000008
16852 0.000010
16853 0.000019
16854 0.000019
16855 0.000020
16856 0.000026
16857 0.000014
16858 0.000007
16859 0.000014
16860 0.000012
16861 0.000024
16862 0.000014
16863 0.000013
16864 0.000016
16865 0.000020
16866 0.000025
16867 0.000032
16868 0.000012
16869 0.000019
16870 0.000019
16871 0.000021
16872 0.000021
16873 0.000012
16874 0.000008
16875 0.000006
16876 0.000032
16877 0.000010
16878 0.000008
16879 0.000022
16880 0.000018
16881 0.000018
16882 0.000035
16883 0.000045
16884 0.000049
16885 0.000028
16886 0.000015
16887 0.000014
16888 0.000012
16889 0.000010
16890 0.000007
16891 0.000005
16892 0.000008
16893 0.000010
16894 0.000011
16895 0.000011
16896 0.000008
16897 0.000009
16898 0.000017
16899 0.000033
16900 0.000028
16901 0.000015
16902 0.000016
16903 0.000020
16904 0.000029
16905 0.000017
16906 0.000029
16907 0.000039
16908 0.000038
16909 0.000024
16910 0.000008
16911 0.000008
16912 0.000026
16913 0.000029
16914 0.000034
16915 0.000013
16916 0.000013
16917 0.000024
16918 0.000024
16919 0.000023
16920 0.000010
16921 0.000025
16922 0.000024
16923 0.000013
16924 0.000014
16925 0.000011
16926 0.000006
16927 0.000009
16928 0.000011
16929 0.000008
16930 0.000006
16931 0.000005
16932 0.000005
16933 0.000019
16934 0.000015
16935 0.000015
16936 0.000007
16937 0.000009
16938 0.000006
16939 0.000017
16940 0.000027
16941 0.000022
16942 0.000015
16943 0.000016
16944 0.000021
16945 0.000011
16946 0.000020
16947 0.000025
16948 0.000036
16949 0.000039
16950 0.000036
16951 0.000013
16952 0.000007
16953 0.000006
16954 0.000008
16955 0.000010
16956 0.000027
16957 0.000016
16958 0.000021
16959 0.000012
16960 0.000020
16961 0.000010
16962 0.000011
16963 0.000011
16964 0.000015
16965 0.000009
16966 0.000007
16967 0.000009
16968 0.000011
16969 0.000022
16970 0.000012
16971 0.000008
16972 0.000007
16973 0.000010
16974 0.000011
16975 0.000013
16976 0.000008
16977 0.000013
16978 0.000009
16979 0.000009
16980 0.000011
16981 0.000008
16982 0.000011
16983 0.000008
16984 0.000005
16985 0.000012
16986 0.000026
16987 0.000014
16988 0.000028
16989 0.000027
16990 0.000026
16991 0.000031
16992 0.000029
16993 0.000019
16994 0.000013
16995 0.000012
16996 0.000018
16997 0.000011
16998 0.000005
16999 0.000004
17000 0.000008
17001 0.000020
17002 0.000020
17003 0.000019
17004 0.000013
17005 0.000023
17006 0.000021
17007 0.000018
17008 0.000027
17009 0.000029
17010 0.000028
17011 0.000013
17012 0.000016
17013 0.000019
17014 0.000018
17015 0.000027
17016 0.000015
17017 0.000023
17018 0.000013
17019 0.000007
17020 0.000016
17021 0.000017
17022 0.000028
17023 0.000023
17024 0.000013
17025 0.000038
17026 0.000020
17027 0.000018
17028 0.000007
17029 0.000011
17030 0.000011
17031 0.000008
17032 0.000009
17033 0.000017
17034 0.000014
17035 0.000009
17036 0.000005
17037 0.000011
17038 0.000017
17039 0.000017
17040 0.000035
17041 0.000029
17042 0.000017
17043 0.000040
17044 0.000020
17045 0.000011
17046 0.000022
17047 0.000031
17048 0.000039
17049 0.000038
17050 0.000040
17051 0.000049
17052 0.000037
17053 0.000044
17054 0.000056
17055 0.000050
17056 0.000024
17057 0.000026
17058 0.000014
17059 0.000019
17060 0.000019
17061 0.000022
17062 0.000006
17063 0.000008
17064 0.000006
17065 0.000006
17066 0.000021
17067 0.000023
17068 0.000032
17069 0.000022
17070 0.000012
17071 0.000008
17072 0.000016
17073 0.000007
17074 0.000043
17075 0.000056
17076 0.000019
17077 0.000011
17078 0.000014
17079 0.000018
17080 0.000008
17081 0.000015
17082 0.000022
17083 0.000009
17084 0.000017
17085 0.000005
17086 0.000029
17087 0.000015
17088 0.000016
17089 0.000022
17090 0.000025
17091 0.000013
17092 0.000007
17093 0.000005
17094 0.000005
17095 0.000013
17096 0.000014
17097 0.000018
17098 0.000009
17099 0.000010
17100 0.000020
17101 0.000019
17102 0.000017
17103 0.000007
17104 0.000009
17105 0.000014
17106 0.000020
17107 0.000007
17108 0.000009
17109 0.000013
17110 0.000027
17111 0.000029
17112 0.000015
17113 0.000007
17114 0.000013
17115 0.000017
17116 0.000018
17117 0.000015
17118 0.000014
17119 0.000006
17120 0.000012
17121 0.000006
17122 0.000007
17123 0.000006
17124 0.000022
17125 0.000010
17126 0.000007
17127 0.000021
17128 0.000008
17129 0.000013
17130 0.000020
17131 0.000025
17132 0.000053
17133 0.000048
17134 0.000027
17135 0.000025
17136 0.000014
17137 0.000012
17138 0.000020
17139 0.000020
17140 0.000012
17141 0.000011
17142 0.000012
17143 0.000015
17144 0.000016
17145 0.000013
17146 0.000021
17147 0.000030
17148 0.000032
17149 0.000033
17150 0.000031
17151 0.000012
17152 0.000006
17153 0.000027
17154 0.000011
17155 0.000015
17156 0.000023
17157 0.000032
17158 0.000020
17159 0.000011
17160 0.000024
17161 0.000012
17162 0.000015
17163 0.000030
17164 0.000014
17165 0.000009
17166 0.000011
17167 0.000008
17168 0.000006
17169 0.000018
17170 0.000030
17171 0.000011
17172 0.000017
17173 0.000018
17174 0.000026
17175 0.000032
17176 0.000017
17177 0.000024
17178 0.000023
17179 0.000023
17180 0.000013
17181 0.000006
17182 0.000005
17183 0.000008
17184 0.000007
17185 0.000005
17186 0.000019
17187 0.000011
17188 0.000012
17189 0.000019
17190 0.000034
17191 0.000021
17192 0.000018
17193 0.000037
17194 0.000016
17195 0.000022
17196 0.000019
17197 0.000011
17198 0.000028
17199 0.000032
17200 0.000031
17201 0.000037
17202 0.000034
17203 0.000042
17204 0.000038
17205 0.000026
17206 0.000027
17207 0.000015
17208 0.000021
17209 0.000013
17210 0.000007
17211 0.000015
17212 0.000013
17213 0.000016
17214 0.000010
17215 0.000027
17216 0.000035
17217 0.000046
17218 0.000048
17219 0.000044
17220 0.000022
17221 0.000029
17222 0.000035
17223 0.000018
17224 0.000035
17225 0.000018
17226 0.000015
17227 0.000037
17228 0.000019
17229 0.000019
17230 0.000030
17231 0.000028
17232 0.000024
17233 0.000044
17234 0.000025
17235 0.000019
17236 0.000031
17237 0.000032
17238 0.000016
17239 0.000008
17240 0.000030
17241 0.000011
17242 0.000037
17243 0.000036
17244 0.000018
17245 0.000028
17246 0.000038
17247 0.000043
17248 0.000032
17249 0.000026
17250 0.000017
17251 0.000010
17252 0.000016
17253 0.000015
17254 0.000007
17255 0.000009
17256 0.000023
17257 0.000013
17258 0.000008
17259 0.000007
17260 0.000009
17261 0.000006
17262 0.000005
17263 0.000015
17264 0.000015
17265 0.000008
17266 0.000013
17267 0.000009
17268 0.000018
17269 0.000011
17270 0.000025
17271 0.000019
17272 0.000017
17273 0.000014
17274 0.000019
17275 0.000019
17276 0.000025
17277 0.000015
17278 0.000021
17279 0.000031
17280 0.000036
17281 0.000011
17282 0.000007
17283 0.000009
17284 0.000011
17285 0.000012
17286 0.000027
17287 0.000026
17288 0.000030
17289 0.000055
17290 0.000032
17291 0.000010
17292 0.000019
17293 0.000011
17294 0.000015
17295 0.000020
17296 0.000012
17297 0.000016
17298 0.000036
17299 0.000015
17300 0.000028
17301 0.000026
17302 0.000014
17303 0.000010
17304 0.000011
17305 0.000018
17306 0.000011
17307 0.000012
17308 0.000007
17309 0.000011
17310 0.000012
17311 0.000007
17312 0.000005
17313 0.000004
17314 0.000011
17315 0.000031
17316 0.000022
17317 0.000038
17318 0.000019
17319 0.000019
17320 0.000019
17321 0.000011
17322 0.000013
17323 0.000008
17324 0.000005
17325 0.000020
17326 0.000020
17327 0.000024
17328 0.000010
17329 0.000006
17330 0.000005
17331 0.000004
17332 0.000005
17333 0.000018
17334 0.000008
17335 0.000005
17336 0.000005
17337 0.000023
17338 0.000027
17339 0.000021
17340 0.000018
17341 0.000029
17342 0.000019
17343 0.000011
17344 0.000011
17345 0.000031
17346 0.000012
17347 0.000017
17348 0.000038
17349 0.000036
17350 0.000026
17351 0.000022
17352 0.000018
17353 0.000016
17354 0.000037
17355 0.000044
17356 0.000021
17357 0.000009
17358 0.000010
17359 0.000011
17360 0.000029
17361 0.000045
17362 0.000022
17363 0.000036
17364 0.000018
17365 0.000011
17366 0.000008
17367 0.000033
17368 0.000040
17369 0.000020
17370 0.000037
17371 0.000048
17372 0.000054
17373 0.000049
17374 0.000048
17375 0.000048
17376 0.000033
17377 0.000024
17378 0.000018
17379 0.000011
17380 0.000022
17381 0.000030
17382 0.000033
17383 0.000031
17384 0.000012
17385 0.000025
17386 0.000014
17387 0.000032
17388 0.000038
17389 0.000019
17390 0.000019
17391 0.000046
17392 0.000028
17393 0.000027
17394 0.000018
17395 0.000026
17396 0.000031
17397 0.000024
17398 0.000029
17399 0.000015
17400 0.000022
17401 0.000027
17402 0.000039
17403 0.000021
17404 0.000029
17405 0.000028
17406 0.000009
17407 0.000007
17408 0.000006
17409 0.000013
17410 0.000007
17411 0.000009
17412 0.000006
17413 0.000008
17414 0.000010
17415 0.000013
17416 0.000043
17417 0.000037
17418 0.000024
17419 0.000037
17420 0.000019
17421 0.000026
17422 0.000032
17423 0.000043
17424 0.000039
17425 0.000043
17426 0.000021
17427 0.000035
17428 0.000033
17429 0.000043
17430 0.000025
17431 0.000012
17432 0.000017
17433 0.000021
17434 0.000012
17435 0.000024
17436 0.000013
17437 0.000014
17438 0.000009
17439 0.000016
17440 0.000010
17441 0.000011
17442 0.000013
17443 0.000014
17444 0.000015
17445 0.000009
17446 0.000011
17447 0.000029
17448 0.000038
17449 0.000045
17450 0.000058
17451 0.000028
17452 0.000029
17453 0.000019
17454 0.000011
17455 0.000008
17456 0.000006
17457 0.000006
17458 0.000019
17459 0.000026
17460 0.000034
17461 0.000039
17462 0.000034
17463 0.000018
17464 0.000018
17465 0.000019
17466 0.000008
17467 0.000030
17468 0.000029
17469 0.000040
17470 0.000039
17471 0.000028
17472 0.000015
17473 0.000027
17474 0.000015
17475 0.000026
17476 0.000035
17477 0.000036
17478 0.000045
17479 0.000053
17480 0.000058
17481 0.000052
17482 0.000020
17483 0.000007
17484 0.000009
17485 0.000017
17486 0.000031
17487 0.000034
17488 0.000022
17489 0.000043
17490 0.000051
17491 0.000053
17492 0.000063
17493 0.000057
17494 0.000081
17495 0.000039
17496 0.000022
17497 0.000022
17498 0.000008
17499 0.000031
17500 0.000018
17501 0.000017
17502 0.000019
17503 0.000041
17504 0.000034
17505 0.000031
17506 0.000030
17507 0.000022
17508 0.000012
17509 0.000026
17510 0.000030
17511 0.000014
17512 0.000009
17513 0.000017
17514 0.000030
17515 0.000028
17516 0.000029
17517 0.000031
17518 0.000029
17519 0.000028
17520 0.000015
17521 0.000018
17522 0.000008
17523 0.000020
17524 0.000030
17525 0.000028
17526 0.000027
17527 0.000016
17528 0.000016
17529 0.000012
17530 0.000039
17531 0.000047
17532 0.000028
17533 0.000049
17534 0.000045
17535 0.000065
17536 0.000039
17537 0.000036
17538 0.000013
17539 0.000009
17540 0.000007
17541 0.000010
17542 0.000021
17543 0.000015
17544 0.000007
17545 0.000015
17546 0.000012
17547 0.000013
17548 0.000026
17549 0.000010
17550 0.000012
17551 0.000021
17552 0.000025
17553 0.000024
17554 0.000026
17555 0.000030
17556 0.000037
17557 0.000011
17558 0.000013
17559 0.000012
17560 0.000025
17561 0.000025
17562 0.000027
17563 0.000008
17564 0.000008
17565 0.000025
17566 0.000016
17567 0.000016
17568 0.000007
17569 0.000013
17570 0.000014
17571 0.000023
17572 0.000010
17573 0.000020
17574 0.000020
17575 0.000023
17576 0.000011
17577 0.000008
17578 0.000005
17579 0.000007
17580 0.000046
17581 0.000023
17582 0.000028
17583 0.000036
17584 0.000048
17585 0.000033
17586 0.000017
17587 0.000025
17588 0.000013
17589 0.000023
17590 0.000025
17591 0.000037
17592 0.000037
17593 0.000036
17594 0.000020
17595 0.000009
17596 0.000010
17597 0.000016
17598 0.000027
17599 0.000013
17600 0.000019
17601 0.000013
17602 0.000016
17603 0.000019
17604 0.000024
17605 0.000022
17606 0.000024
17607 0.000024
17608 0.000026
17609 0.000025
17610 0.000019
17611 0.000031
17612 0.000030
17613 0.000039
17614 0.000036
17615 0.000026
17616 0.000025
17617 0.000020
17618 0.000020
17619 0.000031
17620 0.000024
17621 0.000013
17622 0.000038
17623 0.000045
17624 0.000055
17625 0.000031
17626 0.000033
17627 0.000012
17628 0.000013
17629 0.000005
17630 0.000016
17631 0.000020
17632 0.000020
17633 0.000012
17634 0.000017
17635 0.000032
17636 0.000012
17637 0.000022
17638 0.000034
17639 0.000024
17640 0.000010
17641 0.000007
17642 0.000006
17643 0.000014
17644 0.000015
17645 0.000011
17646 0.000030
17647 0.000016
17648 0.000031
17649 0.000021
17650 0.000016
17651 0.000010
17652 0.000012
17653 0.000013
17654 0.000008
17655 0.000010
17656 0.000009
17657 0.000010
17658 0.000015
17659 0.000007
17660 0.000019
17661 0.000015
17662 0.000014
17663 0.000015
17664 0.000015
17665 0.000019
17666 0.000007
17667 0.000010
17668 0.000033
17669 0.000019
17670 0.000011
17671 0.000008
17672 0.000013
17673 0.000023
17674 0.000009
17675 0.000013
17676 0.000014
17677 0.000025
17678 0.000014
17679 0.000020
17680 0.000022
17681 0.000022
17682 0.000009
17683 0.000019
17684 0.000036
17685 0.000036
17686 0.000048
17687 0.000026
17688 0.000027
17689 0.000028
17690 0.000027
17691 0.000022
17692 0.000013
17693 0.000014
17694 0.000007
17695 0.000009
17696 0.000019
17697 0.000024
17698 0.000026
17699 0.000049
17700 0.000017
17701 0.000026
17702 0.000025
17703 0.000014
17704 0.000015
17705 0.000019
17706 0.000011
17707 0.000011
17708 0.000014
17709 0.000017
17710 0.000020
17711 0.000011
17712 0.000012
17713 0.000006
17714 0.000017
17715 0.000014
17716 0.000017
17717 0.000016
17718 0.000019
17719 0.000023
17720 0.000027
17721 0.000026
17722 0.000033
17723 0.000018
17724 0.000033
17725 0.000039
17726 0.000025
17727 0.000024
17728 0.000019
17729 0.000023
17730 0.000023
17731 0.000035
17732 0.000013
17733 0.000042
17734 0.000023
17735 0.000030
17736 0.000038
17737 0.000019
17738 0.000011
17739 0.000011
17740 0.000019
17741 0.000019
17742 0.000051
17743 0.000027
17744 0.000029
17745 0.000028
17746 0.000015
17747 0.000016
17748 0.000025
17749 0.000014
17750 0.000007
17751 0.000032
17752 0.000026
17753 0.000025
17754 0.000025
17755 0.000035
17756 0.000013
17757 0.000017
17758 0.000027
17759 0.000015
17760 0.000020
17761 0.000011
17762 0.000008
17763 0.000010
17764 0.000010
17765 0.000010
17766 0.000023
17767 0.000013
17768 0.000022
17769 0.000036
17770 0.000023
17771 0.000007
17772 0.000004
17773 0.000007
17774 0.000023
17775 0.000027
17776 0.000049
17777 0.000021
17778 0.000034
17779 0.000032
17780 0.000017
17781 0.000017
17782 0.000018
17783 0.000025
17784 0.000022
17785 0.000009
17786 0.000023
17787 0.000016
17788 0.000024
17789 0.000024
17790 0.000018
17791 0.000021
17792 0.000025
17793 0.000016
17794 0.000039
17795 0.000049
17796 0.000045
17797 0.000041
17798 0.000012
17799 0.000018
17800 0.000011
17801 0.000008
17802 0.000006
17803 0.000009
17804 0.000010
17805 0.000012
17806 0.000018
17807 0.000017
17808 0.000022
17809 0.000012
17810 0.000030
17811 0.000035
17812 0.000018
17813 0.000007
17814 0.000025
17815 0.000014
17816 0.000015
17817 0.000015
17818 0.000010
17819 0.000010
17820 0.000011
17821 0.000014
17822 0.000009
17823 0.000011
17824 0.000007
17825 0.000013
17826 0.000021
17827 0.000021
17828 0.000027
17829 0.000054
17830 0.000026
17831 0.000017
17832 0.000010
17833 0.000025
17834 0.000019
17835 0.000008
17836 0.000010
17837 0.000032
17838 0.000017
17839 0.000021
17840 0.000021
17841 0.000015
17842 0.000009
17843 0.000012
17844 0.000006
17845 0.000027
17846 0.000015
17847 0.000019
17848 0.000008
17849 0.000016
17850 0.000009
17851 0.000015
17852 0.000026
17853 0.000019
17854 0.000011
17855 0.000006
17856 0.000008
17857 0.000046
17858 0.000026
17859 0.000014
17860 0.000015
17861 0.000016
17862 0.000024
17863 0.000016
17864 0.000040
17865 0.000014
17866 0.000009
17867 0.000011
17868 0.000016
17869 0.000018
17870 0.000013
17871 0.000030
17872 0.000016
17873 0.000032
17874 0.000022
17875 0.000008
17876 0.000025
17877 0.000024
17878 0.000023
17879 0.000009
17880 0.000017
17881 0.000014
17882 0.000015
17883 0.000022
17884 0.000012
17885 0.000023
17886 0.000040
17887 0.000020
17888 0.000021
17889 0.000021
17890 0.000012
17891 0.000008
17892 0.000015
17893 0.000016
17894 0.000014
17895 0.000020
17896 0.000020
17897 0.000022
17898 0.000012
17899 0.000013
17900 0.000019
17901 0.000022
17902 0.000033
17903 0.000019
17904 0.000029
17905 0.000017
17906 0.000023
17907 0.000013
17908 0.000025
17909 0.000027
17910 0.000014
17911 0.000015
17912 0.000025
17913 0.000032
17914 0.000023
17915 0.000016
17916 0.000016
17917 0.000017
17918 0.000010
17919 0.000023
17920 0.000020
17921 0.000022
17922 0.000022
17923 0.000048
17924 0.000017
17925 0.000017
17926 0.000010
17927 0.000010
17928 0.000013
17929 0.000018
17930 0.000034
17931 0.000032
17932 0.000046
17933 0.000022
17934 0.000022
17935 0.000068
17936 0.000080
17937 0.000027
17938 0.000028
17939 0.000015
17940 0.000013
17941 0.000020
17942 0.000019
17943 0.000011
17944 0.000013
17945 0.000026
17946 0.000025
17947 0.000011
17948 0.000016
17949 0.000025
17950 0.000038
17951 0.000019
17952 0.000022
17953 0.000022
17954 0.000022
17955 0.000020
17956 0.000022
17957 0.000033
17958 0.000031
17959 0.000026
17960 0.000035
17961 0.000033
17962 0.000034
17963 0.000053
17964 0.000054
17965 0.000050
17966 0.000051
17967 0.000031
17968 0.000008
17969 0.000014
17970 0.000022
17971 0.000029
17972 0.000021
17973 0.000025
17974 0.000037
17975 0.000038
17976 0.000035
17977 0.000024
17978 0.000013
17979 0.000017
17980 0.000020
17981 0.000025
17982 0.000027
17983 0.000014
17984 0.000012
17985 0.000038
17986 0.000042
17987 0.000010
17988 0.000014
17989 0.000007
17990 0.000008
17991 0.000018
17992 0.000035
17993 0.000038
17994 0.000019
17995 0.000019
17996 0.000020
17997 0.000040
17998 0.000020
17999 0.000020
18000 0.000011
18001 0.000011
18002 0.000026
18003 0.000014
18004 0.000021
18005 0.000023
18006 0.000022
18007 0.000009
18008 0.000032
18009 0.000041
18010 0.000030
18011 0.000028
18012 0.000017
18013 0.000022
18014 0.000015
18015 0.000032
18016 0.000027
18017 0.000028
18018 0.000033
18019 0.000034
18020 0.000024
18021 0.000028
18022 0.000027
18023 0.000014
18024 0.000011
18025 0.000017
18026 0.000032
18027 0.000030
18028 0.000032
18029 0.000016
18030 0.000038
18031 0.000050
18032 0.000053
18033 0.000014
18034 0.000009
18035 0.000010
18036 0.000006
18037 0.000008
18038 0.000023
18039 0.000024
18040 0.000041
18041 0.000017
18042 0.000013
18043 0.000007
18044 0.000012
18045 0.000006
18046 0.000006
18047 0.000015
18048 0.000018
18049 0.000025
18050 0.000029
18051 0.000018
18052 0.000024
18053 0.000024
18054 0.000045
18055 0.000022
18056 0.000023
18057 0.000009
18058 0.000017
18059 0.000010
18060 0.000011
18061 0.000028
18062 0.000028
18063 0.000027
18064 0.000015
18065 0.000023
18066 0.000010
18067 0.000036
18068 0.000033
18069 0.000032
18070 0.000044
18071 0.000022
18072 0.000022
18073 0.000021
18074 0.000021
18075 0.000046
18076 0.000041
18077 0.000021
18078 0.000024
18079 0.000037
18080 0.000021
18081 0.000040
18082 0.000038
18083 0.000025
18084 0.000017
18085 0.000010
18086 0.000007
18087 0.000006
18088 0.000023
18089 0.000013
18090 0.000007
18091 0.000027
18092 0.000011
18093 0.000023
18094 0.000023
18095 0.000009
18096 0.000022
18097 0.000009
18098 0.000015
18099 0.000006
18100 0.000019
18101 0.000012
18102 0.000013
18103 0.000009
18104 0.000013
18105 0.000014
18106 0.000009
18107 0.000013
18108 0.000017
18109 0.000008
18110 0.000033
18111 0.000021
18112 0.000018
18113 0.000013
18114 0.000042
18115 0.000015
18116 0.000024
18117 0.000034
18118 0.000042
18119 0.000021
18120 0.000009
18121 0.000011
18122 0.000008
18123 0.000017
18124 0.000017
18125 0.000012
18126 0.000009
18127 0.000005
18128 0.000014
18129 0.000042
18130 0.000024
18131 0.000032
18132 0.000013
18133 0.000012
18134 0.000036
18135 0.000008
18136 0.000021
18137 0.000021
18138 0.000012
18139 0.000017
18140 0.000018
18141 0.000011
18142 0.000023
18143 0.000028
18144 0.000033
18145 0.000036
18146 0.000035
18147 0.000019
18148 0.000025
18149 0.000010
18150 0.000018
18151 0.000010
18152 0.000012
18153 0.000019
18154 0.000007
18155 0.000011
18156 0.000016
18157 0.000022
18158 0.000012
18159 0.000006
18160 0.000020
18161 0.000025
18162 0.000024
18163 0.000032
18164 0.000075
18165 0.000023
18166 0.000013
18167 0.000018
18168 0.000033
18169 0.000046
18170 0.000032
18171 0.000046
18172 0.000022
18173 0.000013
18174 0.000015
18175 0.000015
18176 0.000016
18177 0.000014
18178 0.000034
18179 0.000026
18180 0.000043
18181 0.000040
18182 0.000041
18183 0.000021
18184 0.000011
18185 0.000013
18186 0.000007
18187 0.000035
18188 0.000018
18189 0.000016
18190 0.000010
18191 0.000026
18192 0.000038
18193 0.000019
18194 0.000011
18195 0.000006
18196 0.000021
18197 0.000035
18198 0.000018
18199 0.000029
18200 0.000028
18201 0.000017
18202 0.000037
18203 0.000019
18204 0.000032
18205 0.000030
18206 0.000044
18207 0.000024
18208 0.000023
18209 0.000023
18210 0.000024
18211 0.000023
18212 0.000028
18213 0.000020
18214 0.000009
18215 0.000011
18216 0.000006
18217 0.000010
18218 0.000012
18219 0.000008
18220 0.000026
18221 0.000043
18222 0.000040
18223 0.000020
18224 0.000020
18225 0.000011
18226 0.000008
18227 0.000013
18228 0.000020
18229 0.000028
18230 0.000027
18231 0.000009
18232 0.000017
18233 0.000008
18234 0.000005
18235 0.000004
18236 0.000005
18237 0.000005
18238 0.000011
18239 0.000008
18240 0.000020
18241 0.000022
18242 0.000029
18243 0.000032
18244 0.000030
18245 0.000036
18246 0.000050
18247 0.000045
18248 0.000050
18249 0.000024
18250 0.000013
18251 0.000014
18252 0.000018
18253 0.000029
18254 0.000015
18255 0.000014
18256 0.000011
18257 0.000028
18258 0.000011
18259 0.000017
18260 0.000008
18261 0.000012
18262 0.000015
18263 0.000013
18264 0.000026
18265 0.000019
18266 0.000011
18267 0.000011
18268 0.000008
18269 0.000007
18270 0.000006
18271 0.000008
18272 0.000005
18273 0.000023
18274 0.000027
18275 0.000014
18276 0.000025
18277 0.000025
18278 0.000008
18279 0.000019
18280 0.000042
18281 0.000052
18282 0.000047
18283 0.000013
18284 0.000018
18285 0.000018
18286 0.000013
18287 0.000012
18288 0.000022
18289 0.000023
18290 0.000020
18291 0.000026
18292 0.000018
18293 0.000033
18294 0.000017
18295 0.000016
18296 0.000012
18297 0.000015
18298 0.000020
18299 0.000030
18300 0.000025
18301 0.000029
18302 0.000034
18303 0.000013
18304 0.000008
18305 0.000007
18306 0.000005
18307 0.000007
18308 0.000039
18309 0.000022
18310 0.000009
18311 0.000026
18312 0.000014
18313 0.000015
18314 0.000009
18315 0.000006
18316 0.000014
18317 0.000022
18318 0.000029
18319 0.000019
18320 0.000021
18321 0.000024
18322 0.000016
18323 0.000022
18324 0.000019
18325 0.000011
18326 0.000024
18327 0.000021
18328 0.000017
18329 0.000018
18330 0.000019
18331 0.000007
18332 0.000011
18333 0.000014
18334 0.000018
18335 0.000017
18336 0.000017
18337 0.000046
18338 0.000037
18339 0.000022
18340 0.000035
18341 0.000045
18342 0.000026
18343 0.000026
18344 0.000014
18345 0.000015
18346 0.000016
18347 0.000016
18348 0.000015
18349 0.000019
18350 0.000007
18351 0.000005
18352 0.000016
18353 0.000006
18354 0.000013
18355 0.000032
18356 0.000043
18357 0.000061
18358 0.000023
18359 0.000018
18360 0.000015
18361 0.000021
18362 0.000029
18363 0.000031
18364 0.000037
18365 0.000034
18366 0.000014
18367 0.000015
18368 0.000016
18369 0.000015
18370 0.000021
18371 0.000021
18372 0.000023
18373 0.000028
18374 0.000015
18375 0.000010
18376 0.000007
18377 0.000008
18378 0.000053
18379 0.000030
18380 0.000016
18381 0.000021
18382 0.000031
18383 0.000021
18384 0.000008
18385 0.000010
18386 0.000018
18387 0.000011
18388 0.000007
18389 0.000010
18390 0.000030
18391 0.000022
18392 0.000046
18393 0.000052
18394 0.000038
18395 0.000065
18396 0.000029
18397 0.000015
18398 0.000009
18399 0.000013
18400 0.000020
18401 0.000020
18402 0.000007
18403 0.000012
18404 0.000013
18405 0.000023
18406 0.000037
18407 0.000022
18408 0.000033
18409 0.000024
18410 0.000013
18411 0.000007
18412 0.000024
18413 0.000033
18414 0.000013
18415 0.000015
18416 0.000018
18417 0.000010
18418 0.000010
18419 0.000020
18420 0.000025
18421 0.000008
18422 0.000023
18423 0.000031
18424 0.000029
18425 0.000028
18426 0.000045
18427 0.000046
18428 0.000029
18429 0.000029
18430 0.000033
18431 0.000017
18432 0.000007
18433 0.000007
18434 0.000011
18435 0.000012
18436 0.000017
18437 0.000032
18438 0.000025
18439 0.000020
18440 0.000012
18441 0.000012
18442 0.000024
18443 0.000018
18444 0.000012
18445 0.000025
18446 0.000028
18447 0.000032
18448 0.000037
18449 0.000021
18450 0.000031
18451 0.000036
18452 0.000016
18453 0.000017
18454 0.000010
18455 0.000032
18456 0.000046
18457 0.000026
18458 0.000014
18459 0.000006
18460 0.000021
18461 0.000016
18462 0.000016
18463 0.000012
18464 0.000014
18465 0.000009
18466 0.000006
18467 0.000013
18468 0.000035
18469 0.000022
18470 0.000043
18471 0.000045
18472 0.000021
18473 0.000044
18474 0.000043
18475 0.000021
18476 0.000020
18477 0.000007
18478 0.000021
18479 0.000007
18480 0.000013
18481 0.000012
18482 0.000006
18483 0.000010
18484 0.000020
18485 0.000025
18486 0.000022
18487 0.000029
18488 0.000015
18489 0.000009
18490 0.000013
18491 0.000014
18492 0.000013
18493 0.000014
18494 0.000019
18495 0.000011
18496 0.000023
18497 0.000016
18498 0.000029
18499 0.000038
18500 0.000035
18501 0.000013
18502 0.000011
18503 0.000019
18504 0.000019
18505 0.000013
18506 0.000014
18507 0.000024
18508 0.000024
18509 0.000026
18510 0.000020
18511 0.000022
18512 0.000012
18513 0.000014
18514 0.000017
18515 0.000041
18516 0.000013
18517 0.000009
18518 0.000011
18519 0.000020
18520 0.000031
18521 0.000029
18522 0.000019
18523 0.000028
18524 0.000017
18525 0.000017
18526 0.000008
18527 0.000010
18528 0.000012
18529 0.000009
18530 0.000018
18531 0.000018
18532 0.000019
18533 0.000009
18534 0.000011
18535 0.000012
18536 0.000016
18537 0.000020
18538 0.000011
18539 0.000013
18540 0.000041
18541 0.000046
18542 0.000016
18543 0.000021
18544 0.000020
18545 0.000009
18546 0.000007
18547 0.000020
18548 0.000011
18549 0.000013
18550 0.000015
18551 0.000022
18552 0.000012
18553 0.000019
18554 0.000021
18555 0.000019
18556 0.000007
18557 0.000009
18558 0.000023
18559 0.000023
18560 0.000031
18561 0.000032
18562 0.000045
18563 0.000022
18564 0.000012
18565 0.000017
18566 0.000010
18567 0.000007
18568 0.000005
18569 0.000036
18570 0.000021
18571 0.000016
18572 0.000029
18573 0.000009
18574 0.000013
18575 0.000014
18576 0.000025
18577 0.000022
18578 0.000038
18579 0.000019
18580 0.000019
18581 0.000021
18582 0.000016
18583 0.000021
18584 0.000044
18585 0.000051
18586 0.000054
18587 0.000032
18588 0.000012
18589 0.000015
18590 0.000022
18591 0.000016
18592 0.000010
18593 0.000016
18594 0.000010
18595 0.000028
18596 0.000024
18597 0.000028
18598 0.000044
18599 0.000062
18600 0.000059
18601 0.000041
18602 0.000020
18603 0.000037
18604 0.000019
18605 0.000013
18606 0.000012
18607 0.000006
18608 0.000005
18609 0.000009
18610 0.000016
18611 0.000022
18612 0.000014
18613 0.000007
18614 0.000006
18615 0.000018
18616 0.000023
18617 0.000024
18618 0.000017
18619 0.000038
18620 0.000023
18621 0.000013
18622 0.000023
18623 0.000015
18624 0.000053
18625 0.000066
18626 0.000025
18627 0.000024
18628 0.000021
18629 0.000038
18630 0.000036
18631 0.000019
18632 0.000023
18633 0.000025
18634 0.000012
18635 0.000014
18636 0.000015
18637 0.000009
18638 0.000027
18639 0.000015
18640 0.000015
18641 0.000027
18642 0.000025
18643 0.000039
18644 0.000037
18645 0.000026
18646 0.000017
18647 0.000027
18648 0.000026
18649 0.000014
18650 0.000017
18651 0.000007
18652 0.000009
18653 0.000006
18654 0.000011
18655 0.000008
18656 0.000013
18657 0.000016
18658 0.000011
18659 0.000019
18660 0.000015
18661 0.000015
18662 0.000019
18663 0.000036
18664 0.000025
18665 0.000007
18666 0.000014
18667 0.000015
18668 0.000009
18669 0.000014
18670 0.000034
18671 0.000051
18672 0.000047
18673 0.000029
18674 0.000038
18675 0.000019
18676 0.000028
18677 0.000015
18678 0.000016
18679 0.000007
18680 0.000011
18681 0.000020
18682 0.000019
18683 0.000022
18684 0.000021
18685 0.000022
18686 0.000024
18687 0.000016
18688 0.000021
18689 0.000012
18690 0.000008
18691 0.000010
18692 0.000008
18693 0.000028
18694 0.000015
18695 0.000017
18696 0.000030
18697 0.000032
18698 0.000016
18699 0.000041
18700 0.000038
18701 0.000035
18702 0.000036
18703 0.000011
18704 0.000018
18705 0.000018
18706 0.000023
18707 0.000031
18708 0.000016
18709 0.000032
18710 0.000014
18711 0.000020
18712 0.000018
18713 0.000022
18714 0.000034
18715 0.000030
18716 0.000033
18717 0.000027
18718 0.000026
18719 0.000014
18720 0.000039
18721 0.000041
18722 0.000026
18723 0.000016
18724 0.000017
18725 0.000021
18726 0.000012
18727 0.000012
18728 0.000030
18729 0.000028
18730 0.000040
18731 0.000018
18732 0.000011
18733 0.000016
18734 0.000007
18735 0.000009
18736 0.000016
18737 0.000017
18738 0.000030
18739 0.000035
18740 0.000039
18741 0.000031
18742 0.000034
18743 0.000013
18744 0.000014
18745 0.000005
18746 0.000005
18747 0.000024
18748 0.000010
18749 0.000014
18750 0.000029
18751 0.000019
18752 0.000029
18753 0.000033
18754 0.000043
18755 0.000021
18756 0.000012
18757 0.000006
18758 0.000006
18759 0.000005
18760 0.000042
18761 0.000015
18762 0.000040
18763 0.000020
18764 0.000017
18765 0.000013
18766 0.000021
18767 0.000012
18768 0.000032
18769 0.000012
18770 0.000019
18771 0.000032
18772 0.000018
18773 0.000028
18774 0.000021
18775 0.000025
18776 0.000044
18777 0.000022
18778 0.000020
18779 0.000031
18780 0.000029
18781 0.000015
18782 0.000023
18783 0.000013
18784 0.000014
18785 0.000008
18786 0.000015
18787 0.000014
18788 0.000009
18789 0.000011
18790 0.000011
18791 0.000012
18792 0.000013
18793 0.000016
18794 0.000016
18795 0.000012
18796 0.000017
18797 0.000023
18798 0.000013
18799 0.000015
18800 0.000026
18801 0.000037
18802 0.000027
18803 0.000045
18804 0.000063
18805 0.000024
18806 0.000033
18807 0.000031
18808 0.000012
18809 0.000013
18810 0.000009
18811 0.000011
18812 0.000005
18813 0.000008
18814 0.000006
18815 0.000006
18816 0.000005
18817 0.000004
18818 0.000007
18819 0.000005
18820 0.000005
18821 0.000007
18822 0.000014
18823 0.000020
18824 0.000024
18825 0.000013
18826 0.000007
18827 0.000031
18828 0.000054
18829 0.000051
18830 0.000014
18831 0.000015
18832 0.000016
18833 0.000017
18834 0.000021
18835 0.000008
18836 0.000005
18837 0.000010
18838 0.000010
18839 0.000007
18840 0.000009
18841 0.000007
18842 0.000013
18843 0.000012
18844 0.000014
18845 0.000009
18846 0.000026
18847 0.000027
18848 0.000026
18849 0.000029
18850 0.000033
18851 0.000043
18852 0.000026
18853 0.000014
18854 0.000009
18855 0.000006
18856 0.000018
18857 0.000011
18858 0.000016
18859 0.000010
18860 0.000011
18861 0.000008
18862 0.000010
18863 0.000016
18864 0.000021
18865 0.000036
18866 0.000021
18867 0.000023
18868 0.000022
18869 0.000019
18870 0.000029
18871 0.000028
18872 0.000042
18873 0.000070
18874 0.000026
18875 0.000026
18876 0.000014
18877 0.000029
18878 0.000032
18879 0.000039
18880 0.000055
18881 0.000015
18882 0.000017
18883 0.000019
18884 0.000019
18885 0.000025
18886 0.000032
18887 0.000031
18888 0.000036
18889 0.000052
18890 0.000025
18891 0.000022
18892 0.000016
18893 0.000013
18894 0.000021
18895 0.000012
18896 0.000012
18897 0.000017
18898 0.000008
18899 0.000018
18900 0.000046
18901 0.000042
18902 0.000027
18903 0.000030
18904 0.000011
18905 0.000018
18906 0.000027
18907 0.000014
18908 0.000007
18909 0.000010
18910 0.000005
18911 0.000004
18912 0.000014
18913 0.000015
18914 0.000029
18915 0.000015
18916 0.000016
18917 0.000018
18918 0.000016
18919 0.000017
18920 0.000010
18921 0.000011
18922 0.000035
18923 0.000048
18924 0.000063
18925 0.000056
18926 0.000019
18927 0.000023
18928 0.000021
18929 0.000012
18930 0.000015
18931 0.000020
18932 0.000011
18933 0.000019
18934 0.000018
18935 0.000020
18936 0.000012
18937 0.000015
18938 0.000041
18939 0.000022
18940 0.000024
18941 0.000013
18942 0.000023
18943 0.000019
18944 0.000009
18945 0.000016
18946 0.000025
18947 0.000007
18948 0.000009
18949 0.000016
18950 0.000018
18951 0.000019
18952 0.000006
18953 0.000006
18954 0.000022
18955 0.000018
18956 0.000025
18957 0.000014
18958 0.000009
18959 0.000019
18960 0.000011
18961 0.000008
18962 0.000007
18963 0.000009
18964 0.000016
18965 0.000019
18966 0.000027
18967 0.000017
18968 0.000024
18969 0.000013
18970 0.000030
18971 0.000016
18972 0.000019
18973 0.000006
18974 0.000006
18975 0.000007
18976 0.000018
18977 0.000018
18978 0.000008
18979 0.000013
18980 0.000009
18981 0.000005
18982 0.000012
18983 0.000016
18984 0.000020
18985 0.000020
18986 0.000011
18987 0.000013
18988 0.000014
18989 0.000040
18990 0.000037
18991 0.000021
18992 0.000012
18993 0.000032
18994 0.000017
18995 0.000012
18996 0.000009
18997 0.000011
18998 0.000022
18999 0.000016
19000 0.000010
19001 0.000005
19002 0.000007
19003 0.000011
19004 0.000007
19005 0.000008
19006 0.000013
19007 0.000008
19008 0.000009
19009 0.000013
19010 0.000014
19011 0.000015
19012 0.000014
19013 0.000006
19014 0.000006
19015 0.000020
19016 0.000015
19017 0.000028
19018 0.000015
19019 0.000043
19020 0.000044
19021 0.000027
19022 0.000039
19023 0.000036
19024 0.000033
19025 0.000031
19026 0.000022
19027 0.000009
19028 0.000014
19029 0.000023
19030 0.000023
19031 0.000013
19032 0.000014
19033 0.000012
19034 0.000032
19035 0.000027
19036 0.000028
19037 0.000008
19038 0.000008
19039 0.000014
19040 0.000027
19041 0.000031
19042 0.000030
19043 0.000018
19044 0.000012
19045 0.000008
19046 0.000013
19047 0.000016
19048 0.000006
19049 0.000013
19050 0.000014
19051 0.000007
19052 0.000026
19053 0.000025
19054 0.000027
19055 0.000015
19056 0.000013
19057 0.000018
19058 0.000034
19059 0.000016
19060 0.000022
19061 0.000012
19062 0.000036
19063 0.000027
19064 0.000015
19065 0.000025
19066 0.000035
19067 0.000033
19068 0.000016
19069 0.000010
19070 0.000022
19071 0.000012
19072 0.000018
19073 0.000010
19074 0.000010
19075 0.000010
19076 0.000023
19077 0.000013
19078 0.000028
19079 0.000029
19080 0.000011
19081 0.000018
19082 0.000008
19083 0.000018
19084 0.000040
19085 0.000034
19086 0.000038
19087 0.000035
19088 0.000018
19089 0.000007
19090 0.000022
19091 0.000038
19092 0.000019
19093 0.000006
19094 0.000008
19095 0.000007
19096 0.000006
19097 0.000008
19098 0.000024
19099 0.000030
19100 0.000014
19101 0.000017
19102 0.000026
19103 0.000029
19104 0.000027
19105 0.000012
19106 0.000019
19107 0.000019
19108 0.000019
19109 0.000025
19110 0.000036
19111 0.000011
19112 0.000014
19113 0.000012
19114 0.000008
19115 0.000010
19116 0.000032
19117 0.000026
19118 0.000016
19119 0.000011
19120 0.000020
19121 0.000022
19122 0.000025
19123 0.000029
19124 0.000021
19125 0.000018
19126 0.000018
19127 0.000022
19128 0.000009
19129 0.000011
19130 0.000011
19131 0.000026
19132 0.000010
19133 0.000012
19134 0.000008
19135 0.000022
19136 0.000022
19137 0.000022
19138 0.000009
19139 0.000007
19140 0.000009
19141 0.000017
19142 0.000024
19143 0.000010
19144 0.000019
19145 0.000011
19146 0.000012
19147 0.000028
19148 0.000045
19149 0.000016
19150 0.000016
19151 0.000013
19152 0.000011
19153 0.000006
19154 0.000008
19155 0.000005
19156 0.000029
19157 0.000037
19158 0.000021
19159 0.000016
19160 0.000009
19161 0.000011
19162 0.000012
19163 0.000015
19164 0.000018
19165 0.000024
19166 0.000013
19167 0.000009
19168 0.000026
19169 0.000025
19170 0.000031
19171 0.000019
19172 0.000010
19173 0.000017
19174 0.000023
19175 0.000023
19176 0.000045
19177 0.000022
19178 0.000009
19179 0.000033
19180 0.000035
19181 0.000023
19182 0.000013
19183 0.000020
19184 0.000011
19185 0.000014
19186 0.000029
19187 0.000028
19188 0.000013
19189 0.000013
19190 0.000011
19191 0.000013
19192 0.000008
19193 0.000026
19194 0.000018
19195 0.000023
19196 0.000022
19197 0.000023
19198 0.000029
19199 0.000031
19200 0.000016
19201 0.000023
19202 0.000037
19203 0.000035
19204 0.000050
19205 0.000044
19206 0.000036
19207 0.000032
19208 0.000018
19209 0.000034
19210 0.000055
19211 0.000026
19212 0.000018
19213 0.000035
19214 0.000018
19215 0.000011
19216 0.000008
19217 0.000009
19218 0.000021
19219 0.000026
19220 0.000024
19221 0.000035
19222 0.000048
19223 0.000023
19224 0.000013
19225 0.000014
19226 0.000007
19227 0.000018
19228 0.000030
19229 0.000031
19230 0.000036
19231 0.000036
19232 0.000013
19233 0.000009
19234 0.000010
19235 0.000021
19236 0.000035
19237 0.000014
19238 0.000028
19239 0.000015
19240 0.000014
19241 0.000009
19242 0.000007
19243 0.000028
19244 0.000020
19245 0.000015
19246 0.000013
19247 0.000009
19248 0.000010
19249 0.000023
19250 0.000013
19251 0.000023
19252 0.000009
19253 0.000007
19254 0.000023
19255 0.000023
19256 0.000011
19257 0.000006
19258 0.000008
19259 0.000015
19260 0.000009
19261 0.000007
19262 0.000011
19263 0.000017
19264 0.000008
19265 0.000021
19266 0.000026
19267 0.000020
19268 0.000012
19269 0.000013
19270 0.000008
19271 0.000014
19272 0.000015
19273 0.000007
19274 0.000009
19275 0.000014
19276 0.000036
19277 0.000029
19278 0.000018
19279 0.000008
19280 0.000011
19281 0.000019
19282 0.000009
19283 0.000016
19284 0.000022
19285 0.000048
19286 0.000017
19287 0.000022
19288 0.000043
19289 0.000021
19290 0.000009
19291 0.000013
19292 0.000016
19293 0.000023
19294 0.000049
19295 0.000024
19296 0.000041
19297 0.000048
19298 0.000048
19299 0.000027
19300 0.000042
19301 0.000039
19302 0.000027
19303 0.000035
19304 0.000048
19305 0.000023
19306 0.000013
19307 0.000007
19308 0.000010
19309 0.000015
19310 0.000015
19311 0.000010
19312 0.000014
19313 0.000030
19314 0.000017
19315 0.000010
19316 0.000012
19317 0.000025
19318 0.000026
19319 0.000055
19320 0.000033
19321 0.000010
19322 0.000017
19323 0.000032
19324 0.000022
19325 0.000013
19326 0.000012
19327 0.000028
19328 0.000027
19329 0.000026
19330 0.000014
19331 0.000017
19332 0.000017
19333 0.000010
19334 0.000007
19335 0.000006
19336 0.000010
19337 0.000015
19338 0.000010
19339 0.000027
19340 0.000026
19341 0.000028
19342 0.000017
19343 0.000027
19344 0.000015
19345 0.000027
19346 0.000023
19347 0.000017
19348 0.000016
19349 0.000017
19350 0.000034
19351 0.000033
19352 0.000020
19353 0.000012
19354 0.000013
19355 0.000015
19356 0.000033
19357 0.000010
19358 0.000011
19359 0.000006
19360 0.000027
19361 0.000029
19362 0.000015
19363 0.000029
19364 0.000039
19365 0.000030
19366 0.000031
19367 0.000019
19368 0.000031
19369 0.000028
19370 0.000015
19371 0.000013
19372 0.000019
19373 0.000019
19374 0.000042
19375 0.000010
19376 0.000012
19377 0.000017
19378 0.000037
19379 0.000034
19380 0.000017
19381 0.000010
19382 0.000012
19383 0.000008
19384 0.000014
19385 0.000033
19386 0.000024
19387 0.000010
19388 0.000009
19389 0.000012
19390 0.000006
19391 0.000030
19392 0.000031
19393 0.000016
19394 0.000020
19395 0.000012
19396 0.000013
19397 0.000016
19398 0.000029
19399 0.000045
19400 0.000027
19401 0.000033
19402 0.000031
19403 0.000028
19404 0.000033
19405 0.000034
19406 0.000035
19407 0.000033
19408 0.000021
19409 0.000012
19410 0.000020
19411 0.000027
19412 0.000034
19413 0.000045
19414 0.000041
19415 0.000014
19416 0.000012
19417 0.000013
19418 0.000030
19419 0.000011
19420 0.000017
19421 0.000010
19422 0.000017
19423 0.000018
19424 0.000034
19425 0.000043
19426 0.000039
19427 0.000024
19428 0.000010
19429 0.000017
19430 0.000010
19431 0.000018
19432 0.000017
19433 0.000010
19434 0.000026
19435 0.000027
19436 0.000031
19437 0.000014
19438 0.000009
19439 0.000006
19440 0.000011
19441 0.000012
19442 0.000009
19443 0.000027
19444 0.000053
19445 0.000051
19446 0.000054
19447 0.000051
19448 0.000014
19449 0.000027
19450 0.000014
19451 0.000015
19452 0.000016
19453 0.000021
19454 0.000037
19455 0.000028
19456 0.000027
19457 0.000017
19458 0.000017
19459 0.000008
19460 0.000008
19461 0.000009
19462 0.000021
19463 0.000027
19464 0.000031
19465 0.000029
19466 0.000023
19467 0.000023
19468 0.000017
19469 0.000017
19470 0.000027
19471 0.000045
19472 0.000056
19473 0.000057
19474 0.000051
19475 0.000018
19476 0.000010
19477 0.000015
19478 0.000009
19479 0.000022
19480 0.000024
19481 0.000047
19482 0.000023
19483 0.000016
19484 0.000024
19485 0.000023
19486 0.000013
19487 0.000014
19488 0.000007
19489 0.000009
19490 0.000011
19491 0.000007
19492 0.000006
19493 0.000006
19494 0.000009
19495 0.000015
19496 0.000007
19497 0.000010
19498 0.000029
19499 0.000011
19500 0.000022
19501 0.000008
19502 0.000019
19503 0.000012
19504 0.000034
19505 0.000013
19506 0.000019
19507 0.000044
19508 0.000016
19509 0.000015
19510 0.000007
19511 0.000029
19512 0.000011
19513 0.000008
19514 0.000013
19515 0.000007
19516 0.000013
19517 0.000048
19518 0.000074
19519 0.000044
19520 0.000022
19521 0.000021
19522 0.000036
19523 0.000020
19524 0.000038
19525 0.000039
19526 0.000010
19527 0.000014
19528 0.000013
19529 0.000014
19530 0.000031
19531 0.000017
19532 0.000014
19533 0.000007
19534 0.000013
19535 0.000009
19536 0.000010
19537 0.000030
19538 0.000036
19539 0.000026
19540 0.000040
19541 0.000057
19542 0.000051
19543 0.000014
19544 0.000033
19545 0.000017
19546 0.000014
19547 0.000021
19548 0.000012
19549 0.000015
19550 0.000009
19551 0.000012
19552 0.000013
19553 0.000012
19554 0.000022
19555 0.000025
19556 0.000028
19557 0.000038
19558 0.000039
19559 0.000022
19560 0.000037
19561 0.000036
19562 0.000051
19563 0.000058
19564 0.000020
19565 0.000020
19566 0.000020
19567 0.000024
19568 0.000023
19569 0.000036
19570 0.000049
19571 0.000053
19572 0.000033
19573 0.000031
19574 0.000021
19575 0.000017
19576 0.000034
19577 0.000033
19578 0.000031
19579 0.000029
19580 0.000026
19581 0.000014
19582 0.000010
19583 0.000039
19584 0.000041
19585 0.000017
19586 0.000018
19587 0.000026
19588 0.000042
19589 0.000046
19590 0.000022
19591 0.000029
19592 0.000029
19593 0.000028
19594 0.000022
19595 0.000016
19596 0.000028
19597 0.000015
19598 0.000016
19599 0.000006
19600 0.000012
19601 0.000006
19602 0.000014
19603 0.000024
19604 0.000019
19605 0.000026
19606 0.000014
19607 0.000029
19608 0.000031
19609 0.000024
19610 0.000029
19611 0.000015
19612 0.000026
19613 0.000025
19614 0.000024
19615 0.000024
19616 0.000017
19617 0.000008
19618 0.000011
19619 0.000015
19620 0.000025
19621 0.000032
19622 0.000030
19623 0.000016
19624 0.000026
19625 0.000009
19626 0.000011
19627 0.000006
19628 0.000018
19629 0.000007
19630 0.000013
19631 0.000012
19632 0.000013
19633 0.000022
19634 0.000022
19635 0.000009
19636 0.000029
19637 0.000022
19638 0.000019
19639 0.000016
19640 0.000007
19641 0.000026
19642 0.000033
19643 0.000031
19644 0.000036
19645 0.000025
19646 0.000024
19647 0.000023
19648 0.000034
19649 0.000036
19650 0.000013
19651 0.000025
19652 0.000027
19653 0.000011
19654 0.000012
19655 0.000011
19656 0.000005
19657 0.000008
19658 0.000010
19659 0.000019
19660 0.000019
19661 0.000032
19662 0.000017
19663 0.000017
19664 0.000020
19665 0.000020
19666 0.000009
19667 0.000005
19668 0.000008
19669 0.000011
19670 0.000017
19671 0.000024
19672 0.000013
19673 0.000013
19674 0.000016
19675 0.000019
19676 0.000020
19677 0.000031
19678 0.000029
19679 0.000015
19680 0.000010
19681 0.000007
19682 0.000020
19683 0.000021
19684 0.000012
19685 0.000013
19686 0.000025
19687 0.000029
19688 0.000023
19689 0.000031
19690 0.000030
19691 0.000026
19692 0.000037
19693 0.000020
19694 0.000026
19695 0.000020
19696 0.000018
19697 0.000007
19698 0.000009
19699 0.000006
19700 0.000009
19701 0.000007
19702 0.000009
19703 0.000007
19704 0.000009
19705 0.000025
19706 0.000014
19707 0.000009
19708 0.000032
19709 0.000049
19710 0.000047
19711 0.000047
19712 0.000038
19713 0.000028
19714 0.000038
19715 0.000023
19716 0.000022
19717 0.000022
19718 0.000030
19719 0.000032
19720 0.000017
19721 0.000020
19722 0.000029
19723 0.000045
19724 0.000032
19725 0.000012
19726 0.000014
19727 0.000021
19728 0.000025
19729 0.000024
19730 0.000028
19731 0.000034
19732 0.000027
19733 0.000020
19734 0.000017
19735 0.000020
19736 0.000009
19737 0.000012
19738 0.000014
19739 0.000007
19740 0.000014
19741 0.000006
19742 0.000019
19743 0.000019
19744 0.000016
19745 0.000017
19746 0.000010
19747 0.000007
19748 0.000009
19749 0.000010
19750 0.000011
19751 0.000008
19752 0.000015
19753 0.000010
19754 0.000012
19755 0.000013
19756 0.000007
19757 0.000022
19758 0.000012
19759 0.000021
19760 0.000009
19761 0.000017
19762 0.000010
19763 0.000012
19764 0.000020
19765 0.000020
19766 0.000028
19767 0.000024
19768 0.000013
19769 0.000018
19770 0.000026
19771 0.000033
19772 0.000023
19773 0.000035
19774 0.000033
19775 0.000038
19776 0.000019
19777 0.000015
19778 0.000009
19779 0.000027
19780 0.000025
19781 0.000026
19782 0.000044
19783 0.000062
19784 0.000056
19785 0.000025
19786 0.000031
19787 0.000020
19788 0.000012
19789 0.000018
19790 0.000018
19791 0.000007
19792 0.000014
19793 0.000034
19794 0.000022
19795 0.000009
19796 0.000018
19797 0.000019
19798 0.000019
19799 0.000030
19800 0.000014
19801 0.000009
19802 0.000007
19803 0.000006
19804 0.000004
19805 0.000008
19806 0.000013
19807 0.000014
19808 0.000014
19809 0.000017
19810 0.000017
19811 0.000014
19812 0.000018
19813 0.000027
19814 0.000028
19815 0.000013
19816 0.000025
19817 0.000014
19818 0.000020
19819 0.000009
19820 0.000005
19821 0.000005
19822 0.000005
19823 0.000007
19824 0.000014
19825 0.000015
19826 0.000018
19827 0.000028
19828 0.000042
19829 0.000021
19830 0.000012
19831 0.000013
19832 0.000022
19833 0.000034
19834 0.000013
19835 0.000015
19836 0.000032
19837 0.000036
19838 0.000013
19839 0.000014
19840 0.000030
19841 0.000028
19842 0.000018
19843 0.000015
19844 0.000009
19845 0.000009
19846 0.000015
19847 0.000017
19848 0.000007
19849 0.000005
19850 0.000008
19851 0.000021
19852 0.000008
19853 0.000006
19854 0.000028
19855 0.000032
19856 0.000031
19857 0.000025
19858 0.000025
19859 0.000024
19860 0.000029
19861 0.000017
19862 0.000021
19863 0.000035
19864 0.000023
19865 0.000019
19866 0.000027
19867 0.000030
19868 0.000029
19869 0.000046
19870 0.000042
19871 0.000015
19872 0.000028
19873 0.000020
19874 0.000009
19875 0.000005
19876 0.000010
19877 0.000015
19878 0.000015
19879 0.000011
19880 0.000019
19881 0.000026
19882 0.000014
19883 0.000029
19884 0.000021
19885 0.000020
19886 0.000012
19887 0.000034
19888 0.000024
19889 0.000010
19890 0.000011
19891 0.000013
19892 0.000008
19893 0.000010
19894 0.000014
19895 0.000012
19896 0.000031
19897 0.000036
19898 0.000055
19899 0.000056
19900 0.000021
19901 0.000039
19902 0.000036
19903 0.000034
19904 0.000032
19905 0.000030
19906 0.000028
19907 0.000011
19908 0.000018
19909 0.000032
19910 0.000030
19911 0.000036
19912 0.000038
19913 0.000023
19914 0.000013
19915 0.000005
19916 0.000022
19917 0.000014
19918 0.000022
19919 0.000030
19920 0.000033
19921 0.000018
19922 0.000024
19923 0.000037
19924 0.000033
19925 0.000012
19926 0.000025
19927 0.000027
19928 0.000038
19929 0.000014
19930 0.000020
19931 0.000022
19932 0.000015
19933 0.000015
19934 0.000010
19935 0.000011
19936 0.000023
19937 0.000033
19938 0.000030
19939 0.000015
19940 0.000017
19941 0.000009
19942 0.000047
19943 0.000016
19944 0.000017
19945 0.000029
19946 0.000024
19947 0.000023
19948 0.000013
19949 0.000017
19950 0.000016
19951 0.000010
19952 0.000013
19953 0.000007
19954 0.000027
19955 0.000034
19956 0.000035
19957 0.000021
19958 0.000012
19959 0.000013
19960 0.000018
19961 0.000011
19962 0.000012
19963 0.000022
19964 0.000027
19965 0.000024
19966 0.000013
19967 0.000009
19968 0.000010
19969 0.000010
19970 0.000010
19971 0.000014
19972 0.000027
19973 0.000028
19974 0.000011
19975 0.000012
19976 0.000029
19977 0.000060
19978 0.000027
19979 0.000035
19980 0.000032
19981 0.000017
19982 0.000015
19983 0.000024
19984 0.000013
19985 0.000041
19986 0.000053
19987 0.000017
19988 0.000010
19989 0.000012
19990 0.000006
19991 0.000013
19992 0.000009
19993 0.000011
19994 0.000030
19995 0.000023
19996 0.000013
19997 0.000014
19998 0.000036
19999 0.000028
20000 0.000011
20001 0.000024
20002 0.000027
20003 0.000026
20004 0.000025
20005 0.000010
20006 0.000020
20007 0.000027
20008 0.000029
20009 0.000025
20010 0.000029
20011 0.000019
20012 0.000043
20013 0.000018
20014 0.000015
20015 0.000022
20016 0.000009
20017 0.000011
20018 0.000012
20019 0.000019
20020 0.000011
20021 0.000009
20022 0.000007
20023 0.000006
20024 0.000007
20025 0.000005
20026 0.000011
20027 0.000022
20028 0.000012
20029 0.000021
20030 0.000007
20031 0.000016
20032 0.000024
20033 0.000013
20034 0.000009
20035 0.000007
20036 0.000009
20037 0.000022
20038 0.000023
20039 0.000023
20040 0.000013
20041 0.000014
20042 0.000015
20043 0.000012
20044 0.000020
20045 0.000034
20046 0.000022
20047 0.000029
20048 0.000013
20049 0.000014
20050 0.000030
20051 0.000029
20052 0.000025
20053 0.000014
20054 0.000027
20055 0.000030
20056 0.000031
20057 0.000016
20058 0.000018
20059 0.000027
20060 0.000026
20061 0.000025
20062 0.000021
20063 0.000036
20064 0.000018
20065 0.000030
20066 0.000033
20067 0.000014
20068 0.000009
20069 0.000031
20070 0.000012
20071 0.000017
20072 0.000008
20073 0.000021
20074 0.000012
20075 0.000021
20076 0.000012
20077 0.000008
20078 0.000016
20079 0.000016
20080 0.000010
20081 0.000015
20082 0.000025
20083 0.000024
20084 0.000023
20085 0.000022
20086 0.000037
20087 0.000041
20088 0.000021
20089 0.000010
20090 0.000016
20091 0.000031
20092 0.000016
20093 0.000010
20094 0.000011
20095 0.000011
20096 0.000019
20097 0.000026
20098 0.000013
20099 0.000028
20100 0.000027
20101 0.000023
20102 0.000015
20103 0.000023
20104 0.000018
20105 0.000025
20106 0.000014
20107 0.000028
20108 0.000012
20109 0.000020
20110 0.000047
20111 0.000036
20112 0.000018
20113 0.000010
20114 0.000006
20115 0.000009
20116 0.000010
20117 0.000013
20118 0.000017
20119 0.000017
20120 0.000017
20121 0.000015
20122 0.000019
20123 0.000011
20124 0.000008
20125 0.000005
20126 0.000005
20127 0.000019
20128 0.000019
20129 0.000061
20130 0.000029
20131 0.000023
20132 0.000023
20133 0.000013
20134 0.000014
20135 0.000009
20136 0.000007
20137 0.000011
20138 0.000017
20139 0.000025
20140 0.000024
20141 0.000033
20142 0.000017
20143 0.000018
20144 0.000009
20145 0.000014
20146 0.000023
20147 0.000023
20148 0.000018
20149 0.000018
20150 0.000018
20151 0.000017
20152 0.000017
20153 0.000018
20154 0.000011
20155 0.000017
20156 0.000023
20157 0.000024
20158 0.000023
20159 0.000023
20160 0.000013
20161 0.000007
20162 0.000012
20163 0.000024
20164 0.000016
20165 0.000028
20166 0.000027
20167 0.000031
20168 0.000037
20169 0.000051
20170 0.000029
20171 0.000024
20172 0.000033
20173 0.000020
20174 0.000014
20175 0.000015
20176 0.000016
20177 0.000027
20178 0.000028
20179 0.000015
20180 0.000027
20181 0.000017
20182 0.000007
20183 0.000012
20184 0.000012
20185 0.000036
20186 0.000036
20187 0.000033
20188 0.000031
20189 0.000012
20190 0.000019
20191 0.000019
20192 0.000040
20193 0.000016
20194 0.000021
20195 0.000032
20196 0.000015
20197 0.000009
20198 0.000007
20199 0.000007
20200 0.000017
20201 0.000028
20202 0.000049
20203 0.000024
20204 0.000013
20205 0.000020
20206 0.000026
20207 0.000010
20208 0.000017
20209 0.000010
20210 0.000019
20211 0.000011
20212 0.000013
20213 0.000019
20214 0.000031
20215 0.000018
20216 0.000035
20217 0.000038
20218 0.000043
20219 0.000061
20220 0.000054
20221 0.000041
20222 0.000024
20223 0.000017
20224 0.000018
20225 0.000031
20226 0.000019
20227 0.000027
20228 0.000016
20229 0.000021
20230 0.000019
20231 0.000011
20232 0.000008
20233 0.000011
20234 0.000016
20235 0.000021
20236 0.000016
20237 0.000020
20238 0.000022
20239 0.000021
20240 0.000034
20241 0.000036
20242 0.000030
20243 0.000016
20244 0.000014
20245 0.000015
20246 0.000023
20247 0.000022
20248 0.000009
20249 0.000023
20250 0.000013
20251 0.000033
20252 0.000036
20253 0.000020
20254 0.000019
20255 0.000022
20256 0.000036
20257 0.000022
20258 0.000012
20259 0.000014
20260 0.000013
20261 0.000009
20262 0.000017
20263 0.000019
20264 0.000014
20265 0.000018
20266 0.000011
20267 0.000005
20268 0.000011
20269 0.000014
20270 0.000009
20271 0.000012
20272 0.000031
20273 0.000030
20274 0.000011
20275 0.000024
20276 0.000037
20277 0.000036
20278 0.000044
20279 0.000040
20280 0.000014
20281 0.000007
20282 0.000019
20283 0.000029
20284 0.000028
20285 0.000033
20286 0.000012
20287 0.000008
20288 0.000020
20289 0.000013
20290 0.000015
20291 0.000016
20292 0.000013
20293 0.000030
20294 0.000023
20295 0.000009
20296 0.000026
20297 0.000024
20298 0.000010
20299 0.000016
20300 0.000032
20301 0.000020
20302 0.000012
20303 0.000013
20304 0.000016
20305 0.000010
20306 0.000016
20307 0.000022
20308 0.000021
20309 0.000012
20310 0.000012
20311 0.000008
20312 0.000004
20313 0.000010
20314 0.000007
20315 0.000009
20316 0.000010
20317 0.000007
20318 0.000013
20319 0.000021
20320 0.000007
20321 0.000005
20322 0.000017
20323 0.000042
20324 0.000038
20325 0.000013
20326 0.000007
20327 0.000006
20328 0.000029
20329 0.000037
20330 0.000013
20331 0.000007
20332 0.000009
20333 0.000034
20334 0.000015
20335 0.000018
20336 0.000022
20337 0.000019
20338 0.000017
20339 0.000019
20340 0.000034
20341 0.000044
20342 0.000029
20343 0.000012
20344 0.000015
20345 0.000020
20346 0.000020
20347 0.000020
20348 0.000025
20349 0.000014
20350 0.000032
20351 0.000012
20352 0.000008
20353 0.000020
20354 0.000056
20355 0.000063
20356 0.000030
20357 0.000036
20358 0.000019
20359 0.000011
20360 0.000025
20361 0.000014
20362 0.000015
20363 0.000013
20364 0.000009
20365 0.000010
20366 0.000018
20367 0.000008
20368 0.000010
20369 0.000017
20370 0.000010
20371 0.000007
20372 0.000014
20373 0.000009
20374 0.000006
20375 0.000024
20376 0.000013
20377 0.000028
20378 0.000023
20379 0.000023
20380 0.000013
20381 0.000020
20382 0.000027
20383 0.000011
20384 0.000012
20385 0.000013
20386 0.000012
20387 0.000023
20388 0.000020
20389 0.000016
20390 0.000016
20391 0.000019
20392 0.000033
20393 0.000029
20394 0.000015
20395 0.000025
20396 0.000024
20397 0.000024
20398 0.000013
20399 0.000012
20400 0.000013
20401 0.000017
20402 0.000027
20403 0.000019
20404 0.000036
20405 0.000014
20406 0.000009
20407 0.000010
20408 0.000012
20409 0.000019
20410 0.000023
20411 0.000013
20412 0.000016
20413 0.000012
20414 0.000015
20415 0.000041
20416 0.000020
20417 0.000024
20418 0.000023
20419 0.000026
20420 0.000014
20421 0.000016
20422 0.000016
20423 0.000031
20424 0.000012
20425 0.000008
20426 0.000018
20427 0.000034
20428 0.000013
20429 0.000030
20430 0.000024
20431 0.000015
20432 0.000013
20433 0.000020
20434 0.000022
20435 0.000027
20436 0.000015
20437 0.000015
20438 0.000021
20439 0.000022
20440 0.000022
20441 0.000019
20442 0.000008
20443 0.000014
20444 0.000009
20445 0.000011
20446 0.000007
20447 0.000005
20448 0.000014
20449 0.000027
20450 0.000030
20451 0.000028
20452 0.000043
20453 0.000015
20454 0.000024
20455 0.000042
20456 0.000017
20457 0.000008
20458 0.000005
20459 0.000012
20460 0.000013
20461 0.000018
20462 0.000018
20463 0.000008
20464 0.000014
20465 0.000009
20466 0.000007
20467 0.000005
20468 0.000011
20469 0.000008
20470 0.000009
20471 0.000011
20472 0.000017
20473 0.000025
20474 0.000015
20475 0.000007
20476 0.000011
20477 0.000013
20478 0.000014
20479 0.000009
20480 0.000011
20481 0.000008
20482 0.000005
20483 0.000005
20484 0.000005
20485 0.000012
20486 0.000022
20487 0.000021
20488 0.000012
20489 0.000014
20490 0.000020
20491 0.000032
20492 0.000030
20493 0.000043
20494 0.000040
20495 0.000037
20496 0.000012
20497 0.000008
20498 0.000023
20499 0.000008
20500 0.000005
20501 0.000005
20502 0.000007
20503 0.000013
20504 0.000023
20505 0.000029
20506 0.000016
20507 0.000020
20508 0.000020
20509 0.000009
20510 0.000013
20511 0.000034
20512 0.000032
20513 0.000021
20514 0.000007
20515 0.000008
20516 0.000018
20517 0.000018
20518 0.000016
20519 0.000014
20520 0.000043
20521 0.000025
20522 0.000014
20523 0.000023
20524 0.000054
20525 0.000031
20526 0.000031
20527 0.000010
20528 0.000016
20529 0.000012
20530 0.000008
20531 0.000007
20532 0.000019
20533 0.000017
20534 0.000024
20535 0.000023
20536 0.000037
20537 0.000023
20538 0.000011
20539 0.000009
20540 0.000018
20541 0.000007
20542 0.000009
20543 0.000034
20544 0.000013
20545 0.000011
20546 0.000012
20547 0.000015
20548 0.000019
20549 0.000031
20550 0.000018
20551 0.000021
20552 0.000021
20553 0.000024
20554 0.000023
20555 0.000023
20556 0.000021
20557 0.000039
20558 0.000020
20559 0.000014
20560 0.000012
20561 0.000021
20562 0.000015
20563 0.000022
20564 0.000022
20565 0.000014
20566 0.000009
20567 0.000007
20568 0.000018
20569 0.000019
20570 0.000011
20571 0.000039
20572 0.000036
20573 0.000027
20574 0.000026
20575 0.000037
20576 0.000014
20577 0.000007
20578 0.000006
20579 0.000034
20580 0.000018
20581 0.000040
20582 0.000037
20583 0.000016
20584 0.000017
20585 0.000028
20586 0.000027
20587 0.000034
20588 0.000025
20589 0.000026
20590 0.000014
20591 0.000013
20592 0.000016
20593 0.000010
20594 0.000028
20595 0.000026
20596 0.000025
20597 0.000022
20598 0.000021
20599 0.000026
20600 0.000016
20601 0.000010
20602 0.000011
20603 0.000018
20604 0.000028
20605 0.000027
20606 0.000018
20607 0.000028
20608 0.000027
20609 0.000026
20610 0.000017
20611 0.000025
20612 0.000033
20613 0.000031
20614 0.000018
20615 0.000011
20616 0.000012
20617 0.000017
20618 0.000045
20619 0.000030
20620 0.000045
20621 0.000041
20622 0.000032
20623 0.000019
20624 0.000018
20625 0.000015
20626 0.000016
20627 0.000027
20628 0.000017
20629 0.000015
20630 0.000009
20631 0.000011
20632 0.000013
20633 0.000009
20634 0.000011
20635 0.000021
20636 0.000012
20637 0.000008
20638 0.000006
20639 0.000016
20640 0.000018
20641 0.000006
20642 0.000011
20643 0.000011
20644 0.000012
20645 0.000020
20646 0.000033
20647 0.000021
20648 0.000045
20649 0.000048
20650 0.000013
20651 0.000015
20652 0.000012
20653 0.000008
20654 0.000012
20655 0.000013
20656 0.000007
20657 0.000005
20658 0.000012
20659 0.000013
20660 0.000014
20661 0.000019
20662 0.000009
20663 0.000019
20664 0.000023
20665 0.000026
20666 0.000030
20667 0.000022
20668 0.000034
20669 0.000013
20670 0.000029
20671 0.000032
20672 0.000039
20673 0.000040
20674 0.000040
20675 0.000039
20676 0.000026
20677 0.000025
20678 0.000022
20679 0.000029
20680 0.000024
20681 0.000019
20682 0.000019
20683 0.000011
20684 0.000006
20685 0.000008
20686 0.000009
20687 0.000021
20688 0.000038
20689 0.000044
20690 0.000041
20691 0.000044
20692 0.000040
20693 0.000032
20694 0.000030
20695 0.000034
20696 0.000017
20697 0.000032
20698 0.000014
20699 0.000016
20700 0.000046
20701 0.000042
20702 0.000015
20703 0.000030
20704 0.000032
20705 0.000032
20706 0.000048
20707 0.000035
20708 0.000066
20709 0.000064
20710 0.000061
20711 0.000075
20712 0.000033
20713 0.000015
20714 0.000009
20715 0.000006
20716 0.000006
20717 0.000028
20718 0.000031
20719 0.000015
20720 0.000027
20721 0.000026
20722 0.000028
20723 0.000034
20724 0.000026
20725 0.000018
20726 0.000011
20727 0.000006
20728 0.000006
20729 0.000005
20730 0.000010
20731 0.000011
20732 0.000013
20733 0.000036
20734 0.000031
20735 0.000016
20736 0.000040
20737 0.000029
20738 0.000015
20739 0.000019
20740 0.000019
20741 0.000022
20742 0.000020
20743 0.000036
20744 0.000069
20745 0.000062
20746 0.000055
20747 0.000029
20748 0.000022
20749 0.000019
20750 0.000026
20751 0.000014
20752 0.000019
20753 0.000022
20754 0.000015
20755 0.000030
20756 0.000023
20757 0.000023
20758 0.000013
20759 0.000017
20760 0.000028
20761 0.000021
20762 0.000034
20763 0.000028
20764 0.000015
20765 0.000015
20766 0.000018
20767 0.000030
20768 0.000032
20769 0.000030
20770 0.000041
20771 0.000041
20772 0.000045
20773 0.000016
20774 0.000010
20775 0.000015
20776 0.000021
20777 0.000031
20778 0.000036
20779 0.000034
20780 0.000036
20781 0.000011
20782 0.000008
20783 0.000014
20784 0.000015
20785 0.000021
20786 0.000044
20787 0.000022
20788 0.000008
20789 0.000010
20790 0.000024
20791 0.000042
20792 0.000058
20793 0.000028
20794 0.000034
20795 0.000026
20796 0.000027
20797 0.000021
20798 0.000026
20799 0.000025
20800 0.000013
20801 0.000016
20802 0.000024
20803 0.000023
20804 0.000013
20805 0.000009
20806 0.000016
20807 0.000024
20808 0.000015
20809 0.000021
20810 0.000032
20811 0.000012
20812 0.000044
20813 0.000025
20814 0.000010
20815 0.000027
20816 0.000013
20817 0.000034
20818 0.000042
20819 0.000039
20820 0.000014
20821 0.000021
20822 0.000029
20823 0.000016
20824 0.000016
20825 0.000017
20826 0.000022
20827 0.000021
20828 0.000012
20829 0.000006
20830 0.000008
20831 0.000005
20832 0.000005
20833 0.000008
20834 0.000010
20835 0.000006
20836 0.000012
20837 0.000013
20838 0.000024
20839 0.000013
20840 0.000014
20841 0.000028
20842 0.000031
20843 0.000037
20844 0.000014
20845 0.000017
20846 0.000018
20847 0.000027
20848 0.000034
20849 0.000010
20850 0.000016
20851 0.000016
20852 0.000054
20853 0.000033
20854 0.000056
20855 0.000027
20856 0.000018
20857 0.000013
20858 0.000009
20859 0.000010
20860 0.000020
20861 0.000024
20862 0.000027
20863 0.000014
20864 0.000012
20865 0.000015
20866 0.000027
20867 0.000026
20868 0.000014
20869 0.000027
20870 0.000023
20871 0.000023
20872 0.000016
20873 0.000035
20874 0.000018
20875 0.000018
20876 0.000014
20877 0.000009
20878 0.000010
20879 0.000006
20880 0.000023
20881 0.000017
20882 0.000023
20883 0.000010
20884 0.000012
20885 0.000013
20886 0.000011
20887 0.000013
20888 0.000017
20889 0.000008
20890 0.000009
20891 0.000019
20892 0.000025
20893 0.000013
20894 0.000007
20895 0.000010
20896 0.000006
20897 0.000015
20898 0.000019
20899 0.000008
20900 0.000007
20901 0.000004
20902 0.000012
20903 0.000011
20904 0.000012
20905 0.000008
20906 0.000013
20907 0.000017
20908 0.000031
20909 0.000012
20910 0.000028
20911 0.000027
20912 0.000022
20913 0.000021
20914 0.000009
20915 0.000006
20916 0.000018
20917 0.000015
20918 0.000023
20919 0.000009
20920 0.000007
20921 0.000006
20922 0.000018
20923 0.000008
20924 0.000014
20925 0.000006
20926 0.000008
20927 0.000013
20928 0.000009
20929 0.000015
20930 0.000020
20931 0.000012
20932 0.000006
20933 0.000024
20934 0.000025
20935 0.000020
20936 0.000023
20937 0.000013
20938 0.000012
20939 0.000024
20940 0.000013
20941 0.000014
20942 0.000015
20943 0.000022
20944 0.000017
20945 0.000038
20946 0.000036
20947 0.000041
20948 0.000038
20949 0.000039
20950 0.000023
20951 0.000009
20952 0.000007
20953 0.000005
20954 0.000017
20955 0.000008
20956 0.000010
20957 0.000013
20958 0.000023
20959 0.000041
20960 0.000036
20961 0.000041
20962 0.000038
20963 0.000041
20964 0.000038
20965 0.000018
20966 0.000009
20967 0.000016
20968 0.000017
20969 0.000020
20970 0.000020
20971 0.000020
20972 0.000007
20973 0.000012
20974 0.000014
20975 0.000018
20976 0.000026
20977 0.000032
20978 0.000033
20979 0.000023
20980 0.000018
20981 0.000033
20982 0.000034
20983 0.000045
20984 0.000043
20985 0.000021
20986 0.000021
20987 0.000027
20988 0.000015
20989 0.000015
20990 0.000006
20991 0.000012
20992 0.000006
20993 0.000013
20994 0.000020
20995 0.000019
20996 0.000026
20997 0.000025
20998 0.000028
20999 0.000015
21000 0.000024
21001 0.000037
21002 0.000022
21003 0.000046
21004 0.000039
21005 0.000022
21006 0.000013
21007 0.000021
21008 0.000031
21009 0.000018
21010 0.000023
21011 0.000014
21012 0.000022
21013 0.000016
21014 0.000008
21015 0.000011
21016 0.000017
21017 0.000026
21018 0.000014
21019 0.000025
21020 0.000013
21021 0.000012
21022 0.000005
21023 0.000005
21024 0.000006
21025 0.000013
21026 0.000016
21027 0.000017
21028 0.000041
21029 0.000038
21030 0.000023
21031 0.000017
21032 0.000015
21033 0.000009
21034 0.000024
21035 0.000033
21036 0.000012
21037 0.000018
21038 0.000019
21039 0.000011
21040 0.000018
21041 0.000011
21042 0.000026
21043 0.000014
21044 0.000020
21045 0.000011
21046 0.000015
21047 0.000017
21048 0.000018
21049 0.000028
21050 0.000026
21051 0.000029
21052 0.000023
21053 0.000030
21054 0.000048
21055 0.000017
21056 0.000008
21057 0.000005
21058 0.000015
21059 0.000009
21060 0.000005
21061 0.000018
21062 0.000040
21063 0.000021
21064 0.000024
21065 0.000010
21066 0.000009
21067 0.000018
21068 0.000011
21069 0.000027
21070 0.000011
21071 0.000008
21072 0.000010
21073 0.000030
21074 0.000046
21075 0.000027
21076 0.000024
21077 0.000031
21078 0.000024
21079 0.000033
21080 0.000021
21081 0.000020
21082 0.000020
21083 0.000014
21084 0.000039
21085 0.000036
21086 0.000036
21087 0.000031
21088 0.000021
21089 0.000021
21090 0.000016
21091 0.000014
21092 0.000009
21093 0.000006
21094 0.000026
21095 0.000014
21096 0.000010
21097 0.000012
21098 0.000017
21099 0.000022
21100 0.000008
21101 0.000014
21102 0.000031
21103 0.000046
21104 0.000028
21105 0.000015
21106 0.000013
21107 0.000018
21108 0.000011
21109 0.000029
21110 0.000015
21111 0.000024
21112 0.000027
21113 0.000026
21114 0.000025
21115 0.000024
21116 0.000033
21117 0.000055
21118 0.000035
21119 0.000033
21120 0.000017
21121 0.000014
21122 0.000006
21123 0.000023
21124 0.000023
21125 0.000010
21126 0.000019
21127 0.000014
21128 0.000015
21129 0.000026
21130 0.000025
21131 0.000014
21132 0.000009
21133 0.000011
21134 0.000025
21135 0.000024
21136 0.000013
21137 0.000020
21138 0.000055
21139 0.000073
21140 0.000065
21141 0.000067
21142 0.000067
21143 0.000060
21144 0.000023
21145 0.000013
21146 0.000024
21147 0.000021
21148 0.000012
21149 0.000014
21150 0.000023
21151 0.000023
21152 0.000037
21153 0.000014
21154 0.000007
21155 0.000012
21156 0.000013
21157 0.000021
21158 0.000014
21159 0.000023
21160 0.000007
21161 0.000019
21162 0.000019
21163 0.000038
21164 0.000035
21165 0.000021
21166 0.000012
21167 0.000008
21168 0.000010
21169 0.000024
21170 0.000037
21171 0.000035
21172 0.000037
21173 0.000028
21174 0.000019
21175 0.000024
21176 0.000010
21177 0.000029
21178 0.000038
21179 0.000019
21180 0.000031
21181 0.000026
21182 0.000028
21183 0.000026
21184 0.000022
21185 0.000025
21186 0.000017
21187 0.000021
21188 0.000017
21189 0.000009
21190 0.000010
21191 0.000007
21192 0.000016
21193 0.000020
21194 0.000032
21195 0.000022
21196 0.000009
21197 0.000006
21198 0.000008
21199 0.000016
21200 0.000017
21201 0.000017
21202 0.000007
21203 0.000009
21204 0.000013
21205 0.000017
21206 0.000022
21207 0.000013
21208 0.000008
21209 0.000007
21210 0.000013
21211 0.000025
21212 0.000014
21213 0.000009
21214 0.000020
21215 0.000015
21216 0.000012
21217 0.000013
21218 0.000009
21219 0.000010
21220 0.000016
21221 0.000018
21222 0.000018
21223 0.000019
21224 0.000050
21225 0.000043
21226 0.000033
21227 0.000012
21228 0.000018
21229 0.000015
21230 0.000015
21231 0.000023
21232 0.000018
21233 0.000025
21234 0.000010
21235 0.000020
21236 0.000020
21237 0.000014
21238 0.000022
21239 0.000037
21240 0.000011
21241 0.000016
21242 0.000017
21243 0.000010
21244 0.000012
21245 0.000013
21246 0.000007
21247 0.000006
21248 0.000013
21249 0.000014
21250 0.000009
21251 0.000025
21252 0.000024
21253 0.000023
21254 0.000038
21255 0.000039
21256 0.000056
21257 0.000027
21258 0.000033
21259 0.000036
21260 0.000020
21261 0.000052
21262 0.000025
21263 0.000024
21264 0.000039
21265 0.000016
21266 0.000021
21267 0.000011
21268 0.000018
21269 0.000024
21270 0.000013
21271 0.000015
21272 0.000009
21273 0.000007
21274 0.000019
21275 0.000025
21276 0.000042
21277 0.000049
21278 0.000020
21279 0.000045
21280 0.000034
21281 0.000009
21282 0.000010
21283 0.000024
21284 0.000008
21285 0.000005
21286 0.000017
21287 0.000015
21288 0.000015
21289 0.000026
21290 0.000017
21291 0.000010
21292 0.000020
21293 0.000014
21294 0.000012
21295 0.000022
21296 0.000024
21297 0.000021
21298 0.000021
21299 0.000033
21300 0.000031
21301 0.000016
21302 0.000017
21303 0.000008
21304 0.000022
21305 0.000027
21306 0.000026
21307 0.000022
21308 0.000022
21309 0.000012
21310 0.000023
21311 0.000029
21312 0.000028
21313 0.000033
21314 0.000019
21315 0.000008
21316 0.000009
21317 0.000011
21318 0.000012
21319 0.000008
21320 0.000005
21321 0.000019
21322 0.000015
21323 0.000015
21324 0.000022
21325 0.000025
21326 0.000032
21327 0.000016
21328 0.000017
21329 0.000017
21330 0.000012
21331 0.000017
21332 0.000017
21333 0.000025
21334 0.000023
21335 0.000024
21336 0.000018
21337 0.000014
21338 0.000018
21339 0.000010
21340 0.000019
21341 0.000011
21342 0.000018
21343 0.000018
21344 0.000049
21345 0.000024
21346 0.000019
21347 0.000019
21348 0.000011
21349 0.000020
21350 0.000016
21351 0.000027
21352 0.000029
21353 0.000019
21354 0.000011
21355 0.000010
21356 0.000012
21357 0.000019
21358 0.000022
21359 0.000040
21360 0.000014
21361 0.000018
21362 0.000010
21363 0.000004
21364 0.000009
21365 0.000018
21366 0.000008
21367 0.000005
21368 0.000018
21369 0.000024
21370 0.000022
21371 0.000009
21372 0.000009
21373 0.000008
21374 0.000015
21375 0.000023
21376 0.000022
21377 0.000009
21378 0.000009
21379 0.000018
21380 0.000010
21381 0.000030
21382 0.000026
21383 0.000018
21384 0.000008
21385 0.000013
21386 0.000014
21387 0.000016
21388 0.000026
21389 0.000014
21390 0.000027
21391 0.000015
21392 0.000014
21393 0.000019
21394 0.000008
21395 0.000017
21396 0.000022
21397 0.000046
21398 0.000050
21399 0.000056
21400 0.000050
21401 0.000017
21402 0.000039
21403 0.000036
21404 0.000021
21405 0.000029
21406 0.000016
21407 0.000024
21408 0.000024
21409 0.000022
21410 0.000012
21411 0.000008
21412 0.000013
21413 0.000007
21414 0.000031
21415 0.000022
21416 0.000022
21417 0.000021
21418 0.000034
21419 0.000042
21420 0.000012
21421 0.000015
21422 0.000037
21423 0.000022
21424 0.000025
21425 0.000029
21426 0.000021
21427 0.000036
21428 0.000030
21429 0.000029
21430 0.000024
21431 0.000010
21432 0.000030
21433 0.000037
21434 0.000039
21435 0.000036
21436 0.000013
21437 0.000028
21438 0.000017
21439 0.000010
21440 0.000024
21441 0.000015
21442 0.000012
21443 0.000010
21444 0.000005
21445 0.000013
21446 0.000007
21447 0.000008
21448 0.000031
21449 0.000021
21450 0.000007
21451 0.000018
21452 0.000038
21453 0.000019
21454 0.000025
21455 0.000018
21456 0.000014
21457 0.000009
21458 0.000012
21459 0.000034
21460 0.000020
21461 0.000016
21462 0.000020
21463 0.000016
21464 0.000026
21465 0.000014
21466 0.000009
21467 0.000007
21468 0.000006
21469 0.000018
21470 0.000011
21471 0.000012
21472 0.000008
21473 0.000011
21474 0.000008
21475 0.000020
21476 0.000034
21477 0.000013
21478 0.000016
21479 0.000017
21480 0.000022
21481 0.000012
21482 0.000019
21483 0.000011
21484 0.000013
21485 0.000019
21486 0.000023
21487 0.000035
21488 0.000015
21489 0.000015
21490 0.000015
21491 0.000007
21492 0.000014
21493 0.000021
21494 0.000012
21495 0.000013
21496 0.000037
21497 0.000039
21498 0.000039
21499 0.000040
21500 0.000020
21501 0.000011
21502 0.000013
21503 0.000009
21504 0.000007
21505 0.000022
21506 0.000029
21507 0.000020
21508 0.000030
21509 0.000016
21510 0.000016
21511 0.000010
21512 0.000020
21513 0.000036
21514 0.000023
21515 0.000022
21516 0.000020
21517 0.000038
21518 0.000020
21519 0.000017
21520 0.000032
21521 0.000020
21522 0.000020
21523 0.000014
21524 0.000009
21525 0.000036
21526 0.000034
21527 0.000017
21528 0.000018
21529 0.000022
21530 0.000012
21531 0.000023
21532 0.000013
21533 0.000016
21534 0.000017
21535 0.000015
21536 0.000024
21537 0.000035
21538 0.000030
21539 0.000020
21540 0.000011
21541 0.000013
21542 0.000007
21543 0.000006
21544 0.000015
21545 0.000014
21546 0.000022
21547 0.000029
21548 0.000038
21549 0.000042
21550 0.000044
21551 0.000041
21552 0.000053
21553 0.000056
21554 0.000019
21555 0.000011
21556 0.000022
21557 0.000022
21558 0.000016
21559 0.000008
21560 0.000026
21561 0.000025
21562 0.000029
21563 0.000011
21564 0.000011
21565 0.000017
21566 0.000012
21567 0.000026
21568 0.000025
21569 0.000024
21570 0.000029
21571 0.000027
21572 0.000026
21573 0.000010
21574 0.000012
21575 0.000026
21576 0.000016
21577 0.000024
21578 0.000020
21579 0.000012
21580 0.000035
21581 0.000033
21582 0.000039
21583 0.000011
21584 0.000027
21585 0.000038
21586 0.000037
21587 0.000033
21588 0.000032
21589 0.000036
21590 0.000036
21591 0.000015
21592 0.000031
21593 0.000030
21594 0.000035
21595 0.000059
21596 0.000028
21597 0.000016
21598 0.000007
21599 0.000015
21600 0.000012
21601 0.000020
21602 0.000009
21603 0.000026
21604 0.000039
21605 0.000036
21606 0.000058
21607 0.000033
21608 0.000021
21609 0.000017
21610 0.000010
21611 0.000007
21612 0.000007
21613 0.000010
21614 0.000007
21615 0.000016
21616 0.000011
21617 0.000023
21618 0.000018
21619 0.000008
21620 0.000017
21621 0.000030
21622 0.000034
21623 0.000022
21624 0.000018
21625 0.000038
21626 0.000014
21627 0.000013
21628 0.000017
21629 0.000023
21630 0.000031
21631 0.000021
21632 0.000012
21633 0.000016
21634 0.000013
21635 0.000027
21636 0.000015
21637 0.000020
21638 0.000007
21639 0.000006
21640 0.000008
21641 0.000015
21642 0.000017
21643 0.000021
21644 0.000017
21645 0.000011
21646 0.000012
21647 0.000016
21648 0.000012
21649 0.000013
21650 0.000019
21651 0.000017
21652 0.000013
21653 0.000021
21654 0.000033
21655 0.000040
21656 0.000022
21657 0.000025
21658 0.000034
21659 0.000018
21660 0.000018
21661 0.000032
21662 0.000019
21663 0.000015
21664 0.000016
21665 0.000023
21666 0.000027
21667 0.000025
21668 0.000026
21669 0.000039
21670 0.000038
21671 0.000047
21672 0.000039
21673 0.000023
21674 0.000013
21675 0.000018
21676 0.000013
21677 0.000046
21678 0.000042
21679 0.000021
21680 0.000020
21681 0.000020
21682 0.000009
21683 0.000010
21684 0.000012
21685 0.000018
21686 0.000008
21687 0.000005
21688 0.000007
21689 0.000014
21690 0.000009
21691 0.000029
21692 0.000030
21693 0.000028
21694 0.000032
21695 0.000025
21696 0.000024
21697 0.000023
21698 0.000022
21699 0.000024
21700 0.000018
21701 0.000008
21702 0.000012
21703 0.000017
21704 0.000021
21705 0.000021
21706 0.000017
21707 0.000011
21708 0.000023
21709 0.000009
21710 0.000022
21711 0.000028
21712 0.000023
21713 0.000011
21714 0.000022
21715 0.000018
21716 0.000024
21717 0.000013
21718 0.000019
21719 0.000008
21720 0.000010
21721 0.000012
21722 0.000010
21723 0.000007
21724 0.000013
21725 0.000013
21726 0.000025
21727 0.000010
21728 0.000013
21729 0.000019
21730 0.000007
21731 0.000010
21732 0.000023
21733 0.000021
21734 0.000028
21735 0.000036
21736 0.000051
21737 0.000055
21738 0.000012
21739 0.000019
21740 0.000031
21741 0.000064
21742 0.000039
21743 0.000020
21744 0.000011
21745 0.000028
21746 0.000022
21747 0.000009
21748 0.000011
21749 0.000006
21750 0.000027
21751 0.000014
21752 0.000027
21753 0.000029
21754 0.000038
21755 0.000033
21756 0.000028
21757 0.000011
21758 0.000013
21759 0.000007
21760 0.000020
21761 0.000009
21762 0.000008
21763 0.000019
21764 0.000039
21765 0.000030
21766 0.000019
21767 0.000013
21768 0.000025
21769 0.000025
21770 0.000024
21771 0.000024
21772 0.000038
21773 0.000019
21774 0.000013
21775 0.000008
21776 0.000006
21777 0.000026
21778 0.000014
21779 0.000031
21780 0.000030
21781 0.000044
21782 0.000027
21783 0.000017
21784 0.000029
21785 0.000015
21786 0.000017
21787 0.000022
21788 0.000022
21789 0.000007
21790 0.000009
21791 0.000022
21792 0.000043
21793 0.000056
21794 0.000035
21795 0.000033
21796 0.000032
21797 0.000022
21798 0.000012
21799 0.000014
21800 0.000017
21801 0.000017
21802 0.000018
21803 0.000015
21804 0.000021
21805 0.000020
21806 0.000020
21807 0.000012
21808 0.000014
21809 0.000015
21810 0.000023
21811 0.000018
21812 0.000019
21813 0.000019
21814 0.000011
21815 0.000019
21816 0.000008
21817 0.000015
21818 0.000040
21819 0.000010
21820 0.000032
21821 0.000035
21822 0.000049
21823 0.000045
21824 0.000041
21825 0.000038
21826 0.000013
21827 0.000014
21828 0.000034
21829 0.000036
21830 0.000018
21831 0.000011
21832 0.000010
21833 0.000007
21834 0.000005
21835 0.000007
21836 0.000008
21837 0.000015
21838 0.000042
21839 0.000025
21840 0.000023
21841 0.000028
21842 0.000026
21843 0.000027
21844 0.000009
21845 0.000025
21846 0.000032
21847 0.000046
21848 0.000016
21849 0.000024
21850 0.000010
21851 0.000011
21852 0.000005
21853 0.000005
21854 0.000005
21855 0.000019
21856 0.000031
21857 0.000024
21858 0.000025
21859 0.000024
21860 0.000017
21861 0.000017
21862 0.000008
21863 0.000010
21864 0.000031
21865 0.000022
21866 0.000026
21867 0.000025
21868 0.000014
21869 0.000010
21870 0.000007
21871 0.000014
21872 0.000015
21873 0.000010
21874 0.000007
21875 0.000009
21876 0.000006
21877 0.000004
21878 0.000008
21879 0.000010
21880 0.000016
21881 0.000010
21882 0.000022
21883 0.000012
21884 0.000006
21885 0.000009
21886 0.000011
21887 0.000012
21888 0.000018
21889 0.000033
21890 0.000012
21891 0.000030
21892 0.000031
21893 0.000048
21894 0.000040
21895 0.000020
21896 0.000020
21897 0.000018
21898 0.000016
21899 0.000013
21900 0.000024
21901 0.000029
21902 0.000027
21903 0.000037
21904 0.000035
21905 0.000025
21906 0.000010
21907 0.000016
21908 0.000012
21909 0.000018
21910 0.000035
21911 0.000020
21912 0.000018
21913 0.000021
21914 0.000042
21915 0.000021
21916 0.000021
21917 0.000021
21918 0.000020
21919 0.000009
21920 0.000024
21921 0.000016
21922 0.000034
21923 0.000036
21924 0.000020
21925 0.000007
21926 0.000011
21927 0.000008
21928 0.000016
21929 0.000016
21930 0.000020
21931 0.000009
21932 0.000013
21933 0.000020
21934 0.000037
21935 0.000022
21936 0.000012
21937 0.000018
21938 0.000008
21939 0.000026
21940 0.000015
21941 0.000019
21942 0.000008
21943 0.000012
21944 0.000008
21945 0.000006
21946 0.000006
21947 0.000019
21948 0.000012
21949 0.000005
21950 0.000016
21951 0.000017
21952 0.000041
21953 0.000032
21954 0.000017
21955 0.000021
21956 0.000031
21957 0.000029
21958 0.000009
21959 0.000007
21960 0.000011
21961 0.000014
21962 0.000029
21963 0.000020
21964 0.000024
21965 0.000023
21966 0.000008
21967 0.000010
21968 0.000007
21969 0.000010
21970 0.000011
21971 0.000012
21972 0.000017
21973 0.000038
21974 0.000014
21975 0.000015
21976 0.000023
21977 0.000037
21978 0.000019
21979 0.000036
21980 0.000018
21981 0.000030
21982 0.000016
21983 0.000017
21984 0.000019
21985 0.000019
21986 0.000019
21987 0.000011
21988 0.000012
21989 0.000020
21990 0.000025
21991 0.000014
21992 0.000015
21993 0.000009
21994 0.000006
21995 0.000011
21996 0.000037
21997 0.000019
21998 0.000022
21999 0.000031
22000 0.000029
22001 0.000028
22002 0.000032
22003 0.000030
22004 0.000044
22005 0.000062
22006 0.000065
22007 0.000037
22008 0.000036
22009 0.000018
22010 0.000011
22011 0.000006
22012 0.000006
22013 0.000008
22014 0.000014
22015 0.000013
22016 0.000013
22017 0.000007
22018 0.000017
22019 0.000014
22020 0.000012
22021 0.000009
22022 0.000017
22023 0.000009
22024 0.000010
22025 0.000024
22026 0.000029
22027 0.000008
22028 0.000006
22029 0.000017
22030 0.000010
22031 0.000017
22032 0.000022
22033 0.000030
22034 0.000020
22035 0.000020
22036 0.000014
22037 0.000013
22038 0.000017
22039 0.000010
22040 0.000006
22041 0.000015
22042 0.000015
22043 0.000018
22044 0.000011
22045 0.000012
22046 0.000028
22047 0.000016
22048 0.000028
22049 0.000027
22050 0.000009
22051 0.000021
22052 0.000035
22053 0.000040
22054 0.000033
22055 0.000038
22056 0.000026
22057 0.000018
22058 0.000015
22059 0.000016
22060 0.000010
22061 0.000013
22062 0.000014
22063 0.000011
22064 0.000008
22065 0.000009
22066 0.000007
22067 0.000017
22068 0.000012
22069 0.000026
22070 0.000040
22071 0.000048
22072 0.000056
22073 0.000062
22074 0.000021
22075 0.000023
22076 0.000035
22077 0.000019
22078 0.000006
22079 0.000006
22080 0.000018
22081 0.000026
22082 0.000020
22083 0.000020
22084 0.000020
22085 0.000012
22086 0.000013
22087 0.000010
22088 0.000012
22089 0.000006
22090 0.000008
22091 0.000008
22092 0.000006
22093 0.000012
22094 0.000017
22095 0.000032
22096 0.000017
22097 0.000023
22098 0.000023
22099 0.000013
22100 0.000037
22101 0.000035
22102 0.000045
22103 0.000016
22104 0.000033
22105 0.000031
22106 0.000016
22107 0.000024
22108 0.000035
22109 0.000039
22110 0.000029
22111 0.000029
22112 0.000034
22113 0.000032
22114 0.000030
22115 0.000029
22116 0.000026
22117 0.000050
22118 0.000026
22119 0.000032
22120 0.000046
22121 0.000016
22122 0.000015
22123 0.000023
22124 0.000013
22125 0.000014
22126 0.000014
22127 0.000009
22128 0.000007
22129 0.000004
22130 0.000013
22131 0.000005
22132 0.000012
22133 0.000013
22134 0.000029
22135 0.000028
22136 0.000033
22137 0.000036
22138 0.000028
22139 0.000030
22140 0.000017
22141 0.000010
22142 0.000021
22143 0.000009
22144 0.000017
22145 0.000024
22146 0.000018
22147 0.000018
22148 0.000008
22149 0.000006
22150 0.000016
22151 0.000023
22152 0.000027
22153 0.000029
22154 0.000034
22155 0.000033
22156 0.000031
22157 0.000018
22158 0.000037
22159 0.000022
22160 0.000012
22161 0.000012
22162 0.000013
22163 0.000014
22164 0.000019
22165 0.000016
22166 0.000015
22167 0.000012
22168 0.000016
22169 0.000029
22170 0.000029
22171 0.000041
22172 0.000020
22173 0.000020
22174 0.000031
22175 0.000029
22176 0.000028
22177 0.000011
22178 0.000020
22179 0.000029
22180 0.000034
22181 0.000024
22182 0.000027
22183 0.000026
22184 0.000025
22185 0.000025
22186 0.000038
22187 0.000042
22188 0.000046
22189 0.000038
22190 0.000026
22191 0.000069
22192 0.000077
22193 0.000080
22194 0.000026
22195 0.000014
22196 0.000024
22197 0.000036
22198 0.000018
22199 0.000007
22200 0.000006
22201 0.000023
22202 0.000020
22203 0.000012
22204 0.000008
22205 0.000015
22206 0.000028
22207 0.000054
22208 0.000026
22209 0.000025
22210 0.000024
22211 0.000024
22212 0.000023
22213 0.000023
22214 0.000011
22215 0.000008
22216 0.000010
22217 0.000013
22218 0.000008
22219 0.000007
22220 0.000011
22221 0.000012
22222 0.000007
22223 0.000014
22224 0.000024
22225 0.000038
22226 0.000035
22227 0.000020
22228 0.000020
22229 0.000011
22230 0.000013
22231 0.000015
22232 0.000009
22233 0.000012
22234 0.000006
22235 0.000008
22236 0.000007
22237 0.000024
22238 0.000020
22239 0.000026
22240 0.000028
22241 0.000019
22242 0.000017
22243 0.000012
22244 0.000021
22245 0.000021
22246 0.000021
22247 0.000025
22248 0.000030
22249 0.000015
22250 0.000016
22251 0.000010
22252 0.000029
22253 0.000028
22254 0.000017
22255 0.000027
22256 0.000025
22257 0.000014
22258 0.000009
22259 0.000015
22260 0.000007
22261 0.000011
22262 0.000017
22263 0.000010
22264 0.000005
22265 0.000016
22266 0.000010
22267 0.000031
22268 0.000020
22269 0.000020
22270 0.000017
22271 0.000015
22272 0.000016
22273 0.000018
22274 0.000035
22275 0.000061
22276 0.000036
22277 0.000023
22278 0.000023
22279 0.000017
22280 0.000007
22281 0.000006
22282 0.000005
22283 0.000014
22284 0.000016
22285 0.000017
22286 0.000029
22287 0.000021
22288 0.000021
22289 0.000012
22290 0.000010
22291 0.000009
22292 0.000012
22293 0.000016
22294 0.000010
22295 0.000011
22296 0.000012
22297 0.000016
22298 0.000015
22299 0.000040
22300 0.000014
22301 0.000014
22302 0.000040
22303 0.000041
22304 0.000015
22305 0.000009
22306 0.000011
22307 0.000023
22308 0.000016
22309 0.000010
22310 0.000023
22311 0.000016
22312 0.000017
22313 0.000034
22314 0.000009
22315 0.000010
22316 0.000010
22317 0.000007
22318 0.000009
22319 0.000018
22320 0.000006
22321 0.000006
22322 0.000005
22323 0.000016
22324 0.000006
22325 0.000016
22326 0.000024
22327 0.000021
22328 0.000012
22329 0.000006
22330 0.000012
22331 0.000008
22332 0.000024
22333 0.000016
22334 0.000021
22335 0.000025
22336 0.000014
22337 0.000009
22338 0.000011
22339 0.000017
22340 0.000023
22341 0.000030
22342 0.000029
22343 0.000031
22344 0.000029
22345 0.000034
22346 0.000039
22347 0.000052
22348 0.000047
22349 0.000054
22350 0.000026
22351 0.000025
22352 0.000008
22353 0.000012
22354 0.000009
22355 0.000022
22356 0.000024
22357 0.000021
22358 0.000021
22359 0.000039
22360 0.000031
22361 0.000021
22362 0.000036
22363 0.000040
22364 0.000020
22365 0.000020
22366 0.000011
22367 0.000011
22368 0.000015
22369 0.000014
22370 0.000009
22371 0.000010
22372 0.000007
22373 0.000006
22374 0.000006
22375 0.000008
22376 0.000006
22377 0.000027
22378 0.000028
22379 0.000015
22380 0.000009
22381 0.000019
22382 0.000027
22383 0.000008
22384 0.000009
22385 0.000013
22386 0.000020
22387 0.000005
22388 0.000008
22389 0.000006
22390 0.000009
22391 0.000015
22392 0.000039
22393 0.000010
22394 0.000014
22395 0.000015
22396 0.000012
22397 0.000009
22398 0.000015
22399 0.000025
22400 0.000013
22401 0.000033
22402 0.000031
22403 0.000018
22404 0.000022
22405 0.000009
22406 0.000028
22407 0.000036
22408 0.000018
22409 0.000018
22410 0.000008
22411 0.000005
22412 0.000034
22413 0.000013
22414 0.000023
22415 0.000013
22416 0.000022
22417 0.000012
22418 0.000025
22419 0.000041
22420 0.000046
22421 0.000027
22422 0.000028
22423 0.000026
22424 0.000015
22425 0.000016
22426 0.000026
22427 0.000029
22428 0.000016
22429 0.000013
22430 0.000031
22431 0.000025
22432 0.000037
22433 0.000021
22434 0.000021
22435 0.000015
22436 0.000010
22437 0.000006
22438 0.000008
22439 0.000015
22440 0.000024
22441 0.000013
22442 0.000016
22443 0.000015
22444 0.000037
22445 0.000034
22446 0.000036
22447 0.000033
22448 0.000019
22449 0.000011
22450 0.000005
22451 0.000016
22452 0.000029
22453 0.000016
22454 0.000015
22455 0.000015
22456 0.000007
22457 0.000027
22458 0.000049
22459 0.000024
22460 0.000042
22461 0.000023
22462 0.000030
22463 0.000027
22464 0.000026
22465 0.000010
22466 0.000007
22467 0.000006
22468 0.000013
22469 0.000014
22470 0.000009
22471 0.000027
22472 0.000030
22473 0.000033
22474 0.000017
22475 0.000024
22476 0.000023
22477 0.000022
22478 0.000047
22479 0.000059
22480 0.000028
22481 0.000026
22482 0.000014
22483 0.000007
22484 0.000017
22485 0.000035
22486 0.000025
22487 0.000019
22488 0.000019
22489 0.000035
22490 0.000023
22491 0.000022
22492 0.000012
22493 0.000016
22494 0.000023
22495 0.000020
22496 0.000018
22497 0.000016
22498 0.000010
22499 0.000006
22500 0.000018
22501 0.000025
22502 0.000021
22503 0.000021
22504 0.000023
22505 0.000045
22506 0.000035
22507 0.000030
22508 0.000030
22509 0.000022
22510 0.000019
22511 0.000016
22512 0.000032
22513 0.000034
22514 0.000032
22515 0.000009
22516 0.000006
22517 0.000005
22518 0.000008
22519 0.000013
22520 0.000023
22521 0.000016
22522 0.000010
22523 0.000011
22524 0.000005
22525 0.000011
22526 0.000015
22527 0.000010
22528 0.000037
22529 0.000026
22530 0.000034
22531 0.000014
22532 0.000031
22533 0.000034
22534 0.000017
22535 0.000019
22536 0.000024
22537 0.000018
22538 0.000011
22539 0.000006
22540 0.000010
22541 0.000015
22542 0.000016
22543 0.000027
22544 0.000026
22545 0.000015
22546 0.000032
22547 0.000012
22548 0.000035
22549 0.000037
22550 0.000034
22551 0.000033
22552 0.000023
22553 0.000015
22554 0.000011
22555 0.000010
22556 0.000012
22557 0.000024
22558 0.000010
22559 0.000010
22560 0.000018
22561 0.000018
22562 0.000031
22563 0.000018
22564 0.000022
22565 0.000012
22566 0.000025
22567 0.000056
22568 0.000051
22569 0.000062
22570 0.000062
22571 0.000024
22572 0.000020
22573 0.000015
22574 0.000016
22575 0.000010
22576 0.000019
22577 0.000025
22578 0.000031
22579 0.000013
22580 0.000018
22581 0.000019
22582 0.000012
22583 0.000018
22584 0.000007
22585 0.000016
22586 0.000007
22587 0.000009
22588 0.000020
22589 0.000020
22590 0.000024
22591 0.000045
22592 0.000041
22593 0.000021
22594 0.000025
22595 0.000020
22596 0.000020
22597 0.000020
22598 0.000012
22599 0.000015
22600 0.000015
22601 0.000021
22602 0.000028
22603 0.000040
22604 0.000037
22605 0.000019
22606 0.000026
22607 0.000044
22608 0.000016
22609 0.000019
22610 0.000022
22611 0.000014
22612 0.000009
22613 0.000011
22614 0.000015
22615 0.000017
22616 0.000017
22617 0.000018
22618 0.000020
22619 0.000021
22620 0.000012
22621 0.000008
22622 0.000038
22623 0.000014
22624 0.000016
22625 0.000047
22626 0.000030
22627 0.000032
22628 0.000024
22629 0.000010
22630 0.000010
22631 0.000024
22632 0.000025
22633 0.000029
22634 0.000013
22635 0.000026
22636 0.000025
22637 0.000033
22638 0.000012
22639 0.000024
22640 0.000021
22641 0.000042
22642 0.000021
22643 0.000012
22644 0.000013
22645 0.000014
22646 0.000010
22647 0.000013
22648 0.000007
22649 0.000012
22650 0.000019
22651 0.000019
22652 0.000008
22653 0.000010
22654 0.000037
22655 0.000047
22656 0.000021
22657 0.000031
22658 0.000010
22659 0.000007
22660 0.000011
22661 0.000012
22662 0.000014
22663 0.000009
22664 0.000007
22665 0.000009
22666 0.000005
22667 0.000023
22668 0.000007
22669 0.000012
22670 0.000023
22671 0.000014
22672 0.000009
22673 0.000014
22674 0.000015
22675 0.000009
22676 0.000011
22677 0.000017
22678 0.000016
22679 0.000024
22680 0.000013
22681 0.000010
22682 0.000011
22683 0.000013
22684 0.000020
22685 0.000020
22686 0.000020
22687 0.000024
22688 0.000023
22689 0.000008
22690 0.000010
22691 0.000010
22692 0.000006
22693 0.000005
22694 0.000007
22695 0.000004
22696 0.000035
22697 0.000047
22698 0.000040
22699 0.000019
22700 0.000037
22701 0.000069
22702 0.000085
22703 0.000053
22704 0.000018
22705 0.000008
22706 0.000011
22707 0.000022
22708 0.000019
22709 0.000017
22710 0.000018
22711 0.000025
22712 0.000060
22713 0.000068
22714 0.000061
22715 0.000034
22716 0.000018
22717 0.000018
22718 0.000027
22719 0.000027
22720 0.000011
22721 0.000036
22722 0.000050
22723 0.000026
22724 0.000014
22725 0.000009
22726 0.000011
22727 0.000013
22728 0.000015
22729 0.000012
22730 0.000023
22731 0.000045
22732 0.000048
22733 0.000027
22734 0.000026
22735 0.000030
22736 0.000039
22737 0.000031
22738 0.000029
22739 0.000020
22740 0.000054
22741 0.000029
22742 0.000033
22743 0.000059
22744 0.000020
22745 0.000015
22746 0.000013
22747 0.000014
22748 0.000006
22749 0.000004
22750 0.000011
22751 0.000008
22752 0.000020
22753 0.000037
22754 0.000014
22755 0.000017
22756 0.000032
22757 0.000035
22758 0.000035
22759 0.000013
22760 0.000007
22761 0.000005
22762 0.000005
22763 0.000005
22764 0.000007
22765 0.000005
22766 0.000020
22767 0.000011
22768 0.000018
22769 0.000010
22770 0.000030
22771 0.000009
22772 0.000007
22773 0.000020
22774 0.000016
22775 0.000017
22776 0.000032
22777 0.000024
22778 0.000024
22779 0.000018
22780 0.000018
22781 0.000011
22782 0.000006
22783 0.000017
22784 0.000017
22785 0.000013
22786 0.000008
22787 0.000010
22788 0.000009
22789 0.000007
22790 0.000009
22791 0.000010
22792 0.000026
22793 0.000025
22794 0.000030
22795 0.000016
22796 0.000008
22797 0.000023
22798 0.000022
22799 0.000012
22800 0.000018
22801 0.000021
22802 0.000021
22803 0.000033
22804 0.000025
22805 0.000021
22806 0.000009
22807 0.000011
22808 0.000019
22809 0.000024
22810 0.000023
22811 0.000012
22812 0.000011
22813 0.000010
22814 0.000020
22815 0.000016
22816 0.000008
22817 0.000009
22818 0.000020
22819 0.000012
22820 0.000006
22821 0.000008
22822 0.000007
22823 0.000020
22824 0.000015
22825 0.000015
22826 0.000010
22827 0.000011
22828 0.000028
22829 0.000030
22830 0.000021
22831 0.000014
22832 0.000023
22833 0.000013
22834 0.000013
22835 0.000009
22836 0.000007
22837 0.000010
22838 0.000007
22839 0.000009
22840 0.000018
22841 0.000012
22842 0.000008
22843 0.000010
22844 0.000015
22845 0.000019
22846 0.000019
22847 0.000019
22848 0.000007
22849 0.000006
22850 0.000007
22851 0.000012
22852 0.000030
22853 0.000028
22854 0.000029
22855 0.000011
22856 0.000006
22857 0.000007
22858 0.000009
22859 0.000011
22860 0.000018
22861 0.000025
22862 0.000010
22863 0.000010
22864 0.000019
22865 0.000006
22866 0.000017
22867 0.000013
22868 0.000014
22869 0.000022
22870 0.000009
22871 0.000014
22872 0.000015
22873 0.000015
22874 0.000021
22875 0.000016
22876 0.000010
22877 0.000005
22878 0.000032
22879 0.000010
22880 0.000005
22881 0.000014
22882 0.000023
22883 0.000013
22884 0.000022
22885 0.000027
22886 0.000038
22887 0.000027
22888 0.000046
22889 0.000027
22890 0.000020
22891 0.000020
22892 0.000026
22893 0.000047
22894 0.000027
22895 0.000025
22896 0.000024
22897 0.000017
22898 0.000010
22899 0.000037
22900 0.000045
22901 0.000031
22902 0.000040
22903 0.000014
22904 0.000007
22905 0.000023
22906 0.000037
22907 0.000040
22908 0.000036
22909 0.000028
22910 0.000021
22911 0.000023
22912 0.000010
22913 0.000017
22914 0.000008
22915 0.000012
22916 0.000014
22917 0.000023
22918 0.000023
22919 0.000015
22920 0.000013
22921 0.000019
22922 0.000021
22923 0.000015
22924 0.000009
22925 0.000019
22926 0.000020
22927 0.000026
22928 0.000025
22929 0.000031
22930 0.000029
22931 0.000036
22932 0.000014
22933 0.000007
22934 0.000008
22935 0.000025
22936 0.000026
22937 0.000014
22938 0.000023
22939 0.000014
22940 0.000018
22941 0.000015
22942 0.000007
22943 0.000028
22944 0.000027
22945 0.000026
22946 0.000014
22947 0.000027
22948 0.000026
22949 0.000019
22950 0.000025
22951 0.000025
22952 0.000016
22953 0.000034
22954 0.000048
22955 0.000025
22956 0.000010
22957 0.000008
22958 0.000008
22959 0.000005
22960 0.000023
22961 0.000027
22962 0.000020
22963 0.000032
22964 0.000023
22965 0.000015
22966 0.000018
22967 0.000008
22968 0.000005
22969 0.000009
22970 0.000006
22971 0.000011
22972 0.000008
22973 0.000005
22974 0.000004
22975 0.000007
22976 0.000026
22977 0.000026
22978 0.000016
22979 0.000022
22980 0.000008
22981 0.000005
22982 0.000016
22983 0.000018
22984 0.000018
22985 0.000023
22986 0.000020
22987 0.000012
22988 0.000021
22989 0.000038
22990 0.000019
22991 0.000018
22992 0.000022
22993 0.000009
22994 0.000041
22995 0.000035
22996 0.000022
22997 0.000034
22998 0.000017
22999 0.000012
23000 0.000025
23001 0.000027
23002 0.000032
23003 0.000032
23004 0.000012
23005 0.000011
23006 0.000005
23007 0.000009
23008 0.000005
23009 0.000020
23010 0.000034
23011 0.000032
23012 0.000019
23013 0.000019
23014 0.000021
23015 0.000021
23016 0.000009
23017 0.000026
23018 0.000037
23019 0.000039
23020 0.000039
23021 0.000036
23022 0.000034
23023 0.000039
23024 0.000019
23025 0.000020
23026 0.000025
23027 0.000025
23028 0.000010
23029 0.000018
23030 0.000010
23031 0.000006
23032 0.000008
23033 0.000033
23034 0.000020
23035 0.000016
23036 0.000017
23037 0.000033
23038 0.000012
23039 0.000007
23040 0.000006
23041 0.000014
23042 0.000022
23043 0.000033
23044 0.000034
23045 0.000056
23046 0.000019
23047 0.000028
23048 0.000011
23049 0.000027
23050 0.000014
23051 0.000007
23052 0.000010
23053 0.000007
23054 0.000005
23055 0.000008
23056 0.000011
23057 0.000022
23058 0.000029
23059 0.000033
23060 0.000015
23061 0.000021
23062 0.000020
23063 0.000009
23064 0.000028
23065 0.000058
23066 0.000052
23067 0.000025
23068 0.000024
23069 0.000024
23070 0.000034
23071 0.000024
23072 0.000034
23073 0.000026
23074 0.000025
23075 0.000024
23076 0.000017
23077 0.000018
23078 0.000018
23079 0.000025
23080 0.000033
23081 0.000036
23082 0.000014
23083 0.000009
23084 0.000029
23085 0.000009
23086 0.000030
23087 0.000016
23088 0.000010
23089 0.000029
23090 0.000015
23091 0.000017
23092 0.000032
23093 0.000031
23094 0.000038
23095 0.000058
23096 0.000040
23097 0.000037
23098 0.000019
23099 0.000019
23100 0.000024
23101 0.000035
23102 0.000010
23103 0.000008
23104 0.000028
23105 0.000034
23106 0.000051
23107 0.000017
23108 0.000018
23109 0.000022
23110 0.000012
23111 0.000025
23112 0.000020
23113 0.000009
23114 0.000010
23115 0.000016
23116 0.000032
23117 0.000036
23118 0.000023
23119 0.000036
23120 0.000022
23121 0.000014
23122 0.000024
23123 0.000024
23124 0.000027
23125 0.000021
23126 0.000055
23127 0.000050
23128 0.000049
23129 0.000049
23130 0.000031
23131 0.000012
23132 0.000005
23133 0.000004
23134 0.000036
23135 0.000034
23136 0.000023
23137 0.000022
23138 0.000034
23139 0.000032
23140 0.000038
23141 0.000019
23142 0.000012
23143 0.000029
23144 0.000028
23145 0.000037
23146 0.000034
23147 0.000018
23148 0.000010
23149 0.000007
23150 0.000010
23151 0.000040
23152 0.000030
23153 0.000016
23154 0.000036
23155 0.000013
23156 0.000008
23157 0.000015
23158 0.000009
23159 0.000011
23160 0.000016
23161 0.000010
23162 0.000008
23163 0.000025
23164 0.000015
23165 0.000016
23166 0.000016
23167 0.000013
23168 0.000009
23169 0.000022
23170 0.000022
23171 0.000012
23172 0.000018
23173 0.000047
23174 0.000049
23175 0.000013
23176 0.000007
23177 0.000006
23178 0.000012
23179 0.000020
23180 0.000013
23181 0.000016
23182 0.000017
23183 0.000024
23184 0.000026
23185 0.000025
23186 0.000014
23187 0.000014
23188 0.000024
23189 0.000009
23190 0.000010
23191 0.000011
23192 0.000008
23193 0.000017
23194 0.000016
23195 0.000008
23196 0.000005
23197 0.000012
23198 0.000013
23199 0.000024
23200 0.000013
23201 0.000014
23202 0.000007
23203 0.000009
23204 0.000010
23205 0.000023
23206 0.000023
23207 0.000022
23208 0.000021
23209 0.000020
23210 0.000026
23211 0.000045
23212 0.000041
23213 0.000015
23214 0.000029
23215 0.000040
23216 0.000022
23217 0.000024
23218 0.000028
23219 0.000015
23220 0.000007
23221 0.000018
23222 0.000018
23223 0.000016
23224 0.000010
23225 0.000011
23226 0.000008
23227 0.000033
23228 0.000023
23229 0.000019
23230 0.000026
23231 0.000010
23232 0.000010
23233 0.000006
23234 0.000028
23235 0.000035
23236 0.000064
23237 0.000030
23238 0.000016
23239 0.000018
23240 0.000014
23241 0.000029
23242 0.000039
23243 0.000054
23244 0.000054
23245 0.000055
23246 0.000050
23247 0.000014
23248 0.000021
23249 0.000034
23250 0.000038
23251 0.000011
23252 0.000008
23253 0.000010
23254 0.000007
23255 0.000010
23256 0.000011
23257 0.000008
23258 0.000009
23259 0.000023
23260 0.000042
23261 0.000021
23262 0.000025
23263 0.000010
23264 0.000020
23265 0.000011
23266 0.000018
23267 0.000017
23268 0.000021
23269 0.000023
23270 0.000013
23271 0.000017
23272 0.000016
23273 0.000015
23274 0.000019
23275 0.000027
23276 0.000018
23277 0.000026
23278 0.000054
23279 0.000026
23280 0.000023
23281 0.000023
23282 0.000013
23283 0.000011
23284 0.000008
23285 0.000006
23286 0.000022
23287 0.000020
23288 0.000013
23289 0.000008
23290 0.000011
23291 0.000015
23292 0.000016
23293 0.000014
23294 0.000022
23295 0.000017
23296 0.000008
23297 0.000020
23298 0.000020
23299 0.000020
23300 0.000023
23301 0.000035
23302 0.000018
23303 0.000018
23304 0.000026
23305 0.000022
23306 0.000032
23307 0.000052
23308 0.000068
23309 0.000077
23310 0.000062
23311 0.000024
23312 0.000013
23313 0.000014
23314 0.000009
23315 0.000014
23316 0.000009
23317 0.000010
23318 0.000018
23319 0.000020
23320 0.000019
23321 0.000035
23322 0.000033
23323 0.000036
23324 0.000025
23325 0.000026
23326 0.000018
23327 0.000008
23328 0.000005
23329 0.000008
23330 0.000012
23331 0.000005
23332 0.000014
23333 0.000015
23334 0.000009
23335 0.000020
23336 0.000020
23337 0.000021
23338 0.000007
23339 0.000026
23340 0.000015
23341 0.000020
23342 0.000023
23343 0.000019
23344 0.000019
23345 0.000019
23346 0.000019
23347 0.000024
23348 0.000042
23349 0.000030
23350 0.000016
23351 0.000018
23352 0.000012
23353 0.000011
23354 0.000027
23355 0.000040
23356 0.000037
23357 0.000043
23358 0.000040
23359 0.000043
23360 0.000044
23361 0.000028
23362 0.000036
23363 0.000013
23364 0.000007
23365 0.000006
23366 0.000010
23367 0.000011
23368 0.000018
23369 0.000021
23370 0.000022
23371 0.000009
23372 0.000028
23373 0.000015
23374 0.000016
23375 0.000028
23376 0.000035
23377 0.000023
23378 0.000033
23379 0.000024
23380 0.000023
23381 0.000038
23382 0.000018
23383 0.000018
23384 0.000026
23385 0.000012
23386 0.000010
23387 0.000008
23388 0.000010
23389 0.000035
23390 0.000033
23391 0.000041
23392 0.000015
23393 0.000020
23394 0.000036
23395 0.000034
23396 0.000032
23397 0.000038
23398 0.000046
23399 0.000013
23400 0.000016
23401 0.000010
23402 0.000014
23403 0.000018
23404 0.000013
23405 0.000009
23406 0.000010
23407 0.000007
23408 0.000022
23409 0.000012
23410 0.000008
23411 0.000011
23412 0.000020
23413 0.000023
23414 0.000008
23415 0.000025
23416 0.000030
23417 0.000009
23418 0.000009
23419 0.000007
23420 0.000014
23421 0.000015
23422 0.000027
23423 0.000015
23424 0.000016
23425 0.000010
23426 0.000011
23427 0.000008
23428 0.000023
23429 0.000021
23430 0.000026
23431 0.000014
23432 0.000006
23433 0.000013
23434 0.000014
23435 0.000017
23436 0.000018
23437 0.000023
23438 0.000008
23439 0.000015
23440 0.000007
23441 0.000011
23442 0.000021
23443 0.000014
23444 0.000036
23445 0.000060
23446 0.000016
23447 0.000012
23448 0.000021
23449 0.000028
23450 0.000013
23451 0.000016
23452 0.000014
23453 0.000012
23454 0.000016
23455 0.000010
23456 0.000015
23457 0.000033
23458 0.000031
23459 0.000042
23460 0.000034
23461 0.000029
23462 0.000032
23463 0.000020
23464 0.000011
23465 0.000012
23466 0.000006
23467 0.000013
23468 0.000017
23469 0.000015
23470 0.000026
23471 0.000021
23472 0.000017
23473 0.000017
23474 0.000010
23475 0.000012
23476 0.000020
23477 0.000016
23478 0.000017
23479 0.000016
23480 0.000009
23481 0.000024
23482 0.000040
23483 0.000046
23484 0.000025
23485 0.000035
23486 0.000032
23487 0.000033
23488 0.000031
23489 0.000016
23490 0.000013
23491 0.000014
23492 0.000024
23493 0.000024
23494 0.000010
23495 0.000010
23496 0.000036
23497 0.000018
23498 0.000053
23499 0.000028
23500 0.000037
23501 0.000021
23502 0.000021
23503 0.000032
23504 0.000024
23505 0.000015
23506 0.000027
23507 0.000024
23508 0.000022
23509 0.000009
23510 0.000012
23511 0.000017
23512 0.000020
23513 0.000039
23514 0.000052
23515 0.000019
23516 0.000020
23517 0.000011
23518 0.000020
23519 0.000021
23520 0.000012
23521 0.000012
23522 0.000012
23523 0.000015
23524 0.000017
23525 0.000018
23526 0.000012
23527 0.000016
23528 0.000010
23529 0.000033
23530 0.000031
23531 0.000016
23532 0.000011
23533 0.000024
23534 0.000030
23535 0.000033
23536 0.000017
23537 0.000020
23538 0.000021
23539 0.000032
23540 0.000016
23541 0.000007
23542 0.000006
23543 0.000012
23544 0.000007
23545 0.000016
23546 0.000010
23547 0.000023
23548 0.000008
23549 0.000019
23550 0.000024
23551 0.000023
23552 0.000025
23553 0.000039
23554 0.000030
23555 0.000028
23556 0.000015
23557 0.000018
23558 0.000011
23559 0.000012
23560 0.000022
23561 0.000024
23562 0.000013
23563 0.000014
23564 0.000022
23565 0.000026
23566 0.000025
23567 0.000024
23568 0.000010
23569 0.000014
23570 0.000012
23571 0.000008
23572 0.000014
23573 0.000014
23574 0.000015
23575 0.000016
23576 0.000010
23577 0.000005
23578 0.000012
23579 0.000013
23580 0.000007
23581 0.000008
23582 0.000017
23583 0.000010
23584 0.000012
23585 0.000006
23586 0.000008
23587 0.000010
23588 0.000011
23589 0.000016
23590 0.000021
23591 0.000017
23592 0.000031
23593 0.000012
23594 0.000012
23595 0.000013
23596 0.000029
23597 0.000022
23598 0.000029
23599 0.000020
23600 0.000011
23601 0.000014
23602 0.000007
23603 0.000006
23604 0.000006
23605 0.000016
23606 0.000026
23607 0.000016
23608 0.000034
23609 0.000026
23610 0.000014
23611 0.000015
23612 0.000007
23613 0.000012
23614 0.000046
23615 0.000020
23616 0.000032
23617 0.000022
23618 0.000026
23619 0.000025
23620 0.000024
23621 0.000019
23622 0.000017
23623 0.000017
23624 0.000024
23625 0.000019
23626 0.000030
23627 0.000029
23628 0.000023
23629 0.000013
23630 0.000007
23631 0.000012
23632 0.000008
23633 0.000010
23634 0.000013
23635 0.000024
23636 0.000013
23637 0.000022
23638 0.000015
23639 0.000006
23640 0.000014
23641 0.000022
23642 0.000012
23643 0.000011
23644 0.000010
23645 0.000029
23646 0.000027
23647 0.000026
23648 0.000010
23649 0.000022
23650 0.000034
23651 0.000048
23652 0.000058
23653 0.000062
23654 0.000048
23655 0.000044
23656 0.000040
23657 0.000046
23658 0.000030
23659 0.000016
23660 0.000008
23661 0.000006
23662 0.000008
23663 0.000005
23664 0.000009
23665 0.000011
23666 0.000017
23667 0.000048
23668 0.000056
23669 0.000051
23670 0.000032
23671 0.000024
23672 0.000013
23673 0.000009
23674 0.000011
23675 0.000010
23676 0.000006
23677 0.000018
23678 0.000022
23679 0.000034
23680 0.000032
23681 0.000018
23682 0.000037
23683 0.000034
23684 0.000032
23685 0.000020
23686 0.000009
23687 0.000011
23688 0.000023
23689 0.000026
23690 0.000027
23691 0.000011
23692 0.000005
23693 0.000008
23694 0.000022
23695 0.000022
23696 0.000011
23697 0.000008
23698 0.000013
23699 0.000010
23700 0.000007
23701 0.000020
23702 0.000009
23703 0.000007
23704 0.000021
23705 0.000017
23706 0.000015
23707 0.000016
23708 0.000016
23709 0.000014
23710 0.000014
23711 0.000018
23712 0.000011
23713 0.000034
23714 0.000015
23715 0.000007
23716 0.000009
23717 0.000024
23718 0.000015
23719 0.000016
23720 0.000019
23721 0.000027
23722 0.000018
23723 0.000015
23724 0.000020
23725 0.000015
23726 0.000016
23727 0.000006
23728 0.000008
23729 0.000021
23730 0.000025
23731 0.000027
23732 0.000041
23733 0.000016
23734 0.000017
23735 0.000010
23736 0.000012
23737 0.000019
23738 0.000008
23739 0.000010
23740 0.000007
23741 0.000008
23742 0.000006
23743 0.000008
23744 0.000018
23745 0.000011
23746 0.000012
23747 0.000020
23748 0.000030
23749 0.000011
23750 0.000024
23751 0.000028
23752 0.000018
23753 0.000017
23754 0.000018
23755 0.000018
23756 0.000012
23757 0.000008
23758 0.000006
23759 0.000012
23760 0.000013
23761 0.000011
23762 0.000009
23763 0.000013
23764 0.000009
23765 0.000017
23766 0.000040
23767 0.000028
23768 0.000038
23769 0.000041
23770 0.000028
23771 0.000020
23772 0.000038
23773 0.000019
23774 0.000036
23775 0.000027
23776 0.000026
23777 0.000025
23778 0.000034
23779 0.000026
23780 0.000010
23781 0.000007
23782 0.000028
23783 0.000037
23784 0.000019
23785 0.000019
23786 0.000009
23787 0.000014
23788 0.000035
23789 0.000033
23790 0.000024
23791 0.000014
23792 0.000018
23793 0.000013
23794 0.000011
23795 0.000012
23796 0.000025
23797 0.000024
23798 0.000024
23799 0.000013
23800 0.000015
23801 0.000016
23802 0.000023
23803 0.000026
23804 0.000029
23805 0.000029
23806 0.000042
23807 0.000057
23808 0.000053
23809 0.000026
23810 0.000025
23811 0.000008
23812 0.000007
23813 0.000025
23814 0.000025
23815 0.000047
23816 0.000043
23817 0.000021
23818 0.000024
23819 0.000038
23820 0.000028
23821 0.000040
23822 0.000028
23823 0.000011
23824 0.000017
23825 0.000012
23826 0.000013
23827 0.000024
23828 0.000016
23829 0.000039
23830 0.000042
23831 0.000019
23832 0.000023
23833 0.000013
23834 0.000007
23835 0.000010
23836 0.000022
23837 0.000018
23838 0.000009
23839 0.000007
23840 0.000009
23841 0.000022
23842 0.000013
23843 0.000012
23844 0.000020
23845 0.000020
23846 0.000009
23847 0.000007
23848 0.000016
23849 0.000039
23850 0.000014
23851 0.000024
23852 0.000022
23853 0.000024
23854 0.000031
23855 0.000020
23856 0.000024
23857 0.000020
23858 0.000011
23859 0.000026
23860 0.000018
23861 0.000025
23862 0.000013
23863 0.000027
23864 0.000036
23865 0.000013
23866 0.000007
23867 0.000009
23868 0.000008
23869 0.000035
23870 0.000027
23871 0.000015
23872 0.000026
23873 0.000014
23874 0.000026
23875 0.000025
23876 0.000019
23877 0.000030
23878 0.000020
23879 0.000020
23880 0.000012
23881 0.000008
23882 0.000010
23883 0.000014
23884 0.000018
23885 0.000018
23886 0.000020
23887 0.000016
23888 0.000034
23889 0.000013
23890 0.000030
23891 0.000012
23892 0.000014
23893 0.000015
23894 0.000017
23895 0.000013
23896 0.000040
23897 0.000023
23898 0.000028
23899 0.000027
23900 0.000014
23901 0.000015
23902 0.000019
23903 0.000020
23904 0.000011
23905 0.000025
23906 0.000024
23907 0.000016
23908 0.000016
23909 0.000012
23910 0.000013
23911 0.000009
23912 0.000007
23913 0.000015
23914 0.000011
23915 0.000008
23916 0.000010
23917 0.000009
23918 0.000015
23919 0.000013
23920 0.000016
23921 0.000017
23922 0.000016
23923 0.000033
23924 0.000031
23925 0.000029
23926 0.000028
23927 0.000012
23928 0.000029
23929 0.000024
23930 0.000026
23931 0.000025
23932 0.000026
23933 0.000025
23934 0.000014
23935 0.000015
23936 0.000009
23937 0.000011
23938 0.000006
23939 0.000021
23940 0.000017
23941 0.000022
23942 0.000012
23943 0.000006
23944 0.000005
23945 0.000011
23946 0.000019
23947 0.000043
23948 0.000033
23949 0.000050
23950 0.000051
23951 0.000047
23952 0.000011
23953 0.000008
23954 0.000006
23955 0.000006
23956 0.000008
23957 0.000025
23958 0.000014
23959 0.000010
23960 0.000012
23961 0.000008
23962 0.000038
23963 0.000044
23964 0.000066
23965 0.000025
23966 0.000014
23967 0.000009
23968 0.000007
23969 0.000006
23970 0.000008
23971 0.000019
23972 0.000009
23973 0.000007
23974 0.000007
23975 0.000018
23976 0.000046
23977 0.000033
23978 0.000031
23979 0.000046
23980 0.000023
23981 0.000013
23982 0.000008
23983 0.000013
23984 0.000013
23985 0.000043
23986 0.000043
23987 0.000028
23988 0.000017
23989 0.000030
23990 0.000041
23991 0.000023
23992 0.000013
23993 0.000016
23994 0.000010
23995 0.000011
23996 0.000008
23997 0.000010
23998 0.000016
23999 0.000024
24000 0.000013
24001 0.000007
24002 0.000023
24003 0.000008
24004 0.000012
24005 0.000013
24006 0.000007
24007 0.000016
24008 0.000016
24009 0.000016
24010 0.000027
24011 0.000026
24012 0.000025
24013 0.000039
24014 0.000047
24015 0.000023
24016 0.000022
24017 0.000033
24018 0.000049
24019 0.000017
24020 0.000027
24021 0.000039
24022 0.000020
24023 0.000011
24024 0.000006
24025 0.000006
24026 0.000016
24027 0.000006
24028 0.000013
24029 0.000022
24030 0.000022
24031 0.000039
24032 0.000028
24033 0.000015
24034 0.000043
24035 0.000040
24036 0.000037
24037 0.000034
24038 0.000038
24039 0.000023
24040 0.000010
24041 0.000015
24042 0.000009
24043 0.000005
24044 0.000017
24045 0.000012
24046 0.000021
24047 0.000021
24048 0.000010
24049 0.000006
24050 0.000012
24051 0.000017
24052 0.000018
24053 0.000011
24054 0.000016
24055 0.000016
24056 0.000023
24057 0.000010
24058 0.000037
24059 0.000034
24060 0.000033
24061 0.000030
24062 0.000019
24063 0.000013
24064 0.000014
24065 0.000022
24066 0.000022
24067 0.000030
24068 0.000030
24069 0.000013
24070 0.000025
24071 0.000026
24072 0.000030
24073 0.000016
24074 0.000014
24075 0.000007
24076 0.000033
24077 0.000071
24078 0.000023
24079 0.000029
24080 0.000028
24081 0.000027
24082 0.000025
24083 0.000013
24084 0.000006
24085 0.000010
24086 0.000012
24087 0.000008
24088 0.000012
24089 0.000007
24090 0.000020
24091 0.000012
24092 0.000006
24093 0.000008
24094 0.000014
24095 0.000009
24096 0.000013
24097 0.000015
24098 0.000026
24099 0.000014
24100 0.000009
24101 0.000014
24102 0.000009
24103 0.000014
24104 0.000015
24105 0.000039
24106 0.000020
24107 0.000009
24108 0.000020
24109 0.000011
24110 0.000015
24111 0.000011
24112 0.000020
24113 0.000022
24114 0.000009
24115 0.000007
24116 0.000013
24117 0.000020
24118 0.000011
24119 0.000013
24120 0.000014
24121 0.000011
24122 0.000018
24123 0.000021
24124 0.000018
24125 0.000027
24126 0.000014
24127 0.000007
24128 0.000034
24129 0.000044
24130 0.000015
24131 0.000021
24132 0.000012
24133 0.000059
24134 0.000053
24135 0.000026
24136 0.000035
24137 0.000018
24138 0.000025
24139 0.000014
24140 0.000021
24141 0.000021
24142 0.000028
24143 0.000035
24144 0.000032
24145 0.000025
24146 0.000014
24147 0.000027
24148 0.000031
24149 0.000016
24150 0.000017
24151 0.000007
24152 0.000023
24153 0.000022
24154 0.000027
24155 0.000015
24156 0.000016
24157 0.000021
24158 0.000009
24159 0.000021
24160 0.000013
24161 0.000009
24162 0.000019
24163 0.000019
24164 0.000019
24165 0.000007
24166 0.000006
24167 0.000015
24168 0.000009
24169 0.000013
24170 0.000037
24171 0.000035
24172 0.000043
24173 0.000040
24174 0.000011
24175 0.000008
24176 0.000010
24177 0.000007
24178 0.000009
24179 0.000012
24180 0.000018
24181 0.000023
24182 0.000031
24183 0.000042
24184 0.000015
24185 0.000024
24186 0.000027
24187 0.000020
24188 0.000012
24189 0.000016
24190 0.000022
24191 0.000019
24192 0.000011
24193 0.000018
24194 0.000011
24195 0.000027
24196 0.000015
24197 0.000015
24198 0.000007
24199 0.000006
24200 0.000006
24201 0.000008
24202 0.000036
24203 0.000018
24204 0.000008
24205 0.000020
24206 0.000016
24207 0.000012
24208 0.000034
24209 0.000036
24210 0.000016
24211 0.000006
24212 0.000017
24213 0.000009
24214 0.000005
24215 0.000013
24216 0.000018
24217 0.000015
24218 0.000012
24219 0.000014
24220 0.000021
24221 0.000017
24222 0.000024
24223 0.000013
24224 0.000009
24225 0.000007
24226 0.000006
24227 0.000014
24228 0.000017
24229 0.000010
24230 0.000019
24231 0.000033
24232 0.000036
24233 0.000021
24234 0.000031
24235 0.000032
24236 0.000037
24237 0.000034
24238 0.000019
24239 0.000017
24240 0.000017
24241 0.000035
24242 0.000035
24243 0.000038
24244 0.000020
24245 0.000017
24246 0.000007
24247 0.000034
24248 0.000023
24249 0.000013
24250 0.000019
24251 0.000029
24252 0.000015
24253 0.000016
24254 0.000016
24255 0.000026
24256 0.000029
24257 0.000031
24258 0.000017
24259 0.000018
24260 0.000014
24261 0.000027
24262 0.000021
24263 0.000013
24264 0.000020
24265 0.000028
24266 0.000035
24267 0.000036
24268 0.000033
24269 0.000037
24270 0.000026
24271 0.000026
24272 0.000014
24273 0.000009
24274 0.000013
24275 0.000019
24276 0.000019
24277 0.000014
24278 0.000015
24279 0.000011
24280 0.000008
24281 0.000035
24282 0.000024
24283 0.000031
24284 0.000034
24285 0.000032
24286 0.000050
24287 0.000058
24288 0.000026
24289 0.000032
24290 0.000012
24291 0.000018
24292 0.000026
24293 0.000017
24294 0.000034
24295 0.000037
24296 0.000041
24297 0.000022
24298 0.000043
24299 0.000023
24300 0.000014
24301 0.000028
24302 0.000015
24303 0.000009
24304 0.000011
24305 0.000014
24306 0.000015
24307 0.000006
24308 0.000012
24309 0.000018
24310 0.000011
24311 0.000030
24312 0.000011
24313 0.000013
24314 0.000008
24315 0.000008
24316 0.000006
24317 0.000013
24318 0.000007
24319 0.000006
24320 0.000010
24321 0.000005
24322 0.000004
24323 0.000008
24324 0.000047
24325 0.000053
24326 0.000026
24327 0.000027
24328 0.000017
24329 0.000015
24330 0.000038
24331 0.000023
24332 0.000023
24333 0.000024
24334 0.000026
24335 0.000010
24336 0.000006
24337 0.000013
24338 0.000034
24339 0.000018
24340 0.000011
24341 0.000019
24342 0.000025
24343 0.000016
24344 0.000017
24345 0.000014
24346 0.000009
24347 0.000018
24348 0.000013
24349 0.000019
24350 0.000037
24351 0.000035
24352 0.000054
24353 0.000034
24354 0.000028
24355 0.000015
24356 0.000016
24357 0.000010
24358 0.000015
24359 0.000025
24360 0.000031
24361 0.000018
24362 0.000024
24363 0.000018
24364 0.000011
24365 0.000027
24366 0.000028
24367 0.000013
24368 0.000014
24369 0.000011
24370 0.000020
24371 0.000009
24372 0.000015
24373 0.000016
24374 0.000016
24375 0.000025
24376 0.000037
24377 0.000029
24378 0.000011
24379 0.000021
24380 0.000012
24381 0.000009
24382 0.000017
24383 0.000018
24384 0.000018
24385 0.000019
24386 0.000007
24387 0.000005
24388 0.000028
24389 0.000054
24390 0.000049
24391 0.000024
24392 0.000007
24393 0.000013
24394 0.000020
24395 0.000039
24396 0.000024
24397 0.000008
24398 0.000018
24399 0.000013
24400 0.000026
24401 0.000026
24402 0.000012
24403 0.000008
24404 0.000018
24405 0.000020
24406 0.000030
24407 0.000016
24408 0.000017
24409 0.000017
24410 0.000017
24411 0.000008
24412 0.000022
24413 0.000016
24414 0.000010
24415 0.000006
24416 0.000008
24417 0.000033
24418 0.000034
24419 0.000010
24420 0.000006
24421 0.000005
24422 0.000008
24423 0.000010
24424 0.000014
24425 0.000007
24426 0.000015
24427 0.000022
24428 0.000024
24429 0.000024
24430 0.000054
24431 0.000056
24432 0.000078
24433 0.000042
24434 0.000041
24435 0.000062
24436 0.000030
24437 0.000032
24438 0.000040
24439 0.000058
24440 0.000052
24441 0.000018
24442 0.000023
24443 0.000022
24444 0.000012
24445 0.000011
24446 0.000017
24447 0.000009
24448 0.000011
24449 0.000012
24450 0.000013
24451 0.000009
24452 0.000023
24453 0.000008
24454 0.000006
24455 0.000028
24456 0.000021
24457 0.000009
24458 0.000027
24459 0.000011
24460 0.000023
24461 0.000013
24462 0.000012
24463 0.000024
24464 0.000013
24465 0.000027
24466 0.000042
24467 0.000042
24468 0.000020
24469 0.000031
24470 0.000016
24471 0.000023
24472 0.000029
24473 0.000038
24474 0.000019
24475 0.000017
24476 0.000013
24477 0.000014
24478 0.000009
24479 0.000014
24480 0.000015
24481 0.000023
24482 0.000031
24483 0.000016
24484 0.000018
24485 0.000033
24486 0.000031
24487 0.000016
24488 0.000008
24489 0.000036
24490 0.000036
24491 0.000023
24492 0.000031
24493 0.000036
24494 0.000033
24495 0.000031
24496 0.000037
24497 0.000024
24498 0.000013
24499 0.000014
24500 0.000009
24501 0.000007
24502 0.000007
24503 0.000029
24504 0.000012
24505 0.000013
24506 0.000031
24507 0.000017
24508 0.000021
24509 0.000015
24510 0.000006
24511 0.000006
24512 0.000005
24513 0.000026
24514 0.000030
24515 0.000036
24516 0.000018
24517 0.000036
24518 0.000036
24519 0.000048
24520 0.000057
24521 0.000033
24522 0.000017
24523 0.000027
24524 0.000031
24525 0.000045
24526 0.000016
24527 0.000019
24528 0.000041
24529 0.000053
24530 0.000025
24531 0.000031
24532 0.000016
24533 0.000006
24534 0.000033
24535 0.000019
24536 0.000020
24537 0.000022
24538 0.000020
24539 0.000012
24540 0.000017
24541 0.000021
24542 0.000009
24543 0.000016
24544 0.000028
24545 0.000013
24546 0.000007
24547 0.000018
24548 0.000017
24549 0.000010
24550 0.000023
24551 0.000023
24552 0.000033
24553 0.000012
24554 0.000037
24555 0.000021
24556 0.000014
24557 0.000017
24558 0.000025
24559 0.000026
24560 0.000035
24561 0.000018
24562 0.000018
24563 0.000019
24564 0.000019
24565 0.000021
24566 0.000022
24567 0.000012
24568 0.000009
24569 0.000017
24570 0.000010
24571 0.000012
24572 0.000010
24573 0.000007
24574 0.000009
24575 0.000005
24576 0.000005
24577 0.000004
24578 0.000011
24579 0.000030
24580 0.000029
24581 0.000017
24582 0.000010
24583 0.000007
24584 0.000009
24585 0.000008
24586 0.000008
24587 0.000008
24588 0.000018
24589 0.000034
24590 0.000035
24591 0.000033
24592 0.000012
24593 0.000018
24594 0.000011
24595 0.000017
24596 0.000008
24597 0.000028
24598 0.000032
24599 0.000033
24600 0.000046
24601 0.000042
24602 0.000018
24603 0.000011
24604 0.000018
24605 0.000018
24606 0.000020
24607 0.000024
24608 0.000013
24609 0.000008
24610 0.000007
24611 0.000009
24612 0.000016
24613 0.000011
24614 0.000021
24615 0.000027
24616 0.000028
24617 0.000022
24618 0.000012
24619 0.000013
24620 0.000008
24621 0.000019
24622 0.000019
24623 0.000026
24624 0.000017
24625 0.000020
24626 0.000019
24627 0.000013
24628 0.000014
24629 0.000009
24630 0.000010
24631 0.000010
24632 0.000007
24633 0.000015
24634 0.000023
24635 0.000034
24636 0.000035
24637 0.000034
24638 0.000031
24639 0.000021
24640 0.000022
24641 0.000046
24642 0.000048
24643 0.000024
24644 0.000018
24645 0.000013
24646 0.000013
24647 0.000022
24648 0.000021
24649 0.000029
24650 0.000027
24651 0.000009
24652 0.000005
24653 0.000009
24654 0.000021
24655 0.000029
24656 0.000015
24657 0.000010
24658 0.000029
24659 0.000011
24660 0.000008
24661 0.000016
24662 0.000017
24663 0.000010
24664 0.000026
24665 0.000010
24666 0.000013
24667 0.000009
24668 0.000009
24669 0.000016
24670 0.000014
24671 0.000009
24672 0.000011
24673 0.000014
24674 0.000015
24675 0.000013
24676 0.000009
24677 0.000008
24678 0.000006
24679 0.000008
24680 0.000017
24681 0.000013
24682 0.000008
24683 0.000007
24684 0.000009
24685 0.000009
24686 0.000007
24687 0.000029
24688 0.000015
24689 0.000016
24690 0.000029
24691 0.000035
24692 0.000019
24693 0.000019
24694 0.000008
24695 0.000010
24696 0.000013
24697 0.000014
24698 0.000015
24699 0.000016
24700 0.000010
24701 0.000035
24702 0.000013
24703 0.000007
24704 0.000025
24705 0.000033
24706 0.000022
24707 0.000020
24708 0.000011
24709 0.000024
24710 0.000023
24711 0.000010
24712 0.000012
24713 0.000013
24714 0.000011
24715 0.000023
24716 0.000038
24717 0.000022
24718 0.000022
24719 0.000022
24720 0.000007
24721 0.000024
24722 0.000027
24723 0.000023
24724 0.000023
24725 0.000017
24726 0.000010
24727 0.000019
24728 0.000019
24729 0.000009
24730 0.000007
24731 0.000011
24732 0.000012
24733 0.000025
24734 0.000014
24735 0.000010
24736 0.000018
24737 0.000019
24738 0.000024
24739 0.000024
24740 0.000013
24741 0.000017
24742 0.000008
24743 0.000015
24744 0.000018
24745 0.000011
24746 0.000056
24747 0.000033
24748 0.000031
24749 0.000021
24750 0.000021
24751 0.000039
24752 0.000019
24753 0.000022
24754 0.000016
24755 0.000010
24756 0.000011
24757 0.000013
24758 0.000014
24759 0.000023
24760 0.000022
24761 0.000021
24762 0.000008
24763 0.000012
24764 0.000008
24765 0.000010
24766 0.000008
24767 0.000014
24768 0.000007
24769 0.000012
24770 0.000028
24771 0.000011
24772 0.000022
24773 0.000022
24774 0.000029
24775 0.000019
24776 0.000013
24777 0.000008
24778 0.000009
24779 0.000009
24780 0.000005
24781 0.000022
24782 0.000015
24783 0.000033
24784 0.000015
24785 0.000028
24786 0.000027
24787 0.000012
24788 0.000017
24789 0.000008
24790 0.000006
24791 0.000024
24792 0.000027
24793 0.000016
24794 0.000010
24795 0.000019
24796 0.000011
24797 0.000008
24798 0.000009
24799 0.000024
24800 0.000032
24801 0.000012
24802 0.000028
24803 0.000025
24804 0.000016
24805 0.000031
24806 0.000033
24807 0.000031
24808 0.000021
24809 0.000014
24810 0.000023
24811 0.000031
24812 0.000044
24813 0.000022
24814 0.000021
24815 0.000042
24816 0.000036
24817 0.000018
24818 0.000016
24819 0.000025
24820 0.000035
24821 0.000009
24822 0.000006
24823 0.000005
24824 0.000005
24825 0.000005
24826 0.000007
24827 0.000032
24828 0.000036
24829 0.000038
24830 0.000009
24831 0.000021
24832 0.000018
24833 0.000012
24834 0.000006
24835 0.000021
24836 0.000021
24837 0.000023
24838 0.000017
24839 0.000024
24840 0.000016
24841 0.000016
24842 0.000041
24843 0.000040
24844 0.000012
24845 0.000005
24846 0.000005
24847 0.000004
24848 0.000007
24849 0.000009
24850 0.000014
24851 0.000015
24852 0.000021
24853 0.000020
24854 0.000009
24855 0.000010
24856 0.000009
24857 0.000006
24858 0.000012
24859 0.000008
24860 0.000005
24861 0.000005
24862 0.000004
24863 0.000015
24864 0.000041
24865 0.000041
24866 0.000038
24867 0.000047
24868 0.000052
24869 0.000024
24870 0.000017
24871 0.000008
24872 0.000005
24873 0.000007
24874 0.000005
24875 0.000009
24876 0.000016
24877 0.000023
24878 0.000022
24879 0.000028
24880 0.000037
24881 0.000038
24882 0.000019
24883 0.000016
24884 0.000010
24885 0.000005
24886 0.000013
24887 0.000014
24888 0.000006
24889 0.000015
24890 0.000015
24891 0.000007
24892 0.000015
24893 0.000013
24894 0.000007
24895 0.000010
24896 0.000008
24897 0.000006
24898 0.000004
24899 0.000007
24900 0.000013
24901 0.000022
24902 0.000024
24903 0.000018
24904 0.000011
24905 0.000012
24906 0.000018
24907 0.000022
24908 0.000012
24909 0.000014
24910 0.000012
24911 0.000019
24912 0.000013
24913 0.000011
24914 0.000020
24915 0.000017
24916 0.000010
24917 0.000018
24918 0.000028
24919 0.000017
24920 0.000040
24921 0.000020
24922 0.000020
24923 0.000012
24924 0.000015
24925 0.000010
24926 0.000025
24927 0.000036
24928 0.000029
24929 0.000028
24930 0.000021
24931 0.000012
24932 0.000020
24933 0.000011
24934 0.000013
24935 0.000008
24936 0.000023
24937 0.000022
24938 0.000033
24939 0.000017
24940 0.000010
24941 0.000012
24942 0.000020
24943 0.000007
24944 0.000006
24945 0.000008
24946 0.000043
24947 0.000026
24948 0.000028
24949 0.000016
24950 0.000013
24951 0.000015
24952 0.000014
24953 0.000007
24954 0.000009
24955 0.000007
24956 0.000013
24957 0.000008
24958 0.000005
24959 0.000016
24960 0.000024
24961 0.000024
24962 0.000037
24963 0.000025
24964 0.000025
24965 0.000017
24966 0.000017
24967 0.000007
24968 0.000005
24969 0.000015
24970 0.000016
24971 0.000032
24972 0.000033
24973 0.000036
24974 0.000028
24975 0.000014
24976 0.000009
24977 0.000018
24978 0.000025
24979 0.000025
24980 0.000033
24981 0.000017
24982 0.000009
24983 0.000011
24984 0.000015
24985 0.000010
24986 0.000013
24987 0.000021
24988 0.000021
24989 0.000039
24990 0.000036
24991 0.000011
24992 0.000008
24993 0.000023
24994 0.000013
24995 0.000016
24996 0.000019
24997 0.000013
24998 0.000007
24999 0.000009
25000 0.000015
25001 0.000022
25002 0.000022
25003 0.000031
25004 0.000020
25005 0.000015
25006 0.000026
25007 0.000023
25008 0.000034
25009 0.000020
25010 0.000020
25011 0.000024
25012 0.000017
25013 0.000010
25014 0.000024
25015 0.000026
25016 0.000048
25017 0.000017
25018 0.000021
25019 0.000021
25020 0.000009
25021 0.000020
25022 0.000017
25023 0.000018
25024 0.000011
25025 0.000015
25026 0.000016
25027 0.000006
25028 0.000004
25029 0.000007
25030 0.000006
25031 0.000011
25032 0.000033
25033 0.000012
25034 0.000007
25035 0.000016
25036 0.000021
25037 0.000032
25038 0.000033
25039 0.000031
25040 0.000030
25041 0.000027
25042 0.000041
25043 0.000039
25044 0.000039
25045 0.000067
25046 0.000071
25047 0.000028
25048 0.000027
25049 0.000030
25050 0.000019
25051 0.000020
25052 0.000017
25053 0.000018
25054 0.000019
25055 0.000025
25056 0.000014
25057 0.000007
25058 0.000009
25059 0.000011
25060 0.000007
25061 0.000018
25062 0.000013
25063 0.000014
25064 0.000015
25065 0.000012
25066 0.000021
25067 0.000012
25068 0.000012
25069 0.000013
25070 0.000006
25071 0.000005
25072 0.000015
25073 0.000022
25074 0.000009
25075 0.000013
25076 0.000006
25077 0.000009
25078 0.000005
25079 0.000024
25080 0.000010
25081 0.000022
25082 0.000022
25083 0.000029
25084 0.000015
25085 0.000016
25086 0.000017
25087 0.000020
25088 0.000047
25089 0.000055
25090 0.000026
25091 0.000014
25092 0.000019
25093 0.000019
25094 0.000011
25095 0.000013
25096 0.000016
25097 0.000019
25098 0.000019
25099 0.000024
25100 0.000010
25101 0.000011
25102 0.000011
25103 0.000008
25104 0.000012
25105 0.000017
25106 0.000045
25107 0.000041
25108 0.000028
25109 0.000026
25110 0.000020
25111 0.000011
25112 0.000020
25113 0.000012
25114 0.000013
25115 0.000007
25116 0.000005
25117 0.000007
25118 0.000023
25119 0.000023
25120 0.000009
25121 0.000013
25122 0.000023
25123 0.000022
25124 0.000022
25125 0.000022
25126 0.000026
25127 0.000014
25128 0.000032
25129 0.000024
25130 0.000029
25131 0.000015
25132 0.000009
25133 0.000013
25134 0.000007
25135 0.000019
25136 0.000025
25137 0.000014
25138 0.000009
25139 0.000016
25140 0.000010
25141 0.000010
25142 0.000017
25143 0.000018
25144 0.000018
25145 0.000018
25146 0.000011
25147 0.000008
25148 0.000013
25149 0.000015
25150 0.000016
25151 0.000016
25152 0.000006
25153 0.000011
25154 0.000006
25155 0.000011
25156 0.000008
25157 0.000010
25158 0.000015
25159 0.000040
25160 0.000036
25161 0.000039
25162 0.000027
25163 0.000011
25164 0.000020
25165 0.000020
25166 0.000012
25167 0.000024
25168 0.000011
25169 0.000013
25170 0.000010
25171 0.000006
25172 0.000008
25173 0.000013
25174 0.000024
25175 0.000025
25176 0.000056
25177 0.000062
25178 0.000044
25179 0.000040
25180 0.000037
25181 0.000038
25182 0.000040
25183 0.000037
25184 0.000035
25185 0.000021
25186 0.000012
25187 0.000014
25188 0.000019
25189 0.000011
25190 0.000019
25191 0.000011
25192 0.000025
25193 0.000031
25194 0.000029
25195 0.000020
25196 0.000012
25197 0.000029
25198 0.000019
25199 0.000025
25200 0.000042
25201 0.000035
25202 0.000009
25203 0.000006
25204 0.000020
25205 0.000023
25206 0.000009
25207 0.000011
25208 0.000020
25209 0.000022
25210 0.000027
25211 0.000025
25212 0.000024
25213 0.000023
25214 0.000029
25215 0.000034
25216 0.000036
25217 0.000062
25218 0.000029
25219 0.000028
25220 0.000035
25221 0.000018
25222 0.000031
25223 0.000031
25224 0.000016
25225 0.000013
25226 0.000025
25227 0.000013
25228 0.000024
25229 0.000016
25230 0.000020
25231 0.000012
25232 0.000022
25233 0.000033
25234 0.000029
25235 0.000020
25236 0.000017
25237 0.000008
25238 0.000005
25239 0.000006
25240 0.000005
25241 0.000017
25242 0.000012
25243 0.000013
25244 0.000009
25245 0.000010
25246 0.000011
25247 0.000038
25248 0.000014
25249 0.000032
25250 0.000041
25251 0.000036
25252 0.000041
25253 0.000050
25254 0.000029
25255 0.000016
25256 0.000017
25257 0.000017
25258 0.000016
25259 0.000022
25260 0.000012
25261 0.000019
25262 0.000013
25263 0.000015
25264 0.000012
25265 0.000022
25266 0.000022
25267 0.000021
25268 0.000016
25269 0.000013
25270 0.000020
25271 0.000014
25272 0.000028
25273 0.000039
25274 0.000061
25275 0.000029
25276 0.000029
25277 0.000028
25278 0.000017
25279 0.000033
25280 0.000014
25281 0.000019
25282 0.000019
25283 0.000022
25284 0.000012
25285 0.000006
25286 0.000012
25287 0.000014
25288 0.000017
25289 0.000033
25290 0.000023
25291 0.000039
25292 0.000065
25293 0.000020
25294 0.000012
25295 0.000031
25296 0.000052
25297 0.000018
25298 0.000024
25299 0.000010
25300 0.000011
25301 0.000026
25302 0.000021
25303 0.000024
25304 0.000036
25305 0.000018
25306 0.000019
25307 0.000019
25308 0.000042
25309 0.000039
25310 0.000041
25311 0.000038
25312 0.000035
25313 0.000033
25314 0.000019
25315 0.000065
25316 0.000048
25317 0.000062
25318 0.000058
25319 0.000038
25320 0.000049
25321 0.000049
25322 0.000036
25323 0.000034
25324 0.000034
25325 0.000023
25326 0.000013
25327 0.000022
25328 0.000012
25329 0.000010
25330 0.000028
25331 0.000022
25332 0.000017
25333 0.000008
25334 0.000025
25335 0.000025
25336 0.000024
25337 0.000013
25338 0.000014
25339 0.000027
25340 0.000011
25341 0.000031
25342 0.000018
25343 0.000011
25344 0.000020
25345 0.000020
25346 0.000025
25347 0.000030
25348 0.000028
25349 0.000021
25350 0.000009
25351 0.000016
25352 0.000005
25353 0.000012
25354 0.000017
25355 0.000010
25356 0.000006
25357 0.000006
25358 0.000005
25359 0.000018
25360 0.000007
25361 0.000007
25362 0.000005
25363 0.000015
25364 0.000012
25365 0.000013
25366 0.000014
25367 0.000021
25368 0.000027
25369 0.000015
25370 0.000019
25371 0.000011
25372 0.000006
25373 0.000016
25374 0.000017
25375 0.000032
25376 0.000037
25377 0.000035
25378 0.000036
25379 0.000028
25380 0.000055
25381 0.000056
25382 0.000071
25383 0.000063
25384 0.000030
25385 0.000028
25386 0.000027
25387 0.000026
25388 0.000029
25389 0.000015
25390 0.000014
25391 0.000014
25392 0.000015
25393 0.000016
25394 0.000008
25395 0.000006
25396 0.000007
25397 0.000015
25398 0.000019
25399 0.000020
25400 0.000020
25401 0.000023
25402 0.000031
25403 0.000016
25404 0.000024
25405 0.000036
25406 0.000013
25407 0.000017
25408 0.000013
25409 0.000016
25410 0.000017
25411 0.000010
25412 0.000021
25413 0.000023
25414 0.000039
25415 0.000037
25416 0.000045
25417 0.000041
25418 0.000038
25419 0.000035
25420 0.000030
25421 0.000022
25422 0.000012
25423 0.000038
25424 0.000019
25425 0.000033
25426 0.000017
25427 0.000013
25428 0.000009
25429 0.000022
25430 0.000012
25431 0.000008
25432 0.000017
25433 0.000008
25434 0.000011
25435 0.000010
25436 0.000006
25437 0.000019
25438 0.000026
25439 0.000025
25440 0.000008
25441 0.000022
25442 0.000009
25443 0.000011
25444 0.000027
25445 0.000020
25446 0.000014
25447 0.000020
25448 0.000010
25449 0.000023
25450 0.000041
25451 0.000038
25452 0.000023
25453 0.000010
25454 0.000011
25455 0.000008
25456 0.000019
25457 0.000016
25458 0.000043
25459 0.000037
25460 0.000025
25461 0.000013
25462 0.000014
25463 0.000021
25464 0.000031
25465 0.000012
25466 0.000021
25467 0.000021
25468 0.000021
25469 0.000027
25470 0.000026
25471 0.000027
25472 0.000016
25473 0.000010
25474 0.000020
25475 0.000034
25476 0.000010
25477 0.000022
25478 0.000031
25479 0.000032
25480 0.000041
25481 0.000028
25482 0.000041
25483 0.000024
25484 0.000030
25485 0.000027
25486 0.000028
25487 0.000015
25488 0.000026
25489 0.000011
25490 0.000024
25491 0.000014
25492 0.000026
25493 0.000041
25494 0.000023
25495 0.000008
25496 0.000033
25497 0.000031
25498 0.000012
25499 0.000025
25500 0.000018
25501 0.000008
25502 0.000011
25503 0.000017
25504 0.000010
25505 0.000020
25506 0.000012
25507 0.000029
25508 0.000034
25509 0.000032
25510 0.000017
25511 0.000017
25512 0.000018
25513 0.000017
25514 0.000013
25515 0.000027
25516 0.000028
25517 0.000008
25518 0.000006
25519 0.000004
25520 0.000011
25521 0.000011
25522 0.000010
25523 0.000010
25524 0.000016
25525 0.000018
25526 0.000012
25527 0.000013
25528 0.000010
25529 0.000022
25530 0.000020
25531 0.000031
25532 0.000038
25533 0.000028
25534 0.000011
25535 0.000008
25536 0.000009
25537 0.000017
25538 0.000021
25539 0.000031
25540 0.000025
25541 0.000017
25542 0.000008
25543 0.000020
25544 0.000011
25545 0.000013
25546 0.000026
25547 0.000025
25548 0.000025
25549 0.000040
25550 0.000026
25551 0.000019
25552 0.000019
25553 0.000019
25554 0.000038
25555 0.000022
25556 0.000047
25557 0.000026
25558 0.000031
25559 0.000049
25560 0.000022
25561 0.000026
25562 0.000030
25563 0.000022
25564 0.000020
25565 0.000025
25566 0.000018
25567 0.000012
25568 0.000016
25569 0.000035
25570 0.000032
25571 0.000010
25572 0.000014
25573 0.000007
25574 0.000013
25575 0.000033
25576 0.000033
25577 0.000045
25578 0.000041
25579 0.000021
25580 0.000020
25581 0.000019
25582 0.000025
25583 0.000014
25584 0.000007
25585 0.000025
25586 0.000019
25587 0.000015
25588 0.000010
25589 0.000006
25590 0.000004
25591 0.000016
25592 0.000010
25593 0.000007
25594 0.000035
25595 0.000030
25596 0.000035
25597 0.000035
25598 0.000018
25599 0.000031
25600 0.000029
25601 0.000020
25602 0.000023
25603 0.000014
25604 0.000019
25605 0.000012
25606 0.000019
25607 0.000012
25608 0.000013
25609 0.000020
25610 0.000024
25611 0.000028
25612 0.000016
25613 0.000016
25614 0.000010
25615 0.000007
25616 0.000009
25617 0.000013
25618 0.000013
25619 0.000022
25620 0.000040
25621 0.000042
25622 0.000021
25623 0.000020
25624 0.000016
25625 0.000021
25626 0.000020
25627 0.000031
25628 0.000025
25629 0.000010
25630 0.000034
25631 0.000032
25632 0.000021
25633 0.000012
25634 0.000016
25635 0.000010
25636 0.000007
25637 0.000026
25638 0.000022
25639 0.000030
25640 0.000035
25641 0.000022
25642 0.000012
25643 0.000015
25644 0.000006
25645 0.000006
25646 0.000008
25647 0.000010
25648 0.000007
25649 0.000006
25650 0.000008
25651 0.000013
25652 0.000014
25653 0.000019
25654 0.000015
25655 0.000010
25656 0.000007
25657 0.000016
25658 0.000032
25659 0.000044
25660 0.000055
25661 0.000050
25662 0.000057
25663 0.000053
25664 0.000018
25665 0.000025
25666 0.000045
25667 0.000016
25668 0.000024
25669 0.000033
25670 0.000017
25671 0.000017
25672 0.000016
25673 0.000006
25674 0.000008
25675 0.000006
25676 0.000024
25677 0.000008
25678 0.000005
25679 0.000013
25680 0.000014
25681 0.000019
25682 0.000011
25683 0.000012
25684 0.000019
25685 0.000018
25686 0.000025
25687 0.000010
25688 0.000014
25689 0.000009
25690 0.000014
25691 0.000020
25692 0.000036
25693 0.000022
25694 0.000022
25695 0.000012
25696 0.000030
25697 0.000032
25698 0.000029
25699 0.000008
25700 0.000011
25701 0.000012
25702 0.000012
25703 0.000010
25704 0.000007
25705 0.000006
25706 0.000011
25707 0.000012
25708 0.000015
25709 0.000014
25710 0.000039
25711 0.000018
25712 0.000021
25713 0.000025
25714 0.000041
25715 0.000041
25716 0.000048
25717 0.000028
25718 0.000015
25719 0.000015
25720 0.000036
25721 0.000033
25722 0.000017
25723 0.000007
25724 0.000009
25725 0.000010
25726 0.000012
25727 0.000013
25728 0.000017
25729 0.000013
25730 0.000021
25731 0.000009
25732 0.000009
25733 0.000011
25734 0.000012
25735 0.000024
25736 0.000011
25737 0.000008
25738 0.000016
25739 0.000023
25740 0.000011
25741 0.000019
25742 0.000016
25743 0.000035
25744 0.000026
25745 0.000031
25746 0.000012
25747 0.000008
25748 0.000011
25749 0.000014
25750 0.000036
25751 0.000018
25752 0.000008
25753 0.000014
25754 0.000007
25755 0.000013
25756 0.000019
25757 0.000015
25758 0.000012
25759 0.000014
25760 0.000031
25761 0.000033
25762 0.000031
25763 0.000026
25764 0.000014
25765 0.000015
25766 0.000030
25767 0.000016
25768 0.000016
25769 0.000039
25770 0.000019
25771 0.000011
25772 0.000013
25773 0.000007
25774 0.000006
25775 0.000017
25776 0.000022
25777 0.000012
25778 0.000008
25779 0.000014
25780 0.000025
25781 0.000024
25782 0.000031
25783 0.000029
25784 0.000026
25785 0.000014
25786 0.000013
25787 0.000023
25788 0.000010
25789 0.000020
25790 0.000011
25791 0.000012
25792 0.000014
25793 0.000033
25794 0.000019
25795 0.000019
25796 0.000019
25797 0.000019
25798 0.000012
25799 0.000018
25800 0.000036
25801 0.000036
25802 0.000023
25803 0.000009
25804 0.000010
25805 0.000022
25806 0.000031
25807 0.000039
25808 0.000036
25809 0.000027
25810 0.000023
25811 0.000016
25812 0.000021
25813 0.000024
25814 0.000041
25815 0.000042
25816 0.000028
25817 0.000038
25818 0.000034
25819 0.000042
25820 0.000042
25821 0.000051
25822 0.000018
25823 0.000029
25824 0.000023
25825 0.000017
25826 0.000027
25827 0.000031
25828 0.000034
25829 0.000018
25830 0.000017
25831 0.000010
25832 0.000023
25833 0.000019
25834 0.000008
25835 0.000010
25836 0.000007
25837 0.000008
25838 0.000013
25839 0.000014
25840 0.000008
25841 0.000013
25842 0.000018
25843 0.000018
25844 0.000019
25845 0.000019
25846 0.000008
25847 0.000005
25848 0.000005
25849 0.000004
25850 0.000006
25851 0.000006
25852 0.000005
25853 0.000005
25854 0.000005
25855 0.000012
25856 0.000008
25857 0.000011
25858 0.000019
25859 0.000026
25860 0.000014
25861 0.000015
25862 0.000013
25863 0.000009
25864 0.000007
25865 0.000010
25866 0.000025
25867 0.000016
25868 0.000017
25869 0.000017
25870 0.000027
25871 0.000014
25872 0.000009
25873 0.000015
25874 0.000027
25875 0.000011
25876 0.000012
25877 0.000008
25878 0.000010
25879 0.000025
25880 0.000027
25881 0.000040
25882 0.000023
25883 0.000027
25884 0.000030
25885 0.000055
25886 0.000024
25887 0.000035
25888 0.000020
25889 0.000009
25890 0.000005
25891 0.000012
25892 0.000011
25893 0.000005
25894 0.000027
25895 0.000011
25896 0.000012
25897 0.000009
25898 0.000017
25899 0.000017
25900 0.000023
25901 0.000009
25902 0.000014
25903 0.000021
25904 0.000011
25905 0.000013
25906 0.000020
25907 0.000026
25908 0.000019
25909 0.000008
25910 0.000017
25911 0.000017
25912 0.000031
25913 0.000031
25914 0.000030
25915 0.000015
25916 0.000016
25917 0.000027
25918 0.000015
25919 0.000009
25920 0.000025
25921 0.000028
25922 0.000020
25923 0.000012
25924 0.000008
25925 0.000010
25926 0.000007
25927 0.000010
25928 0.000014
25929 0.000015
25930 0.000021
25931 0.000019
25932 0.000011
25933 0.000015
25934 0.000015
25935 0.000009
25936 0.000020
25937 0.000006
25938 0.000018
25939 0.000018
25940 0.000015
25941 0.000016
25942 0.000025
25943 0.000039
25944 0.000034
25945 0.000052
25946 0.000018
25947 0.000011
25948 0.000012
25949 0.000018
25950 0.000030
25951 0.000031
25952 0.000041
25953 0.000027
25954 0.000035
25955 0.000027
25956 0.000027
25957 0.000026
25958 0.000010
25959 0.000008
25960 0.000010
25961 0.000015
25962 0.000018
25963 0.000023
25964 0.000020
25965 0.000009
25966 0.000017
25967 0.000011
25968 0.000013
25969 0.000009
25970 0.000010
25971 0.000006
25972 0.000015
25973 0.000007
25974 0.000009
25975 0.000020
25976 0.000017
25977 0.000008
25978 0.000031
25979 0.000034
25980 0.000023
25981 0.000017
25982 0.000018
25983 0.000038
25984 0.000014
25985 0.000009
25986 0.000011
25987 0.000008
25988 0.000028
25989 0.000034
25990 0.000022
25991 0.000035
25992 0.000018
25993 0.000031
25994 0.000018
25995 0.000022
25996 0.000021
25997 0.000017
25998 0.000018
25999 0.000028
26000 0.000015
26001 0.000026
26002 0.000014
26003 0.000020
26004 0.000023
26005 0.000013
26006 0.000025
26007 0.000014
26008 0.000009
26009 0.000014
26010 0.000009
26011 0.000012
26012 0.000013
26013 0.000024
26014 0.000024
26015 0.000013
26016 0.000022
26017 0.000053
26018 0.000011
26019 0.000007
26020 0.000009
26021 0.000007
26022 0.000029
26023 0.000045
26024 0.000058
26025 0.000028
26026 0.000051
26027 0.000029
26028 0.000011
26029 0.000006
26030 0.000006
26031 0.000034
26032 0.000013
26033 0.000008
26034 0.000025
26035 0.000028
26036 0.000015
26037 0.000009
26038 0.000011
26039 0.000008
26040 0.000006
26041 0.000008
26042 0.000008
26043 0.000010
26044 0.000024
26045 0.000013
26046 0.000014
26047 0.000009
26048 0.000007
26049 0.000029
26050 0.000045
26051 0.000025
26052 0.000021
26053 0.000030
26054 0.000057
26055 0.000019
26056 0.000016
26057 0.000011
26058 0.000013
26059 0.000020
26060 0.000016
26061 0.000008
26062 0.000016
26063 0.000029
26064 0.000029
26065 0.000011
26066 0.000011
26067 0.000016
26068 0.000026
26069 0.000018
26070 0.000011
26071 0.000023
26072 0.000015
26073 0.000007
26074 0.000015
26075 0.000016
26076 0.000017
26077 0.000014
26078 0.000017
26079 0.000013
26080 0.000016
26081 0.000023
26082 0.000024
26083 0.000033
26084 0.000031
26085 0.000018
26086 0.000018
26087 0.000007
26088 0.000019
26089 0.000021
26090 0.000009
26091 0.000007
26092 0.000017
26093 0.000025
26094 0.000020
26095 0.000011
26096 0.000013
26097 0.000016
26098 0.000021
26099 0.000011
26100 0.000006
26101 0.000007
26102 0.000007
26103 0.000005
26104 0.000005
26105 0.000007
26106 0.000013
26107 0.000016
26108 0.000021
26109 0.000016
26110 0.000017
26111 0.000017
26112 0.000032
26113 0.000038
26114 0.000008
26115 0.000005
26116 0.000011
26117 0.000013
26118 0.000013
26119 0.000014
26120 0.000015
26121 0.000022
26122 0.000012
26123 0.000016
26124 0.000020
26125 0.000012
26126 0.000038
26127 0.000023
26128 0.000023
26129 0.000014
26130 0.000015
26131 0.000016
26132 0.000026
26133 0.000025
26134 0.000020
26135 0.000020
26136 0.000020
26137 0.000009
26138 0.000032
26139 0.000017
26140 0.000008
26141 0.000005
26142 0.000022
26143 0.000017
26144 0.000021
26145 0.000028
26146 0.000011
26147 0.000021
26148 0.000028
26149 0.000026
26150 0.000019
26151 0.000011
26152 0.000010
26153 0.000016
26154 0.000015
26155 0.000009
26156 0.000029
26157 0.000018
26158 0.000023
26159 0.000019
26160 0.000023
26161 0.000013
26162 0.000021
26163 0.000022
26164 0.000022
26165 0.000015
26166 0.000009
26167 0.000011
26168 0.000012
26169 0.000035
26170 0.000013
26171 0.000031
26172 0.000029
26173 0.000029
26174 0.000028
26175 0.000032
26176 0.000012
26177 0.000019
26178 0.000019
26179 0.000019
26180 0.000014
26181 0.000023
26182 0.000013
26183 0.000019
26184 0.000019
26185 0.000016
26186 0.000019
26187 0.000017
26188 0.000019
26189 0.000039
26190 0.000014
26191 0.000013
26192 0.000010
26193 0.000021
26194 0.000039
26195 0.000020
26196 0.000028
26197 0.000051
26198 0.000021
26199 0.000033
26200 0.000015
26201 0.000013
26202 0.000023
26203 0.000017
26204 0.000041
26205 0.000031
26206 0.000016
26207 0.000017
26208 0.000029
26209 0.000043
26210 0.000052
26211 0.000058
26212 0.000053
26213 0.000067
26214 0.000025
26215 0.000024
26216 0.000020
26217 0.000012
26218 0.000014
26219 0.000011
26220 0.000020
26221 0.000009
26222 0.000005
26223 0.000015
26224 0.000006
26225 0.000023
26226 0.000023
26227 0.000012
26228 0.000008
26229 0.000026
26230 0.000015
26231 0.000014
26232 0.000009
26233 0.000021
26234 0.000027
26235 0.000026
26236 0.000039
26237 0.000020
26238 0.000011
26239 0.000015
26240 0.000027
26241 0.000014
26242 0.000027
26243 0.000033
26244 0.000012
26245 0.000008
26246 0.000009
26247 0.000017
26248 0.000029
26249 0.000008
26250 0.000013
26251 0.000014
26252 0.000023
26253 0.000028
26254 0.000022
26255 0.000026
26256 0.000013
26257 0.000007
26258 0.000012
26259 0.000024
26260 0.000031
26261 0.000021
26262 0.000014
26263 0.000020
26264 0.000033
26265 0.000017
26266 0.000025
26267 0.000008
26268 0.000026
26269 0.000014
26270 0.000016
26271 0.000018
26272 0.000021
26273 0.000026
26274 0.000014
26275 0.000010
26276 0.000010
26277 0.000007
26278 0.000022
26279 0.000026
26280 0.000024
26281 0.000018
26282 0.000019
26283 0.000023
26284 0.000019
26285 0.000011
26286 0.000011
26287 0.000012
26288 0.000006
26289 0.000011
26290 0.000025
26291 0.000016
26292 0.000008
26293 0.000006
26294 0.000008
26295 0.000011
26296 0.000029
26297 0.000021
26298 0.000027
26299 0.000015
26300 0.000025
26301 0.000039
26302 0.000045
26303 0.000059
26304 0.000049
26305 0.000054
26306 0.000023
26307 0.000016
26308 0.000010
26309 0.000020
26310 0.000016
26311 0.000020
26312 0.000010
26313 0.000006
26314 0.000005
26315 0.000005
26316 0.000011
26317 0.000029
26318 0.000062
26319 0.000032
26320 0.000038
26321 0.000054
26322 0.000035
26323 0.000047
26324 0.000048
26325 0.000036
26326 0.000037
26327 0.000013
26328 0.000020
26329 0.000016
26330 0.000008
26331 0.000009
26332 0.000018
26333 0.000023
26334 0.000033
26335 0.000038
26336 0.000037
26337 0.000044
26338 0.000026
26339 0.000014
26340 0.000009
26341 0.000012
26342 0.000015
26343 0.000007
26344 0.000015
26345 0.000016
26346 0.000025
26347 0.000024
26348 0.000013
26349 0.000039
26350 0.000036
26351 0.000031
26352 0.000035
26353 0.000033
26354 0.000041
26355 0.000035
26356 0.000041
26357 0.000042
26358 0.000027
26359 0.000031
26360 0.000021
26361 0.000015
26362 0.000018
26363 0.000023
26364 0.000022
26365 0.000032
26366 0.000017
26367 0.000022
26368 0.000007
26369 0.000043
26370 0.000039
26371 0.000036
26372 0.000039
26373 0.000014
26374 0.000020
26375 0.000047
26376 0.000055
26377 0.000028
26378 0.000037
26379 0.000048
26380 0.000035
26381 0.000033
26382 0.000017
26383 0.000008
26384 0.000010
26385 0.000011
26386 0.000008
26387 0.000022
26388 0.000012
26389 0.000025
26390 0.000014
26391 0.000017
26392 0.000015
26393 0.000016
26394 0.000024
26395 0.000023
26396 0.000013
26397 0.000007
26398 0.000021
26399 0.000016
26400 0.000025
26401 0.000016
26402 0.000020
26403 0.000015
26404 0.000010
26405 0.000012
26406 0.000017
26407 0.000047
26408 0.000016
26409 0.000024
26410 0.000025
26411 0.000013
26412 0.000012
26413 0.000036
26414 0.000043
26415 0.000027
26416 0.000036
26417 0.000018
26418 0.000027
26419 0.000026
26420 0.000032
26421 0.000021
26422 0.000009
26423 0.000013
26424 0.000022
26425 0.000025
26426 0.000030
26427 0.000033
26428 0.000042
26429 0.000041
26430 0.000049
26431 0.000057
26432 0.000031
26433 0.000013
26434 0.000011
26435 0.000008
26436 0.000020
26437 0.000023
26438 0.000028
26439 0.000011
26440 0.000013
26441 0.000019
26442 0.000011
26443 0.000009
26444 0.000009
26445 0.000018
26446 0.000019
26447 0.000008
26448 0.000005
26449 0.000015
26450 0.000010
26451 0.000018
26452 0.000023
26453 0.000025
26454 0.000033
26455 0.000035
26456 0.000027
26457 0.000026
26458 0.000040
26459 0.000037
26460 0.000037
26461 0.000039
26462 0.000047
26463 0.000011
26464 0.000010
26465 0.000025
26466 0.000024
26467 0.000062
26468 0.000024
26469 0.000032
26470 0.000027
26471 0.000014
26472 0.000022
26473 0.000020
26474 0.000027
26475 0.000015
26476 0.000011
26477 0.000011
26478 0.000008
26479 0.000024
26480 0.000037
26481 0.000026
26482 0.000029
26483 0.000037
26484 0.000011
26485 0.000009
26486 0.000006
26487 0.000013
26488 0.000018
26489 0.000019
26490 0.000011
26491 0.000005
26492 0.000018
26493 0.000048
26494 0.000023
26495 0.000022
26496 0.000013
26497 0.000018
26498 0.000039
26499 0.000031
26500 0.000026
26501 0.000014
26502 0.000027
26503 0.000038
26504 0.000048
26505 0.000068
26506 0.000068
26507 0.000022
26508 0.000008
26509 0.000010
26510 0.000006
26511 0.000008
26512 0.000016
26513 0.000014
26514 0.000015
26515 0.000027
26516 0.000015
26517 0.000011
26518 0.000020
26519 0.000011
26520 0.000013
26521 0.000008
26522 0.000005
26523 0.000005
26524 0.000011
26525 0.000012
26526 0.000028
26527 0.000034
26528 0.000017
26529 0.000013
26530 0.000046
26531 0.000042
26532 0.000022
26533 0.000009
26534 0.000011
26535 0.000008
26536 0.000006
26537 0.000008
26538 0.000012
26539 0.000010
26540 0.000022
26541 0.000025
26542 0.000029
26543 0.000009
26544 0.000007
26545 0.000012
26546 0.000006
26547 0.000008
26548 0.000015
26549 0.000018
26550 0.000014
26551 0.000009
26552 0.000012
26553 0.000010
26554 0.000013
26555 0.000027
26556 0.000024
26557 0.000012
26558 0.000013
26559 0.000019
26560 0.000019
26561 0.000033
26562 0.000013
26563 0.000009
26564 0.000014
26565 0.000006
26566 0.000008
26567 0.000005
26568 0.000022
26569 0.000020
26570 0.000020
26571 0.000018
26572 0.000015
26573 0.000009
26574 0.000007
26575 0.000012
26576 0.000023
26577 0.000028
26578 0.000011
26579 0.000012
26580 0.000017
26581 0.000030
26582 0.000018
26583 0.000026
26584 0.000023
26585 0.000011
26586 0.000013
26587 0.000008
26588 0.000010
26589 0.000012
26590 0.000013
26591 0.000020
26592 0.000026
26593 0.000021
26594 0.000009
26595 0.000010
26596 0.000021
26597 0.000008
26598 0.000010
26599 0.000017
26600 0.000008
26601 0.000030
26602 0.000023
26603 0.000022
26604 0.000008
26605 0.000021
26606 0.000016
26607 0.000027
26608 0.000018
26609 0.000030
26610 0.000030
26611 0.000030
26612 0.000028
26613 0.000035
26614 0.000032
26615 0.000012
26616 0.000021
26617 0.000017
26618 0.000017
26619 0.000007
26620 0.000029
26621 0.000028
26622 0.000015
26623 0.000007
26624 0.000018
26625 0.000017
26626 0.000008
26627 0.000019
26628 0.000019
26629 0.000013
26630 0.000030
26631 0.000013
26632 0.000013
26633 0.000013
26634 0.000014
26635 0.000022
26636 0.000012
26637 0.000008
26638 0.000010
26639 0.000007
26640 0.000016
26641 0.000012
26642 0.000027
26643 0.000026
26644 0.000025
26645 0.000034
26646 0.000019
26647 0.000028
26648 0.000009
26649 0.000011
26650 0.000009
26651 0.000011
26652 0.000031
26653 0.000029
26654 0.000014
26655 0.000040
26656 0.000014
26657 0.000034
26658 0.000009
26659 0.000015
26660 0.000017
26661 0.000017
26662 0.000010
26663 0.000007
26664 0.000009
26665 0.000009
26666 0.000007
26667 0.000025
26668 0.000024
26669 0.000033
26670 0.000040
26671 0.000019
26672 0.000021
26673 0.000012
26674 0.000014
26675 0.000028
26676 0.000027
26677 0.000024
26678 0.000026
26679 0.000031
26680 0.000014
26681 0.000015
26682 0.000016
26683 0.000008
26684 0.000005
26685 0.000007
26686 0.000023
26687 0.000012
26688 0.000015
26689 0.000011
26690 0.000016
26691 0.000007
26692 0.000009
26693 0.000005
26694 0.000007
26695 0.000009
26696 0.000014
26697 0.000021
26698 0.000012
26699 0.000018
26700 0.000011
26701 0.000017
26702 0.000025
26703 0.000028
26704 0.000028
26705 0.000038
26706 0.000019
26707 0.000011
26708 0.000008
26709 0.000012
26710 0.000025
26711 0.000020
26712 0.000011
26713 0.000017
26714 0.000018
26715 0.000018
26716 0.000026
26717 0.000017
26718 0.000010
26719 0.000010
26720 0.000019
26721 0.000007
26722 0.000010
26723 0.000012
26724 0.000005
26725 0.000007
26726 0.000005
26727 0.000007
26728 0.000014
26729 0.000015
26730 0.000058
26731 0.000059
26732 0.000053
26733 0.000028
26734 0.000055
26735 0.000026
26736 0.000018
26737 0.000028
26738 0.000034
26739 0.000033
26740 0.000017
26741 0.000028
26742 0.000011
26743 0.000009
26744 0.000012
26745 0.000013
26746 0.000013
26747 0.000008
26748 0.000013
26749 0.000007
26750 0.000019
26751 0.000009
26752 0.000026
26753 0.000025
26754 0.000019
26755 0.000035
26756 0.000024
26757 0.000035
26758 0.000020
26759 0.000021
26760 0.000016
26761 0.000017
26762 0.000032
26763 0.000030
26764 0.000013
26765 0.000013
26766 0.000014
26767 0.000015
26768 0.000027
26769 0.000015
26770 0.000022
26771 0.000019
26772 0.000020
26773 0.000011
26774 0.000010
26775 0.000015
26776 0.000026
26777 0.000042
26778 0.000021
26779 0.000027
26780 0.000015
26781 0.000016
26782 0.000013
26783 0.000008
26784 0.000005
26785 0.000017
26786 0.000014
26787 0.000009
26788 0.000006
26789 0.000025
26790 0.000013
26791 0.000020
26792 0.000026
26793 0.000025
26794 0.000016
26795 0.000026
26796 0.000014
26797 0.000009
26798 0.000008
26799 0.000027
26800 0.000063
26801 0.000019
26802 0.000019
26803 0.000019
26804 0.000008
26805 0.000010
26806 0.000011
26807 0.000012
26808 0.000014
26809 0.000025
26810 0.000017
26811 0.000025
26812 0.000024
26813 0.000036
26814 0.000016
26815 0.000023
26816 0.000008
26817 0.000013
26818 0.000026
26819 0.000037
26820 0.000026
26821 0.000010
26822 0.000026
26823 0.000014
26824 0.000007
26825 0.000017
26826 0.000028
26827 0.000011
26828 0.000008
26829 0.000018
26830 0.000036
26831 0.000029
26832 0.000038
26833 0.000039
26834 0.000019
26835 0.000032
26836 0.000042
26837 0.000020
26838 0.000029
26839 0.000030
26840 0.000020
26841 0.000023
26842 0.000020
26843 0.000012
26844 0.000015
26845 0.000026
26846 0.000014
26847 0.000023
26848 0.000018
26849 0.000010
26850 0.000014
26851 0.000023
26852 0.000013
26853 0.000021
26854 0.000014
26855 0.000015
26856 0.000014
26857 0.000011
26858 0.000044
26859 0.000009
26860 0.000025
26861 0.000019
26862 0.000008
26863 0.000046
26864 0.000037
26865 0.000019
26866 0.000035
26867 0.000033
26868 0.000025
26869 0.000017
26870 0.000010
26871 0.000025
26872 0.000049
26873 0.000024
26874 0.000016
26875 0.000006
26876 0.000008
26877 0.000005
26878 0.000033
26879 0.000024
26880 0.000023
26881 0.000041
26882 0.000015
26883 0.000020
26884 0.000012
26885 0.000013
26886 0.000020
26887 0.000007
26888 0.000019
26889 0.000023
26890 0.000025
26891 0.000022
26892 0.000016
26893 0.000008
26894 0.000039
26895 0.000042
26896 0.000039
26897 0.000030
26898 0.000036
26899 0.000051
26900 0.000025
26901 0.000024
26902 0.000029
26903 0.000032
26904 0.000012
26905 0.000008
26906 0.000027
26907 0.000032
26908 0.000017
26909 0.000010
26910 0.000010
26911 0.000006
26912 0.000014
26913 0.000018
26914 0.000026
26915 0.000025
26916 0.000022
26917 0.000030
26918 0.000037
26919 0.000019
26920 0.000013
26921 0.000009
26922 0.000011
26923 0.000008
26924 0.000005
26925 0.000010
26926 0.000009
26927 0.000022
26928 0.000022
26929 0.000008
26930 0.000012
26931 0.000008
26932 0.000020
26933 0.000026
26934 0.000022
26935 0.000014
26936 0.000015
26937 0.000018
26938 0.000031
26939 0.000025
26940 0.000045
26941 0.000036
26942 0.000044
26943 0.000034
26944 0.000020
26945 0.000016
26946 0.000024
26947 0.000020
26948 0.000015
26949 0.000010
26950 0.000017
26951 0.000010
26952 0.000012
26953 0.000008
26954 0.000015
26955 0.000032
26956 0.000035
26957 0.000033
26958 0.000031
26959 0.000035
26960 0.000033
26961 0.000019
26962 0.000019
26963 0.000010
26964 0.000011
26965 0.000008
26966 0.000028
26967 0.000034
26968 0.000027
26969 0.000028
26970 0.000020
26971 0.000025
26972 0.000019
26973 0.000015
26974 0.000007
26975 0.000022
26976 0.000015
26977 0.000014
26978 0.000018
26979 0.000019
26980 0.000019
26981 0.000008
26982 0.000010
26983 0.000005
26984 0.000005
26985 0.000004
26986 0.000005
26987 0.000010
26988 0.000030
26989 0.000019
26990 0.000013
26991 0.000022
26992 0.000012
26993 0.000013
26994 0.000026
26995 0.000025
26996 0.000024
26997 0.000031
26998 0.000025
26999 0.000008
27000 0.000023
27001 0.000042
27002 0.000019
27003 0.000014
27004 0.000015
27005 0.000027
27006 0.000018
27007 0.000018
27008 0.000017
27009 0.000025
27010 0.000048
27011 0.000045
27012 0.000026
27013 0.000025
27014 0.000024
27015 0.000028
27016 0.000033
27017 0.000017
27018 0.000015
27019 0.000023
27020 0.000029
27021 0.000035
27022 0.000013
27023 0.000013
27024 0.000015
27025 0.000028
27026 0.000012
27027 0.000013
27028 0.000028
27029 0.000016
27030 0.000019
27031 0.000023
27032 0.000023
27033 0.000033
27034 0.000017
27035 0.000030
27036 0.000029
27037 0.000047
27038 0.000023
27039 0.000009
27040 0.000013
27041 0.000028
27042 0.000027
27043 0.000009
27044 0.000005
27045 0.000005
27046 0.000020
27047 0.000017
27048 0.000008
27049 0.000017
27050 0.000017
27051 0.000016
27052 0.000019
27053 0.000048
27054 0.000024
27055 0.000040
27056 0.000047
27057 0.000049
27058 0.000017
27059 0.000018
27060 0.000019
27061 0.000018
27062 0.000011
27063 0.000009
27064 0.000009
27065 0.000010
27066 0.000033
27067 0.000031
27068 0.000022
27069 0.000021
27070 0.000021
27071 0.000015
27072 0.000026
27073 0.000010
27074 0.000007
27075 0.000015
27076 0.000019
27077 0.000008
27078 0.000033
27079 0.000031
27080 0.000021
27081 0.000012
27082 0.000026
27083 0.000014
27084 0.000020
27085 0.000011
27086 0.000011
27087 0.000012
27088 0.000018
27089 0.000027
27090 0.000011
27091 0.000006
27092 0.000016
27093 0.000006
27094 0.000008
27095 0.000007
27096 0.000009
27097 0.000012
27098 0.000013
27099 0.000009
27100 0.000020
27101 0.000020
27102 0.000020
27103 0.000026
27104 0.000017
27105 0.000010
27106 0.000012
27107 0.000008
27108 0.000016
27109 0.000021
27110 0.000011
27111 0.000015
27112 0.000023
27113 0.000036
27114 0.000025
27115 0.000015
27116 0.000012
27117 0.000023
27118 0.000022
27119 0.000015
27120 0.000030
27121 0.000019
27122 0.000011
27123 0.000014
27124 0.000015
27125 0.000016
27126 0.000030
27127 0.000017
27128 0.000012
27129 0.000024
27130 0.000039
27131 0.000028
27132 0.000018
27133 0.000013
27134 0.000014
27135 0.000043
27136 0.000024
27137 0.000030
27138 0.000012
27139 0.000008
27140 0.000010
27141 0.000009
27142 0.000012
27143 0.000008
27144 0.000037
27145 0.000045
27146 0.000041
27147 0.000020
27148 0.000032
27149 0.000020
27150 0.000014
27151 0.000022
27152 0.000039
27153 0.000031
27154 0.000023
27155 0.000015
27156 0.000012
27157 0.000005
27158 0.000022
27159 0.000009
27160 0.000019
27161 0.000019
27162 0.000015
27163 0.000007
27164 0.000020
27165 0.000025
27166 0.000024
27167 0.000028
27168 0.000032
27169 0.000042
27170 0.000050
27171 0.000046
27172 0.000042
27173 0.000021
27174 0.000028
27175 0.000030
27176 0.000023
27177 0.000016
27178 0.000009
27179 0.000008
27180 0.000019
27181 0.000019
27182 0.000012
27183 0.000037
27184 0.000028
27185 0.000020
27186 0.000012
27187 0.000008
27188 0.000022
27189 0.000017
27190 0.000008
27191 0.000012
27192 0.000012
27193 0.000010
27194 0.000017
27195 0.000019
27196 0.000020
27197 0.000023
27198 0.000026
27199 0.000022
27200 0.000039
27201 0.000046
27202 0.000023
27203 0.000023
27204 0.000033
27205 0.000026
27206 0.000034
27207 0.000018
27208 0.000016
27209 0.000010
27210 0.000007
27211 0.000006
27212 0.000014
27213 0.000015
27214 0.000016
27215 0.000041
27216 0.000015
27217 0.000011
27218 0.000017
27219 0.000010
27220 0.000007
27221 0.000012
27222 0.000015
27223 0.000016
27224 0.000033
27225 0.000019
27226 0.000018
27227 0.000018
27228 0.000039
27229 0.000023
27230 0.000024
27231 0.000013
27232 0.000009
27233 0.000017
27234 0.000012
27235 0.000015
27236 0.000016
27237 0.000025
27238 0.000031
27239 0.000026
27240 0.000015
27241 0.000018
27242 0.000014
27243 0.000031
27244 0.000016
27245 0.000020
27246 0.000017
27247 0.000020
27248 0.000026
27249 0.000020
27250 0.000009
27251 0.000013
27252 0.000009
27253 0.000012
27254 0.000033
27255 0.000033
27256 0.000031
27257 0.000044
27258 0.000051
27259 0.000057
27260 0.000027
27261 0.000026
27262 0.000013
27263 0.000014
27264 0.000017
27265 0.000021
27266 0.000040
27267 0.000047
27268 0.000043
27269 0.000041
27270 0.000037
27271 0.000017
27272 0.000010
27273 0.000014
27274 0.000009
27275 0.000010
27276 0.000009
27277 0.000012
27278 0.000015
27279 0.000009
27280 0.000015
27281 0.000023
27282 0.000038
27283 0.000035
27284 0.000040
27285 0.000030
27286 0.000050
27287 0.000036
27288 0.000034
27289 0.000021
27290 0.000026
27291 0.000010
27292 0.000011
27293 0.000008
27294 0.000009
27295 0.000011
27296 0.000026
27297 0.000022
27298 0.000007
27299 0.000024
27300 0.000018
27301 0.000027
27302 0.000011
27303 0.000008
27304 0.000006
27305 0.000017
27306 0.000017
27307 0.000008
27308 0.000014
27309 0.000023
27310 0.000023
27311 0.000008
27312 0.000013
27313 0.000014
27314 0.000010
27315 0.000011
27316 0.000013
27317 0.000015
27318 0.000016
27319 0.000016
27320 0.000015
27321 0.000012
27322 0.000013
27323 0.000009
27324 0.000007
27325 0.000023
27326 0.000024
27327 0.000027
27328 0.000029
27329 0.000039
27330 0.000011
27331 0.000012
27332 0.000013
27333 0.000030
27334 0.000028
27335 0.000011
27336 0.000016
27337 0.000052
27338 0.000025
27339 0.000010
27340 0.000020
27341 0.000053
27342 0.000050
27343 0.000046
27344 0.000022
27345 0.000009
27346 0.000013
27347 0.000020
27348 0.000010
27349 0.000005
27350 0.000014
27351 0.000027
27352 0.000041
27353 0.000020
27354 0.000024
27355 0.000023
27356 0.000013
27357 0.000026
27358 0.000034
27359 0.000013
27360 0.000023
27361 0.000024
27362 0.000026
27363 0.000025
27364 0.000038
27365 0.000029
27366 0.000041
27367 0.000027
27368 0.000028
27369 0.000034
27370 0.000013
27371 0.000014
27372 0.000006
27373 0.000008
27374 0.000006
27375 0.000004
27376 0.000019
27377 0.000011
27378 0.000006
27379 0.000019
27380 0.000007
27381 0.000010
27382 0.000012
27383 0.000011
27384 0.000008
27385 0.000010
27386 0.000022
27387 0.000021
27388 0.000014
27389 0.000024
27390 0.000029
27391 0.000027
27392 0.000017
27393 0.000031
27394 0.000018
27395 0.000007
27396 0.000006
27397 0.000007
27398 0.000027
27399 0.000029
27400 0.000023
27401 0.000014
27402 0.000035
27403 0.000027
27404 0.000015
27405 0.000006
27406 0.000009
27407 0.000004
27408 0.000009
27409 0.000014
27410 0.000015
27411 0.000018
27412 0.000011
27413 0.000016
27414 0.000023
27415 0.000010
27416 0.000007
27417 0.000008
27418 0.000012
27419 0.000040
27420 0.000020
27421 0.000023
27422 0.000020
27423 0.000020
27424 0.000030
27425 0.000022
27426 0.000012
27427 0.000012
27428 0.000015
27429 0.000016
27430 0.000010
27431 0.000009
27432 0.000011
27433 0.000007
27434 0.000006
27435 0.000016
27436 0.000030
27437 0.000035
27438 0.000013
27439 0.000012
27440 0.000014
27441 0.000015
27442 0.000020
27443 0.000019
27444 0.000019
27445 0.000021
27446 0.000007
27447 0.000006
27448 0.000005
27449 0.000020
27450 0.000020
27451 0.000022
27452 0.000013
27453 0.000008
27454 0.000011
27455 0.000012
27456 0.000026
27457 0.000014
27458 0.000015
27459 0.000025
27460 0.000025
27461 0.000013
27462 0.000009
27463 0.000022
27464 0.000015
27465 0.000007
27466 0.000006
27467 0.000011
27468 0.000012
27469 0.000013
27470 0.000015
27471 0.000017
27472 0.000010
27473 0.000024
27474 0.000023
27475 0.000013
27476 0.000018
27477 0.000008
27478 0.000010
27479 0.000018
27480 0.000025
27481 0.000039
27482 0.000020
27483 0.000011
27484 0.000012
27485 0.000011
27486 0.000012
27487 0.000006
27488 0.000017
27489 0.000014
27490 0.000020
27491 0.000039
27492 0.000023
27493 0.000023
27494 0.000026
27495 0.000019
27496 0.000011
27497 0.000008
27498 0.000011
27499 0.000017
27500 0.000029
27501 0.000022
27502 0.000012
27503 0.000018
27504 0.000010
27505 0.000016
27506 0.000018
27507 0.000011
27508 0.000012
27509 0.000026
27510 0.000025
27511 0.000025
27512 0.000020
27513 0.000044
27514 0.000027
27515 0.000030
27516 0.000025
27517 0.000032
27518 0.000017
27519 0.000012
27520 0.000029
27521 0.000040
27522 0.000034
27523 0.000012
27524 0.000016
27525 0.000010
27526 0.000007
27527 0.000038
27528 0.000050
27529 0.000046
27530 0.000047
27531 0.000027
27532 0.000039
27533 0.000036
27534 0.000018
27535 0.000015
27536 0.000017
27537 0.000010
27538 0.000017
27539 0.000020
27540 0.000021
27541 0.000032
27542 0.000016
27543 0.000016
27544 0.000014
27545 0.000016
27546 0.000033
27547 0.000036
27548 0.000034
27549 0.000017
27550 0.000022
27551 0.000019
27552 0.000018
27553 0.000011
27554 0.000017
27555 0.000016
27556 0.000011
27557 0.000005
27558 0.000007
27559 0.000013
27560 0.000028
27561 0.000017
27562 0.000026
27563 0.000014
27564 0.000007
27565 0.000026
27566 0.000014
27567 0.000009
27568 0.000011
27569 0.000008
27570 0.000006
27571 0.000012
27572 0.000019
27573 0.000036
27574 0.000018
27575 0.000021
27576 0.000021
27577 0.000007
27578 0.000006
27579 0.000008
27580 0.000010
27581 0.000021
27582 0.000027
27583 0.000034
27584 0.000019
27585 0.000025
27586 0.000023
27587 0.000013
27588 0.000011
27589 0.000012
27590 0.000025
27591 0.000024
27592 0.000013
27593 0.000014
27594 0.000034
27595 0.000015
27596 0.000016
27597 0.000020
27598 0.000018
27599 0.000011
27600 0.000019
27601 0.000025
27602 0.000016
27603 0.000010
27604 0.000012
27605 0.000006
27606 0.000015
27607 0.000037
27608 0.000024
27609 0.000008
27610 0.000010
27611 0.000011
27612 0.000008
27613 0.000006
27614 0.000008
27615 0.000010
27616 0.000011
27617 0.000008
27618 0.000012
27619 0.000008
27620 0.000015
27621 0.000005
27622 0.000011
27623 0.000011
27624 0.000008
27625 0.000011
27626 0.000006
27627 0.000026
27628 0.000017
27629 0.000019
27630 0.000019
27631 0.000012
27632 0.000027
27633 0.000026
27634 0.000025
27635 0.000018
27636 0.000019
27637 0.000011
27638 0.000008
27639 0.000010
27640 0.000016
27641 0.000020
27642 0.000011
27643 0.000015
27644 0.000018
27645 0.000027
27646 0.000026
27647 0.000025
27648 0.000021
27649 0.000021
27650 0.000014
27651 0.000024
27652 0.000024
27653 0.000013
27654 0.000042
27655 0.000015
27656 0.000012
27657 0.000024
27658 0.000039
27659 0.000026
27660 0.000026
27661 0.000014
27662 0.000015
27663 0.000009
27664 0.000011
27665 0.000010
27666 0.000013
27667 0.000017
27668 0.000021
27669 0.000021
27670 0.000021
27671 0.000026
27672 0.000037
27673 0.000017
27674 0.000010
27675 0.000027
27676 0.000013
27677 0.000009
27678 0.000012
27679 0.000013
27680 0.000047
27681 0.000043
27682 0.000033
27683 0.000041
27684 0.000024
27685 0.000028
27686 0.000011
27687 0.000016
27688 0.000017
27689 0.000017
27690 0.000010
27691 0.000019
27692 0.000019
27693 0.000006
27694 0.000005
27695 0.000026
27696 0.000019
27697 0.000011
27698 0.000011
27699 0.000030
27700 0.000040
27701 0.000021
27702 0.000022
27703 0.000030
27704 0.000016
27705 0.000016
27706 0.000010
27707 0.000011
27708 0.000022
27709 0.000024
27710 0.000013
27711 0.000009
27712 0.000007
27713 0.000043
27714 0.000039
27715 0.000020
27716 0.000022
27717 0.000009
27718 0.000011
27719 0.000005
27720 0.000015
27721 0.000015
27722 0.000018
27723 0.000026
27724 0.000025
27725 0.000010
27726 0.000020
27727 0.000011
27728 0.000005
27729 0.000008
27730 0.000009
27731 0.000011
27732 0.000006
27733 0.000008
27734 0.000011
27735 0.000017
27736 0.000013
27737 0.000037
27738 0.000024
27739 0.000033
27740 0.000031
27741 0.000031
27742 0.000016
27743 0.000011
27744 0.000006
27745 0.000013
27746 0.000010
27747 0.000009
27748 0.000037
27749 0.000035
27750 0.000046
27751 0.000049
27752 0.000024
27753 0.000023
27754 0.000054
27755 0.000024
27756 0.000013
27757 0.000012
27758 0.000013
27759 0.000033
27760 0.000034
27761 0.000022
27762 0.000043
27763 0.000034
27764 0.000032
27765 0.000016
27766 0.000023
27767 0.000015
27768 0.000016
27769 0.000016
27770 0.000034
27771 0.000010
27772 0.000007
27773 0.000036
27774 0.000024
27775 0.000034
27776 0.000040
27777 0.000037
27778 0.000035
27779 0.000054
27780 0.000060
27781 0.000026
27782 0.000013
27783 0.000007
27784 0.000006
27785 0.000007
27786 0.000034
27787 0.000013
27788 0.000019
27789 0.000013
27790 0.000022
27791 0.000009
27792 0.000013
27793 0.000029
27794 0.000011
27795 0.000005
27796 0.000014
27797 0.000009
27798 0.000022
27799 0.000020
27800 0.000020
27801 0.000025
27802 0.000021
27803 0.000032
27804 0.000017
27805 0.000013
27806 0.000020
27807 0.000027
27808 0.000023
27809 0.000022
27810 0.000019
27811 0.000007
27812 0.000028
27813 0.000015
27814 0.000013
27815 0.000011
27816 0.000013
27817 0.000022
27818 0.000014
27819 0.000025
27820 0.000023
27821 0.000022
27822 0.000012
27823 0.000016
27824 0.000010
27825 0.000012
27826 0.000023
27827 0.000013
27828 0.000014
27829 0.000009
27830 0.000006
27831 0.000008
27832 0.000009
27833 0.000006
27834 0.000016
27835 0.000010
27836 0.000011
27837 0.000025
27838 0.000024
27839 0.000042
27840 0.000021
27841 0.000023
27842 0.000013
27843 0.000021
27844 0.000015
27845 0.000025
27846 0.000025
27847 0.000035
27848 0.000022
27849 0.000015
27850 0.000022
27851 0.000012
27852 0.000040
27853 0.000020
27854 0.000021
27855 0.000042
27856 0.000015
27857 0.000017
27858 0.000008
27859 0.000012
27860 0.000011
27861 0.000008
27862 0.000009
27863 0.000021
27864 0.000020
27865 0.000018
27866 0.000033
27867 0.000031
27868 0.000032
27869 0.000024
27870 0.000010
27871 0.000012
27872 0.000020
27873 0.000020
27874 0.000029
27875 0.000040
27876 0.000026
27877 0.000029
27878 0.000035
27879 0.000026
27880 0.000014
27881 0.000015
27882 0.000013
27883 0.000022
27884 0.000014
27885 0.000015
27886 0.000007
27887 0.000006
27888 0.000016
27889 0.000040
27890 0.000065
27891 0.000014
27892 0.000015
27893 0.000016
27894 0.000006
27895 0.000011
27896 0.000042
27897 0.000029
27898 0.000015
27899 0.000016
27900 0.000017
27901 0.000015
27902 0.000015
27903 0.000013
27904 0.000006
27905 0.000005
27906 0.000017
27907 0.000028
27908 0.000017
27909 0.000023
27910 0.000026
27911 0.000014
27912 0.000015
27913 0.000013
27914 0.000020
27915 0.000031
27916 0.000016
27917 0.000013
27918 0.000027
27919 0.000019
27920 0.000019
27921 0.000020
27922 0.000024
27923 0.000020
27924 0.000009
27925 0.000005
27926 0.000012
27927 0.000006
27928 0.000042
27929 0.000046
27930 0.000046
27931 0.000015
27932 0.000013
27933 0.000009
27934 0.000009
27935 0.000018
27936 0.000008
27937 0.000006
27938 0.000006
27939 0.000020
27940 0.000036
27941 0.000034
27942 0.000017
27943 0.000027
27944 0.000013
27945 0.000009
27946 0.000005
27947 0.000009
27948 0.000017
27949 0.000027
27950 0.000026
27951 0.000027
27952 0.000032
27953 0.000040
27954 0.000023
27955 0.000008
27956 0.000012
27957 0.000024
27958 0.000010
27959 0.000019
27960 0.000043
27961 0.000058
27962 0.000015
27963 0.000009
27964 0.000015
27965 0.000006
27966 0.000005
27967 0.000005
27968 0.000020
27969 0.000009
27970 0.000010
27971 0.000007
27972 0.000014
27973 0.000044
27974 0.000043
27975 0.000044
27976 0.000041
27977 0.000029
27978 0.000020
27979 0.000024
27980 0.000016
27981 0.000010
27982 0.000019
27983 0.000011
27984 0.000013
27985 0.000014
27986 0.000015
27987 0.000019
27988 0.000008
27989 0.000011
27990 0.000024
27991 0.000035
27992 0.000028
27993 0.000015
27994 0.000016
27995 0.000007
27996 0.000013
27997 0.000005
27998 0.000004
27999 0.000021
28000 0.000012
28001 0.000035
28002 0.000013
28003 0.000018
28004 0.000015
28005 0.000015
28006 0.000025
28007 0.000010
28008 0.000018
28009 0.000018
28010 0.000008
28011 0.000020
28012 0.000027
28013 0.000009
28014 0.000010
28015 0.000018
28016 0.000008
28017 0.000005
28018 0.000004
28019 0.000005
28020 0.000004
28021 0.000005
28022 0.000007
28023 0.000030
28024 0.000030
28025 0.000016
28026 0.000022
28027 0.000035
28028 0.000018
28029 0.000018
28030 0.000012
28031 0.000014
28032 0.000024
28033 0.000028
28034 0.000036
28035 0.000018
28036 0.000033
28037 0.000024
28038 0.000029
28039 0.000015
28040 0.000010
28041 0.000011
28042 0.000016
28043 0.000011
28044 0.000026
28045 0.000014
28046 0.000015
28047 0.000012
28048 0.000020
28049 0.000040
28050 0.000009
28051 0.000013
28052 0.000014
28053 0.000020
28054 0.000009
28055 0.000031
28056 0.000019
28057 0.000023
28058 0.000023
28059 0.000025
28060 0.000044
28061 0.000024
28062 0.000013
28063 0.000017
28064 0.000018
28065 0.000028
28066 0.000045
28067 0.000041
28068 0.000048
28069 0.000037
28070 0.000034
28071 0.000013
28072 0.000010
28073 0.000006
28074 0.000009
28075 0.000005
28076 0.000018
28077 0.000025
28078 0.000024
28079 0.000029
28080 0.000027
28081 0.000044
28082 0.000027
28083 0.000032
28084 0.000049
28085 0.000027
28086 0.000026
28087 0.000033
28088 0.000017
28089 0.000012
28090 0.000007
28091 0.000017
28092 0.000018
28093 0.000018
28094 0.000018
28095 0.000027
28096 0.000032
28097 0.000039
28098 0.000023
28099 0.000023
28100 0.000028
28101 0.000019
28102 0.000015
28103 0.000007
28104 0.000013
28105 0.000014
28106 0.000012
28107 0.000016
28108 0.000017
28109 0.000010
28110 0.000012
28111 0.000010
28112 0.000011
28113 0.000006
28114 0.000009
28115 0.000024
28116 0.000023
28117 0.000027
28118 0.000015
28119 0.000030
28120 0.000026
28121 0.000014
28122 0.000009
28123 0.000011
28124 0.000040
28125 0.000044
28126 0.000016
28127 0.000021
28128 0.000035
28129 0.000036
28130 0.000027
28131 0.000016
28132 0.000013
28133 0.000008
28134 0.000010
28135 0.000012
28136 0.000006
28137 0.000022
28138 0.000024
28139 0.000018
28140 0.000027
28141 0.000026
28142 0.000033
28143 0.000024
28144 0.000040
28145 0.000028
28146 0.000011
28147 0.000008
28148 0.000010
28149 0.000020
28150 0.000020
28151 0.000031
28152 0.000013
28153 0.000006
28154 0.000018
28155 0.000022
28156 0.000012
28157 0.000006
28158 0.000015
28159 0.000007
28160 0.000009
28161 0.000006
28162 0.000005
28163 0.000025
28164 0.000017
28165 0.000007
28166 0.000010
28167 0.000027
28168 0.000036
28169 0.000033
28170 0.000039
28171 0.000022
28172 0.000030
28173 0.000029
28174 0.000015
28175 0.000016
28176 0.000018
28177 0.000028
28178 0.000039
28179 0.000014
28180 0.000028
28181 0.000011
28182 0.000008
28183 0.000009
28184 0.000032
28185 0.000030
28186 0.000023
28187 0.000023
28188 0.000021
28189 0.000028
28190 0.000029
28191 0.000015
28192 0.000016
28193 0.000028
28194 0.000037
28195 0.000025
28196 0.000014
28197 0.000007
28198 0.000006
28199 0.000011
28200 0.000012
28201 0.000006
28202 0.000008
28203 0.000019
28204 0.000037
28205 0.000038
28206 0.000023
28207 0.000032
28208 0.000025
28209 0.000038
28210 0.000035
28211 0.000033
28212 0.000039
28213 0.000020
28214 0.000020
28215 0.000013
28216 0.000008
28217 0.000017
28218 0.000019
28219 0.000011
28220 0.000018
28221 0.000013
28222 0.000014
28223 0.000015
28224 0.000016
28225 0.000022
28226 0.000012
28227 0.000018
28228 0.000007
28229 0.000009
28230 0.000018
28231 0.000027
28232 0.000024
28233 0.000019
28234 0.000011
28235 0.000013
28236 0.000027
28237 0.000015
28238 0.000019
28239 0.000019
28240 0.000022
28241 0.000012
28242 0.000013
28243 0.000022
28244 0.000042
28245 0.000046
28246 0.000022
28247 0.000018
28248 0.000018
28249 0.000045
28250 0.000022
28251 0.000026
28252 0.000030
28253 0.000016
28254 0.000016
28255 0.000008
28256 0.000028
28257 0.000024
28258 0.000030
28259 0.000034
28260 0.000022
28261 0.000015
28262 0.000030
28263 0.000022
28264 0.000022
28265 0.000022
28266 0.000012
28267 0.000013
28268 0.000015
28269 0.000009
28270 0.000016
28271 0.000027
28272 0.000014
28273 0.000013
28274 0.000008
28275 0.000023
28276 0.000025
28277 0.000029
28278 0.000034
28279 0.000016
28280 0.000031
28281 0.000010
28282 0.000007
28283 0.000009
28284 0.000011
28285 0.000015
28286 0.000019
28287 0.000019
28288 0.000011
28289 0.000008
28290 0.000011
28291 0.000013
28292 0.000005
28293 0.000013
28294 0.000009
28295 0.000007
28296 0.000006
28297 0.000013
28298 0.000006
28299 0.000013
28300 0.000014
28301 0.000013
28302 0.000008
28303 0.000010
28304 0.000007
28305 0.000006
28306 0.000015
28307 0.000018
28308 0.000018
28309 0.000008
28310 0.000005
28311 0.000010
28312 0.000007
28313 0.000013
28314 0.000013
28315 0.000028
28316 0.000025
28317 0.000031
28318 0.000033
28319 0.000017
28320 0.000018
28321 0.000017
28322 0.000010
28323 0.000006
28324 0.000005
28325 0.000007
28326 0.000008
28327 0.000031
28328 0.000033
28329 0.000033
28330 0.000035
28331 0.000041
28332 0.000021
28333 0.000037
28334 0.000021
28335 0.000021
28336 0.000013
28337 0.000022
28338 0.000028
28339 0.000011
28340 0.000023
28341 0.000022
28342 0.000012
28343 0.000015
28344 0.000009
28345 0.000011
28346 0.000006
28347 0.000005
28348 0.000007
28349 0.000016
28350 0.000021
28351 0.000028
28352 0.000015
28353 0.000025
28354 0.000035
28355 0.000032
28356 0.000048
28357 0.000045
28358 0.000021
28359 0.000024
28360 0.000016
28361 0.000020
28362 0.000012
28363 0.000012
28364 0.000028
28365 0.000041
28366 0.000022
28367 0.000031
28368 0.000012
28369 0.000011
28370 0.000017
28371 0.000025
28372 0.000028
28373 0.000022
28374 0.000025
28375 0.000010
28376 0.000016
28377 0.000017
28378 0.000018
28379 0.000018
28380 0.000028
28381 0.000038
28382 0.000024
28383 0.000010
28384 0.000016
28385 0.000017
28386 0.000026
28387 0.000028
28388 0.000034
28389 0.000020
28390 0.000040
28391 0.000014
28392 0.000018
28393 0.000011
28394 0.000024
28395 0.000021
28396 0.000012
28397 0.000013
28398 0.000009
28399 0.000005
28400 0.000018
28401 0.000032
28402 0.000022
28403 0.000026
28404 0.000030
28405 0.000054
28406 0.000038
28407 0.000035
28408 0.000023
28409 0.000013
28410 0.000020
28411 0.000016
28412 0.000007
28413 0.000011
28414 0.000013
28415 0.000008
28416 0.000013
28417 0.000013
28418 0.000018
28419 0.000027
28420 0.000014
28421 0.000009
28422 0.000007
28423 0.000010
28424 0.000007
28425 0.000006
28426 0.000021
28427 0.000009
28428 0.000016
28429 0.000025
28430 0.000033
28431 0.000018
28432 0.000008
28433 0.000006
28434 0.000006
28435 0.000010
28436 0.000010
28437 0.000031
28438 0.000016
28439 0.000026
28440 0.000024
28441 0.000029
28442 0.000028
28443 0.000024
28444 0.000032
28445 0.000017
28446 0.000016
28447 0.000039
28448 0.000036
28449 0.000039
28450 0.000024
28451 0.000013
28452 0.000014
28453 0.000027
28454 0.000029
28455 0.000016
28456 0.000026
28457 0.000014
28458 0.000026
28459 0.000031
28460 0.000023
28461 0.000023
28462 0.000029
28463 0.000028
28464 0.000038
28465 0.000019
28466 0.000021
28467 0.000009
28468 0.000018
28469 0.000015
28470 0.000031
28471 0.000029
28472 0.000046
28473 0.000042
28474 0.000033
28475 0.000031
28476 0.000030
28477 0.000011
28478 0.000008
28479 0.000050
28480 0.000032
28481 0.000019
28482 0.000020
28483 0.000011
28484 0.000020
28485 0.000020
28486 0.000028
28487 0.000033
28488 0.000021
28489 0.000012
28490 0.000024
28491 0.000021
28492 0.000011
28493 0.000006
28494 0.000014
28495 0.000022
28496 0.000022
28497 0.000015
28498 0.000016
28499 0.000014
28500 0.000009
28501 0.000010
28502 0.000012
28503 0.000013
28504 0.000009
28505 0.000019
28506 0.000008
28507 0.000020
28508 0.000020
28509 0.000012
28510 0.000019
28511 0.000043
28512 0.000029
28513 0.000011
28514 0.000005
28515 0.000031
28516 0.000036
28517 0.000033
28518 0.000038
28519 0.000019
28520 0.000021
28521 0.000012
28522 0.000008
28523 0.000012
28524 0.000013
28525 0.000021
28526 0.000016
28527 0.000017
28528 0.000027
28529 0.000027
28530 0.000029
28531 0.000014
28532 0.000015
28533 0.000023
28534 0.000032
28535 0.000019
28536 0.000009
28537 0.000015
28538 0.000018
28539 0.000011
28540 0.000020
28541 0.000027
28542 0.000030
28543 0.000028
28544 0.000011
28545 0.000012
28546 0.000031
28547 0.000012
28548 0.000022
28549 0.000020
28550 0.000018
28551 0.000008
28552 0.000016
28553 0.000010
28554 0.000010
28555 0.000062
28556 0.000060
28557 0.000034
28558 0.000038
28559 0.000036
28560 0.000023
28561 0.000030
28562 0.000043
28563 0.000034
28564 0.000032
28565 0.000027
28566 0.000036
28567 0.000018
28568 0.000011
28569 0.000030
28570 0.000011
28571 0.000014
28572 0.000035
28573 0.000031
28574 0.000038
28575 0.000023
28576 0.000016
28577 0.000010
28578 0.000024
28579 0.000036
28580 0.000033
28581 0.000039
28582 0.000023
28583 0.000019
28584 0.000014
28585 0.000011
28586 0.000035
28587 0.000036
28588 0.000042
28589 0.000045
28590 0.000050
28591 0.000050
28592 0.000031
28593 0.000017
28594 0.000028
28595 0.000032
28596 0.000020
28597 0.000009
28598 0.000016
28599 0.000020
28600 0.000024
28601 0.000013
28602 0.000020
28603 0.000018
28604 0.000014
28605 0.000021
28606 0.000012
28607 0.000008
28608 0.000025
28609 0.000044
28610 0.000022
28611 0.000011
28612 0.000014
28613 0.000009
28614 0.000009
28615 0.000011
28616 0.000023
28617 0.000021
28618 0.000009
28619 0.000015
28620 0.000028
28621 0.000016
28622 0.000034
28623 0.000032
28624 0.000017
28625 0.000016
28626 0.000006
28627 0.000008
28628 0.000009
28629 0.000011
28630 0.000012
28631 0.000006
28632 0.000011
28633 0.000011
28634 0.000016
28635 0.000017
28636 0.000040
28637 0.000020
28638 0.000012
28639 0.000013
28640 0.000019
28641 0.000031
28642 0.000012
28643 0.000013
28644 0.000022
28645 0.000012
28646 0.000024
28647 0.000025
28648 0.000030
28649 0.000011
28650 0.000022
28651 0.000013
28652 0.000030
28653 0.000018
28654 0.000025
28655 0.000016
28656 0.000016
28657 0.000010
28658 0.000005
28659 0.000008
28660 0.000013
28661 0.000016
28662 0.000012
28663 0.000017
28664 0.000018
28665 0.000018
28666 0.000021
28667 0.000031
28668 0.000016
28669 0.000017
28670 0.000021
28671 0.000020
28672 0.000016
28673 0.000024
28674 0.000023
28675 0.000028
28676 0.000011
28677 0.000012
28678 0.000026
28679 0.000050
28680 0.000056
28681 0.000043
28682 0.000012
28683 0.000012
28684 0.000014
28685 0.000018
28686 0.000021
28687 0.000020
28688 0.000020
28689 0.000012
28690 0.000023
28691 0.000028
28692 0.000015
28693 0.000009
28694 0.000007
28695 0.000012
28696 0.000020
28697 0.000013
28698 0.000017
28699 0.000018
28700 0.000011
28701 0.000009
28702 0.000016
28703 0.000033
28704 0.000045
28705 0.000033
28706 0.000017
28707 0.000026
28708 0.000012
28709 0.000013
28710 0.000011
28711 0.000013
28712 0.000008
28713 0.000009
28714 0.000022
28715 0.000028
28716 0.000015
28717 0.000016
28718 0.000024
28719 0.000013
28720 0.000036
28721 0.000026
28722 0.000025
28723 0.000017
28724 0.000011
28725 0.000022
28726 0.000020
28727 0.000020
28728 0.000026
28729 0.000025
28730 0.000019
28731 0.000028
28732 0.000011
28733 0.000006
28734 0.000022
28735 0.000025
28736 0.000033
28737 0.000025
28738 0.000027
28739 0.000052
28740 0.000047
28741 0.000029
28742 0.000025
28743 0.000017
28744 0.000029
28745 0.000023
28746 0.000031
28747 0.000016
28748 0.000014
28749 0.000022
28750 0.000023
28751 0.000027
28752 0.000028
28753 0.000027
28754 0.000014
28755 0.000030
28756 0.000020
28757 0.000009
28758 0.000022
28759 0.000012
28760 0.000025
28761 0.000021
28762 0.000012
28763 0.000013
28764 0.000024
28765 0.000008
28766 0.000010
28767 0.000007
28768 0.000006
28769 0.000006
28770 0.000005
28771 0.000010
28772 0.000015
28773 0.000011
28774 0.000025
28775 0.000036
28776 0.000022
28777 0.000023
28778 0.000017
28779 0.000012
28780 0.000006
28781 0.000008
28782 0.000030
28783 0.000021
28784 0.000021
28785 0.000011
28786 0.000015
28787 0.000012
28788 0.000014
28789 0.000009
28790 0.000010
28791 0.000012
28792 0.000029
28793 0.000011
28794 0.000017
28795 0.000017
28796 0.000014
28797 0.000009
28798 0.000024
28799 0.000024
28800 0.000010
28801 0.000019
28802 0.000024
28803 0.000013
28804 0.000018
28805 0.000037
28806 0.000043
28807 0.000050
28808 0.000045
28809 0.000044
28810 0.000022
28811 0.000012
28812 0.000016
28813 0.000021
28814 0.000007
28815 0.000017
28816 0.000022
28817 0.000009
28818 0.000016
28819 0.000010
28820 0.000006
28821 0.000007
28822 0.000010
28823 0.000007
28824 0.000006
28825 0.000005
28826 0.000005
28827 0.000005
28828 0.000036
28829 0.000036
28830 0.000025
28831 0.000008
28832 0.000016
28833 0.000016
28834 0.000019
28835 0.000017
28836 0.000010
28837 0.000007
28838 0.000008
28839 0.000016
28840 0.000021
28841 0.000011
28842 0.000008
28843 0.000005
28844 0.000017
28845 0.000015
28846 0.000015
28847 0.000018
28848 0.000033
28849 0.000042
28850 0.000030
28851 0.000026
28852 0.000032
28853 0.000030
28854 0.000019
28855 0.000015
28856 0.000014
28857 0.000020
28858 0.000019
28859 0.000022
28860 0.000018
28861 0.000012
28862 0.000013
28863 0.000014
28864 0.000022
28865 0.000020
28866 0.000020
28867 0.000021
28868 0.000014
28869 0.000008
28870 0.000010
28871 0.000011
28872 0.000006
28873 0.000008
28874 0.000006
28875 0.000013
28876 0.000043
28877 0.000015
28878 0.000016
28879 0.000023
28880 0.000024
28881 0.000013
28882 0.000020
28883 0.000031
28884 0.000029
28885 0.000028
28886 0.000017
28887 0.000011
28888 0.000012
28889 0.000026
28890 0.000014
28891 0.000015
28892 0.000024
28893 0.000028
28894 0.000045
28895 0.000030
28896 0.000035
28897 0.000023
28898 0.000028
28899 0.000022
28900 0.000029
28901 0.000029
28902 0.000015
28903 0.000028
28904 0.000015
28905 0.000036
28906 0.000034
28907 0.000032
28908 0.000024
28909 0.000008
28910 0.000011
28911 0.000006
28912 0.000004
28913 0.000006
28914 0.000008
28915 0.000029
28916 0.000018
28917 0.000038
28918 0.000020
28919 0.000020
28920 0.000011
28921 0.000012
28922 0.000022
28923 0.000023
28924 0.000023
28925 0.000017
28926 0.000015
28927 0.000016
28928 0.000007
28929 0.000019
28930 0.000023
28931 0.000028
28932 0.000015
28933 0.000009
28934 0.000015
28935 0.000020
28936 0.000027
28937 0.000014
28938 0.000023
28939 0.000027
28940 0.000022
28941 0.000025
28942 0.000010
28943 0.000006
28944 0.000016
28945 0.000010
28946 0.000023
28947 0.000031
28948 0.000018
28949 0.000019
28950 0.000011
28951 0.000006
28952 0.000022
28953 0.000016
28954 0.000029
28955 0.000015
28956 0.000010
28957 0.000006
28958 0.000005
28959 0.000014
28960 0.000009
28961 0.000011
28962 0.000012
28963 0.000008
28964 0.000025
28965 0.000024
28966 0.000016
28967 0.000017
28968 0.000012
28969 0.000020
28970 0.000012
28971 0.000006
28972 0.000014
28973 0.000016
28974 0.000006
28975 0.000016
28976 0.000007
28977 0.000018
28978 0.000008
28979 0.000024
28980 0.000013
28981 0.000017
28982 0.000017
28983 0.000010
28984 0.000014
28985 0.000033
28986 0.000017
28987 0.000011
28988 0.000016
28989 0.000021
28990 0.000017
28991 0.000014
28992 0.000029
28993 0.000015
28994 0.000025
28995 0.000032
28996 0.000017
28997 0.000023
28998 0.000041
28999 0.000024
29000 0.000045
29001 0.000016
29002 0.000045
29003 0.000058
29004 0.000033
29005 0.000027
29006 0.000026
29007 0.000010
29008 0.000011
29009 0.000012
29010 0.000010
29011 0.000012
29012 0.000013
29013 0.000009
29014 0.000009
29015 0.000015
29016 0.000015
29017 0.000006
29018 0.000008
29019 0.000017
29020 0.000024
29021 0.000013
29022 0.000009
29023 0.000007
29024 0.000012
29025 0.000009
29026 0.000010
29027 0.000011
29028 0.000016
29029 0.000012
29030 0.000023
29031 0.000013
29032 0.000022
29033 0.000012
29034 0.000014
29035 0.000023
29036 0.000044
29037 0.000035
29038 0.000018
29039 0.000024
29040 0.000032
29041 0.000023
29042 0.000029
29043 0.000020
29044 0.000009
29045 0.000016
29046 0.000021
29047 0.000023
29048 0.000021
29049 0.000020
29050 0.000020
29051 0.000032
29052 0.000052
29053 0.000060
29054 0.000060
29055 0.000013
29056 0.000014
29057 0.000015
29058 0.000018
29059 0.000019
29060 0.000021
29061 0.000018
29062 0.000007
29063 0.000009
29064 0.000035
29065 0.000020
29066 0.000037
29067 0.000024
29068 0.000028
29069 0.000027
29070 0.000030
29071 0.000034
29072 0.000023
29073 0.000019
29074 0.000025
29075 0.000013
29076 0.000015
29077 0.000009
29078 0.000020
29079 0.000027
29080 0.000008
29081 0.000006
29082 0.000016
29083 0.000027
29084 0.000034
29085 0.000013
29086 0.000014
29087 0.000016
29088 0.000023
29089 0.000015
29090 0.000015
29091 0.000022
29092 0.000007
29093 0.000006
29094 0.000017
29095 0.000018
29096 0.000012
29097 0.000007
29098 0.000009
29099 0.000007
29100 0.000015
29101 0.000009
29102 0.000010
29103 0.000017
29104 0.000020
29105 0.000009
29106 0.000007
29107 0.000015
29108 0.000010
29109 0.000007
29110 0.000006
29111 0.000013
29112 0.000014
29113 0.000023
29114 0.000028
29115 0.000027
29116 0.000014
29117 0.000009
29118 0.000022
29119 0.000037
29120 0.000035
29121 0.000034
29122 0.000043
29123 0.000044
29124 0.000050
29125 0.000053
29126 0.000063
29127 0.000056
29128 0.000024
29129 0.000027
29130 0.000011
29131 0.000019
29132 0.000019
29133 0.000008
29134 0.000007
29135 0.000005
29136 0.000023
29137 0.000030
29138 0.000033
29139 0.000031
29140 0.000027
29141 0.000026
29142 0.000021
29143 0.000021
29144 0.000023
29145 0.000037
29146 0.000035
29147 0.000017
29148 0.000020
29149 0.000020
29150 0.000014
29151 0.000015
29152 0.000021
29153 0.000034
29154 0.000036
29155 0.000041
29156 0.000015
29157 0.000030
29158 0.000039
29159 0.000019
29160 0.000011
29161 0.000028
29162 0.000019
29163 0.000019
29164 0.000011
29165 0.000028
29166 0.000019
29167 0.000040
29168 0.000023
29169 0.000013
29170 0.000012
29171 0.000021
29172 0.000020
29173 0.000020
29174 0.000026
29175 0.000019
29176 0.000024
29177 0.000014
29178 0.000010
29179 0.000012
29180 0.000042
29181 0.000031
29182 0.000019
29183 0.000032
29184 0.000018
29185 0.000019
29186 0.000021
29187 0.000007
29188 0.000012
29189 0.000013
29190 0.000028
29191 0.000023
29192 0.000019
29193 0.000026
29194 0.000042
29195 0.000012
29196 0.000012
29197 0.000014
29198 0.000021
29199 0.000014
29200 0.000009
29201 0.000021
29202 0.000021
29203 0.000021
29204 0.000009
29205 0.000016
29206 0.000017
29207 0.000010
29208 0.000014
29209 0.000007
29210 0.000006
29211 0.000004
29212 0.000015
29213 0.000013
29214 0.000014
29215 0.000009
29216 0.000009
29217 0.000017
29218 0.000042
29219 0.000031
29220 0.000020
29221 0.000047
29222 0.000025
29223 0.000027
29224 0.000016
29225 0.000010
29226 0.000009
29227 0.000007
29228 0.000014
29229 0.000020
29230 0.000020
29231 0.000010
29232 0.000011
29233 0.000022
29234 0.000023
29235 0.000020
29236 0.000033
29237 0.000013
29238 0.000021
29239 0.000021
29240 0.000041
29241 0.000021
29242 0.000009
29243 0.000010
29244 0.000005
29245 0.000008
29246 0.000040
29247 0.000060
29248 0.000063
29249 0.000031
29250 0.000014
29251 0.000031
29252 0.000018
29253 0.000008
29254 0.000010
29255 0.000013
29256 0.000014
29257 0.000009
29258 0.000022
29259 0.000012
29260 0.000013
29261 0.000029
29262 0.000016
29263 0.000006
29264 0.000009
29265 0.000012
29266 0.000013
29267 0.000014
29268 0.000019
29269 0.000013
29270 0.000006
29271 0.000013
29272 0.000023
29273 0.000034
29274 0.000019
29275 0.000019
29276 0.000027
29277 0.000041
29278 0.000021
29279 0.000020
29280 0.000020
29281 0.000013
29282 0.000027
29283 0.000013
29284 0.000023
29285 0.000035
29286 0.000018
29287 0.000011
29288 0.000026
29289 0.000033
29290 0.000012
29291 0.000018
29292 0.000007
29293 0.000010
29294 0.000007
29295 0.000005
29296 0.000011
29297 0.000012
29298 0.000008
29299 0.000005
29300 0.000010
29301 0.000012
29302 0.000014
29303 0.000015
29304 0.000028
29305 0.000029
29306 0.000033
29307 0.000033
29308 0.000017
29309 0.000017
29310 0.000017
29311 0.000008
29312 0.000004
29313 0.000004
29314 0.000012
29315 0.000024
29316 0.000023
29317 0.000013
29318 0.000008
29319 0.000005
29320 0.000005
29321 0.000018
29322 0.000019
29323 0.000008
29324 0.000024
29325 0.000022
29326 0.000022
29327 0.000033
29328 0.000017
29329 0.000018
29330 0.000008
29331 0.000010
29332 0.000006
29333 0.000005
29334 0.000022
29335 0.000028
29336 0.000021
29337 0.000021
29338 0.000024
29339 0.000020
29340 0.000020
29341 0.000035
29342 0.000018
29343 0.000008
29344 0.000016
29345 0.000018
29346 0.000027
29347 0.000009
29348 0.000017
29349 0.000018
29350 0.000007
29351 0.000018
29352 0.000024
29353 0.000018
29354 0.000032
29355 0.000023
29356 0.000013
29357 0.000014
29358 0.000024
29359 0.000014
29360 0.000011
29361 0.000012
29362 0.000031
29363 0.000029
29364 0.000036
29365 0.000026
29366 0.000050
29367 0.000055
29368 0.000056
29369 0.000054
29370 0.000012
29371 0.000032
29372 0.000030
29373 0.000043
29374 0.000047
29375 0.000066
29376 0.000068
29377 0.000070
29378 0.000062
29379 0.000033
29380 0.000032
29381 0.000028
29382 0.000015
29383 0.000009
29384 0.000004
29385 0.000007
29386 0.000006
29387 0.000013
29388 0.000012
29389 0.000016
29390 0.000018
29391 0.000011
29392 0.000006
29393 0.000018
29394 0.000008
29395 0.000010
29396 0.000023
29397 0.000029
29398 0.000011
29399 0.000025
29400 0.000014
29401 0.000012
29402 0.000013
29403 0.000009
29404 0.000007
29405 0.000006
29406 0.000005
29407 0.000011
29408 0.000016
29409 0.000021
29410 0.000012
29411 0.000018
29412 0.000018
29413 0.000018
29414 0.000013
29415 0.000010
29416 0.000012
29417 0.000020
29418 0.000020
29419 0.000021
29420 0.000015
29421 0.000016
29422 0.000018
29423 0.000014
29424 0.000010
29425 0.000010
29426 0.000005
29427 0.000032
29428 0.000049
29429 0.000011
29430 0.000013
29431 0.000008
29432 0.000007
29433 0.000010
29434 0.000017
29435 0.000008
29436 0.000025
29437 0.000025
29438 0.000024
29439 0.000021
29440 0.000026
29441 0.000035
29442 0.000010
29443 0.000012
29444 0.000010
29445 0.000014
29446 0.000007
29447 0.000006
29448 0.000012
29449 0.000008
29450 0.000010
29451 0.000017
29452 0.000018
29453 0.000018
29454 0.000019
29455 0.000011
29456 0.000008
29457 0.000010
29458 0.000017
29459 0.000017
29460 0.000018
29461 0.000016
29462 0.000039
29463 0.000037
29464 0.000044
29465 0.000048
29466 0.000045
29467 0.000045
29468 0.000016
29469 0.000020
29470 0.000025
29471 0.000021
29472 0.000012
29473 0.000020
29474 0.000021
29475 0.000030
29476 0.000019
29477 0.000019
29478 0.000022
29479 0.000022
29480 0.000021
29481 0.000027
29482 0.000033
29483 0.000034
29484 0.000021
29485 0.000044
29486 0.000015
29487 0.000010
29488 0.000028
29489 0.000027
29490 0.000026
29491 0.000013
29492 0.000017
29493 0.000027
29494 0.000011
29495 0.000019
29496 0.000035
29497 0.000033
29498 0.000034
29499 0.000037
29500 0.000045
29501 0.000050
29502 0.000052
29503 0.000047
29504 0.000043
29505 0.000043
29506 0.000028
29507 0.000015
29508 0.000016
29509 0.000014
29510 0.000014
29511 0.000015
29512 0.000020
29513 0.000014
29514 0.000019
29515 0.000038
29516 0.000039
29517 0.000023
29518 0.000010
29519 0.000011
29520 0.000013
29521 0.000019
29522 0.000024
29523 0.000026
29524 0.000010
29525 0.000007
29526 0.000041
29527 0.000015
29528 0.000017
29529 0.000027
29530 0.000014
29531 0.000009
29532 0.000005
29533 0.000017
29534 0.000010
29535 0.000012
29536 0.000008
29537 0.000011
29538 0.000008
29539 0.000005
29540 0.000022
29541 0.000057
29542 0.000061
29543 0.000029
29544 0.000012
29545 0.000015
29546 0.000025
29547 0.000033
29548 0.000043
29549 0.000044
29550 0.000018
29551 0.000010
29552 0.000015
29553 0.000020
29554 0.000011
29555 0.000013
29556 0.000006
29557 0.000015
29558 0.000009
29559 0.000010
29560 0.000022
29561 0.000022
29562 0.000030
29563 0.000016
29564 0.000012
29565 0.000008
29566 0.000016
29567 0.000017
29568 0.000020
29569 0.000017
29570 0.000015
29571 0.000016
29572 0.000039
29573 0.000025
29574 0.000027
29575 0.000026
29576 0.000019
29577 0.000007
29578 0.000006
29579 0.000023
29580 0.000013
29581 0.000011
29582 0.000019
29583 0.000018
29584 0.000019
29585 0.000013
29586 0.000025
29587 0.000016
29588 0.000010
29589 0.000006
29590 0.000011
29591 0.000012
29592 0.000006
29593 0.000014
29594 0.000014
29595 0.000015
29596 0.000035
29597 0.000011
29598 0.000016
29599 0.000021
29600 0.000021
29601 0.000007
29602 0.000009
29603 0.000042
29604 0.000019
29605 0.000013
29606 0.000015
29607 0.000009
29608 0.000011
29609 0.000044
29610 0.000022
29611 0.000012
29612 0.000015
29613 0.000023
29614 0.000015
29615 0.000005
29616 0.000005
29617 0.000007
29618 0.000023
29619 0.000009
29620 0.000012
29621 0.000015
29622 0.000009
29623 0.000011
29624 0.000006
29625 0.000025
29626 0.000016
29627 0.000010
29628 0.000006
29629 0.000005
29630 0.000015
29631 0.000007
29632 0.000008
29633 0.000010
29634 0.000007
29635 0.000007
29636 0.000009
29637 0.000005
29638 0.000007
29639 0.000022
29640 0.000014
29641 0.000009
29642 0.000011
29643 0.000015
29644 0.000019
29645 0.000011
29646 0.000012
29647 0.000026
29648 0.000010
29649 0.000014
29650 0.000022
29651 0.000018
29652 0.000011
29653 0.000008
29654 0.000016
29655 0.000024
29656 0.000023
29657 0.000025
29658 0.000043
29659 0.000029
29660 0.000029
29661 0.000015
29662 0.000016
29663 0.000018
29664 0.000018
29665 0.000011
29666 0.000006
29667 0.000006
29668 0.000029
29669 0.000011
29670 0.000031
29671 0.000052
29672 0.000025
29673 0.000032
29674 0.000033
29675 0.000013
29676 0.000017
29677 0.000017
29678 0.000037
29679 0.000038
29680 0.000035
29681 0.000037
29682 0.000058
29683 0.000041
29684 0.000032
29685 0.000032
29686 0.000040
29687 0.000025
29688 0.000014
29689 0.000006
29690 0.000012
29691 0.000006
29692 0.000009
29693 0.000007
29694 0.000029
29695 0.000059
29696 0.000053
29697 0.000055
29698 0.000049
29699 0.000024
29700 0.000026
29701 0.000010
29702 0.000021
29703 0.000026
29704 0.000037
29705 0.000019
29706 0.000020
29707 0.000011
29708 0.000018
29709 0.000008
29710 0.000023
29711 0.000022
29712 0.000015
29713 0.000020
29714 0.000012
29715 0.000013
29716 0.000008
29717 0.000015
29718 0.000016
29719 0.000017
29720 0.000017
29721 0.000018
29722 0.000018
29723 0.000024
29724 0.000014
29725 0.000016
29726 0.000011
29727 0.000014
29728 0.000016
29729 0.000017
29730 0.000017
29731 0.000022
29732 0.000008
29733 0.000018
29734 0.000008
29735 0.000006
29736 0.000007
29737 0.000006
29738 0.000019
29739 0.000022
29740 0.000020
29741 0.000032
29742 0.000030
29743 0.000016
29744 0.000017
29745 0.000019
29746 0.000014
29747 0.000019
29748 0.000013
29749 0.000034
29750 0.000017
29751 0.000016
29752 0.000019
29753 0.000034
29754 0.000034
29755 0.000023
29756 0.000009
29757 0.000006
29758 0.000015
29759 0.000026
29760 0.000021
29761 0.000021
29762 0.000043
29763 0.000057
29764 0.000060
29765 0.000029
29766 0.000018
29767 0.000032
29768 0.000021
29769 0.000012
29770 0.000006
29771 0.000020
29772 0.000015
29773 0.000025
29774 0.000025
29775 0.000033
29776 0.000046
29777 0.000039
29778 0.000041
29779 0.000050
29780 0.000033
29781 0.000017
29782 0.000008
29783 0.000013
29784 0.000014
29785 0.000009
29786 0.000005
29787 0.000005
29788 0.000005
29789 0.000004
29790 0.000007
29791 0.000009
29792 0.000038
29793 0.000021
29794 0.000041
29795 0.000020
29796 0.000011
29797 0.000036
29798 0.000020
29799 0.000020
29800 0.000011
29801 0.000024
29802 0.000024
29803 0.000013
29804 0.000014
29805 0.000023
29806 0.000022
29807 0.000022
29808 0.000012
29809 0.000014
29810 0.000019
29811 0.000019
29812 0.000012
29813 0.000027
29814 0.000022
29815 0.000013
29816 0.000018
29817 0.000020
29818 0.000024
29819 0.000013
29820 0.000007
29821 0.000006
29822 0.000013
29823 0.000032
29824 0.000019
29825 0.000019
29826 0.000007
29827 0.000005
29828 0.000004
29829 0.000007
29830 0.000006
29831 0.000014
29832 0.000018
29833 0.000019
29834 0.000008
29835 0.000014
29836 0.000015
29837 0.000018
29838 0.000058
29839 0.000044
29840 0.000022
29841 0.000023
29842 0.000011
29843 0.000019
29844 0.000026
29845 0.000011
29846 0.000018
29847 0.000011
29848 0.000015
29849 0.000005
29850 0.000005
29851 0.000009
29852 0.000017
29853 0.000020
29854 0.000011
29855 0.000016
29856 0.000023
29857 0.000031
29858 0.000017
29859 0.000008
29860 0.000013
29861 0.000034
29862 0.000034
29863 0.000025
29864 0.000014
29865 0.000021
29866 0.000030
29867 0.000029
29868 0.000042
29869 0.000016
29870 0.000024
29871 0.000034
29872 0.000038
29873 0.000035
29874 0.000021
29875 0.000018
29876 0.000022
29877 0.000012
29878 0.000030
29879 0.000058
29880 0.000028
29881 0.000018
29882 0.000011
29883 0.000022
29884 0.000015
29885 0.000014
29886 0.000009
29887 0.000005
29888 0.000021
29889 0.000029
29890 0.000011
29891 0.000008
29892 0.000013
29893 0.000028
29894 0.000027
29895 0.000020
29896 0.000012
29897 0.000012
29898 0.000013
29899 0.000010
29900 0.000022
29901 0.000022
29902 0.000042
29903 0.000029
29904 0.000028
29905 0.000015
29906 0.000006
29907 0.000009
29908 0.000018
29909 0.000023
29910 0.000014
29911 0.000016
29912 0.000033
29913 0.000050
29914 0.000056
29915 0.000043
29916 0.000042
29917 0.000042
29918 0.000042
29919 0.000044
29920 0.000051
29921 0.000031
29922 0.000015
29923 0.000009
29924 0.000015
29925 0.000007
29926 0.000005
29927 0.000007
29928 0.000004
29929 0.000010
29930 0.000021
29931 0.000037
29932 0.000038
29933 0.000040
29934 0.000037
29935 0.000025
29936 0.000024
29937 0.000013
29938 0.000015
29939 0.000020
29940 0.000031
29941 0.000020
29942 0.000024
29943 0.000013
29944 0.000014
29945 0.000013
29946 0.000013
29947 0.000005
29948 0.000005
29949 0.000020
29950 0.000009
29951 0.000010
29952 0.000018
29953 0.000026
29954 0.000025
29955 0.000045
29956 0.000022
29957 0.000014
29958 0.000032
29959 0.000035
29960 0.000010
29961 0.000013
29962 0.000007
29963 0.000012
29964 0.000013
29965 0.000013
29966 0.000028
29967 0.000023
29968 0.000017
29969 0.000012
29970 0.000013
29971 0.000014
29972 0.000019
29973 0.000029
29974 0.000015
29975 0.000013
29976 0.000020
29977 0.000011
29978 0.000025
29979 0.000021
29980 0.000012
29981 0.000030
29982 0.000024
29983 0.000027
29984 0.000036
29985 0.000046
29986 0.000042
29987 0.000017
29988 0.000010
29989 0.000012
29990 0.000009
29991 0.000019
29992 0.000033
29993 0.000017
29994 0.000015
29995 0.000016
29996 0.000024
29997 0.000015
29998 0.000014
29999 0.000010
30000 0.000033
30001 0.000024
30002 0.000020
30003 0.000012
30004 0.000020
30005 0.000009
30006 0.000007
30007 0.000006
30008 0.000008
30009 0.000025
30010 0.000024
30011 0.000010
30012 0.000022
30013 0.000024
30014 0.000018
30015 0.000014
30016 0.000022
30017 0.000011
30018 0.000015
30019 0.000006
30020 0.000016
30021 0.000016
30022 0.000010
30023 0.000006
30024 0.000008
30025 0.000013
30026 0.000019
30027 0.000011
30028 0.000006
30029 0.000009
30030 0.000006
30031 0.000015
30032 0.000011
30033 0.000012
30034 0.000006
30035 0.000014
30036 0.000010
30037 0.000012
30038 0.000008
30039 0.000023
30040 0.000006
30041 0.000017
30042 0.000021
30043 0.000012
30044 0.000009
30045 0.000011
30046 0.000020
30047 0.000011
30048 0.000015
30049 0.000020
30050 0.000020
30051 0.000018
30052 0.000018
30053 0.000011
30054 0.000024
30055 0.000013
30056 0.000009
30057 0.000023
30058 0.000023
30059 0.000029
30060 0.000039
30061 0.000046
30062 0.000029
30063 0.000017
30064 0.000029
30065 0.000019
30066 0.000019
30067 0.000019
30068 0.000032
30069 0.000022
30070 0.000037
30071 0.000019
30072 0.000016
30073 0.000053
30074 0.000048
30075 0.000054
30076 0.000049
30077 0.000059
30078 0.000028
30079 0.000013
30080 0.000017
30081 0.000010
30082 0.000023
30083 0.000009
30084 0.000013
30085 0.000007
30086 0.000009
30087 0.000013
30088 0.000021
30089 0.000012
30090 0.000021
30091 0.000018
30092 0.000027
30093 0.000033
30094 0.000031
30095 0.000029
30096 0.000034
30097 0.000044
30098 0.000041
30099 0.000038
30100 0.000035
30101 0.000045
30102 0.000044
30103 0.000040
30104 0.000020
30105 0.000026
30106 0.000016
30107 0.000006
30108 0.000008
30109 0.000005
30110 0.000007
30111 0.000008
30112 0.000010
30113 0.000011
30114 0.000035
30115 0.000013
30116 0.000014
30117 0.000009
30118 0.000011
30119 0.000007
30120 0.000006
30121 0.000009
30122 0.000007
30123 0.000024
30124 0.000014
30125 0.000006
30126 0.000023
30127 0.000013
30128 0.000013
30129 0.000014
30130 0.000007
30131 0.000007
30132 0.000013
30133 0.000026
30134 0.000015
30135 0.000026
30136 0.000035
30137 0.000010
30138 0.000010
30139 0.000016
30140 0.000011
30141 0.000021
30142 0.000009
30143 0.000007
30144 0.000009
30145 0.000020
30146 0.000013
30147 0.000010
30148 0.000005
30149 0.000044
30150 0.000022
30151 0.000028
30152 0.000027
30153 0.000017
30154 0.000017
30155 0.000008
30156 0.000019
30157 0.000029
30158 0.000019
30159 0.000031
30160 0.000020
30161 0.000027
30162 0.000018
30163 0.000011
30164 0.000007
30165 0.000013
30166 0.000007
30167 0.000006
30168 0.000029
30169 0.000028
30170 0.000011
30171 0.000008
30172 0.000005
30173 0.000017
30174 0.000019
30175 0.000009
30176 0.000007
30177 0.000012
30178 0.000043
30179 0.000046
30180 0.000042
30181 0.000027
30182 0.000029
30183 0.000027
30184 0.000023
30185 0.000008
30186 0.000005
30187 0.000005
30188 0.000005
30189 0.000007
30190 0.000020
30191 0.000012
30192 0.000018
30193 0.000043
30194 0.000028
30195 0.000028
30196 0.000015
30197 0.000019
30198 0.000019
30199 0.000008
30200 0.000010
30201 0.000012
30202 0.000006
30203 0.000005
30204 0.000005
30205 0.000006
30206 0.000011
30207 0.000020
30208 0.000027
30209 0.000020
30210 0.000041
30211 0.000021
30212 0.000012
30213 0.000013
30214 0.000009
30215 0.000035
30216 0.000023
30217 0.000015
30218 0.000011
30219 0.000012
30220 0.000006
30221 0.000014
30222 0.000012
30223 0.000005
30224 0.000011
30225 0.000013
30226 0.000021
30227 0.000012
30228 0.000016
30229 0.000033
30230 0.000012
30231 0.000015
30232 0.000027
30233 0.000014
30234 0.000017
30235 0.000026
30236 0.000016
30237 0.000025
30238 0.000027
30239 0.000026
30240 0.000020
30241 0.000024
30242 0.000023
30243 0.000023
30244 0.000022
30245 0.000025
30246 0.000052
30247 0.000047
30248 0.000043
30249 0.000045
30250 0.000035
30251 0.000013
30252 0.000009
30253 0.000010
30254 0.000020
30255 0.000020
30256 0.000006
30257 0.000008
30258 0.000006
30259 0.000005
30260 0.000015
30261 0.000023
30262 0.000027
30263 0.000045
30264 0.000041
30265 0.000022
30266 0.000021
30267 0.000029
30268 0.000011
30269 0.000014
30270 0.000022
30271 0.000012
30272 0.000030
30273 0.000032
30274 0.000032
30275 0.000017
30276 0.000015
30277 0.000022
30278 0.000017
30279 0.000007
30280 0.000026
30281 0.000014
30282 0.000007
30283 0.000009
30284 0.000022
30285 0.000016
30286 0.000020
30287 0.000020
30288 0.000020
30289 0.000009
30290 0.000010
30291 0.000007
30292 0.000005
30293 0.000020
30294 0.000042
30295 0.000039
30296 0.000025
30297 0.000029
30298 0.000035
30299 0.000048
30300 0.000064
30301 0.000021
30302 0.000012
30303 0.000017
30304 0.000018
30305 0.000013
30306 0.000009
30307 0.000020
30308 0.000009
30309 0.000010
30310 0.000015
30311 0.000024
30312 0.000013
30313 0.000014
30314 0.000021
30315 0.000027
30316 0.000011
30317 0.000012
30318 0.000008
30319 0.000024
30320 0.000023
30321 0.000027
30322 0.000014
30323 0.000020
30324 0.000029
30325 0.000018
30326 0.000011
30327 0.000018
30328 0.000011
30329 0.000032
30330 0.000012
30331 0.000032
30332 0.000017
30333 0.000025
30334 0.000018
30335 0.000017
30336 0.000010
30337 0.000012
30338 0.000006
30339 0.000023
30340 0.000019
30341 0.000033
30342 0.000019
30343 0.000034
30344 0.000020
30345 0.000018
30346 0.000033
30347 0.000036
30348 0.000043
30349 0.000015
30350 0.000018
30351 0.000030
30352 0.000042
30353 0.000017
30354 0.000015
30355 0.000016
30356 0.000015
30357 0.000013
30358 0.000016
30359 0.000016
30360 0.000024
30361 0.000013
30362 0.000048
30363 0.000033
30364 0.000017
30365 0.000020
30366 0.000007
30367 0.000010
30368 0.000028
30369 0.000017
30370 0.000008
30371 0.000008
30372 0.000009
30373 0.000006
30374 0.000008
30375 0.000010
30376 0.000015
30377 0.000024
30378 0.000021
30379 0.000026
30380 0.000040
30381 0.000020
30382 0.000014
30383 0.000009
30384 0.000007
30385 0.000006
30386 0.000005
30387 0.000010
30388 0.000014
30389 0.000024
30390 0.000027
30391 0.000029
30392 0.000029
30393 0.000011
30394 0.000020
30395 0.000007
30396 0.000009
30397 0.000018
30398 0.000013
30399 0.000018
30400 0.000030
30401 0.000016
30402 0.000012
30403 0.000022
30404 0.000014
30405 0.000015
30406 0.000028
30407 0.000027
30408 0.000039
30409 0.000023
30410 0.000022
30411 0.000026
30412 0.000015
30413 0.000016
30414 0.000022
30415 0.000022
30416 0.000012
30417 0.000019
30418 0.000032
30419 0.000012
30420 0.000021
30421 0.000021
30422 0.000014
30423 0.000007
30424 0.000006
30425 0.000006
30426 0.000005
30427 0.000022
30428 0.000036
30429 0.000031
30430 0.000034
30431 0.000022
30432 0.000033
30433 0.000055
30434 0.000027
30435 0.000014
30436 0.000020
30437 0.000006
30438 0.000022
30439 0.000012
30440 0.000014
30441 0.000025
30442 0.000016
30443 0.000010
30444 0.000007
30445 0.000009
30446 0.000018
30447 0.000011
30448 0.000007
30449 0.000006
30450 0.000013
30451 0.000006
30452 0.000008
30453 0.000016
30454 0.000010
30455 0.000019
30456 0.000011
30457 0.000012
30458 0.000008
30459 0.000010
30460 0.000011
30461 0.000012
30462 0.000008
30463 0.000005
30464 0.000005
30465 0.000014
30466 0.000009
30467 0.000007
30468 0.000009
30469 0.000011
30470 0.000016
30471 0.000010
30472 0.000017
30473 0.000010
30474 0.000019
30475 0.000039
30476 0.000046
30477 0.000045
30478 0.000047
30479 0.000043
30480 0.000044
30481 0.000022
30482 0.000013
30483 0.000014
30484 0.000009
30485 0.000013
30486 0.000058
30487 0.000028
30488 0.000027
30489 0.000014
30490 0.000017
30491 0.000031
30492 0.000020
30493 0.000021
30494 0.000017
30495 0.000031
30496 0.000016
30497 0.000019
30498 0.000025
30499 0.000019
30500 0.000019
30501 0.000027
30502 0.000015
30503 0.000016
30504 0.000007
30505 0.000018
30506 0.000027
30507 0.000011
30508 0.000029
30509 0.000091
30510 0.000025
30511 0.000028
30512 0.000015
30513 0.000006
30514 0.000005
30515 0.000020
30516 0.000037
30517 0.000043
30518 0.000039
30519 0.000039
30520 0.000028
30521 0.000027
30522 0.000029
30523 0.000021
30524 0.000023
30525 0.000026
30526 0.000016
30527 0.000017
30528 0.000010
30529 0.000007
30530 0.000017
30531 0.000022
30532 0.000030
30533 0.000031
30534 0.000041
30535 0.000026
30536 0.000010
30537 0.000006
30538 0.000008
30539 0.000016
30540 0.000021
30541 0.000021
30542 0.000023
30543 0.000013
30544 0.000011
30545 0.000018
30546 0.000011
30547 0.000020
30548 0.000039
30549 0.000036
30550 0.000025
30551 0.000024
30552 0.000023
30553 0.000023
30554 0.000022
30555 0.000030
30556 0.000012
30557 0.000008
30558 0.000010
30559 0.000011
30560 0.000008
30561 0.000009
30562 0.000020
30563 0.000034
30564 0.000031
30565 0.000015
30566 0.000006
30567 0.000008
30568 0.000026
30569 0.000031
30570 0.000024
30571 0.000023
30572 0.000010
30573 0.000014
30574 0.000015
30575 0.000020
30576 0.000016
30577 0.000011
30578 0.000010
30579 0.000027
30580 0.000015
30581 0.000006
30582 0.000016
30583 0.000026
30584 0.000035
30585 0.000022
30586 0.000035
30587 0.000018
30588 0.000019
30589 0.000006
30590 0.000016
30591 0.000010
30592 0.000017
30593 0.000019
30594 0.000029
30595 0.000014
30596 0.000015
30597 0.000032
30598 0.000028
30599 0.000024
30600 0.000044
30601 0.000035
30602 0.000012
30603 0.000026
30604 0.000014
30605 0.000015
30606 0.000022
30607 0.000014
30608 0.000009
30609 0.000031
30610 0.000016
30611 0.000043
30612 0.000015
30613 0.000009
30614 0.000010
30615 0.000007
30616 0.000008
30617 0.000014
30618 0.000012
30619 0.000015
30620 0.000013
30621 0.000013
30622 0.000008
30623 0.000031
30624 0.000057
30625 0.000027
30626 0.000022
30627 0.000021
30628 0.000012
30629 0.000011
30630 0.000013
30631 0.000014
30632 0.000011
30633 0.000012
30634 0.000039
30635 0.000044
30636 0.000022
30637 0.000012
30638 0.000014
30639 0.000030
30640 0.000021
30641 0.000012
30642 0.000013
30643 0.000021
30644 0.000021
30645 0.000018
30646 0.000018
30647 0.000031
30648 0.000029
30649 0.000035
30650 0.000018
30651 0.000046
30652 0.000025
30653 0.000028
30654 0.000015
30655 0.000016
30656 0.000016
30657 0.000028
30658 0.000027
30659 0.000028
30660 0.000016
30661 0.000017
30662 0.000024
30663 0.000027
30664 0.000031
30665 0.000041
30666 0.000038
30667 0.000022
30668 0.000022
30669 0.000022
30670 0.000019
30671 0.000044
30672 0.000049
30673 0.000051
30674 0.000065
30675 0.000032
30676 0.000030
30677 0.000016
30678 0.000032
30679 0.000017
30680 0.000010
30681 0.000025
30682 0.000038
30683 0.000017
30684 0.000019
30685 0.000019
30686 0.000036
30687 0.000044
30688 0.000063
30689 0.000058
30690 0.000019
30691 0.000013
30692 0.000013
30693 0.000022
30694 0.000016
30695 0.000036
30696 0.000018
30697 0.000021
30698 0.000021
30699 0.000009
30700 0.000011
30701 0.000012
30702 0.000013
30703 0.000017
30704 0.000015
30705 0.000015
30706 0.000012
30707 0.000016
30708 0.000010
30709 0.000005
30710 0.000007
30711 0.000016
30712 0.000018
30713 0.000035
30714 0.000018
30715 0.000006
30716 0.000019
30717 0.000041
30718 0.000027
30719 0.000026
30720 0.000035
30721 0.000033
30722 0.000034
30723 0.000032
30724 0.000017
30725 0.000035
30726 0.000037
30727 0.000022
30728 0.000008
30729 0.000016
30730 0.000037
30731 0.000048
30732 0.000065
30733 0.000039
30734 0.000026
30735 0.000025
30736 0.000014
30737 0.000028
30738 0.000015
30739 0.000031
30740 0.000016
30741 0.000017
30742 0.000013
30743 0.000014
30744 0.000006
30745 0.000018
30746 0.000029
30747 0.000031
30748 0.000016
30749 0.000017
30750 0.000030
30751 0.000020
30752 0.000023
30753 0.000021
30754 0.000012
30755 0.000021
30756 0.000011
30757 0.000017
30758 0.000025
30759 0.000030
30760 0.000028
30761 0.000027
30762 0.000026
30763 0.000010
30764 0.000009
30765 0.000007
30766 0.000008
30767 0.000019
30768 0.000035
30769 0.000018
30770 0.000024
30771 0.000010
30772 0.000011
30773 0.000011
30774 0.000016
30775 0.000014
30776 0.000009
30777 0.000016
30778 0.000016
30779 0.000017
30780 0.000007
30781 0.000011
30782 0.000008
30783 0.000012
30784 0.000010
30785 0.000018
30786 0.000018
30787 0.000018
30788 0.000011
30789 0.000012
30790 0.000013
30791 0.000009
30792 0.000015
30793 0.000017
30794 0.000013
30795 0.000014
30796 0.000009
30797 0.000020
30798 0.000018
30799 0.000024
30800 0.000033
30801 0.000037
30802 0.000034
30803 0.000036
30804 0.000013
30805 0.000006
30806 0.000008
30807 0.000017
30808 0.000008
30809 0.000006
30810 0.000004
30811 0.000010
30812 0.000034
30813 0.000043
30814 0.000012
30815 0.000013
30816 0.000021
30817 0.000012
30818 0.000031
30819 0.000016
30820 0.000010
30821 0.000020
30822 0.000009
30823 0.000004
30824 0.000005
30825 0.000008
30826 0.000029
30827 0.000043
30828 0.000021
30829 0.000023
30830 0.000019
30831 0.000019
30832 0.000057
30833 0.000029
30834 0.000015
30835 0.000020
30836 0.000020
30837 0.000015
30838 0.000010
30839 0.000015
30840 0.000007
30841 0.000009
30842 0.000029
30843 0.000031
30844 0.000024
30845 0.000013
30846 0.000009
30847 0.000007
30848 0.000020
30849 0.000009
30850 0.000026
30851 0.000040
30852 0.000015
30853 0.000010
30854 0.000007
30855 0.000025
30856 0.000016
30857 0.000024
30858 0.000021
30859 0.000012
30860 0.000033
30861 0.000042
30862 0.000023
30863 0.000030
30864 0.000022
30865 0.000022
30866 0.000021
30867 0.000028
30868 0.000046
30869 0.000031
30870 0.000012
30871 0.000008
30872 0.000006
30873 0.000006
30874 0.000016
30875 0.000022
30876 0.000019
30877 0.000022
30878 0.000012
30879 0.000013
30880 0.000014
30881 0.000023
30882 0.000030
30883 0.000022
30884 0.000035
30885 0.000018
30886 0.000035
30887 0.000018
30888 0.000028
30889 0.000015
30890 0.000030
30891 0.000024
30892 0.000022
30893 0.000015
30894 0.000031
30895 0.000013
30896 0.000009
30897 0.000005
30898 0.000018
30899 0.000036
30900 0.000034
30901 0.000045
30902 0.000019
30903 0.000021
30904 0.000024
30905 0.000024
30906 0.000023
30907 0.000010
30908 0.000029
30909 0.000022
30910 0.000012
30911 0.000021
30912 0.000021
30913 0.000012
30914 0.000013
30915 0.000014
30916 0.000009
30917 0.000005
30918 0.000007
30919 0.000006
30920 0.000014
30921 0.000020
30922 0.000011
30923 0.000015
30924 0.000009
30925 0.000013
30926 0.000018
30927 0.000007
30928 0.000045
30929 0.000022
30930 0.000017
30931 0.000013
30932 0.000013
30933 0.000009
30934 0.000012
30935 0.000013
30936 0.000024
30937 0.000023
30938 0.000010
30939 0.000012
30940 0.000036
30941 0.000034
30942 0.000032
30943 0.000019
30944 0.000011
30945 0.000023
30946 0.000013
30947 0.000027
30948 0.000014
30949 0.000016
30950 0.000027
30951 0.000031
30952 0.000029
30953 0.000016
30954 0.000015
30955 0.000024
30956 0.000024
30957 0.000019
30958 0.000049
30959 0.000045
30960 0.000016
30961 0.000016
30962 0.000027
30963 0.000011
30964 0.000012
30965 0.000017
30966 0.000014
30967 0.000021
30968 0.000030
30969 0.000016
30970 0.000010
30971 0.000020
30972 0.000011
30973 0.000018
30974 0.000012
30975 0.000026
30976 0.000008
30977 0.000004
30978 0.000005
30979 0.000016
30980 0.000010
30981 0.000013
30982 0.000051
30983 0.000032
30984 0.000020
30985 0.000028
30986 0.000020
30987 0.000020
30988 0.000009
30989 0.000018
30990 0.000007
30991 0.000009
30992 0.000018
30993 0.000018
30994 0.000020
30995 0.000032
30996 0.000021
30997 0.000026
30998 0.000014
30999 0.000017
31000 0.000034
31001 0.000021
31002 0.000027
31003 0.000037
31004 0.000057
31005 0.000059
31006 0.000053
31007 0.000053
31008 0.000025
31009 0.000017
31010 0.000023
31011 0.000037
31012 0.000038
31013 0.000047
31014 0.000048
31015 0.000017
31016 0.000005
31017 0.000008
31018 0.000015
31019 0.000016
31020 0.000019
31021 0.000011
31022 0.000012
31023 0.000017
31024 0.000020
31025 0.000025
31026 0.000037
31027 0.000031
31028 0.000016
31029 0.000024
31030 0.000027
31031 0.000012
31032 0.000013
31033 0.000008
31034 0.000015
31035 0.000025
31036 0.000024
31037 0.000016
31038 0.000017
31039 0.000023
31040 0.000023
31041 0.000013
31042 0.000037
31043 0.000046
31044 0.000016
31045 0.000017
31046 0.000017
31047 0.000032
31048 0.000016
31049 0.000016
31050 0.000010
31051 0.000010
31052 0.000006
31053 0.000009
31054 0.000018
31055 0.000036
31056 0.000033
31057 0.000029
31058 0.000011
31059 0.000013
31060 0.000007
31061 0.000017
31062 0.000017
31063 0.000029
31064 0.000023
31065 0.000010
31066 0.000016
31067 0.000013
31068 0.000014
31069 0.000011
31070 0.000011
31071 0.000025
31072 0.000030
31073 0.000012
31074 0.000013
31075 0.000015
31076 0.000007
31077 0.000005
31078 0.000024
31079 0.000029
31080 0.000018
31081 0.000014
31082 0.000017
31083 0.000014
31084 0.000016
31085 0.000018
31086 0.000022
31087 0.000015
31088 0.000017
31089 0.000014
31090 0.000006
31091 0.000018
31092 0.000034
31093 0.000032
31094 0.000018
31095 0.000042
31096 0.000044
31097 0.000016
31098 0.000016
31099 0.000017
31100 0.000032
31101 0.000032
31102 0.000030
31103 0.000012
31104 0.000008
31105 0.000023
31106 0.000025
31107 0.000024
31108 0.000010
31109 0.000007
31110 0.000006
31111 0.000006
31112 0.000052
31113 0.000027
31114 0.000039
31115 0.000022
31116 0.000034
31117 0.000014
31118 0.000020
31119 0.000016
31120 0.000012
31121 0.000009
31122 0.000006
31123 0.000024
31124 0.000024
31125 0.000024
31126 0.000030
31127 0.000026
31128 0.000027
31129 0.000025
31130 0.000026
31131 0.000027
31132 0.000026
31133 0.000030
31134 0.000016
31135 0.000030
31136 0.000031
31137 0.000015
31138 0.000015
31139 0.000016
31140 0.000014
31141 0.000012
31142 0.000013
31143 0.000016
31144 0.000036
31145 0.000040
31146 0.000029
31147 0.000024
31148 0.000030
31149 0.000016
31150 0.000008
31151 0.000013
31152 0.000011
31153 0.000015
31154 0.000016
31155 0.000018
31156 0.000013
31157 0.000035
31158 0.000025
31159 0.000014
31160 0.000024
31161 0.000023
31162 0.000036
31163 0.000037
31164 0.000034
31165 0.000032
31166 0.000014
31167 0.000024
31168 0.000041
31169 0.000042
31170 0.000043
31171 0.000026
31172 0.000014
31173 0.000018
31174 0.000028
31175 0.000021
31176 0.000024
31177 0.000035
31178 0.000021
31179 0.000021
31180 0.000009
31181 0.000005
31182 0.000005
31183 0.000012
31184 0.000018
31185 0.000021
31186 0.000021
31187 0.000019
31188 0.000015
31189 0.000015
31190 0.000019
31191 0.000019
31192 0.000006
31193 0.000010
31194 0.000025
31195 0.000016
31196 0.000016
31197 0.000026
31198 0.000019
31199 0.000011
31200 0.000012
31201 0.000013
31202 0.000019
31203 0.000032
31204 0.000014
31205 0.000030
31206 0.000037
31207 0.000027
31208 0.000026
31209 0.000031
31210 0.000019
31211 0.000022
31212 0.000012
31213 0.000008
31214 0.000013
31215 0.000008
31216 0.000010
31217 0.000006
31218 0.000011
31219 0.000026
31220 0.000015
31221 0.000029
31222 0.000027
31223 0.000053
31224 0.000026
31225 0.000038
31226 0.000046
31227 0.000036
31228 0.000024
31229 0.000033
31230 0.000035
31231 0.000013
31232 0.000021
31233 0.000016
31234 0.000015
31235 0.000007
31236 0.000007
31237 0.000021
31238 0.000008
31239 0.000008
31240 0.000013
31241 0.000008
31242 0.000005
31243 0.000008
31244 0.000006
31245 0.000008
31246 0.000007
31247 0.000027
31248 0.000035
31249 0.000013
31250 0.000032
31251 0.000012
31252 0.000008
31253 0.000013
31254 0.000009
31255 0.000009
31256 0.000017
31257 0.000021
31258 0.000029
31259 0.000043
31260 0.000050
31261 0.000050
31262 0.000021
31263 0.000009
31264 0.000013
31265 0.000025
31266 0.000014
31267 0.000027
31268 0.000030
31269 0.000040
31270 0.000026
31271 0.000025
31272 0.000014
31273 0.000015
31274 0.000017
31275 0.000022
31276 0.000032
31277 0.000021
31278 0.000009
31279 0.000015
31280 0.000016
31281 0.000019
31282 0.000019
31283 0.000007
31284 0.000027
31285 0.000026
31286 0.000020
31287 0.000020
31288 0.000011
31289 0.000053
31290 0.000017
31291 0.000010
31292 0.000020
31293 0.000020
31294 0.000017
31295 0.000017
31296 0.000020
31297 0.000040
31298 0.000037
31299 0.000013
31300 0.000021
31301 0.000019
31302 0.000011
31303 0.000025
31304 0.000037
31305 0.000034
31306 0.000013
31307 0.000025
31308 0.000010
31309 0.000011
31310 0.000038
31311 0.000014
31312 0.000022
31313 0.000022
31314 0.000024
31315 0.000023
31316 0.000023
31317 0.000016
31318 0.000016
31319 0.000031
31320 0.000026
31321 0.000030
31322 0.000029
31323 0.000015
31324 0.000006
31325 0.000006
31326 0.000008
31327 0.000012
31328 0.000017
31329 0.000037
31330 0.000019
31331 0.000025
31332 0.000010
31333 0.000012
31334 0.000011
31335 0.000033
31336 0.000035
31337 0.000033
31338 0.000031
31339 0.000030
31340 0.000012
31341 0.000017
31342 0.000014
31343 0.000019
31344 0.000007
31345 0.000013
31346 0.000014
31347 0.000021
31348 0.000009
31349 0.000013
31350 0.000014
31351 0.000041
31352 0.000038
31353 0.000024
31354 0.000031
31355 0.000020
31356 0.000021
31357 0.000016
31358 0.000010
31359 0.000007
31360 0.000022
31361 0.000013
31362 0.000014
31363 0.000014
31364 0.000011
31365 0.000008
31366 0.000009
31367 0.000019
31368 0.000011
31369 0.000014
31370 0.000022
31371 0.000020
31372 0.000032
31373 0.000015
31374 0.000018
31375 0.000031
31376 0.000029
31377 0.000015
31378 0.000021
31379 0.000021
31380 0.000032
31381 0.000030
31382 0.000011
31383 0.000011
31384 0.000012
31385 0.000016
31386 0.000017
31387 0.000008
31388 0.000017
31389 0.000018
31390 0.000021
31391 0.000023
31392 0.000022
31393 0.000016
31394 0.000006
31395 0.000006
31396 0.000013
31397 0.000014
31398 0.000033
31399 0.000048
31400 0.000051
31401 0.000049
31402 0.000045
31403 0.000041
31404 0.000026
31405 0.000033
31406 0.000018
31407 0.000026
31408 0.000026
31409 0.000027
31410 0.000041
31411 0.000012
31412 0.000017
31413 0.000021
31414 0.000007
31415 0.000005
31416 0.000013
31417 0.000009
31418 0.000031
31419 0.000016
31420 0.000013
31421 0.000021
31422 0.000016
31423 0.000010
31424 0.000026
31425 0.000032
31426 0.000022
31427 0.000024
31428 0.000031
31429 0.000012
31430 0.000014
31431 0.000024
31432 0.000027
31433 0.000018
31434 0.000021
31435 0.000031
31436 0.000016
31437 0.000017
31438 0.000019
31439 0.000019
31440 0.000020
31441 0.000021
31442 0.000014
31443 0.000024
31444 0.000029
31445 0.000015
31446 0.000016
31447 0.000019
31448 0.000019
31449 0.000024
31450 0.000031
31451 0.000051
31452 0.000046
31453 0.000022
31454 0.000012
31455 0.000019
31456 0.000013
31457 0.000017
31458 0.000016
31459 0.000012
31460 0.000006
31461 0.000015
31462 0.000016
31463 0.000019
31464 0.000026
31465 0.000015
31466 0.000007
31467 0.000030
31468 0.000016
31469 0.000016
31470 0.000014
31471 0.000015
31472 0.000017
31473 0.000028
31474 0.000027
31475 0.000030
31476 0.000038
31477 0.000029
31478 0.000022
31479 0.000009
31480 0.000011
31481 0.000010
31482 0.000017
31483 0.000033
31484 0.000039
31485 0.000045
31486 0.000016
31487 0.000032
31488 0.000030
31489 0.000029
31490 0.000015
31491 0.000016
31492 0.000025
31493 0.000024
31494 0.000010
31495 0.000016
31496 0.000019
31497 0.000026
31498 0.000017
31499 0.000017
31500 0.000010
31501 0.000017
31502 0.000027
31503 0.000014
31504 0.000019
31505 0.000015
31506 0.000033
31507 0.000012
31508 0.000020
31509 0.000006
31510 0.000008
31511 0.000008
31512 0.000010
31513 0.000014
31514 0.000007
31515 0.000018
31516 0.000008
31517 0.000019
31518 0.000018
31519 0.000036
31520 0.000041
31521 0.000020
31522 0.000024
31523 0.000025
31524 0.000033
31525 0.000032
31526 0.000016
31527 0.000010
31528 0.000014
31529 0.000015
31530 0.000031
31531 0.000016
31532 0.000036
31533 0.000034
31534 0.000017
31535 0.000018
31536 0.000007
31537 0.000005
31538 0.000007
31539 0.000005
31540 0.000007
31541 0.000009
31542 0.000018
31543 0.000025
31544 0.000010
31545 0.000015
31546 0.000014
31547 0.000030
31548 0.000039
31549 0.000036
31550 0.000022
31551 0.000022
31552 0.000012
31553 0.000033
31554 0.000017
31555 0.000020
31556 0.000013
31557 0.000012
31558 0.000008
31559 0.000020
31560 0.000027
31561 0.000026
31562 0.000020
31563 0.000012
31564 0.000034
31565 0.000024
31566 0.000010
31567 0.000011
31568 0.000015
31569 0.000016
31570 0.000016
31571 0.000020
31572 0.000011
31573 0.000014
31574 0.000009
31575 0.000026
31576 0.000018
31577 0.000023
31578 0.000021
31579 0.000039
31580 0.000024
31581 0.000024
31582 0.000018
31583 0.000013
31584 0.000009
31585 0.000015
31586 0.000009
31587 0.000019
31588 0.000028
31589 0.000038
31590 0.000056
31591 0.000054
31592 0.000049
31593 0.000058
31594 0.000059
31595 0.000063
31596 0.000039
31597 0.000011
31598 0.000012
31599 0.000008
31600 0.000017
31601 0.000015
31602 0.000007
31603 0.000024
31604 0.000039
31605 0.000020
31606 0.000027
31607 0.000011
31608 0.000030
31609 0.000028
31610 0.000016
31611 0.000010
31612 0.000017
31613 0.000008
31614 0.000006
31615 0.000009
31616 0.000016
31617 0.000024
31618 0.000029
31619 0.000021
31620 0.000022
31621 0.000032
31622 0.000035
31623 0.000021
31624 0.000015
31625 0.000014
31626 0.000010
31627 0.000007
31628 0.000017
31629 0.000010
31630 0.000021
31631 0.000016
31632 0.000006
31633 0.000008
31634 0.000013
31635 0.000016
31636 0.000015
31637 0.000012
31638 0.000008
31639 0.000015
31640 0.000016
31641 0.000016
31642 0.000006
31643 0.000008
31644 0.000009
31645 0.000005
31646 0.000005
31647 0.000004
31648 0.000005
31649 0.000032
31650 0.000017
31651 0.000032
31652 0.000031
31653 0.000029
31654 0.000028
31655 0.000015
31656 0.000018
31657 0.000029
31658 0.000023
31659 0.000023
31660 0.000008
31661 0.000006
31662 0.000010
31663 0.000007
31664 0.000013
31665 0.000022
31666 0.000031
31667 0.000016
31668 0.000010
31669 0.000008
31670 0.000009
31671 0.000007
31672 0.000009
31673 0.000011
31674 0.000017
31675 0.000024
31676 0.000013
31677 0.000017
31678 0.000007
31679 0.000015
31680 0.000016
31681 0.000010
31682 0.000011
31683 0.000015
31684 0.000016
31685 0.000020
31686 0.000032
31687 0.000021
31688 0.000021
31689 0.000029
31690 0.000015
31691 0.000010
31692 0.000008
31693 0.000015
31694 0.000014
31695 0.000019
31696 0.000011
31697 0.000022
31698 0.000037
31699 0.000050
31700 0.000017
31701 0.000012
31702 0.000006
31703 0.000020
31704 0.000020
31705 0.000011
31706 0.000011
31707 0.000016
31708 0.000009
31709 0.000026
31710 0.000031
31711 0.000031
31712 0.000021
31713 0.000014
31714 0.000012
31715 0.000008
31716 0.000008
31717 0.000010
31718 0.000018
31719 0.000019
31720 0.000042
31721 0.000027
31722 0.000020
31723 0.000015
31724 0.000016
31725 0.000021
31726 0.000017
31727 0.000010
31728 0.000007
31729 0.000007
31730 0.000004
31731 0.000005
31732 0.000007
31733 0.000009
31734 0.000032
31735 0.000025
31736 0.000010
31737 0.000006
31738 0.000008
31739 0.000015
31740 0.000007
31741 0.000013
31742 0.000017
31743 0.000018
31744 0.000018
31745 0.000018
31746 0.000017
31747 0.000010
31748 0.000022
31749 0.000012
31750 0.000009
31751 0.000010
31752 0.000020
31753 0.000011
31754 0.000015
31755 0.000022
31756 0.000009
31757 0.000007
31758 0.000006
31759 0.000005
31760 0.000025
31761 0.000010
31762 0.000006
31763 0.000034
31764 0.000017
31765 0.000018
31766 0.000026
31767 0.000027
31768 0.000011
31769 0.000012
31770 0.000021
31771 0.000029
31772 0.000015
31773 0.000028
31774 0.000026
31775 0.000026
31776 0.000025
31777 0.000020
31778 0.000009
31779 0.000014
31780 0.000021
31781 0.000015
31782 0.000014
31783 0.000015
31784 0.000013
31785 0.000013
31786 0.000020
31787 0.000026
31788 0.000014
31789 0.000007
31790 0.000025
31791 0.000022
31792 0.000012
31793 0.000006
31794 0.000008
31795 0.000025
31796 0.000035
31797 0.000033
31798 0.000031
31799 0.000029
31800 0.000019
31801 0.000010
31802 0.000037
31803 0.000047
31804 0.000023
31805 0.000024
31806 0.000030
31807 0.000047
31808 0.000043
31809 0.000040
31810 0.000054
31811 0.000049
31812 0.000024
31813 0.000023
31814 0.000013
31815 0.000023
31816 0.000036
31817 0.000023
31818 0.000014
31819 0.000015
31820 0.000007
31821 0.000013
31822 0.000005
31823 0.000013
31824 0.000013
31825 0.000014
31826 0.000029
31827 0.000021
31828 0.000021
31829 0.000038
31830 0.000014
31831 0.000006
31832 0.000005
31833 0.000020
31834 0.000017
31835 0.000017
31836 0.000029
31837 0.000030
31838 0.000018
31839 0.000011
31840 0.000013
31841 0.000008
31842 0.000013
31843 0.000006
31844 0.000008
31845 0.000007
31846 0.000015
31847 0.000006
31848 0.000013
31849 0.000018
31850 0.000010
31851 0.000012
31852 0.000008
31853 0.000007
31854 0.000006
31855 0.000020
31856 0.000020
31857 0.000032
31858 0.000028
31859 0.000016
31860 0.000008
31861 0.000023
31862 0.000022
31863 0.000026
31864 0.000051
31865 0.000018
31866 0.000024
31867 0.000024
31868 0.000029
31869 0.000015
31870 0.000008
31871 0.000019
31872 0.000025
31873 0.000026
31874 0.000014
31875 0.000006
31876 0.000006
31877 0.000007
31878 0.000017
31879 0.000018
31880 0.000027
31881 0.000031
31882 0.000012
31883 0.000021
31884 0.000015
31885 0.000021
31886 0.000026
31887 0.000021
31888 0.000033
31889 0.000019
31890 0.000020
31891 0.000023
31892 0.000028
31893 0.000015
31894 0.000007
31895 0.000005
31896 0.000011
31897 0.000014
31898 0.000007
31899 0.000019
31900 0.000030
31901 0.000028
31902 0.000025
31903 0.000033
31904 0.000024
31905 0.000029
31906 0.000017
31907 0.000008
31908 0.000010
31909 0.000007
31910 0.000025
31911 0.000024
31912 0.000017
31913 0.000018
31914 0.000022
31915 0.000015
31916 0.000007
31917 0.000009
31918 0.000008
31919 0.000011
31920 0.000006
31921 0.000008
31922 0.000014
31923 0.000021
31924 0.000010
31925 0.000009
31926 0.000019
31927 0.000021
31928 0.000031
31929 0.000016
31930 0.000017
31931 0.000019
31932 0.000018
31933 0.000018
31934 0.000019
31935 0.000013
31936 0.000007
31937 0.000004
31938 0.000013
31939 0.000016
31940 0.000010
31941 0.000017
31942 0.000008
31943 0.000006
31944 0.000006
31945 0.000015
31946 0.000009
31947 0.000007
31948 0.000005
31949 0.000012
31950 0.000019
31951 0.000007
31952 0.000010
31953 0.000007
31954 0.000019
31955 0.000008
31956 0.000014
31957 0.000009
31958 0.000013
31959 0.000018
31960 0.000013
31961 0.000023
31962 0.000029
31963 0.000032
31964 0.000030
31965 0.000038
31966 0.000020
31967 0.000018
31968 0.000024
31969 0.000013
31970 0.000013
31971 0.000028
31972 0.000020
31973 0.000030
31974 0.000016
31975 0.000018
31976 0.000011
31977 0.000014
31978 0.000022
31979 0.000018
31980 0.000018
31981 0.000008
31982 0.000016
31983 0.000032
31984 0.000012
31985 0.000014
31986 0.000006
31987 0.000006
31988 0.000011
31989 0.000013
31990 0.000017
31991 0.000018
31992 0.000010
31993 0.000019
31994 0.000021
31995 0.000031
31996 0.000016
31997 0.000011
31998 0.000013
31999 0.000008
32000 0.000007
32001 0.000011
32002 0.000019
32003 0.000023
32004 0.000018
32005 0.000018
32006 0.000035
32007 0.000033
32008 0.000018
32009 0.000011
32010 0.000006
32011 0.000008
32012 0.000006
32013 0.000006
32014 0.000008
32015 0.000006
32016 0.000017
32017 0.000026
32018 0.000013
32019 0.000008
32020 0.000005
32021 0.000005
32022 0.000026
32023 0.000014
32024 0.000018
32025 0.000018
32026 0.000023
32027 0.000026
32028 0.000039
32029 0.000043
32030 0.000028
32031 0.000020
32032 0.000011
32033 0.000014
32034 0.000038
32035 0.000014
32036 0.000007
32037 0.000014
32038 0.000011
32039 0.000025
32040 0.000011
32041 0.000025
32042 0.000049
32043 0.000045
32044 0.000041
32045 0.000022
32046 0.000022
32047 0.000012
32048 0.000021
32049 0.000012
32050 0.000013
32051 0.000035
32052 0.000033
32053 0.000049
32054 0.000024
32055 0.000043
32056 0.000035
32057 0.000033
32058 0.000012
32059 0.000008
32060 0.000024
32061 0.000018
32062 0.000021
32063 0.000013
32064 0.000035
32065 0.000052
32066 0.000025
32067 0.000033
32068 0.000017
32069 0.000008
32070 0.000006
32071 0.000027
32072 0.000026
32073 0.000009
32074 0.000005
32075 0.000020
32076 0.000020
32077 0.000009
32078 0.000005
32079 0.000008
32080 0.000018
32081 0.000011
32082 0.000027
32083 0.000014
32084 0.000032
32085 0.000017
32086 0.000016
32087 0.000010
32088 0.000007
32089 0.000026
32090 0.000019
32091 0.000029
32092 0.000036
32093 0.000033
32094 0.000031
32095 0.000014
32096 0.000007
32097 0.000030
32098 0.000035
32099 0.000042
32100 0.000058
32101 0.000019
32102 0.000020
32103 0.000037
32104 0.000020
32105 0.000007
32106 0.000018
32107 0.000037
32108 0.000022
32109 0.000025
32110 0.000020
32111 0.000020
32112 0.000025
32113 0.000029
32114 0.000025
32115 0.000028
32116 0.000015
32117 0.000009
32118 0.000011
32119 0.000015
32120 0.000019
32121 0.000012
32122 0.000012
32123 0.000030
32124 0.000037
32125 0.000019
32126 0.000008
32127 0.000013
32128 0.000011
32129 0.000018
32130 0.000011
32131 0.000012
32132 0.000023
32133 0.000016
32134 0.000022
32135 0.000009
32136 0.000023
32137 0.000026
32138 0.000039
32139 0.000025
32140 0.000016
32141 0.000019
32142 0.000019
32143 0.000016
32144 0.000028
32145 0.000009
32146 0.000016
32147 0.000016
32148 0.000024
32149 0.000013
32150 0.000017
32151 0.000017
32152 0.000010
32153 0.000014
32154 0.000013
32155 0.000017
32156 0.000016
32157 0.000023
32158 0.000016
32159 0.000008
32160 0.000014
32161 0.000006
32162 0.000006
32163 0.000005
32164 0.000011
32165 0.000009
32166 0.000011
32167 0.000012
32168 0.000006
32169 0.000006
32170 0.000012
32171 0.000015
32172 0.000009
32173 0.000017
32174 0.000010
32175 0.000012
32176 0.000013
32177 0.000012
32178 0.000017
32179 0.000010
32180 0.000035
32181 0.000046
32182 0.000034
32183 0.000035
32184 0.000052
32185 0.000049
32186 0.000034
32187 0.000053
32188 0.000052
32189 0.000053
32190 0.000042
32191 0.000039
32192 0.000020
32193 0.000007
32194 0.000006
32195 0.000006
32196 0.000033
32197 0.000031
32198 0.000032
32199 0.000017
32200 0.000008
32201 0.000010
32202 0.000011
32203 0.000021
32204 0.000017
32205 0.000017
32206 0.000036
32207 0.000018
32208 0.000019
32209 0.000036
32210 0.000035
32211 0.000034
32212 0.000028
32213 0.000025
32214 0.000013
32215 0.000014
32216 0.000021
32217 0.000029
32218 0.000009
32219 0.000009
32220 0.000011
32221 0.000008
32222 0.000025
32223 0.000021
32224 0.000012
32225 0.000013
32226 0.000007
32227 0.000013
32228 0.000014
32229 0.000024
32230 0.000013
32231 0.000009
32232 0.000012
32233 0.000023
32234 0.000013
32235 0.000011
32236 0.000014
32237 0.000010
32238 0.000032
32239 0.000014
32240 0.000015
32241 0.000007
32242 0.000014
32243 0.000028
32244 0.000018
32245 0.000031
32246 0.000016
32247 0.000018
32248 0.000011
32249 0.000018
32250 0.000025
32251 0.000015
32252 0.000017
32253 0.000017
32254 0.000008
32255 0.000010
32256 0.000006
32257 0.000008
32258 0.000033
32259 0.000036
32260 0.000009
32261 0.000010
32262 0.000007
32263 0.000017
32264 0.000017
32265 0.000023
32266 0.000013
32267 0.000025
32268 0.000032
32269 0.000029
32270 0.000014
32271 0.000028
32272 0.000026
32273 0.000029
32274 0.000031
32275 0.000019
32276 0.000012
32277 0.000017
32278 0.000020
32279 0.000012
32280 0.000008
32281 0.000008
32282 0.000011
32283 0.000018
32284 0.000032
32285 0.000012
32286 0.000013
32287 0.000014
32288 0.000018
32289 0.000011
32290 0.000012
32291 0.000013
32292 0.000008
32293 0.000005
32294 0.000009
32295 0.000024
32296 0.000024
32297 0.000023
32298 0.000013
32299 0.000007
32300 0.000004
32301 0.000008
32302 0.000005
32303 0.000018
32304 0.000007
32305 0.000006
32306 0.000007
32307 0.000009
32308 0.000014
32309 0.000009
32310 0.000012
32311 0.000024
32312 0.000023
32313 0.000020
32314 0.000012
32315 0.000023
32316 0.000028
32317 0.000040
32318 0.000026
32319 0.000041
32320 0.000017
32321 0.000010
32322 0.000005
32323 0.000020
32324 0.000022
32325 0.000019
32326 0.000027
32327 0.000014
32328 0.000009
32329 0.000011
32330 0.000010
32331 0.000012
32332 0.000011
32333 0.000008
32334 0.000012
32335 0.000020
32336 0.000023
32337 0.000015
32338 0.000019
32339 0.000011
32340 0.000033
32341 0.000021
32342 0.000024
32343 0.000024
32344 0.000027
32345 0.000020
32346 0.000020
32347 0.000013
32348 0.000018
32349 0.000022
32350 0.000030
32351 0.000023
32352 0.000009
32353 0.000006
32354 0.000008
32355 0.000018
32356 0.000018
32357 0.000018
32358 0.000028
32359 0.000029
32360 0.000015
32361 0.000021
32362 0.000014
32363 0.000023
32364 0.000020
32365 0.000015
32366 0.000016
32367 0.000034
32368 0.000019
32369 0.000029
32370 0.000043
32371 0.000025
32372 0.000021
32373 0.000014
32374 0.000017
32375 0.000008
32376 0.000006
32377 0.000020
32378 0.000009
32379 0.000011
32380 0.000012
32381 0.000031
32382 0.000023
32383 0.000009
32384 0.000024
32385 0.000032
32386 0.000014
32387 0.000009
32388 0.000019
32389 0.000015
32390 0.000016
32391 0.000008
32392 0.000020
32393 0.000020
32394 0.000012
32395 0.000018
32396 0.000022
32397 0.000029
32398 0.000015
32399 0.000007
32400 0.000015
32401 0.000007
32402 0.000025
32403 0.000014
32404 0.000009
32405 0.000010
32406 0.000013
32407 0.000008
32408 0.000023
32409 0.000013
32410 0.000014
32411 0.000007
32412 0.000007
32413 0.000018
32414 0.000034
32415 0.000021
32416 0.000012
32417 0.000007
32418 0.000005
32419 0.000025
32420 0.000034
32421 0.000016
32422 0.000010
32423 0.000007
32424 0.000013
32425 0.000010
32426 0.000011
32427 0.000028
32428 0.000008
32429 0.000010
32430 0.000047
32431 0.000043
32432 0.000030
32433 0.000016
32434 0.000016
32435 0.000006
32436 0.000025
32437 0.000035
32438 0.000052
32439 0.000025
32440 0.000018
32441 0.000023
32442 0.000044
32443 0.000022
32444 0.000009
32445 0.000017
32446 0.000028
32447 0.000015
32448 0.000009
32449 0.000014
32450 0.000024
32451 0.000021
32452 0.000024
32453 0.000034
32454 0.000015
32455 0.000020
32456 0.000034
32457 0.000017
32458 0.000018
32459 0.000008
32460 0.000010
32461 0.000023
32462 0.000026
32463 0.000021
32464 0.000021
32465 0.000021
32466 0.000022
32467 0.000015
32468 0.000019
32469 0.000026
32470 0.000028
32471 0.000050
32472 0.000014
32473 0.000022
32474 0.000019
32475 0.000036
32476 0.000039
32477 0.000019
32478 0.000011
32479 0.000013
32480 0.000021
32481 0.000012
32482 0.000016
32483 0.000007
32484 0.000009
32485 0.000010
32486 0.000025
32487 0.000022
32488 0.000021
32489 0.000017
32490 0.000008
32491 0.000006
32492 0.000012
32493 0.000021
32494 0.000046
32495 0.000042
32496 0.000046
32497 0.000047
32498 0.000023
32499 0.000019
32500 0.000019
32501 0.000006
32502 0.000008
32503 0.000007
32504 0.000006
32505 0.000013
32506 0.000009
32507 0.000014
32508 0.000011
32509 0.000013
32510 0.000014
32511 0.000005
32512 0.000017
32513 0.000010
32514 0.000029
32515 0.000035
32516 0.000030
32517 0.000029
32518 0.000025
32519 0.000014
32520 0.000030
32521 0.000017
32522 0.000007
32523 0.000009
32524 0.000020
32525 0.000024
32526 0.000034
32527 0.000017
32528 0.000024
32529 0.000022
32530 0.000016
32531 0.000017
32532 0.000027
32533 0.000034
32534 0.000032
32535 0.000017
32536 0.000023
32537 0.000022
32538 0.000040
32539 0.000037
32540 0.000024
32541 0.000019
32542 0.000016
32543 0.000021
32544 0.000014
32545 0.000016
32546 0.000017
32547 0.000010
32548 0.000010
32549 0.000016
32550 0.000016
32551 0.000017
32552 0.000028
32553 0.000021
32554 0.000012
32555 0.000014
32556 0.000025
32557 0.000029
32558 0.000045
32559 0.000027
32560 0.000014
32561 0.000009
32562 0.000006
32563 0.000018
32564 0.000008
32565 0.000006
32566 0.000015
32567 0.000016
32568 0.000013
32569 0.000014
32570 0.000017
32571 0.000028
32572 0.000034
32573 0.000017
32574 0.000021
32575 0.000032
32576 0.000015
32577 0.000010
32578 0.000016
32579 0.000019
32580 0.000011
32581 0.000006
32582 0.000005
32583 0.000005
32584 0.000005
32585 0.000004
32586 0.000004
32587 0.000012
32588 0.000013
32589 0.000015
32590 0.000014
32591 0.000012
32592 0.000013
32593 0.000023
32594 0.000029
32595 0.000011
32596 0.000011
32597 0.000012
32598 0.000007
32599 0.000006
32600 0.000016
32601 0.000013
32602 0.000009
32603 0.000007
32604 0.000018
32605 0.000018
32606 0.000029
32607 0.000015
32608 0.000038
32609 0.000038
32610 0.000027
32611 0.000036
32612 0.000026
32613 0.000056
32614 0.000063
32615 0.000016
32616 0.000010
32617 0.000016
32618 0.000016
32619 0.000008
32620 0.000018
32621 0.000011
32622 0.000012
32623 0.000030
32624 0.000012
32625 0.000019
32626 0.000011
32627 0.000011
32628 0.000012
32629 0.000008
32630 0.000016
32631 0.000024
32632 0.000048
32633 0.000024
32634 0.000015
32635 0.000021
32636 0.000009
32637 0.000007
32638 0.000012
32639 0.000021
32640 0.000024
32641 0.000024
32642 0.000010
32643 0.000013
32644 0.000010
32645 0.000019
32646 0.000020
32647 0.000018
32648 0.000011
32649 0.000016
32650 0.000010
32651 0.000012
32652 0.000013
32653 0.000027
32654 0.000013
32655 0.000039
32656 0.000059
32657 0.000071
32658 0.000033
32659 0.000020
32660 0.000020
32661 0.000013
32662 0.000032
32663 0.000031
32664 0.000016
32665 0.000039
32666 0.000014
32667 0.000033
32668 0.000035
32669 0.000018
32670 0.000011
32671 0.000019
32672 0.000021
32673 0.000029
32674 0.000034
32675 0.000036
32676 0.000013
32677 0.000015
32678 0.000006
32679 0.000010
32680 0.000005
32681 0.000004
32682 0.000006
32683 0.000008
32684 0.000005
32685 0.000018
32686 0.000021
32687 0.000021
32688 0.000012
32689 0.000009
32690 0.000017
32691 0.000034
32692 0.000040
32693 0.000053
32694 0.000036
32695 0.000038
32696 0.000036
32697 0.000029
32698 0.000015
32699 0.000029
32700 0.000033
32701 0.000033
32702 0.000043
32703 0.000015
32704 0.000013
32705 0.000010
32706 0.000016
32707 0.000038
32708 0.000019
32709 0.000013
32710 0.000011
32711 0.000015
32712 0.000009
32713 0.000018
32714 0.000018
32715 0.000022
32716 0.000022
32717 0.000035
32718 0.000038
32719 0.000009
32720 0.000014
32721 0.000018
32722 0.000011
32723 0.000020
32724 0.000020
32725 0.000009
32726 0.000031
32727 0.000025
32728 0.000031
32729 0.000033
32730 0.000017
32731 0.000015
32732 0.000015
32733 0.000007
32734 0.000013
32735 0.000027
32736 0.000026
32737 0.000018
32738 0.000021
32739 0.000012
32740 0.000019
32741 0.000020
32742 0.000023
32743 0.000013
32744 0.000019
32745 0.000011
32746 0.000009
32747 0.000005
32748 0.000021
32749 0.000028
32750 0.000008
32751 0.000016
32752 0.000024
32753 0.000025
32754 0.000031
32755 0.000030
32756 0.000034
32757 0.000032
32758 0.000034
32759 0.000019
32760 0.000008
32761 0.000010
32762 0.000020
32763 0.000020
32764 0.000037
32765 0.000029
32766 0.000009
32767 0.000021
32768 0.000031
32769 0.000035
32770 0.000014
32771 0.000028
32772 0.000007
32773 0.000005
32774 0.000005
32775 0.000010
32776 0.000006
32777 0.000010
32778 0.000022
32779 0.000012
32780 0.000008
32781 0.000006
32782 0.000009
32783 0.000013
32784 0.000013
32785 0.000022
32786 0.000039
32787 0.000020
32788 0.000014
32789 0.000021
32790 0.000027
32791 0.000020
32792 0.000012
32793 0.000012
32794 0.000013
32795 0.000014
32796 0.000015
32797 0.000025
32798 0.000042
32799 0.000039
32800 0.000036
32801 0.000017
32802 0.000010
32803 0.000014
32804 0.000032
32805 0.000034
32806 0.000015
32807 0.000010
32808 0.000011
32809 0.000024
32810 0.000010
32811 0.000015
32812 0.000023
32813 0.000035
32814 0.000013
32815 0.000008
32816 0.000022
32817 0.000009
32818 0.000007
32819 0.000006
32820 0.000008
32821 0.000025
32822 0.000019
32823 0.000011
32824 0.000009
32825 0.000013
32826 0.000021
32827 0.000007
32828 0.000006
32829 0.000010
32830 0.000006
32831 0.000008
32832 0.000006
32833 0.000023
32834 0.000030
32835 0.000016
32836 0.000012
32837 0.000013
32838 0.000011
32839 0.000021
32840 0.000021
32841 0.000021
32842 0.000012
32843 0.000028
32844 0.000049
32845 0.000024
32846 0.000028
32847 0.000019
32848 0.000043
32849 0.000039
32850 0.000058
32851 0.000029
32852 0.000041
32853 0.000012
32854 0.000013
32855 0.000019
32856 0.000019
32857 0.000007
32858 0.000018
32859 0.000018
32860 0.000031
32861 0.000016
32862 0.000015
32863 0.000009
32864 0.000021
32865 0.000018
32866 0.000028
32867 0.000018
32868 0.000016
32869 0.000008
32870 0.000022
32871 0.000012
32872 0.000034
32873 0.000021
32874 0.000021
32875 0.000017
32876 0.000017
32877 0.000008
32878 0.000033
32879 0.000031
32880 0.000040
32881 0.000031
32882 0.000034
32883 0.000022
32884 0.000019
32885 0.000019
32886 0.000029
32887 0.000029
32888 0.000043
32889 0.000031
32890 0.000037
32891 0.000028
32892 0.000032
32893 0.000032
32894 0.000010
32895 0.000033
32896 0.000017
32897 0.000036
32898 0.000018
32899 0.000031
32900 0.000030
32901 0.000011
32902 0.000023
32903 0.000013
32904 0.000014
32905 0.000023
32906 0.000023
32907 0.000014
32908 0.000037
32909 0.000012
32910 0.000013
32911 0.000009
32912 0.000025
32913 0.000019
32914 0.000026
32915 0.000017
32916 0.000017
32917 0.000014
32918 0.000013
32919 0.000017
32920 0.000020
32921 0.000031
32922 0.000016
32923 0.000020
32924 0.000020
32925 0.000026
32926 0.000029
32927 0.000034
32928 0.000041
32929 0.000042
32930 0.000020
32931 0.000024
32932 0.000027
32933 0.000044
32934 0.000023
32935 0.000037
32936 0.000030
32937 0.000023
32938 0.000011
32939 0.000016
32940 0.000010
32941 0.000014
32942 0.000014
32943 0.000029
32944 0.000009
32945 0.000007
32946 0.000006
32947 0.000016
32948 0.000025
32949 0.000026
32950 0.000027
32951 0.000020
32952 0.000018
32953 0.000009
32954 0.000007
32955 0.000004
32956 0.000005
32957 0.000021
32958 0.000020
32959 0.000014
32960 0.000015
32961 0.000020
32962 0.000038
32963 0.000015
32964 0.000018
32965 0.000028
32966 0.000019
32967 0.000019
32968 0.000024
32969 0.000013
32970 0.000015
32971 0.000016
32972 0.000012
32973 0.000015
32974 0.000026
32975 0.000019
32976 0.000022
32977 0.000024
32978 0.000016
32979 0.000020
32980 0.000020
32981 0.000011
32982 0.000008
32983 0.000018
32984 0.000015
32985 0.000007
32986 0.000009
32987 0.000040
32988 0.000025
32989 0.000030
32990 0.000023
32991 0.000023
32992 0.000040
32993 0.000037
32994 0.000022
32995 0.000045
32996 0.000043
32997 0.000039
32998 0.000016
32999 0.000023
33000 0.000009
33001 0.000011
33002 0.000010
33003 0.000007
33004 0.000015
33005 0.000012
33006 0.000008
33007 0.000023
33008 0.000021
33009 0.000021
33010 0.000012
33011 0.000006
33012 0.000009
33013 0.000011
33014 0.000025
33015 0.000010
33016 0.000012
33017 0.000013
33018 0.000014
33019 0.000017
33020 0.000008
33021 0.000020
33022 0.000020
33023 0.000021
33024 0.000009
33025 0.000031
33026 0.000040
33027 0.000037
33028 0.000013
33029 0.000007
33030 0.000016
33031 0.000017
33032 0.000008
33033 0.000027
33034 0.000023
33035 0.000008
33036 0.000010
33037 0.000005
33038 0.000009
33039 0.000025
33040 0.000034
33041 0.000030
33042 0.000040
33043 0.000020
33044 0.000017
33045 0.000010
33046 0.000020
33047 0.000024
33048 0.000013
33049 0.000014
33050 0.000024
33051 0.000028
33052 0.000045
33053 0.000043
33054 0.000040
33055 0.000044
33056 0.000035
33057 0.000040
33058 0.000020
33059 0.000020
33060 0.000014
33061 0.000007
33062 0.000009
33063 0.000015
33064 0.000032
33065 0.000015
33066 0.000023
33067 0.000024
33068 0.000023
33069 0.000015
33070 0.000018
33071 0.000028
33072 0.000015
33073 0.000030
33074 0.000016
33075 0.000011
33076 0.000011
33077 0.000008
33078 0.000010
33079 0.000039
33080 0.000044
33081 0.000025
33082 0.000024
33083 0.000013
33084 0.000014
33085 0.000009
33086 0.000019
33087 0.000027
33088 0.000026
33089 0.000014
33090 0.000015
33091 0.000022
33092 0.000009
33093 0.000017
33094 0.000010
33095 0.000012
33096 0.000015
33097 0.000016
33098 0.000019
33099 0.000017
33100 0.000018
33101 0.000017
33102 0.000008
33103 0.000005
33104 0.000004
33105 0.000007
33106 0.000015
33107 0.000020
33108 0.000011
33109 0.000033
33110 0.000032
33111 0.000012
33112 0.000015
33113 0.000021
33114 0.000021
33115 0.000021
33116 0.000012
33117 0.000011
33118 0.000005
33119 0.000008
33120 0.000009
33121 0.000021
33122 0.000029
33123 0.000031
33124 0.000034
33125 0.000044
33126 0.000045
33127 0.000057
33128 0.000056
33129 0.000019
33130 0.000015
33131 0.000016
33132 0.000013
33133 0.000022
33134 0.000016
33135 0.000015
33136 0.000011
33137 0.000011
33138 0.000017
33139 0.000016
33140 0.000041
33141 0.000020
33142 0.000016
33143 0.000023
33144 0.000022
33145 0.000008
33146 0.000027
33147 0.000015
33148 0.000026
33149 0.000010
33150 0.000010
33151 0.000013
33152 0.000008
33153 0.000019
33154 0.000018
33155 0.000018
33156 0.000010
33157 0.000006
33158 0.000005
33159 0.000008
33160 0.000013
33161 0.000014
33162 0.000009
33163 0.000007
33164 0.000005
33165 0.000007
33166 0.000021
33167 0.000012
33168 0.000008
33169 0.000006
33170 0.000018
33171 0.000029
33172 0.000012
33173 0.000014
33174 0.000009
33175 0.000031
33176 0.000030
33177 0.000016
33178 0.000016
33179 0.000020
33180 0.000037
33181 0.000035
33182 0.000036
33183 0.000018
33184 0.000007
33185 0.000023
33186 0.000015
33187 0.000018
33188 0.000018
33189 0.000030
33190 0.000021
33191 0.000024
33192 0.000023
33193 0.000019
33194 0.000016
33195 0.000008
33196 0.000005
33197 0.000009
33198 0.000014
33199 0.000043
33200 0.000032
33201 0.000019
33202 0.000038
33203 0.000035
33204 0.000022
33205 0.000039
33206 0.000034
33207 0.000017
33208 0.000018
33209 0.000022
33210 0.000022
33211 0.000017
33212 0.000026
33213 0.000014
33214 0.000027
33215 0.000044
33216 0.000022
33217 0.000022
33218 0.000012
33219 0.000018
33220 0.000008
33221 0.000016
33222 0.000023
33223 0.000017
33224 0.000010
33225 0.000007
33226 0.000010
33227 0.000011
33228 0.000018
33229 0.000013
33230 0.000009
33231 0.000009
33232 0.000016
33233 0.000010
33234 0.000007
33235 0.000015
33236 0.000014
33237 0.000009
33238 0.000007
33239 0.000015
33240 0.000017
33241 0.000054
33242 0.000053
33243 0.000036
33244 0.000026
33245 0.000025
33246 0.000026
33247 0.000014
33248 0.000021
33249 0.000037
33250 0.000040
33251 0.000048
33252 0.000048
33253 0.000031
33254 0.000036
33255 0.000018
33256 0.000012
33257 0.000021
33258 0.000021
33259 0.000009
33260 0.000011
33261 0.000012
33262 0.000021
33263 0.000012
33264 0.000018
33265 0.000010
33266 0.000019
33267 0.000014
33268 0.000021
33269 0.000009
33270 0.000021
33271 0.000009
33272 0.000012
33273 0.000008
33274 0.000010
33275 0.000011
33276 0.000019
33277 0.000011
33278 0.000019
33279 0.000011
33280 0.000006
33281 0.000016
33282 0.000037
33283 0.000043
33284 0.000015
33285 0.000018
33286 0.000011
33287 0.000013
33288 0.000013
33289 0.000009
33290 0.000021
33291 0.000009
33292 0.000005
33293 0.000007
33294 0.000009
33295 0.000006
33296 0.000011
33297 0.000015
33298 0.000023
33299 0.000022
33300 0.000039
33301 0.000031
33302 0.000020
33303 0.000013
33304 0.000027
33305 0.000019
33306 0.000019
33307 0.000027
33308 0.000026
33309 0.000036
33310 0.000039
33311 0.000021
33312 0.000018
33313 0.000011
33314 0.000020
33315 0.000026
33316 0.000026
33317 0.000026
33318 0.000016
33319 0.000021
33320 0.000028
33321 0.000038
33322 0.000020
33323 0.000020
33324 0.000020
33325 0.000024
33326 0.000017
33327 0.000010
33328 0.000012
33329 0.000029
33330 0.000028
33331 0.000015
33332 0.000021
33333 0.000032
33334 0.000043
33335 0.000015
33336 0.000006
33337 0.000008
33338 0.000009
33339 0.000015
33340 0.000015
33341 0.000018
33342 0.000014
33343 0.000006
33344 0.000006
33345 0.000005
33346 0.000008
33347 0.000009
33348 0.000007
33349 0.000009
33350 0.000007
33351 0.000029
33352 0.000037
33353 0.000043
33354 0.000062
33355 0.000029
33356 0.000028
33357 0.000015
33358 0.000021
33359 0.000021
33360 0.000028
33361 0.000028
33362 0.000015
33363 0.000016
33364 0.000016
33365 0.000010
33366 0.000005
33367 0.000022
33368 0.000033
33369 0.000041
33370 0.000029
33371 0.000032
33372 0.000029
33373 0.000011
33374 0.000021
33375 0.000037
33376 0.000039
33377 0.000014
33378 0.000015
33379 0.000022
33380 0.000033
33381 0.000010
33382 0.000017
33383 0.000020
33384 0.000017
33385 0.000018
33386 0.000007
33387 0.000012
33388 0.000012
33389 0.000029
33390 0.000017
33391 0.000018
33392 0.000019
33393 0.000019
33394 0.000016
33395 0.000032
33396 0.000034
33397 0.000017
33398 0.000022
33399 0.000031
33400 0.000017
33401 0.000018
33402 0.000025
33403 0.000014
33404 0.000007
33405 0.000021
33406 0.000030
33407 0.000037
33408 0.000019
33409 0.000025
33410 0.000010
33411 0.000012
33412 0.000009
33413 0.000011
33414 0.000008
33415 0.000005
33416 0.000007
33417 0.000009
33418 0.000013
33419 0.000012
33420 0.000008
33421 0.000005
33422 0.000020
33423 0.000017
33424 0.000022
33425 0.000012
33426 0.000014
33427 0.000028
33428 0.000015
33429 0.000022
33430 0.000022
33431 0.000020
33432 0.000018
33433 0.000010
33434 0.000019
33435 0.000011
33436 0.000008
33437 0.000015
33438 0.000009
33439 0.000024
33440 0.000039
33441 0.000011
33442 0.000013
33443 0.000009
33444 0.000004
33445 0.000005
33446 0.000008
33447 0.000021
33448 0.000044
33449 0.000046
33450 0.000045
33451 0.000036
33452 0.000018
33453 0.000011
33454 0.000024
33455 0.000012
33456 0.000041
33457 0.000015
33458 0.000009
33459 0.000006
33460 0.000008
33461 0.000018
33462 0.000022
33463 0.000012
33464 0.000023
33465 0.000007
33466 0.000026
33467 0.000015
33468 0.000007
33469 0.000006
33470 0.000012
33471 0.000021
33472 0.000038
33473 0.000055
33474 0.000040
33475 0.000020
33476 0.000030
33477 0.000025
33478 0.000029
33479 0.000011
33480 0.000005
33481 0.000008
33482 0.000006
33483 0.000008
33484 0.000012
33485 0.000008
33486 0.000014
33487 0.000012
33488 0.000022
33489 0.000009
33490 0.000026
33491 0.000045
33492 0.000022
33493 0.000009
33494 0.000011
33495 0.000012
33496 0.000008
33497 0.000024
33498 0.000013
33499 0.000006
33500 0.000008
33501 0.000025
33502 0.000031
33503 0.000024
33504 0.000008
33505 0.000019
33506 0.000019
33507 0.000023
33508 0.000016
33509 0.000008
33510 0.000021
33511 0.000021
33512 0.000036
33513 0.000023
33514 0.000027
33515 0.000026
33516 0.000014
33517 0.000020
33518 0.000020
33519 0.000026
33520 0.000018
33521 0.000018
33522 0.000011
33523 0.000008
33524 0.000005
33525 0.000013
33526 0.000014
33527 0.000010
33528 0.000020
33529 0.000014
33530 0.000007
33531 0.000012
33532 0.000010
33533 0.000027
33534 0.000032
33535 0.000030
33536 0.000029
33537 0.000031
33538 0.000031
33539 0.000034
33540 0.000013
33541 0.000014
33542 0.000019
33543 0.000027
33544 0.000026
33545 0.000030
33546 0.000029
33547 0.000017
33548 0.000008
33549 0.000028
33550 0.000018
33551 0.000022
33552 0.000033
33553 0.000032
33554 0.000010
33555 0.000009
33556 0.000007
33557 0.000016
33558 0.000026
33559 0.000025
33560 0.000020
33561 0.000009
33562 0.000022
33563 0.000012
33564 0.000006
33565 0.000038
33566 0.000019
33567 0.000015
33568 0.000016
33569 0.000017
33570 0.000017
33571 0.000010
33572 0.000013
33573 0.000016
33574 0.000013
33575 0.000014
33576 0.000024
33577 0.000018
33578 0.000011
33579 0.000005
33580 0.000009
33581 0.000035
33582 0.000036
33583 0.000034
33584 0.000032
33585 0.000024
33586 0.000023
33587 0.000045
33588 0.000030
33589 0.000033
33590 0.000046
33591 0.000066
33592 0.000031
33593 0.000031
33594 0.000029
33595 0.000028
33596 0.000015
33597 0.000013
33598 0.000012
33599 0.000018
33600 0.000036
33601 0.000024
33602 0.000023
33603 0.000023
33604 0.000009
33605 0.000011
33606 0.000012
33607 0.000021
33608 0.000029
33609 0.000035
33610 0.000011
33611 0.000007
33612 0.000013
33613 0.000015
33614 0.000019
33615 0.000019
33616 0.000011
33617 0.000019
33618 0.000038
33619 0.000025
33620 0.000016
33621 0.000017
33622 0.000006
33623 0.000005
33624 0.000005
33625 0.000008
33626 0.000005
33627 0.000013
33628 0.000014
33629 0.000009
33630 0.000014
33631 0.000028
33632 0.000020
33633 0.000012
33634 0.000009
33635 0.000007
33636 0.000028
33637 0.000027
33638 0.000014
33639 0.000007
33640 0.000006
33641 0.000008
33642 0.000010
33643 0.000012
33644 0.000013
33645 0.000019
33646 0.000019
33647 0.000019
33648 0.000027
33649 0.000032
33650 0.000030
33651 0.000021
33652 0.000021
33653 0.000009
33654 0.000017
33655 0.000018
33656 0.000018
33657 0.000024
33658 0.000025
33659 0.000014
33660 0.000015
33661 0.000022
33662 0.000027
33663 0.000014
33664 0.000024
33665 0.000016
33666 0.000017
33667 0.000036
33668 0.000014
33669 0.000015
33670 0.000011
33671 0.000012
33672 0.000009
33673 0.000011
33674 0.000017
33675 0.000008
33676 0.000005
33677 0.000007
33678 0.000005
33679 0.000004
33680 0.000009
33681 0.000007
33682 0.000007
33683 0.000022
33684 0.000032
33685 0.000030
33686 0.000012
33687 0.000008
33688 0.000016
33689 0.000020
33690 0.000025
33691 0.000014
33692 0.000025
33693 0.000069
33694 0.000062
33695 0.000059
33696 0.000033
33697 0.000022
33698 0.000022
33699 0.000019
33700 0.000011
33701 0.000009
33702 0.000012
33703 0.000029
33704 0.000015
33705 0.000009
33706 0.000011
33707 0.000021
33708 0.000020
33709 0.000011
33710 0.000015
33711 0.000018
33712 0.000017
33713 0.000010
33714 0.000029
33715 0.000033
33716 0.000017
33717 0.000027
33718 0.000026
33719 0.000037
33720 0.000011
33721 0.000010
33722 0.000020
33723 0.000038
33724 0.000036
33725 0.000018
33726 0.000033
33727 0.000031
33728 0.000023
33729 0.000033
33730 0.000024
33731 0.000013
33732 0.000009
33733 0.000037
33734 0.000015
33735 0.000015
33736 0.000016
33737 0.000034
33738 0.000040
33739 0.000028
33740 0.000015
33741 0.000009
33742 0.000010
33743 0.000020
33744 0.000022
33745 0.000035
33746 0.000025
33747 0.000014
33748 0.000019
33749 0.000019
33750 0.000016
33751 0.000008
33752 0.000009
33753 0.000017
33754 0.000013
33755 0.000034
33756 0.000032
33757 0.000044
33758 0.000022
33759 0.000012
33760 0.000008
33761 0.000006
33762 0.000006
33763 0.000010
33764 0.000008
33765 0.000015
33766 0.000007
33767 0.000043
33768 0.000029
33769 0.000015
33770 0.000016
33771 0.000020
33772 0.000012
33773 0.000023
33774 0.000031
33775 0.000012
33776 0.000006
33777 0.000023
33778 0.000028
33779 0.000037
33780 0.000045
33781 0.000022
33782 0.000012
33783 0.000014
33784 0.000017
33785 0.000019
33786 0.000025
33787 0.000014
33788 0.000019
33789 0.000040
33790 0.000037
33791 0.000045
33792 0.000028
33793 0.000027
33794 0.000018
33795 0.000011
33796 0.000008
33797 0.000014
33798 0.000015
33799 0.000009
33800 0.000020
33801 0.000007
33802 0.000030
33803 0.000028
33804 0.000032
33805 0.000010
33806 0.000028
33807 0.000015
33808 0.000016
33809 0.000014
33810 0.000009
33811 0.000018
33812 0.000008
33813 0.000014
33814 0.000025
33815 0.000018
33816 0.000008
33817 0.000025
33818 0.000019
33819 0.000039
33820 0.000014
33821 0.000007
33822 0.000004
33823 0.000018
33824 0.000008
33825 0.000020
33826 0.000020
33827 0.000009
33828 0.000010
33829 0.000033
33830 0.000031
33831 0.000025
33832 0.000021
33833 0.000015
33834 0.000010
33835 0.000019
33836 0.000015
33837 0.000009
33838 0.000012
33839 0.000038
33840 0.000029
33841 0.000014
33842 0.000026
33843 0.000019
33844 0.000026
33845 0.000026
33846 0.000044
33847 0.000031
33848 0.000029
33849 0.000024
33850 0.000025
33851 0.000024
33852 0.000012
33853 0.000017
33854 0.000017
33855 0.000012
33856 0.000016
33857 0.000010
33858 0.000017
33859 0.000025
33860 0.000014
33861 0.000017
33862 0.000015
33863 0.000022
33864 0.000027
33865 0.000026
33866 0.000026
33867 0.000017
33868 0.000018
33869 0.000028
33870 0.000009
33871 0.000015
33872 0.000015
33873 0.000016
33874 0.000027
33875 0.000026
33876 0.000017
33877 0.000013
33878 0.000008
33879 0.000010
33880 0.000011
33881 0.000006
33882 0.000028
33883 0.000031
33884 0.000016
33885 0.000027
33886 0.000011
33887 0.000005
33888 0.000013
33889 0.000039
33890 0.000042
33891 0.000025
33892 0.000020
33893 0.000020
33894 0.000026
33895 0.000019
33896 0.000045
33897 0.000016
33898 0.000027
33899 0.000026
33900 0.000025
33901 0.000028
33902 0.000015
33903 0.000006
33904 0.000010
33905 0.000013
33906 0.000017
33907 0.000010
33908 0.000012
33909 0.000018
33910 0.000020
33911 0.000020
33912 0.000020
33913 0.000012
33914 0.000010
33915 0.000007
33916 0.000009
33917 0.000007
33918 0.000013
33919 0.000017
33920 0.000027
33921 0.000016
33922 0.000013
33923 0.000025
33924 0.000014
33925 0.000022
33926 0.000016
33927 0.000017
33928 0.000008
33929 0.000014
33930 0.000040
33931 0.000039
33932 0.000051
33933 0.000026
33934 0.000025
33935 0.000028
33936 0.000015
33937 0.000020
33938 0.000021
33939 0.000009
33940 0.000013
33941 0.000014
33942 0.000015
33943 0.000016
33944 0.000025
33945 0.000035
33946 0.000035
33947 0.000013
33948 0.000014
33949 0.000011
33950 0.000013
33951 0.000024
33952 0.000023
33953 0.000010
33954 0.000011
33955 0.000014
33956 0.000009
33957 0.000010
33958 0.000013
33959 0.000014
33960 0.000007
33961 0.000019
33962 0.000022
33963 0.000027
33964 0.000026
33965 0.000019
33966 0.000018
33967 0.000010
33968 0.000023
33969 0.000019
33970 0.000018
33971 0.000008
33972 0.000028
33973 0.000035
33974 0.000029
33975 0.000019
33976 0.000011
33977 0.000029
33978 0.000034
33979 0.000039
33980 0.000036
33981 0.000039
33982 0.000029
33983 0.000027
33984 0.000021
33985 0.000012
33986 0.000008
33987 0.000010
33988 0.000032
33989 0.000030
33990 0.000027
33991 0.000011
33992 0.000006
33993 0.000008
33994 0.000020
33995 0.000017
33996 0.000014
33997 0.000017
33998 0.000010
33999 0.000010
34000 0.000033
34001 0.000035
34002 0.000019
34003 0.000019
34004 0.000026
34005 0.000010
34006 0.000007
34007 0.000005
34008 0.000004
34009 0.000010
34010 0.000008
34011 0.000016
34012 0.000039
34013 0.000036
34014 0.000018
34015 0.000008
34016 0.000020
34017 0.000014
34018 0.000023
34019 0.000022
34020 0.000022
34021 0.000027
34022 0.000013
34023 0.000025
34024 0.000010
34025 0.000026
34026 0.000022
34027 0.000024
34028 0.000007
34029 0.000030
34030 0.000011
34031 0.000009
34032 0.000010
34033 0.000012
34034 0.000006
34035 0.000008
34036 0.000006
34037 0.000012
34038 0.000008
34039 0.000010
34040 0.000016
34041 0.000016
34042 0.000010
34043 0.000008
34044 0.000010
34045 0.000019
34046 0.000012
34047 0.000005
34048 0.000029
34049 0.000018
34050 0.000019
34051 0.000012
34052 0.000013
34053 0.000014
34054 0.000009
34055 0.000035
34056 0.000056
34057 0.000050
34058 0.000046
34059 0.000009
34060 0.000017
34061 0.000010
34062 0.000007
34063 0.000006
34064 0.000014
34065 0.000017
34066 0.000017
34067 0.000027
34068 0.000018
34069 0.000024
34070 0.000015
34071 0.000011
34072 0.000017
34073 0.000019
34074 0.000016
34075 0.000016
34076 0.000013
34077 0.000009
34078 0.000008
34079 0.000015
34080 0.000024
34081 0.000013
34082 0.000020
34083 0.000020
34084 0.000020
34085 0.000028
34086 0.000017
34087 0.000020
34088 0.000018
34089 0.000014
34090 0.000009
34091 0.000006
34092 0.000025
34093 0.000025
34094 0.000025
34095 0.000024
34096 0.000024
34097 0.000013
34098 0.000012
34099 0.000023
34100 0.000013
34101 0.000014
34102 0.000009
34103 0.000011
34104 0.000023
34105 0.000013
34106 0.000016
34107 0.000017
34108 0.000008
34109 0.000010
34110 0.000008
34111 0.000024
34112 0.000025
34113 0.000014
34114 0.000015
34115 0.000007
34116 0.000006
34117 0.000015
34118 0.000008
34119 0.000009
34120 0.000025
34121 0.000024
34122 0.000039
34123 0.000023
34124 0.000023
34125 0.000008
34126 0.000009
34127 0.000032
34128 0.000021
34129 0.000032
34130 0.000009
34131 0.000010
34132 0.000018
34133 0.000008
34134 0.000006
34135 0.000006
34136 0.000014
34137 0.000009
34138 0.000008
34139 0.000010
34140 0.000017
34141 0.000025
34142 0.000013
34143 0.000009
34144 0.000004
34145 0.000006
34146 0.000006
34147 0.000012
34148 0.000008
34149 0.000011
34150 0.000008
34151 0.000006
34152 0.000041
34153 0.000049
34154 0.000016
34155 0.000028
34156 0.000015
34157 0.000016
34158 0.000006
34159 0.000018
34160 0.000024
34161 0.000013
34162 0.000021
34163 0.000017
34164 0.000010
34165 0.000007
34166 0.000024
34167 0.000010
34168 0.000014
34169 0.000015
34170 0.000007
34171 0.000009
34172 0.000029
34173 0.000014
34174 0.000015
34175 0.000016
34176 0.000038
34177 0.000052
34178 0.000028
34179 0.000033
34180 0.000024
34181 0.000034
34182 0.000018
34183 0.000020
34184 0.000021
34185 0.000021
34186 0.000022
34187 0.000012
34188 0.000013
34189 0.000011
34190 0.000012
34191 0.000027
34192 0.000015
34193 0.000031
34194 0.000024
34195 0.000043
34196 0.000016
34197 0.000021
34198 0.000024
34199 0.000018
34200 0.000027
34201 0.000026
34202 0.000010
34203 0.000007
34204 0.000026
34205 0.000011
34206 0.000017
34207 0.000008
34208 0.000005
34209 0.000005
34210 0.000005
34211 0.000024
34212 0.000013
34213 0.000019
34214 0.000020
34215 0.000012
34216 0.000008
34217 0.000007
34218 0.000009
34219 0.000007
34220 0.000022
34221 0.000037
34222 0.000036
34223 0.000013
34224 0.000022
34225 0.000015
34226 0.000018
34227 0.000020
34228 0.000009
34229 0.000037
34230 0.000019
34231 0.000014
34232 0.000006
34233 0.000016
34234 0.000040
34235 0.000029
34236 0.000044
34237 0.000017
34238 0.000017
34239 0.000042
34240 0.000020
34241 0.000009
34242 0.000007
34243 0.000015
34244 0.000021
34245 0.000017
34246 0.000016
34247 0.000017
34248 0.000025
34249 0.000015
34250 0.000016
34251 0.000017
34252 0.000025
34253 0.000036
34254 0.000033
34255 0.000026
34256 0.000025
34257 0.000037
34258 0.000017
34259 0.000017
34260 0.000010
34261 0.000011
34262 0.000018
34263 0.000011
34264 0.000011
34265 0.000008
34266 0.000009
34267 0.000007
34268 0.000023
34269 0.000025
34270 0.000021
34271 0.000012
34272 0.000018
34273 0.000048
34274 0.000013
34275 0.000010
34276 0.000018
34277 0.000021
34278 0.000014
34279 0.000016
34280 0.000029
34281 0.000015
34282 0.000020
34283 0.000014
34284 0.000017
34285 0.000018
34286 0.000018
34287 0.000017
34288 0.000010
34289 0.000015
34290 0.000027
34291 0.000026
34292 0.000036
34293 0.000026
34294 0.000017
34295 0.000018
34296 0.000018
34297 0.000023
34298 0.000022
34299 0.000012
34300 0.000029
34301 0.000015
34302 0.000018
34303 0.000008
34304 0.000023
34305 0.000019
34306 0.000012
34307 0.000021
34308 0.000012
34309 0.000008
34310 0.000013
34311 0.000017
34312 0.000006
34313 0.000028
34314 0.000026
34315 0.000021
34316 0.000020
34317 0.000020
34318 0.000012
34319 0.000023
34320 0.000018
34321 0.000018
34322 0.000024
34323 0.000015
34324 0.000009
34325 0.000007
34326 0.000004
34327 0.000013
34328 0.000023
34329 0.000013
34330 0.000017
34331 0.000028
34332 0.000027
34333 0.000022
34334 0.000029
34335 0.000015
34336 0.000024
34337 0.000023
34338 0.000038
34339 0.000027
34340 0.000020
34341 0.000014
34342 0.000009
34343 0.000009
34344 0.000029
34345 0.000035
34346 0.000031
34347 0.000029
34348 0.000042
34349 0.000021
34350 0.000028
34351 0.000020
34352 0.000027
34353 0.000031
34354 0.000012
34355 0.000038
34356 0.000027
34357 0.000026
34358 0.000025
34359 0.000032
34360 0.000024
34361 0.000027
34362 0.000014
34363 0.000028
34364 0.000033
34365 0.000017
34366 0.000015
34367 0.000010
34368 0.000019
34369 0.000022
34370 0.000015
34371 0.000019
34372 0.000008
34373 0.000006
34374 0.000013
34375 0.000021
34376 0.000012
34377 0.000009
34378 0.000011
34379 0.000008
34380 0.000006
34381 0.000018
34382 0.000019
34383 0.000011
34384 0.000033
34385 0.000031
34386 0.000018
34387 0.000018
34388 0.000006
34389 0.000023
34390 0.000022
34391 0.000009
34392 0.000009
34393 0.000007
34394 0.000006
34395 0.000008
34396 0.000009
34397 0.000013
34398 0.000014
34399 0.000016
34400 0.000012
34401 0.000018
34402 0.000013
34403 0.000013
34404 0.000007
34405 0.000016
34406 0.000010
34407 0.000019
34408 0.000030
34409 0.000011
34410 0.000017
34411 0.000024
34412 0.000028
34413 0.000015
34414 0.000021
34415 0.000012
34416 0.000017
34417 0.000030
34418 0.000030
34419 0.000053
34420 0.000052
34421 0.000047
34422 0.000024
34423 0.000021
34424 0.000019
34425 0.000029
34426 0.000044
34427 0.000022
34428 0.000022
34429 0.000012
34430 0.000020
34431 0.000025
34432 0.000024
34433 0.000017
34434 0.000018
34435 0.000018
34436 0.000031
34437 0.000028
34438 0.000027
34439 0.000048
34440 0.000059
34441 0.000020
34442 0.000058
34443 0.000031
34444 0.000012
34445 0.000026
34446 0.000029
34447 0.000023
34448 0.000021
34449 0.000009
34450 0.000008
34451 0.000021
34452 0.000012
34453 0.000013
34454 0.000006
34455 0.000011
34456 0.000010
34457 0.000014
34458 0.000009
34459 0.000007
34460 0.000006
34461 0.000014
34462 0.000016
34463 0.000017
34464 0.000030
34465 0.000029
34466 0.000013
34467 0.000015
34468 0.000012
34469 0.000019
34470 0.000020
34471 0.000028
34472 0.000011
34473 0.000006
34474 0.000006
34475 0.000005
34476 0.000007
34477 0.000013
34478 0.000020
34479 0.000009
34480 0.000020
34481 0.000009
34482 0.000026
34483 0.000018
34484 0.000018
34485 0.000025
34486 0.000036
34487 0.000033
34488 0.000031
34489 0.000016
34490 0.000023
34491 0.000022
34492 0.000026
34493 0.000029
34494 0.000018
34495 0.000012
34496 0.000008
34497 0.000010
34498 0.000014
34499 0.000019
34500 0.000025
34501 0.000014
34502 0.000030
34503 0.000020
34504 0.000009
34505 0.000029
34506 0.000022
34507 0.000034
34508 0.000023
34509 0.000038
34510 0.000018
34511 0.000011
34512 0.000012
34513 0.000006
34514 0.000015
34515 0.000009
34516 0.000011
34517 0.000026
34518 0.000022
34519 0.000008
34520 0.000005
34521 0.000004
34522 0.000016
34523 0.000022
34524 0.000027
34525 0.000021
34526 0.000019
34527 0.000009
34528 0.000034
34529 0.000032
34530 0.000040
34531 0.000037
34532 0.000041
34533 0.000027
34534 0.000027
34535 0.000030
34536 0.000028
34537 0.000015
34538 0.000009
34539 0.000005
34540 0.000004
34541 0.000022
34542 0.000020
34543 0.000011
34544 0.000014
34545 0.000006
34546 0.000006
34547 0.000023
34548 0.000016
34549 0.000022
34550 0.000022
34551 0.000026
34552 0.000025
34553 0.000014
34554 0.000009
34555 0.000023
34556 0.000025
34557 0.000025
34558 0.000010
34559 0.000025
34560 0.000049
34561 0.000050
34562 0.000049
34563 0.000043
34564 0.000040
34565 0.000026
34566 0.000019
34567 0.000021
34568 0.000014
34569 0.000015
34570 0.000022
34571 0.000022
34572 0.000029
34573 0.000009
34574 0.000019
34575 0.000021
34576 0.000012
34577 0.000006
34578 0.000025
34579 0.000024
34580 0.000013
34581 0.000012
34582 0.000008
34583 0.000006
34584 0.000011
34585 0.000006
34586 0.000008
34587 0.000007
34588 0.000009
34589 0.000005
34590 0.000015
34591 0.000016
34592 0.000014
34593 0.000012
34594 0.000008
34595 0.000023
34596 0.000044
34597 0.000041
34598 0.000038
34599 0.000019
34600 0.000011
34601 0.000026
34602 0.000014
34603 0.000050
34604 0.000071
34605 0.000071
34606 0.000086
34607 0.000107
34608 0.000107
34609 0.000054
34610 0.000049
34611 0.000024
34612 0.000026
34613 0.000014
34614 0.000037
34615 0.000028
34616 0.000022
34617 0.000025
34618 0.000024
34619 0.000038
34620 0.000019
34621 0.000028
34622 0.000011
34623 0.000032
34624 0.000036
34625 0.000013
34626 0.000009
34627 0.000008
34628 0.000006
34629 0.000009
34630 0.000014
34631 0.000011
34632 0.000009
34633 0.000015
34634 0.000013
34635 0.000014
34636 0.000013
34637 0.000018
34638 0.000008
34639 0.000016
34640 0.000024
34641 0.000017
34642 0.000010
34643 0.000018
34644 0.000036
34645 0.000013
34646 0.000007
34647 0.000006
34648 0.000038
34649 0.000019
34650 0.000018
34651 0.000012
34652 0.000028
34653 0.000015
34654 0.000009
34655 0.000006
34656 0.000004
34657 0.000005
34658 0.000015
34659 0.000028
34660 0.000026
34661 0.000010
34662 0.000012
34663 0.000013
34664 0.000012
34665 0.000023
34666 0.000023
34667 0.000007
34668 0.000027
34669 0.000029
34670 0.000039
34671 0.000018
34672 0.000018
34673 0.000032
34674 0.000016
34675 0.000017
34676 0.000011
34677 0.000013
34678 0.000014
34679 0.000009
34680 0.000021
34681 0.000017
34682 0.000013
34683 0.000008
34684 0.000013
34685 0.000009
34686 0.000014
34687 0.000007
34688 0.000013
34689 0.000008
34690 0.000010
34691 0.000012
34692 0.000006
34693 0.000012
34694 0.000008
34695 0.000010
34696 0.000009
34697 0.000011
34698 0.000026
34699 0.000014
34700 0.000024
34701 0.000023
34702 0.000019
34703 0.000032
34704 0.000021
34705 0.000009
34706 0.000012
34707 0.000011
34708 0.000008
34709 0.000020
34710 0.000029
34711 0.000025
34712 0.000019
34713 0.000040
34714 0.000026
34715 0.000010
34716 0.000015
34717 0.000020
34718 0.000011
34719 0.000008
34720 0.000008
34721 0.000023
34722 0.000023
34723 0.000022
34724 0.000027
34725 0.000011
34726 0.000009
34727 0.000005
34728 0.000008
34729 0.000018
34730 0.000017
34731 0.000017
34732 0.000020
34733 0.000011
34734 0.000014
34735 0.000012
34736 0.000026
34737 0.000037
34738 0.000018
34739 0.000018
34740 0.000026
34741 0.000014
34742 0.000007
34743 0.000009
34744 0.000015
34745 0.000013
34746 0.000007
34747 0.000008
34748 0.000030
34749 0.000015
34750 0.000021
34751 0.000012
34752 0.000013
34753 0.000016
34754 0.000027
34755 0.000019
34756 0.000011
34757 0.000010
34758 0.000025
34759 0.000040
34760 0.000035
34761 0.000063
34762 0.000030
34763 0.000019
34764 0.000019
34765 0.000011
34766 0.000013
34767 0.000027
34768 0.000014
34769 0.000014
34770 0.000009
34771 0.000010
34772 0.000012
34773 0.000006
34774 0.000018
34775 0.000008
34776 0.000010
34777 0.000027
34778 0.000026
34779 0.000017
34780 0.000027
34781 0.000031
34782 0.000019
34783 0.000014
34784 0.000018
34785 0.000011
34786 0.000019
34787 0.000019
34788 0.000008
34789 0.000023
34790 0.000020
34791 0.000034
34792 0.000018
34793 0.000010
34794 0.000007
34795 0.000009
34796 0.000017
34797 0.000031
34798 0.000012
34799 0.000015
34800 0.000009
34801 0.000011
34802 0.000006
34803 0.000008
34804 0.000015
34805 0.000019
34806 0.000026
34807 0.000025
34808 0.000027
34809 0.000030
34810 0.000028
34811 0.000032
34812 0.000021
34813 0.000015
34814 0.000016
34815 0.000013
34816 0.000025
34817 0.000024
34818 0.000017
34819 0.000008
34820 0.000020
34821 0.000025
34822 0.000008
34823 0.000010
34824 0.000012
34825 0.000048
34826 0.000044
34827 0.000030
34828 0.000029
34829 0.000018
34830 0.000018
34831 0.000020
34832 0.000026
34833 0.000021
34834 0.000055
34835 0.000036
34836 0.000034
34837 0.000032
34838 0.000016
34839 0.000017
34840 0.000010
34841 0.000017
34842 0.000008
34843 0.000010
34844 0.000005
34845 0.000007
34846 0.000017
34847 0.000007
34848 0.000009
34849 0.000016
34850 0.000028
34851 0.000026
34852 0.000014
34853 0.000014
34854 0.000007
34855 0.000012
34856 0.000006
34857 0.000008
34858 0.000007
34859 0.000013
34860 0.000013
34861 0.000015
34862 0.000023
34863 0.000016
34864 0.000012
34865 0.000014
34866 0.000015
34867 0.000015
34868 0.000016
34869 0.000030
34870 0.000016
34871 0.000017
34872 0.000010
34873 0.000007
34874 0.000019
34875 0.000019
34876 0.000012
34877 0.000013
34878 0.000024
34879 0.000024
34880 0.000013
34881 0.000009
34882 0.000012
34883 0.000027
34884 0.000024
34885 0.000013
34886 0.000035
34887 0.000039
34888 0.000048
34889 0.000032
34890 0.000017
34891 0.000042
34892 0.000028
34893 0.000013
34894 0.000011
34895 0.000027
34896 0.000011
34897 0.000018
34898 0.000018
34899 0.000006
34900 0.000008
34901 0.000010
34902 0.000013
34903 0.000018
34904 0.000008
34905 0.000016
34906 0.000013
34907 0.000022
34908 0.000025
34909 0.000010
34910 0.000012
34911 0.000014
34912 0.000042
34913 0.000038
34914 0.000029
34915 0.000024
34916 0.000013
34917 0.000009
34918 0.000022
34919 0.000017
34920 0.000010
34921 0.000010
34922 0.000027
34923 0.000011
34924 0.000006
34925 0.000012
34926 0.000006
34927 0.000026
34928 0.000030
34929 0.000029
34930 0.000020
34931 0.000023
34932 0.000013
34933 0.000018
34934 0.000049
34935 0.000030
34936 0.000026
34937 0.000040
34938 0.000012
34939 0.000014
34940 0.000015
34941 0.000028
34942 0.000023
34943 0.000013
34944 0.000014
34945 0.000019
34946 0.000007
34947 0.000017
34948 0.000022
34949 0.000022
34950 0.000034
34951 0.000032
34952 0.000034
34953 0.000035
34954 0.000020
34955 0.000020
34956 0.000012
34957 0.000017
34958 0.000031
34959 0.000051
34960 0.000055
34961 0.000042
34962 0.000024
34963 0.000017
34964 0.000008
34965 0.000005
34966 0.000022
34967 0.000030
34968 0.000031
34969 0.000016
34970 0.000018
34971 0.000026
34972 0.000027
34973 0.000012
34974 0.000013
34975 0.000016
34976 0.000020
34977 0.000016
34978 0.000006
34979 0.000007
34980 0.000006
34981 0.000017
34982 0.000010
34983 0.000016
34984 0.000033
34985 0.000016
34986 0.000013
34987 0.000009
34988 0.000007
34989 0.000012
34990 0.000016
34991 0.000010
34992 0.000013
34993 0.000027
34994 0.000026
34995 0.000025
34996 0.000022
34997 0.000007
34998 0.000011
34999 0.000013
35000 0.000038
35001 0.000068
35002 0.000044
35003 0.000040
35004 0.000024
35005 0.000013
35006 0.000021
35007 0.000030
35008 0.000034
35009 0.000032
35010 0.000020
35011 0.000043
35012 0.000010
35013 0.000017
35014 0.000017
35015 0.000013
35016 0.000014
35017 0.000022
35018 0.000043
35019 0.000031
35020 0.000021
35021 0.000030
35022 0.000012
35023 0.000018
35024 0.000024
35025 0.000044
35026 0.000022
35027 0.000020
35028 0.000030
35029 0.000011
35030 0.000014
35031 0.000015
35032 0.000009
35033 0.000024
35034 0.000036
35035 0.000033
35036 0.000019
35037 0.000016
35038 0.000017
35039 0.000018
35040 0.000022
35041 0.000020
35042 0.000040
35043 0.000045
35044 0.000042
35045 0.000033
35046 0.000036
35047 0.000016
35048 0.000017
35049 0.000038
35050 0.000035
35051 0.000029
35052 0.000015
35053 0.000021
35054 0.000031
35055 0.000041
35056 0.000045
35057 0.000044
35058 0.000022
35059 0.000022
35060 0.000021
35061 0.000022
35062 0.000012
35063 0.000014
35064 0.000013
35065 0.000009
35066 0.000008
35067 0.000034
35068 0.000023
35069 0.000010
35070 0.000007
35071 0.000006
35072 0.000008
35073 0.000017
35074 0.000026
35075 0.000017
35076 0.000015
35077 0.000032
35078 0.000030
35079 0.000032
35080 0.000020
35081 0.000011
35082 0.000013
35083 0.000017
35084 0.000018
35085 0.000025
35086 0.000042
35087 0.000026
35088 0.000034
35089 0.000013
35090 0.000007
35091 0.000012
35092 0.000017
35093 0.000008
35094 0.000006
35095 0.000037
35096 0.000018
35097 0.000011
35098 0.000023
35099 0.000027
35100 0.000016
35101 0.000033
35102 0.000023
35103 0.000020
35104 0.000020
35105 0.000020
35106 0.000011
35107 0.000016
35108 0.000014
35109 0.000009
35110 0.000010
35111 0.000013
35112 0.000019
35113 0.000022
35114 0.000022
35115 0.000021
35116 0.000021
35117 0.000008
35118 0.000006
35119 0.000013
35120 0.000011
35121 0.000012
35122 0.000013
35123 0.000008
35124 0.000005
35125 0.000019
35126 0.000037
35127 0.000034
35128 0.000043
35129 0.000030
35130 0.000021
35131 0.000021
35132 0.000024
35133 0.000034
35134 0.000038
35135 0.000014
35136 0.000018
35137 0.000006
35138 0.000021
35139 0.000026
35140 0.000034
35141 0.000027
35142 0.000011
35143 0.000013
35144 0.000009
35145 0.000010
35146 0.000007
35147 0.000009
35148 0.000011
35149 0.000011
35150 0.000018
35151 0.000018
35152 0.000011
35153 0.000010
35154 0.000007
35155 0.000013
35156 0.000011
35157 0.000005
35158 0.000015
35159 0.000012
35160 0.000008
35161 0.000006
35162 0.000018
35163 0.000018
35164 0.000011
35165 0.000019
35166 0.000008
35167 0.000010
35168 0.000020
35169 0.000024
35170 0.000007
35171 0.000011
35172 0.000013
35173 0.000012
35174 0.000016
35175 0.000007
35176 0.000006
35177 0.000008
35178 0.000009
35179 0.000007
35180 0.000009
35181 0.000018
35182 0.000026
35183 0.000028
35184 0.000011
35185 0.000010
35186 0.000011
35187 0.000015
35188 0.000025
35189 0.000021
35190 0.000016
35191 0.000023
35192 0.000009
35193 0.000022
35194 0.000034
35195 0.000064
35196 0.000048
35197 0.000050
35198 0.000017
35199 0.000010
35200 0.000006
35201 0.000006
35202 0.000005
35203 0.000008
35204 0.000023
35205 0.000023
35206 0.000029
35207 0.000028
35208 0.000045
35209 0.000041
35210 0.000022
35211 0.000033
35212 0.000021
35213 0.000021
35214 0.000022
35215 0.000017
35216 0.000017
35217 0.000021
35218 0.000018
35219 0.000008
35220 0.000005
35221 0.000018
35222 0.000018
35223 0.000020
35224 0.000020
35225 0.000027
35226 0.000046
35227 0.000028
35228 0.000009
35229 0.000020
35230 0.000027
35231 0.000026
35232 0.000026
35233 0.000044
35234 0.000040
35235 0.000056
35236 0.000050
35237 0.000045
35238 0.000022
35239 0.000019
35240 0.000019
35241 0.000016
35242 0.000029
35243 0.000018
35244 0.000018
35245 0.000023
35246 0.000027
35247 0.000026
35248 0.000010
35249 0.000016
35250 0.000017
35251 0.000016
35252 0.000006
35253 0.000007
35254 0.000012
35255 0.000029
35256 0.000036
35257 0.000033
35258 0.000041
35259 0.000028
35260 0.000015
35261 0.000007
35262 0.000009
35263 0.000011
35264 0.000006
35265 0.000015
35266 0.000029
35267 0.000027
35268 0.000029
35269 0.000015
35270 0.000047
35271 0.000038
35272 0.000022
35273 0.000022
35274 0.000030
35275 0.000016
35276 0.000036
35277 0.000018
35278 0.000018
35279 0.000013
35280 0.000017
35281 0.000026
35282 0.000014
35283 0.000018
35284 0.000025
35285 0.000013
35286 0.000020
35287 0.000020
35288 0.000023
35289 0.000013
35290 0.000019
35291 0.000019
35292 0.000028
35293 0.000016
35294 0.000008
35295 0.000017
35296 0.000026
35297 0.000014
35298 0.000024
35299 0.000023
35300 0.000028
35301 0.000031
35302 0.000030
35303 0.000033
35304 0.000035
35305 0.000018
35306 0.000027
35307 0.000017
35308 0.000012
35309 0.000013
35310 0.000014
35311 0.000015
35312 0.000009
35313 0.000011
35314 0.000011
35315 0.000006
35316 0.000010
35317 0.000008
35318 0.000017
35319 0.000012
35320 0.000012
35321 0.000015
35322 0.000009
35323 0.000022
35324 0.000024
35325 0.000024
35326 0.000014
35327 0.000011
35328 0.000027
35329 0.000009
35330 0.000028
35331 0.000029
35332 0.000012
35333 0.000013
35334 0.000029
35335 0.000016
35336 0.000045
35337 0.000033
35338 0.000058
35339 0.000028
35340 0.000020
35341 0.000056
35342 0.000019
35343 0.000028
35344 0.000009
35345 0.000011
35346 0.000023
35347 0.000010
35348 0.000007
35349 0.000009
35350 0.000013
35351 0.000014
35352 0.000018
35353 0.000038
35354 0.000011
35355 0.000008
35356 0.000018
35357 0.000021
35358 0.000035
35359 0.000012
35360 0.000016
35361 0.000024
35362 0.000028
35363 0.000011
35364 0.000016
35365 0.000036
35366 0.000044
35367 0.000054
35368 0.000049
35369 0.000049
35370 0.000026
35371 0.000038
35372 0.000018
35373 0.000037
35374 0.000014
35375 0.000015
35376 0.000009
35377 0.000006
35378 0.000004
35379 0.000017
35380 0.000026
35381 0.000025
35382 0.000033
35383 0.000020
35384 0.000023
35385 0.000043
35386 0.000060
35387 0.000056
35388 0.000027
35389 0.000031
35390 0.000019
35391 0.000011
35392 0.000023
35393 0.000051
35394 0.000026
35395 0.000014
35396 0.000023
35397 0.000009
35398 0.000011
35399 0.000017
35400 0.000008
35401 0.000014
35402 0.000022
35403 0.000016
35404 0.000032
35405 0.000012
35406 0.000015
35407 0.000016
35408 0.000012
35409 0.000020
35410 0.000012
35411 0.000035
35412 0.000024
35413 0.000022
35414 0.000012
35415 0.000019
35416 0.000008
35417 0.000013
35418 0.000014
35419 0.000047
35420 0.000023
35421 0.000018
35422 0.000022
35423 0.000008
35424 0.000006
35425 0.000008
35426 0.000019
35427 0.000011
35428 0.000027
35429 0.000033
35430 0.000012
35431 0.000012
35432 0.000014
35433 0.000034
35434 0.000032
35435 0.000012
35436 0.000008
35437 0.000018
35438 0.000018
35439 0.000011
35440 0.000012
35441 0.000006
35442 0.000025
35443 0.000014
35444 0.000018
35445 0.000013
35446 0.000014
35447 0.000013
35448 0.000032
35449 0.000017
35450 0.000010
35451 0.000012
35452 0.000010
35453 0.000025
35454 0.000035
35455 0.000017
35456 0.000025
35457 0.000013
35458 0.000011
35459 0.000006
35460 0.000015
35461 0.000016
35462 0.000016
35463 0.000006
35464 0.000006
35465 0.000005
35466 0.000014
35467 0.000018
35468 0.000018
35469 0.000011
35470 0.000026
35471 0.000018
35472 0.000020
35473 0.000015
35474 0.000009
35475 0.000008
35476 0.000007
35477 0.000022
35478 0.000024
35479 0.000015
35480 0.000019
35481 0.000011
35482 0.000007
35483 0.000011
35484 0.000012
35485 0.000019
35486 0.000019
35487 0.000036
35488 0.000020
35489 0.000020
35490 0.000016
35491 0.000009
35492 0.000020
35493 0.000009
35494 0.000010
35495 0.000012
35496 0.000013
35497 0.000013
35498 0.000005
35499 0.000019
35500 0.000021
35501 0.000022
35502 0.000020
35503 0.000033
35504 0.000009
35505 0.000010
35506 0.000027
35507 0.000015
35508 0.000012
35509 0.000008
35510 0.000045
35511 0.000018
35512 0.000016
35513 0.000027
35514 0.000035
35515 0.000019
35516 0.000015
35517 0.000006
35518 0.000011
35519 0.000017
35520 0.000023
35521 0.000048
35522 0.000011
35523 0.000015
35524 0.000015
35525 0.000016
35526 0.000017
35527 0.000018
35528 0.000035
35529 0.000010
35530 0.000015
35531 0.000010
35532 0.000007
35533 0.000005
35534 0.000017
35535 0.000008
35536 0.000015
35537 0.000009
35538 0.000012
35539 0.000008
35540 0.000015
35541 0.000009
35542 0.000025
35543 0.000014
35544 0.000010
35545 0.000007
35546 0.000020
35547 0.000035
35548 0.000010
35549 0.000030
35550 0.000016
35551 0.000039
35552 0.000042
35553 0.000050
35554 0.000013
35555 0.000011
35556 0.000015
35557 0.000014
35558 0.000020
35559 0.000022
35560 0.000018
35561 0.000007
35562 0.000009
35563 0.000028
35564 0.000027
35565 0.000014
35566 0.000015
35567 0.000017
35568 0.000028
35569 0.000015
35570 0.000018
35571 0.000023
35572 0.000028
35573 0.000028
35574 0.000015
35575 0.000020
35576 0.000007
35577 0.000006
35578 0.000008
35579 0.000006
35580 0.000008
35581 0.000015
35582 0.000016
35583 0.000017
35584 0.000010
35585 0.000011
35586 0.000010
35587 0.000013
35588 0.000024
35589 0.000019
35590 0.000021
35591 0.000012
35592 0.000013
35593 0.000014
35594 0.000015
35595 0.000009
35596 0.000006
35597 0.000005
35598 0.000007
35599 0.000004
35600 0.000012
35601 0.000008
35602 0.000035
35603 0.000018
35604 0.000008
35605 0.000005
35606 0.000004
35607 0.000010
35608 0.000007
35609 0.000019
35610 0.000025
35611 0.000010
35612 0.000015
35613 0.000012
35614 0.000025
35615 0.000008
35616 0.000010
35617 0.000006
35618 0.000021
35619 0.000018
35620 0.000008
35621 0.000006
35622 0.000006
35623 0.000026
35624 0.000031
35625 0.000016
35626 0.000010
35627 0.000007
35628 0.000009
35629 0.000007
35630 0.000017
35631 0.000017
35632 0.000031
35633 0.000012
35634 0.000020
35635 0.000019
35636 0.000014
35637 0.000020
35638 0.000006
35639 0.000008
35640 0.000018
35641 0.000021
35642 0.000013
35643 0.000008
35644 0.000021
35645 0.000017
35646 0.000025
35647 0.000024
35648 0.000041
35649 0.000048
35650 0.000029
35651 0.000027
35652 0.000016
35653 0.000020
35654 0.000038
35655 0.000014
35656 0.000016
35657 0.000022
35658 0.000039
35659 0.000014
35660 0.000008
35661 0.000017
35662 0.000008
35663 0.000022
35664 0.000028
35665 0.000027
35666 0.000014
35667 0.000015
35668 0.000020
35669 0.000009
35670 0.000016
35671 0.000007
35672 0.000005
35673 0.000031
35674 0.000033
35675 0.000031
35676 0.000029
35677 0.000015
35678 0.000027
35679 0.000009
35680 0.000005
35681 0.000016
35682 0.000010
35683 0.000046
35684 0.000022
35685 0.000033
35686 0.000008
35687 0.000016
35688 0.000033
35689 0.000040
35690 0.000020
35691 0.000022
35692 0.000048
35693 0.000044
35694 0.000025
35695 0.000031
35696 0.000030
35697 0.000023
35698 0.000026
35699 0.000008
35700 0.000024
35701 0.000008
35702 0.000035
35703 0.000018
35704 0.000029
35705 0.000030
35706 0.000016
35707 0.000018
35708 0.000018
35709 0.000018
35710 0.000028
35711 0.000015
35712 0.000009
35713 0.000011
35714 0.000009
35715 0.000031
35716 0.000013
35717 0.000007
35718 0.000018
35719 0.000008
35720 0.000022
35721 0.000022
35722 0.000016
35723 0.000010
35724 0.000011
35725 0.000034
35726 0.000032
35727 0.000037
35728 0.000026
35729 0.000010
35730 0.000025
35731 0.000021
35732 0.000025
35733 0.000026
35734 0.000025
35735 0.000021
35736 0.000012
35737 0.000006
35738 0.000008
35739 0.000010
35740 0.000026
35741 0.000014
35742 0.000015
35743 0.000025
35744 0.000038
35745 0.000022
35746 0.000014
35747 0.000009
35748 0.000022
35749 0.000021
35750 0.000025
35751 0.000010
35752 0.000015
35753 0.000008
35754 0.000020
35755 0.000046
35756 0.000013
35757 0.000011
35758 0.000008
35759 0.000005
35760 0.000004
35761 0.000012
35762 0.000017
35763 0.000008
35764 0.000006
35765 0.000008
35766 0.000011
35767 0.000012
35768 0.000018
35769 0.000011
35770 0.000015
35771 0.000015
35772 0.000016
35773 0.000017
35774 0.000005
35775 0.000026
35776 0.000014
35777 0.000015
35778 0.000027
35779 0.000011
35780 0.000015
35781 0.000010
35782 0.000010
35783 0.000012
35784 0.000013
35785 0.000010
35786 0.000014
35787 0.000021
35788 0.000027
35789 0.000032
35790 0.000030
35791 0.000040
35792 0.000018
35793 0.000021
35794 0.000030
35795 0.000036
35796 0.000033
35797 0.000031
35798 0.000035
35799 0.000028
35800 0.000015
35801 0.000014
35802 0.000021
35803 0.000012
35804 0.000023
35805 0.000042
35806 0.000061
35807 0.000029
35808 0.000029
35809 0.000018
35810 0.000023
35811 0.000033
35812 0.000017
35813 0.000024
35814 0.000019
35815 0.000026
35816 0.000020
35817 0.000045
35818 0.000037
35819 0.000019
35820 0.000026
35821 0.000032
35822 0.000032
35823 0.000071
35824 0.000037
35825 0.000031
35826 0.000016
35827 0.000008
35828 0.000006
35829 0.000008
35830 0.000005
35831 0.000005
35832 0.000008
35833 0.000010
35834 0.000017
35835 0.000010
35836 0.000019
35837 0.000028
35838 0.000019
35839 0.000010
35840 0.000021
35841 0.000014
35842 0.000031
35843 0.000023
35844 0.000036
35845 0.000041
35846 0.000025
35847 0.000024
35848 0.000017
35849 0.000023
35850 0.000016
35851 0.000027
35852 0.000026
35853 0.000027
35854 0.000026
35855 0.000034
35856 0.000047
35857 0.000044
35858 0.000042
35859 0.000018
35860 0.000019
35861 0.000022
35862 0.000018
35863 0.000026
35864 0.000016
35865 0.000006
35866 0.000006
35867 0.000010
35868 0.000006
35869 0.000008
35870 0.000015
35871 0.000013
35872 0.000007
35873 0.000012
35874 0.000008
35875 0.000017
35876 0.000015
35877 0.000017
35878 0.000021
35879 0.000021
35880 0.000027
35881 0.000037
35882 0.000019
35883 0.000006
35884 0.000021
35885 0.000035
35886 0.000025
35887 0.000027
35888 0.000024
35889 0.000023
35890 0.000023
35891 0.000029
35892 0.000011
35893 0.000023
35894 0.000034
35895 0.000032
35896 0.000036
35897 0.000036
35898 0.000061
35899 0.000045
35900 0.000042
35901 0.000026
35902 0.000014
35903 0.000012
35904 0.000011
35905 0.000007
35906 0.000004
35907 0.000008
35908 0.000030
35909 0.000017
35910 0.000021
35911 0.000015
35912 0.000016
35913 0.000018
35914 0.000011
35915 0.000005
35916 0.000012
35917 0.000018
35918 0.000028
35919 0.000017
35920 0.000007
35921 0.000014
35922 0.000025
35923 0.000014
35924 0.000017
35925 0.000012
35926 0.000008
35927 0.000010
35928 0.000020
35929 0.000019
35930 0.000014
35931 0.000015
35932 0.000016
35933 0.000023
35934 0.000036
35935 0.000022
35936 0.000039
35937 0.000029
35938 0.000015
35939 0.000016
35940 0.000017
35941 0.000010
35942 0.000006
35943 0.000005
35944 0.000017
35945 0.000022
35946 0.000022
35947 0.000034
35948 0.000015
35949 0.000029
35950 0.000033
35951 0.000031
35952 0.000018
35953 0.000011
35954 0.000020
35955 0.000026
35956 0.000026
35957 0.000016
35958 0.000022
35959 0.000032
35960 0.000041
35961 0.000042
35962 0.000012
35963 0.000030
35964 0.000050
35965 0.000024
35966 0.000013
35967 0.000012
35968 0.000013
35969 0.000019
35970 0.000010
35971 0.000007
35972 0.000006
35973 0.000006
35974 0.000023
35975 0.000015
35976 0.000032
35977 0.000016
35978 0.000015
35979 0.000016
35980 0.000037
35981 0.000034
35982 0.000026
35983 0.000038
35984 0.000035
35985 0.000033
35986 0.000029
35987 0.000031
35988 0.000018
35989 0.000015
35990 0.000013
35991 0.000008
35992 0.000010
35993 0.000012
35994 0.000013
35995 0.000008
35996 0.000016
35997 0.000013
35998 0.000013
35999 0.000019
36000 0.000035
36001 0.000042
36002 0.000021
36003 0.000020
36004 0.000026
36005 0.000028
36006 0.000018
36007 0.000011
36008 0.000020
36009 0.000020
36010 0.000020
36011 0.000009
36012 0.000010
36013 0.000007
36014 0.000006
36015 0.000011
36016 0.000013
36017 0.000025
36018 0.000024
36019 0.000024
36020 0.000030
36021 0.000040
36022 0.000048
36023 0.000026
36024 0.000016
36025 0.000012
36026 0.000008
36027 0.000006
36028 0.000005
36029 0.000007
36030 0.000006
36031 0.000013
36032 0.000009
36033 0.000021
36034 0.000012
36035 0.000008
36036 0.000010
36037 0.000007
36038 0.000005
36039 0.000023
36040 0.000009
36041 0.000007
36042 0.000011
36043 0.000019
36044 0.000007
36045 0.000011
36046 0.000012
36047 0.000025
36048 0.000014
36049 0.000015
36050 0.000008
36051 0.000006
36052 0.000017
36053 0.000034
36054 0.000024
36055 0.000024
36056 0.000013
36057 0.000026
36058 0.000012
36059 0.000024
36060 0.000025
36061 0.000013
36062 0.000030
36063 0.000012
36064 0.000008
36065 0.000007
36066 0.000010
36067 0.000014
36068 0.000024
36069 0.000022
36070 0.000033
36071 0.000017
36072 0.000010
36073 0.000016
36074 0.000012
36075 0.000021
36076 0.000028
36077 0.000009
36078 0.000022
36079 0.000032
36080 0.000017
36081 0.000024
36082 0.000010
36083 0.000018
36084 0.000018
36085 0.000008
36086 0.000017
36087 0.000008
36088 0.000007
36089 0.000011
36090 0.000007
36091 0.000028
36092 0.000027
36093 0.000028
36094 0.000034
36095 0.000046
36096 0.000042
36097 0.000027
36098 0.000026
36099 0.000014
36100 0.000015
36101 0.000024
36102 0.000013
36103 0.000028
36104 0.000032
36105 0.000020
36106 0.000009
36107 0.000011
36108 0.000006
36109 0.000004
36110 0.000024
36111 0.000014
36112 0.000034
36113 0.000018
36114 0.000010
36115 0.000018
36116 0.000008
36117 0.000005
36118 0.000013
36119 0.000015
36120 0.000027
36121 0.000011
36122 0.000010
36123 0.000021
36124 0.000018
36125 0.000023
36126 0.000032
36127 0.000030
36128 0.000042
36129 0.000049
36130 0.000035
36131 0.000043
36132 0.000040
36133 0.000053
36134 0.000048
36135 0.000056
36136 0.000029
36137 0.000028
36138 0.000015
36139 0.000013
36140 0.000014
36141 0.000019
36142 0.000027
36143 0.000024
36144 0.000029
36145 0.000041
36146 0.000038
36147 0.000021
36148 0.000022
36149 0.000016
36150 0.000017
36151 0.000021
36152 0.000012
36153 0.000020
36154 0.000024
36155 0.000028
36156 0.000020
36157 0.000037
36158 0.000019
36159 0.000021
36160 0.000012
36161 0.000008
36162 0.000006
36163 0.000019
36164 0.000008
36165 0.000024
36166 0.000015
36167 0.000032
36168 0.000023
36169 0.000017
36170 0.000020
36171 0.000013
36172 0.000014
36173 0.000019
36174 0.000022
36175 0.000033
36176 0.000023
36177 0.000023
36178 0.000018
36179 0.000011
36180 0.000008
36181 0.000009
36182 0.000027
36183 0.000028
36184 0.000038
36185 0.000014
36186 0.000021
36187 0.000017
36188 0.000010
36189 0.000019
36190 0.000005
36191 0.000004
36192 0.000007
36193 0.000017
36194 0.000008
36195 0.000017
36196 0.000016
36197 0.000016
36198 0.000020
36199 0.000018
36200 0.000018
36201 0.000030
36202 0.000012
36203 0.000008
36204 0.000017
36205 0.000015
36206 0.000014
36207 0.000015
36208 0.000016
36209 0.000010
36210 0.000006
36211 0.000011
36212 0.000019
36213 0.000019
36214 0.000022
36215 0.000022
36216 0.000023
36217 0.000020
36218 0.000012
36219 0.000008
36220 0.000010
36221 0.000010
36222 0.000011
36223 0.000008
36224 0.000010
36225 0.000011
36226 0.000011
36227 0.000011
36228 0.000021
36229 0.000028
36230 0.000036
36231 0.000033
36232 0.000036
36233 0.000034
36234 0.000025
36235 0.000030
36236 0.000035
36237 0.000060
36238 0.000026
36239 0.000011
36240 0.000009
36241 0.000008
36242 0.000005
36243 0.000005
36244 0.000007
36245 0.000006
36246 0.000023
36247 0.000028
36248 0.000022
36249 0.000018
36250 0.000043
36251 0.000052
36252 0.000047
36253 0.000016
36254 0.000020
36255 0.000020
36256 0.000009
36257 0.000015
36258 0.000010
36259 0.000024
36260 0.000024
36261 0.000017
36262 0.000008
36263 0.000018
36264 0.000040
36265 0.000046
36266 0.000023
36267 0.000023
36268 0.000013
36269 0.000016
36270 0.000010
36271 0.000014
36272 0.000014
36273 0.000016
36274 0.000018
36275 0.000018
36276 0.000008
36277 0.000019
36278 0.000036
36279 0.000026
36280 0.000025
36281 0.000010
36282 0.000012
36283 0.000013
36284 0.000011
36285 0.000017
36286 0.000017
36287 0.000008
36288 0.000017
36289 0.000016
36290 0.000020
36291 0.000020
36292 0.000038
36293 0.000035
36294 0.000018
36295 0.000038
36296 0.000017
36297 0.000020
36298 0.000007
36299 0.000008
36300 0.000014
36301 0.000044
36302 0.000041
36303 0.000052
36304 0.000055
36305 0.000042
36306 0.000039
36307 0.000044
36308 0.000041
36309 0.000023
36310 0.000022
36311 0.000009
36312 0.000006
36313 0.000005
36314 0.000007
36315 0.000009
36316 0.000027
36317 0.000034
36318 0.000018
36319 0.000026
36320 0.000026
36321 0.000033
36322 0.000012
36323 0.000020
36324 0.000020
36325 0.000010
36326 0.000007
36327 0.000009
36328 0.000007
36329 0.000005
36330 0.000006
36331 0.000015
36332 0.000010
36333 0.000017
36334 0.000018
36335 0.000014
36336 0.000026
36337 0.000031
36338 0.000030
36339 0.000020
36340 0.000019
36341 0.000020
36342 0.000020
36343 0.000044
36344 0.000048
36345 0.000023
36346 0.000029
36347 0.000021
36348 0.000007
36349 0.000020
36350 0.000013
36351 0.000009
36352 0.000041
36353 0.000033
36354 0.000032
36355 0.000030
36356 0.000039
36357 0.000020
36358 0.000012
36359 0.000027
36360 0.000026
36361 0.000044
36362 0.000022
36363 0.000012
36364 0.000008
36365 0.000019
36366 0.000023
36367 0.000030
36368 0.000019
36369 0.000015
36370 0.000009
36371 0.000011
36372 0.000008
36373 0.000006
36374 0.000026
36375 0.000014
36376 0.000017
36377 0.000018
36378 0.000011
36379 0.000017
36380 0.000017
36381 0.000018
36382 0.000011
36383 0.000027
36384 0.000026
36385 0.000019
36386 0.000011
36387 0.000013
36388 0.000005
36389 0.000020
36390 0.000016
36391 0.000024
36392 0.000013
36393 0.000018
36394 0.000008
36395 0.000021
36396 0.000025
36397 0.000010
36398 0.000012
36399 0.000015
36400 0.000013
36401 0.000007
36402 0.000023
36403 0.000029
36404 0.000015
36405 0.000024
36406 0.000025
36407 0.000034
36408 0.000022
36409 0.000022
36410 0.000021
36411 0.000008
36412 0.000007
36413 0.000009
36414 0.000024
36415 0.000024
36416 0.000017
36417 0.000032
36418 0.000018
36419 0.000021
36420 0.000012
36421 0.000020
36422 0.000018
36423 0.000021
36424 0.000014
36425 0.000006
36426 0.000012
36427 0.000008
36428 0.000013
36429 0.000026
36430 0.000037
36431 0.000018
36432 0.000018
36433 0.000018
36434 0.000032
36435 0.000030
36436 0.000029
36437 0.000014
36438 0.000023
36439 0.000027
36440 0.000026
36441 0.000018
36442 0.000026
36443 0.000015
36444 0.000029
36445 0.000011
36446 0.000020
36447 0.000017
36448 0.000022
36449 0.000027
36450 0.000026
36451 0.000027
36452 0.000011
36453 0.000012
36454 0.000024
36455 0.000029
36456 0.000039
36457 0.000039
36458 0.000048
36459 0.000032
36460 0.000039
36461 0.000014
36462 0.000009
36463 0.000014
36464 0.000015
36465 0.000017
36466 0.000020
36467 0.000016
36468 0.000010
36469 0.000018
36470 0.000008
36471 0.000020
36472 0.000007
36473 0.000006
36474 0.000008
36475 0.000014
36476 0.000019
36477 0.000010
36478 0.000025
36479 0.000018
36480 0.000011
36481 0.000014
36482 0.000017
36483 0.000008
36484 0.000006
36485 0.000014
36486 0.000026
36487 0.000032
36488 0.000024
36489 0.000023
36490 0.000020
36491 0.000047
36492 0.000023
36493 0.000011
36494 0.000019
36495 0.000016
36496 0.000013
36497 0.000013
36498 0.000026
36499 0.000025
36500 0.000021
36501 0.000025
36502 0.000014
36503 0.000018
36504 0.000019
36505 0.000020
36506 0.000022
36507 0.000012
36508 0.000012
36509 0.000013
36510 0.000022
36511 0.000022
36512 0.000009
36513 0.000007
36514 0.000005
36515 0.000013
36516 0.000007
36517 0.000007
36518 0.000029
36519 0.000033
36520 0.000012
36521 0.000022
36522 0.000016
36523 0.000032
36524 0.000026
36525 0.000025
36526 0.000018
36527 0.000018
36528 0.000035
36529 0.000018
36530 0.000020
36531 0.000011
36532 0.000008
36533 0.000015
36534 0.000017
36535 0.000008
36536 0.000015
36537 0.000033
36538 0.000045
36539 0.000040
36540 0.000017
36541 0.000010
36542 0.000015
36543 0.000032
36544 0.000018
36545 0.000019
36546 0.000038
36547 0.000036
36548 0.000018
36549 0.000026
36550 0.000017
36551 0.000012
36552 0.000013
36553 0.000014
36554 0.000015
36555 0.000016
36556 0.000017
36557 0.000028
36558 0.000027
36559 0.000031
36560 0.000012
36561 0.000013
36562 0.000019
36563 0.000018
36564 0.000011
36565 0.000006
36566 0.000008
36567 0.000006
36568 0.000029
36569 0.000024
36570 0.000013
36571 0.000017
36572 0.000034
36573 0.000032
36574 0.000017
36575 0.000008
36576 0.000005
36577 0.000005
36578 0.000004
36579 0.000015
36580 0.000017
36581 0.000010
36582 0.000012
36583 0.000028
36584 0.000015
36585 0.000012
36586 0.000022
36587 0.000009
36588 0.000007
36589 0.000010
36590 0.000006
36591 0.000011
36592 0.000018
36593 0.000017
36594 0.000008
36595 0.000026
36596 0.000014
36597 0.000020
36598 0.000009
36599 0.000020
36600 0.000020
36601 0.000013
36602 0.000007
36603 0.000011
36604 0.000008
36605 0.000018
36606 0.000026
36607 0.000015
36608 0.000017
36609 0.000018
36610 0.000036
36611 0.000025
36612 0.000026
36613 0.000016
36614 0.000026
36615 0.000010
36616 0.000013
36617 0.000008
36618 0.000006
36619 0.000012
36620 0.000008
36621 0.000018
36622 0.000011
36623 0.000011
36624 0.000021
36625 0.000013
36626 0.000014
36627 0.000006
36628 0.000014
36629 0.000020
36630 0.000019
36631 0.000014
36632 0.000020
36633 0.000009
36634 0.000009
36635 0.000015
36636 0.000009
36637 0.000006
36638 0.000013
36639 0.000014
36640 0.000009
36641 0.000027
36642 0.000018
36643 0.000018
36644 0.000028
36645 0.000017
36646 0.000010
36647 0.000012
36648 0.000027
36649 0.000042
36650 0.000039
36651 0.000039
36652 0.000019
36653 0.000008
36654 0.000010
36655 0.000012
36656 0.000016
36657 0.000010
36658 0.000011
36659 0.000015
36660 0.000012
36661 0.000013
36662 0.000007
36663 0.000012
36664 0.000010
36665 0.000007
36666 0.000012
36667 0.000024
36668 0.000029
36669 0.000027
36670 0.000026
36671 0.000034
36672 0.000018
36673 0.000018
36674 0.000018
36675 0.000008
36676 0.000005
36677 0.000007
36678 0.000006
36679 0.000019
36680 0.000026
36681 0.000021
36682 0.000016
36683 0.000010
36684 0.000013
36685 0.000015
36686 0.000025
36687 0.000010
36688 0.000007
36689 0.000009
36690 0.000026
36691 0.000052
36692 0.000054
36693 0.000062
36694 0.000029
36695 0.000027
36696 0.000011
36697 0.000008
36698 0.000009
36699 0.000007
36700 0.000022
36701 0.000033
36702 0.000008
36703 0.000019
36704 0.000012
36705 0.000020
36706 0.000020
36707 0.000020
36708 0.000012
36709 0.000010
36710 0.000007
36711 0.000009
36712 0.000015
36713 0.000015
36714 0.000022
36715 0.000021
36716 0.000013
36717 0.000014
36718 0.000009
36719 0.000005
36720 0.000005
36721 0.000019
36722 0.000021
36723 0.000017
36724 0.000019
36725 0.000016
36726 0.000025
36727 0.000022
36728 0.000028
36729 0.000015
36730 0.000009
36731 0.000011
36732 0.000009
36733 0.000013
36734 0.000036
36735 0.000018
36736 0.000020
36737 0.000020
36738 0.000018
36739 0.000034
36740 0.000046
36741 0.000021
36742 0.000012
36743 0.000012
36744 0.000017
36745 0.000010
36746 0.000030
36747 0.000016
36748 0.000031
36749 0.000016
36750 0.000019
36751 0.000019
36752 0.000020
36753 0.000024
36754 0.000016
36755 0.000017
36756 0.000019
36757 0.000019
36758 0.000019
36759 0.000027
36760 0.000028
36761 0.000009
36762 0.000011
36763 0.000012
36764 0.000013
36765 0.000011
36766 0.000012
36767 0.000034
36768 0.000026
36769 0.000010
36770 0.000014
36771 0.000009
36772 0.000013
36773 0.000024
36774 0.000023
36775 0.000017
36776 0.000024
36777 0.000032
36778 0.000047
36779 0.000016
36780 0.000024
36781 0.000026
36782 0.000014
36783 0.000020
36784 0.000012
36785 0.000006
36786 0.000005
36787 0.000010
36788 0.000017
36789 0.000010
36790 0.000009
36791 0.000011
36792 0.000011
36793 0.000008
36794 0.000006
36795 0.000008
36796 0.000012
36797 0.000016
36798 0.000017
36799 0.000013
36800 0.000008
36801 0.000013
36802 0.000037
36803 0.000019
36804 0.000037
36805 0.000032
36806 0.000017
36807 0.000023
36808 0.000015
36809 0.000021
36810 0.000027
36811 0.000023
36812 0.000022
36813 0.000012
36814 0.000019
36815 0.000034
36816 0.000025
36817 0.000021
36818 0.000021
36819 0.000019
36820 0.000029
36821 0.000015
36822 0.000015
36823 0.000017
36824 0.000016
36825 0.000015
36826 0.000009
36827 0.000011
36828 0.000008
36829 0.000027
36830 0.000026
36831 0.000025
36832 0.000024
36833 0.000025
36834 0.000014
36835 0.000007
36836 0.000009
36837 0.000011
36838 0.000011
36839 0.000012
36840 0.000008
36841 0.000015
36842 0.000026
36843 0.000008
36844 0.000010
36845 0.000021
36846 0.000009
36847 0.000010
36848 0.000018
36849 0.000008
36850 0.000005
36851 0.000011
36852 0.000005
36853 0.000013
36854 0.000014
36855 0.000024
36856 0.000016
36857 0.000010
36858 0.000011
36859 0.000015
36860 0.000020
36861 0.000036
36862 0.000018
36863 0.000019
36864 0.000025
36865 0.000025
36866 0.000025
36867 0.000026
36868 0.000025
36869 0.000030
36870 0.000040
36871 0.000050
36872 0.000046
36873 0.000052
36874 0.000062
36875 0.000066
36876 0.000028
36877 0.000030
36878 0.000036
36879 0.000023
36880 0.000030
36881 0.000016
36882 0.000006
36883 0.000005
36884 0.000007
36885 0.000010
36886 0.000011
36887 0.000021
36888 0.000012
36889 0.000015
36890 0.000021
36891 0.000015
36892 0.000029
36893 0.000027
36894 0.000015
36895 0.000007
36896 0.000012
36897 0.000007
36898 0.000007
36899 0.000011
36900 0.000005
36901 0.000025
36902 0.000017
36903 0.000019
36904 0.000022
36905 0.000016
36906 0.000016
36907 0.000020
36908 0.000028
36909 0.000015
36910 0.000019
36911 0.000020
36912 0.000020
36913 0.000020
36914 0.000011
36915 0.000013
36916 0.000011
36917 0.000006
36918 0.000021
36919 0.000021
36920 0.000008
36921 0.000009
36922 0.000011
36923 0.000012
36924 0.000014
36925 0.000032
36926 0.000019
36927 0.000019
36928 0.000023
36929 0.000013
36930 0.000020
36931 0.000014
36932 0.000011
36933 0.000006
36934 0.000006
36935 0.000005
36936 0.000026
36937 0.000033
36938 0.000019
36939 0.000019
36940 0.000024
36941 0.000010
36942 0.000014
36943 0.000014
36944 0.000018
36945 0.000006
36946 0.000005
36947 0.000004
36948 0.000018
36949 0.000008
36950 0.000021
36951 0.000012
36952 0.000022
36953 0.000017
36954 0.000010
36955 0.000012
36956 0.000013
36957 0.000014
36958 0.000016
36959 0.000010
36960 0.000011
36961 0.000020
36962 0.000013
36963 0.000022
36964 0.000009
36965 0.000025
36966 0.000014
36967 0.000022
36968 0.000041
36969 0.000040
36970 0.000038
36971 0.000039
36972 0.000031
36973 0.000046
36974 0.000082
36975 0.000038
36976 0.000014
36977 0.000016
36978 0.000006
36979 0.000015
36980 0.000007
36981 0.000006
36982 0.000005
36983 0.000023
36984 0.000039
36985 0.000019
36986 0.000020
36987 0.000016
36988 0.000024
36989 0.000010
36990 0.000011
36991 0.000008
36992 0.000010
36993 0.000019
36994 0.000008
36995 0.000007
36996 0.000010
36997 0.000012
36998 0.000010
36999 0.000007
37000 0.000006
37001 0.000025
37002 0.000041
37003 0.000053
37004 0.000054
37005 0.000058
37006 0.000030
37007 0.000018
37008 0.000012
37009 0.000031
37010 0.000030
37011 0.000016
37012 0.000029
37013 0.000017
37014 0.000010
37015 0.000028
37016 0.000021
37017 0.000023
37018 0.000016
37019 0.000017
37020 0.000024
37021 0.000033
37022 0.000023
37023 0.000032
37024 0.000049
37025 0.000050
37026 0.000046
37027 0.000029
37028 0.000024
37029 0.000024
37030 0.000033
37031 0.000025
37032 0.000014
37033 0.000013
37034 0.000009
37035 0.000017
37036 0.000011
37037 0.000017
37038 0.000015
37039 0.000009
37040 0.000020
37041 0.000019
37042 0.000024
37043 0.000038
37044 0.000011
37045 0.000008
37046 0.000010
37047 0.000007
37048 0.000009
37049 0.000015
37050 0.000023
37051 0.000013
37052 0.000018
37053 0.000018
37054 0.000008
37055 0.000006
37056 0.000004
37057 0.000007
37058 0.000009
37059 0.000020
37060 0.000019
37061 0.000023
37062 0.000023
37063 0.000026
37064 0.000018
37065 0.000023
37066 0.000032
37067 0.000030
37068 0.000029
37069 0.000008
37070 0.000010
37071 0.000020
37072 0.000015
37073 0.000021
37074 0.000023
37075 0.000009
37076 0.000008
37077 0.000016
37078 0.000014
37079 0.000007
37080 0.000006
37081 0.000006
37082 0.000005
37083 0.000008
37084 0.000014
37085 0.000014
37086 0.000011
37087 0.000012
37088 0.000021
37089 0.000032
37090 0.000019
37091 0.000027
37092 0.000016
37093 0.000034
37094 0.000035
37095 0.000009
37096 0.000020
37097 0.000011
37098 0.000023
37099 0.000033
37100 0.000031
37101 0.000026
37102 0.000014
37103 0.000016
37104 0.000024
37105 0.000019
37106 0.000019
37107 0.000027
37108 0.000017
37109 0.000007
37110 0.000009
37111 0.000017
37112 0.000010
37113 0.000014
37114 0.000031
37115 0.000029
37116 0.000015
37117 0.000010
37118 0.000010
37119 0.000009
37120 0.000011
37121 0.000017
37122 0.000025
37123 0.000028
37124 0.000011
37125 0.000025
37126 0.000036
37127 0.000043
37128 0.000021
37129 0.000014
37130 0.000023
37131 0.000020
37132 0.000021
37133 0.000012
37134 0.000014
37135 0.000017
37136 0.000014
37137 0.000006
37138 0.000024
37139 0.000019
37140 0.000035
37141 0.000022
37142 0.000023
37143 0.000012
37144 0.000008
37145 0.000006
37146 0.000017
37147 0.000017
37148 0.000032
37149 0.000030
37150 0.000029
37151 0.000032
37152 0.000012
37153 0.000020
37154 0.000014
37155 0.000027
37156 0.000016
37157 0.000038
37158 0.000029
37159 0.000028
37160 0.000048
37161 0.000044
37162 0.000037
37163 0.000014
37164 0.000009
37165 0.000015
37166 0.000009
37167 0.000007
37168 0.000028
37169 0.000015
37170 0.000016
37171 0.000021
37172 0.000038
37173 0.000023
37174 0.000022
37175 0.000013
37176 0.000015
37177 0.000016
37178 0.000023
37179 0.000008
37180 0.000013
37181 0.000014
37182 0.000028
37183 0.000011
37184 0.000008
37185 0.000005
37186 0.000016
37187 0.000031
37188 0.000030
37189 0.000037
37190 0.000035
37191 0.000042
37192 0.000019
37193 0.000006
37194 0.000006
37195 0.000005
37196 0.000011
37197 0.000005
37198 0.000004
37199 0.000008
37200 0.000015
37201 0.000010
37202 0.000010
37203 0.000015
37204 0.000029
37205 0.000028
37206 0.000015
37207 0.000017
37208 0.000010
37209 0.000007
37210 0.000014
37211 0.000009
37212 0.000025
37213 0.000028
37214 0.000015
37215 0.000032
37216 0.000012
37217 0.000008
37218 0.000009
37219 0.000011
37220 0.000006
37221 0.000019
37222 0.000035
37223 0.000034
37224 0.000038
37225 0.000011
37226 0.000008
37227 0.000005
37228 0.000016
37229 0.000033
37230 0.000018
37231 0.000032
37232 0.000018
37233 0.000022
37234 0.000009
37235 0.000018
37236 0.000008
37237 0.000024
37238 0.000013
37239 0.000014
37240 0.000011
37241 0.000028
37242 0.000009
37243 0.000018
37244 0.000018
37245 0.000008
37246 0.000006
37247 0.000009
37248 0.000007
37249 0.000009
37250 0.000021
37251 0.000016
37252 0.000010
37253 0.000007
37254 0.000014
37255 0.000021
37256 0.000008
37257 0.000006
37258 0.000005
37259 0.000014
37260 0.000021
37261 0.000037
37262 0.000042
37263 0.000039
37264 0.000018
37265 0.000011
37266 0.000008
37267 0.000006
37268 0.000013
37269 0.000015
37270 0.000022
37271 0.000022
37272 0.000016
37273 0.000025
37274 0.000013
37275 0.000016
37276 0.000013
37277 0.000019
37278 0.000007
37279 0.000012
37280 0.000021
37281 0.000032
37282 0.000017
37283 0.000018
37284 0.000038
37285 0.000014
37286 0.000007
37287 0.000023
37288 0.000013
37289 0.000009
37290 0.000010
37291 0.000028
37292 0.000026
37293 0.000034
37294 0.000032
37295 0.000038
37296 0.000025
37297 0.000037
37298 0.000035
37299 0.000032
37300 0.000026
37301 0.000014
37302 0.000006
37303 0.000008
37304 0.000015
37305 0.000016
37306 0.000021
37307 0.000021
37308 0.000034
37309 0.000042
37310 0.000027
37311 0.000035
37312 0.000030
37313 0.000054
37314 0.000054
37315 0.000057
37316 0.000055
37317 0.000023
37318 0.000027
37319 0.000018
37320 0.000011
37321 0.000012
37322 0.000013
37323 0.000014
37324 0.000014
37325 0.000024
37326 0.000055
37327 0.000050
37328 0.000017
37329 0.000010
37330 0.000007
37331 0.000007
37332 0.000009
37333 0.000022
37334 0.000018
37335 0.000026
37336 0.000060
37337 0.000025
37338 0.000038
37339 0.000035
37340 0.000020
37341 0.000020
37342 0.000011
37343 0.000008
37344 0.000010
37345 0.000005
37346 0.000005
37347 0.000010
37348 0.000011
37349 0.000016
37350 0.000007
37351 0.000009
37352 0.000012
37353 0.000017
37354 0.000018
37355 0.000010
37356 0.000018
37357 0.000016
37358 0.000006
37359 0.000005
37360 0.000008
37361 0.000013
37362 0.000012
37363 0.000013
37364 0.000008
37365 0.000010
37366 0.000012
37367 0.000026
37368 0.000024
37369 0.000019
37370 0.000014
37371 0.000025
37372 0.000024
37373 0.000016
37374 0.000019
37375 0.000008
37376 0.000010
37377 0.000022
37378 0.000012
37379 0.000009
37380 0.000011
37381 0.000024
37382 0.000042
37383 0.000036
37384 0.000035
37385 0.000018
37386 0.000021
37387 0.000021
37388 0.000030
37389 0.000012
37390 0.000020
37391 0.000027
37392 0.000024
37393 0.000035
37394 0.000035
37395 0.000025
37396 0.000014
37397 0.000016
37398 0.000017
37399 0.000033
37400 0.000012
37401 0.000012
37402 0.000012
37403 0.000013
37404 0.000024
37405 0.000014
37406 0.000007
37407 0.000006
37408 0.000022
37409 0.000030
37410 0.000016
37411 0.000016
37412 0.000032
37413 0.000043
37414 0.000040
37415 0.000020
37416 0.000007
37417 0.000029
37418 0.000011
37419 0.000030
37420 0.000028
37421 0.000034
37422 0.000020
37423 0.000011
37424 0.000020
37425 0.000020
37426 0.000013
37427 0.000009
37428 0.000007
37429 0.000011
37430 0.000009
37431 0.000010
37432 0.000007
37433 0.000019
37434 0.000023
37435 0.000023
37436 0.000022
37437 0.000014
37438 0.000009
37439 0.000008
37440 0.000012
37441 0.000013
37442 0.000024
37443 0.000035
37444 0.000029
37445 0.000015
37446 0.000034
37447 0.000044
37448 0.000044
37449 0.000022
37450 0.000027
37451 0.000011
37452 0.000033
37453 0.000031
37454 0.000016
37455 0.000019
37456 0.000043
37457 0.000012
37458 0.000013
37459 0.000014
37460 0.000015
37461 0.000023
37462 0.000029
37463 0.000011
37464 0.000006
37465 0.000016
37466 0.000016
37467 0.000017
37468 0.000024
37469 0.000023
37470 0.000027
37471 0.000034
37472 0.000032
37473 0.000021
37474 0.000024
37475 0.000013
37476 0.000015
37477 0.000007
37478 0.000009
37479 0.000007
37480 0.000013
37481 0.000037
37482 0.000038
37483 0.000042
37484 0.000042
37485 0.000015
37486 0.000024
37487 0.000020
37488 0.000014
37489 0.000012
37490 0.000021
37491 0.000026
37492 0.000010
37493 0.000012
37494 0.000006
37495 0.000012
37496 0.000008
37497 0.000007
37498 0.000011
37499 0.000016
37500 0.000019
37501 0.000015
37502 0.000025
37503 0.000018
37504 0.000019
37505 0.000034
37506 0.000036
37507 0.000017
37508 0.000026
37509 0.000014
37510 0.000025
37511 0.000024
37512 0.000022
37513 0.000010
37514 0.000006
37515 0.000005
37516 0.000008
37517 0.000018
37518 0.000020
37519 0.000018
37520 0.000011
37521 0.000017
37522 0.000021
37523 0.000028
37524 0.000021
37525 0.000009
37526 0.000024
37527 0.000017
37528 0.000010
37529 0.000006
37530 0.000019
37531 0.000028
37532 0.000018
37533 0.000012
37534 0.000025
37535 0.000021
37536 0.000016
37537 0.000015
37538 0.000015
37539 0.000016
37540 0.000012
37541 0.000013
37542 0.000025
37543 0.000024
37544 0.000019
37545 0.000014
37546 0.000015
37547 0.000015
37548 0.000010
37549 0.000032
37550 0.000012
37551 0.000018
37552 0.000018
37553 0.000015
37554 0.000012
37555 0.000013
37556 0.000012
37557 0.000013
37558 0.000022
37559 0.000019
37560 0.000028
37561 0.000012
37562 0.000018
37563 0.000008
37564 0.000017
37565 0.000016
37566 0.000025
37567 0.000030
37568 0.000022
37569 0.000021
37570 0.000013
37571 0.000025
37572 0.000031
37573 0.000037
37574 0.000032
37575 0.000021
37576 0.000027
37577 0.000020
37578 0.000007
37579 0.000009
37580 0.000018
37581 0.000011
37582 0.000014
37583 0.000007
37584 0.000009
37585 0.000015
37586 0.000009
37587 0.000014
37588 0.000019
37589 0.000031
37590 0.000012
37591 0.000013
37592 0.000015
37593 0.000015
37594 0.000011
37595 0.000025
37596 0.000023
37597 0.000032
37598 0.000037
37599 0.000011
37600 0.000018
37601 0.000018
37602 0.000016
37603 0.000042
37604 0.000015
37605 0.000020
37606 0.000006
37607 0.000008
37608 0.000013
37609 0.000007
37610 0.000009
37611 0.000020
37612 0.000031
37613 0.000021
37614 0.000017
37615 0.000029
37616 0.000009
37617 0.000015
37618 0.000009
37619 0.000005
37620 0.000005
37621 0.000016
37622 0.000035
37623 0.000024
37624 0.000040
37625 0.000041
37626 0.000022
37627 0.000024
37628 0.000015
37629 0.000025
37630 0.000014
37631 0.000006
37632 0.000006
37633 0.000011
37634 0.000005
37635 0.000013
37636 0.000007
37637 0.000005
37638 0.000007
37639 0.000014
37640 0.000038
37641 0.000040
37642 0.000020
37643 0.000047
37644 0.000047
37645 0.000031
37646 0.000016
37647 0.000017
37648 0.000010
37649 0.000010
37650 0.000006
37651 0.000012
37652 0.000014
37653 0.000024
37654 0.000036
37655 0.000034
37656 0.000036
37657 0.000034
37658 0.000020
37659 0.000019
37660 0.000019
37661 0.000016
37662 0.000019
37663 0.000013
37664 0.000014
37665 0.000027
37666 0.000017
37667 0.000017
37668 0.000008
37669 0.000009
37670 0.000020
37671 0.000020
37672 0.000024
37673 0.000008
37674 0.000010
37675 0.000007
37676 0.000015
37677 0.000018
37678 0.000023
37679 0.000020
37680 0.000016
37681 0.000026
37682 0.000015
37683 0.000009
37684 0.000006
37685 0.000016
37686 0.000013
37687 0.000016
37688 0.000027
37689 0.000015
37690 0.000020
37691 0.000016
37692 0.000019
37693 0.000019
37694 0.000023
37695 0.000020
37696 0.000014
37697 0.000007
37698 0.000009
37699 0.000006
37700 0.000027
37701 0.000014
37702 0.000006
37703 0.000008
37704 0.000010
37705 0.000024
37706 0.000013
37707 0.000011
37708 0.000017
37709 0.000013
37710 0.000019
37711 0.000020
37712 0.000024
37713 0.000010
37714 0.000014
37715 0.000024
37716 0.000029
37717 0.000017
37718 0.000015
37719 0.000015
37720 0.000024
37721 0.000012
37722 0.000023
37723 0.000032
37724 0.000017
37725 0.000010
37726 0.000012
37727 0.000013
37728 0.000017
37729 0.000018
37730 0.000011
37731 0.000015
37732 0.000043
37733 0.000069
37734 0.000032
37735 0.000017
37736 0.000026
37737 0.000027
37738 0.000011
37739 0.000024
37740 0.000013
37741 0.000015
37742 0.000019
37743 0.000011
37744 0.000019
37745 0.000019
37746 0.000032
37747 0.000035
37748 0.000050
37749 0.000046
37750 0.000016
37751 0.000039
37752 0.000019
37753 0.000011
37754 0.000008
37755 0.000010
37756 0.000026
37757 0.000030
37758 0.000028
37759 0.000027
37760 0.000026
37761 0.000029
37762 0.000013
37763 0.000024
37764 0.000013
37765 0.000021
37766 0.000018
37767 0.000008
37768 0.000017
37769 0.000039
37770 0.000023
37771 0.000044
37772 0.000042
37773 0.000061
37774 0.000055
37775 0.000067
37776 0.000067
37777 0.000075
37778 0.000019
37779 0.000007
37780 0.000016
37781 0.000017
37782 0.000031
37783 0.000041
37784 0.000031
37785 0.000023
37786 0.000016
37787 0.000024
37788 0.000029
37789 0.000013
37790 0.000025
37791 0.000024
37792 0.000014
37793 0.000036
37794 0.000020
37795 0.000022
37796 0.000015
37797 0.000012
37798 0.000013
37799 0.000026
37800 0.000025
37801 0.000022
37802 0.000031
37803 0.000029
37804 0.000028
37805 0.000027
37806 0.000039
37807 0.000033
37808 0.000048
37809 0.000060
37810 0.000064
37811 0.000024
37812 0.000020
37813 0.000012
37814 0.000009
37815 0.000011
37816 0.000008
37817 0.000018
37818 0.000030
37819 0.000028
37820 0.000009
37821 0.000012
37822 0.000014
37823 0.000007
37824 0.000008
37825 0.000013
37826 0.000033
37827 0.000021
37828 0.000020
37829 0.000044
37830 0.000056
37831 0.000030
37832 0.000037
37833 0.000030
37834 0.000029
37835 0.000018
37836 0.000011
37837 0.000006
37838 0.000029
37839 0.000015
37840 0.000016
37841 0.000006
37842 0.000008
37843 0.000017
37844 0.000017
37845 0.000016
37846 0.000015
37847 0.000011
37848 0.000009
37849 0.000006
37850 0.000014
37851 0.000007
37852 0.000017
37853 0.000019
37854 0.000019
37855 0.000033
37856 0.000017
37857 0.000017
37858 0.000007
37859 0.000018
37860 0.000018
37861 0.000014
37862 0.000022
37863 0.000021
37864 0.000018
37865 0.000013
37866 0.000014
37867 0.000028
37868 0.000027
37869 0.000026
37870 0.000045
37871 0.000042
37872 0.000019
37873 0.000046
37874 0.000068
37875 0.000043
37876 0.000052
37877 0.000058
37878 0.000053
37879 0.000025
37880 0.000025
37881 0.000013
37882 0.000016
37883 0.000018
37884 0.000020
37885 0.000014
37886 0.000021
37887 0.000012
37888 0.000008
37889 0.000025
37890 0.000012
37891 0.000013
37892 0.000006
37893 0.000005
37894 0.000005
37895 0.000007
37896 0.000010
37897 0.000031
37898 0.000023
37899 0.000030
37900 0.000029
37901 0.000029
37902 0.000028
37903 0.000023
37904 0.000018
37905 0.000008
37906 0.000016
37907 0.000016
37908 0.000036
37909 0.000018
37910 0.000008
37911 0.000019
37912 0.000013
37913 0.000007
37914 0.000004
37915 0.000025
37916 0.000032
37917 0.000019
37918 0.000024
37919 0.000013
37920 0.000034
37921 0.000048
37922 0.000015
37923 0.000012
37924 0.000008
37925 0.000044
37926 0.000045
37927 0.000046
37928 0.000032
37929 0.000043
37930 0.000038
37931 0.000035
37932 0.000046
37933 0.000022
37934 0.000013
37935 0.000008
37936 0.000012
37937 0.000025
37938 0.000045
37939 0.000022
37940 0.000025
37941 0.000022
37942 0.000016
37943 0.000010
37944 0.000022
37945 0.000042
37946 0.000012
37947 0.000010
37948 0.000020
37949 0.000012
37950 0.000027
37951 0.000015
37952 0.000019
37953 0.000019
37954 0.000020
37955 0.000021
37956 0.000038
37957 0.000043
37958 0.000021
37959 0.000036
37960 0.000034
37961 0.000037
37962 0.000013
37963 0.000009
37964 0.000012
37965 0.000026
37966 0.000037
37967 0.000037
37968 0.000038
37969 0.000036
37970 0.000048
37971 0.000020
37972 0.000033
37973 0.000031
37974 0.000012
37975 0.000006
37976 0.000009
37977 0.000007
37978 0.000026
37979 0.000014
37980 0.000016
37981 0.000010
37982 0.000006
37983 0.000005
37984 0.000007
37985 0.000004
37986 0.000008
37987 0.000014
37988 0.000009
37989 0.000021
37990 0.000047
37991 0.000043
37992 0.000037
37993 0.000021
37994 0.000015
37995 0.000020
37996 0.000025
37997 0.000026
37998 0.000036
37999 0.000042
38000 0.000039
38001 0.000036
38002 0.000035
38003 0.000027
38004 0.000014
38005 0.000026
38006 0.000010
38007 0.000021
38008 0.000036
38009 0.000033
38010 0.000038
38011 0.000011
38012 0.000023
38013 0.000013
38014 0.000016
38015 0.000016
38016 0.000015
38017 0.000021
38018 0.000021
38019 0.000018
38020 0.000040
38021 0.000042
38022 0.000039
38023 0.000019
38024 0.000011
38025 0.000019
38026 0.000008
38027 0.000008
38028 0.000015
38029 0.000022
38030 0.000022
38031 0.000020
38032 0.000027
38033 0.000050
38034 0.000022
38035 0.000022
38036 0.000021
38037 0.000021
38038 0.000012
38039 0.000011
38040 0.000028
38041 0.000047
38042 0.000045
38043 0.000047
38044 0.000023
38045 0.000016
38046 0.000016
38047 0.000010
38048 0.000007
38049 0.000017
38050 0.000019
38051 0.000013
38052 0.000013
38053 0.000030
38054 0.000028
38055 0.000027
38056 0.000036
38057 0.000042
38058 0.000029
38059 0.000028
38060 0.000016
38061 0.000008
38062 0.000020
38063 0.000026
38064 0.000014
38065 0.000016
38066 0.000023
38067 0.000016
38068 0.000014
38069 0.000009
38070 0.000016
38071 0.000010
38072 0.000018
38073 0.000018
38074 0.000007
38075 0.000004
38076 0.000027
38077 0.000008
38078 0.000012
38079 0.000013
38080 0.000014
38081 0.000021
38082 0.000009
38083 0.000016
38084 0.000019
38085 0.000021
38086 0.000018
38087 0.000011
38088 0.000033
38089 0.000017
38090 0.000015
38091 0.000007
38092 0.000016
38093 0.000022
38094 0.000014
38095 0.000015
38096 0.000020
38097 0.000009
38098 0.000013
38099 0.000008
38100 0.000017
38101 0.000010
38102 0.000012
38103 0.000006
38104 0.000006
38105 0.000005
38106 0.000006
38107 0.000016
38108 0.000010
38109 0.000007
38110 0.000027
38111 0.000026
38112 0.000044
38113 0.000056
38114 0.000050
38115 0.000017
38116 0.000020
38117 0.000020
38118 0.000034
38119 0.000021
38120 0.000038
38121 0.000026
38122 0.000010
38123 0.000025
38124 0.000013
38125 0.000020
38126 0.000011
38127 0.000008
38128 0.000014
38129 0.000007
38130 0.000019
38131 0.000015
38132 0.000007
38133 0.000013
38134 0.000019
38135 0.000013
38136 0.000016
38137 0.000017
38138 0.000025
38139 0.000014
38140 0.000009
38141 0.000010
38142 0.000006
38143 0.000006
38144 0.000020
38145 0.000009
38146 0.000007
38147 0.000008
38148 0.000014
38149 0.000015
38150 0.000007
38151 0.000006
38152 0.000020
38153 0.000029
38154 0.000023
38155 0.000020
38156 0.000015
38157 0.000009
38158 0.000024
38159 0.000006
38160 0.000021
38161 0.000014
38162 0.000015
38163 0.000048
38164 0.000024
38165 0.000017
38166 0.000028
38167 0.000009
38168 0.000009
38169 0.000007
38170 0.000010
38171 0.000035
38172 0.000036
38173 0.000013
38174 0.000009
38175 0.000017
38176 0.000022
38177 0.000012
38178 0.000008
38179 0.000013
38180 0.000009
38181 0.000014
38182 0.000010
38183 0.000012
38184 0.000012
38185 0.000011
38186 0.000012
38187 0.000008
38188 0.000010
38189 0.000014
38190 0.000013
38191 0.000013
38192 0.000028
38193 0.000034
38194 0.000023
38195 0.000009
38196 0.000011
38197 0.000005
38198 0.000007
38199 0.000017
38200 0.000015
38201 0.000022
38202 0.000022
38203 0.000039
38204 0.000022
38205 0.000034
38206 0.000034
38207 0.000031
38208 0.000031
38209 0.000022
38210 0.000022
38211 0.000012
38212 0.000008
38213 0.000018
38214 0.000012
38215 0.000013
38216 0.000023
38217 0.000033
38218 0.000017
38219 0.000015
38220 0.000021
38221 0.000021
38222 0.000029
38223 0.000019
38224 0.000016
38225 0.000030
38226 0.000033
38227 0.000027
38228 0.000026
38229 0.000025
38230 0.000018
38231 0.000023
38232 0.000013
38233 0.000016
38234 0.000006
38235 0.000013
38236 0.000009
38237 0.000009
38238 0.000021
38239 0.000021
38240 0.000025
38241 0.000014
38242 0.000009
38243 0.000034
38244 0.000032
38245 0.000020
38246 0.000018
38247 0.000025
38248 0.000015
38249 0.000009
38250 0.000024
38251 0.000018
38252 0.000011
38253 0.000012
38254 0.000021
38255 0.000032
38256 0.000026
38257 0.000028
38258 0.000015
38259 0.000027
38260 0.000023
38261 0.000023
38262 0.000026
38263 0.000014
38264 0.000007
38265 0.000008
38266 0.000012
38267 0.000025
38268 0.000039
38269 0.000014
38270 0.000007
38271 0.000027
38272 0.000025
38273 0.000031
38274 0.000026
38275 0.000014
38276 0.000015
38277 0.000041
38278 0.000012
38279 0.000024
38280 0.000023
38281 0.000051
38282 0.000047
38283 0.000016
38284 0.000043
38285 0.000030
38286 0.000029
38287 0.000015
38288 0.000007
38289 0.000006
38290 0.000027
38291 0.000011
38292 0.000015
38293 0.000034
38294 0.000017
38295 0.000018
38296 0.000039
38297 0.000038
38298 0.000046
38299 0.000027
38300 0.000026
38301 0.000016
38302 0.000010
38303 0.000040
38304 0.000017
38305 0.000010
38306 0.000016
38307 0.000010
38308 0.000014
38309 0.000009
38310 0.000014
38311 0.000014
38312 0.000017
38313 0.000023
38314 0.000011
38315 0.000027
38316 0.000014
38317 0.000007
38318 0.000012
38319 0.000013
38320 0.000016
38321 0.000019
38322 0.000031
38323 0.000030
38324 0.000011
38325 0.000018
38326 0.000011
38327 0.000012
38328 0.000013
38329 0.000017
38330 0.000027
38331 0.000017
38332 0.000010
38333 0.000020
38334 0.000026
38335 0.000022
38336 0.000026
38337 0.000014
38338 0.000030
38339 0.000018
38340 0.000019
38341 0.000025
38342 0.000024
38343 0.000023
38344 0.000013
38345 0.000038
38346 0.000032
38347 0.000045
38348 0.000034
38349 0.000024
38350 0.000007
38351 0.000014
38352 0.000013
38353 0.000016
38354 0.000028
38355 0.000017
38356 0.000023
38357 0.000031
38358 0.000018
38359 0.000016
38360 0.000029
38361 0.000027
38362 0.000015
38363 0.000028
38364 0.000027
38365 0.000017
38366 0.000008
38367 0.000015
38368 0.000009
38369 0.000008
38370 0.000016
38371 0.000020
38372 0.000011
38373 0.000018
38374 0.000017
38375 0.000019
38376 0.000013
38377 0.000014
38378 0.000018
38379 0.000042
38380 0.000051
38381 0.000055
38382 0.000050
38383 0.000027
38384 0.000011
38385 0.000012
38386 0.000006
38387 0.000014
38388 0.000017
38389 0.000018
38390 0.000023
38391 0.000024
38392 0.000020
38393 0.000018
38394 0.000055
38395 0.000050
38396 0.000032
38397 0.000028
38398 0.000011
38399 0.000020
38400 0.000014
38401 0.000021
38402 0.000009
38403 0.000006
38404 0.000004
38405 0.000043
38406 0.000033
38407 0.000023
38408 0.000007
38409 0.000019
38410 0.000019
38411 0.000021
38412 0.000012
38413 0.000028
38414 0.000015
38415 0.000016
38416 0.000010
38417 0.000018
38418 0.000020
38419 0.000031
38420 0.000033
38421 0.000026
38422 0.000017
38423 0.000034
38424 0.000031
38425 0.000019
38426 0.000022
38427 0.000014
38428 0.000007
38429 0.000030
38430 0.000025
38431 0.000015
38432 0.000032
38433 0.000046
38434 0.000053
38435 0.000025
38436 0.000025
38437 0.000008
38438 0.000006
38439 0.000009
38440 0.000015
38441 0.000022
38442 0.000035
38443 0.000039
38444 0.000036
38445 0.000038
38446 0.000036
38447 0.000018
38448 0.000046
38449 0.000016
38450 0.000008
38451 0.000005
38452 0.000014
38453 0.000015
38454 0.000009
38455 0.000011
38456 0.000021
38457 0.000021
38458 0.000039
38459 0.000020
38460 0.000011
38461 0.000032
38462 0.000050
38463 0.000032
38464 0.000036
38465 0.000028
38466 0.000034
38467 0.000044
38468 0.000028
38469 0.000018
38470 0.000018
38471 0.000011
38472 0.000008
38473 0.000009
38474 0.000019
38475 0.000011
38476 0.000043
38477 0.000039
38478 0.000014
38479 0.000015
38480 0.000016
38481 0.000010
38482 0.000011
38483 0.000009
38484 0.000005
38485 0.000023
38486 0.000022
38487 0.000024
38488 0.000013
38489 0.000018
38490 0.000010
38491 0.000006
38492 0.000006
38493 0.000015
38494 0.000007
38495 0.000014
38496 0.000029
38497 0.000027
38498 0.000015
38499 0.000011
38500 0.000007
38501 0.000017
38502 0.000018
38503 0.000008
38504 0.000009
38505 0.000013
38506 0.000032
38507 0.000016
38508 0.000016
38509 0.000013
38510 0.000025
38511 0.000019
38512 0.000011
38513 0.000010
38514 0.000012
38515 0.000023
38516 0.000013
38517 0.000018
38518 0.000011
38519 0.000016
38520 0.000017
38521 0.000021
38522 0.000024
38523 0.000034
38524 0.000032
38525 0.000025
38526 0.000039
38527 0.000025
38528 0.000014
38529 0.000021
38530 0.000030
38531 0.000031
38532 0.000040
38533 0.000045
38534 0.000016
38535 0.000016
38536 0.000024
38537 0.000013
38538 0.000011
38539 0.000018
38540 0.000018
38541 0.000023
38542 0.000015
38543 0.000016
38544 0.000023
38545 0.000025
38546 0.000042
38547 0.000025
38548 0.000024
38549 0.000030
38550 0.000050
38551 0.000064
38552 0.000057
38553 0.000058
38554 0.000052
38555 0.000031
38556 0.000033
38557 0.000012
38558 0.000023
38559 0.000021
38560 0.000023
38561 0.000013
38562 0.000028
38563 0.000035
38564 0.000038
38565 0.000011
38566 0.000018
38567 0.000025
38568 0.000014
38569 0.000022
38570 0.000030
38571 0.000016
38572 0.000024
38573 0.000031
38574 0.000016
38575 0.000006
38576 0.000006
38577 0.000005
38578 0.000008
38579 0.000011
38580 0.000017
38581 0.000029
38582 0.000015
38583 0.000016
38584 0.000017
38585 0.000010
38586 0.000014
38587 0.000021
38588 0.000014
38589 0.000009
38590 0.000007
38591 0.000006
38592 0.000005
38593 0.000012
38594 0.000008
38595 0.000007
38596 0.000016
38597 0.000016
38598 0.000017
38599 0.000024
38600 0.000013
38601 0.000007
38602 0.000004
38603 0.000012
38604 0.000014
38605 0.000020
38606 0.000017
38607 0.000017
38608 0.000023
38609 0.000029
38610 0.000017
38611 0.000038
38612 0.000021
38613 0.000024
38614 0.000024
38615 0.000010
38616 0.000005
38617 0.000012
38618 0.000008
38619 0.000015
38620 0.000009
38621 0.000018
38622 0.000020
38623 0.000023
38624 0.000008
38625 0.000038
38626 0.000011
38627 0.000012
38628 0.000026
38629 0.000035
38630 0.000036
38631 0.000041
38632 0.000011
38633 0.000014
38634 0.000021
38635 0.000021
38636 0.000012
38637 0.000013
38638 0.000025
38639 0.000018
38640 0.000011
38641 0.000007
38642 0.000011
38643 0.000007
38644 0.000009
38645 0.000011
38646 0.000008
38647 0.000013
38648 0.000014
38649 0.000015
38650 0.000016
38651 0.000031
38652 0.000023
38653 0.000017
38654 0.000020
38655 0.000018
38656 0.000011
38657 0.000012
38658 0.000035
38659 0.000013
38660 0.000016
38661 0.000010
38662 0.000024
38663 0.000019
38664 0.000024
38665 0.000028
38666 0.000027
38667 0.000017
38668 0.000008
38669 0.000027
38670 0.000011
38671 0.000008
38672 0.000021
38673 0.000027
38674 0.000014
38675 0.000012
38676 0.000008
38677 0.000010
38678 0.000012
38679 0.000008
38680 0.000013
38681 0.000007
38682 0.000011
38683 0.000006
38684 0.000008
38685 0.000010
38686 0.000006
38687 0.000008
38688 0.000016
38689 0.000007
38690 0.000006
38691 0.000016
38692 0.000015
38693 0.000016
38694 0.000029
38695 0.000015
38696 0.000016
38697 0.000017
38698 0.000010
38699 0.000012
38700 0.000006
38701 0.000015
38702 0.000022
38703 0.000017
38704 0.000010
38705 0.000007
38706 0.000005
38707 0.000009
38708 0.000022
38709 0.000009
38710 0.000017
38711 0.000010
38712 0.000016
38713 0.000007
38714 0.000006
38715 0.000005
38716 0.000027
38717 0.000014
38718 0.000018
38719 0.000012
38720 0.000008
38721 0.000016
38722 0.000027
38723 0.000032
38724 0.000030
38725 0.000022
38726 0.000022
38727 0.000019
38728 0.000016
38729 0.000036
38730 0.000018
38731 0.000020
38732 0.000020
38733 0.000020
38734 0.000038
38735 0.000035
38736 0.000040
38737 0.000037
38738 0.000034
38739 0.000017
38740 0.000016
38741 0.000010
38742 0.000028
38743 0.000032
38744 0.000016
38745 0.000017
38746 0.000014
38747 0.000027
38748 0.000015
38749 0.000009
38750 0.000018
38751 0.000021
38752 0.000023
38753 0.000030
38754 0.000029
38755 0.000026
38756 0.000025
38757 0.000024
38758 0.000028
38759 0.000026
38760 0.000010
38761 0.000015
38762 0.000015
38763 0.000021
38764 0.000011
38765 0.000010
38766 0.000010
38767 0.000007
38768 0.000009
38769 0.000011
38770 0.000010
38771 0.000023
38772 0.000012
38773 0.000008
38774 0.000013
38775 0.000015
38776 0.000022
38777 0.000030
38778 0.000035
38779 0.000037
38780 0.000023
38781 0.000009
38782 0.000015
38783 0.000009
38784 0.000011
38785 0.000014
38786 0.000028
38787 0.000009
38788 0.000028
38789 0.000035
38790 0.000033
38791 0.000032
38792 0.000018
38793 0.000008
38794 0.000019
38795 0.000008
38796 0.000017
38797 0.000010
38798 0.000012
38799 0.000008
38800 0.000017
38801 0.000016
38802 0.000016
38803 0.000024
38804 0.000026
38805 0.000049
38806 0.000043
38807 0.000060
38808 0.000033
38809 0.000017
38810 0.000010
38811 0.000021
38812 0.000016
38813 0.000016
38814 0.000012
38815 0.000017
38816 0.000020
38817 0.000014
38818 0.000010
38819 0.000015
38820 0.000029
38821 0.000020
38822 0.000020
38823 0.000029
38824 0.000011
38825 0.000028
38826 0.000014
38827 0.000017
38828 0.000023
38829 0.000019
38830 0.000018
38831 0.000019
38832 0.000011
38833 0.000021
38834 0.000008
38835 0.000006
38836 0.000022
38837 0.000017
38838 0.000017
38839 0.000018
38840 0.000023
38841 0.000009
38842 0.000015
38843 0.000009
38844 0.000030
38845 0.000034
38846 0.000024
38847 0.000024
38848 0.000019
38849 0.000019
38850 0.000029
38851 0.000043
38852 0.000039
38853 0.000036
38854 0.000026
38855 0.000018
38856 0.000030
38857 0.000036
38858 0.000031
38859 0.000030
38860 0.000013
38861 0.000032
38862 0.000032
38863 0.000017
38864 0.000010
38865 0.000012
38866 0.000020
38867 0.000038
38868 0.000035
38869 0.000033
38870 0.000031
38871 0.000016
38872 0.000012
38873 0.000021
38874 0.000022
38875 0.000022
38876 0.000022
38877 0.000012
38878 0.000011
38879 0.000011
38880 0.000011
38881 0.000015
38882 0.000031
38883 0.000030
38884 0.000017
38885 0.000020
38886 0.000011
38887 0.000012
38888 0.000017
38889 0.000015
38890 0.000006
38891 0.000006
38892 0.000008
38893 0.000010
38894 0.000016
38895 0.000021
38896 0.000031
38897 0.000032
38898 0.000026
38899 0.000014
38900 0.000015
38901 0.000017
38902 0.000019
38903 0.000030
38904 0.000036
38905 0.000034
38906 0.000017
38907 0.000031
38908 0.000032
38909 0.000022
38910 0.000013
38911 0.000014
38912 0.000017
38913 0.000010
38914 0.000022
38915 0.000019
38916 0.000019
38917 0.000012
38918 0.000029
38919 0.000015
38920 0.000016
38921 0.000017
38922 0.000020
38923 0.000011
38924 0.000010
38925 0.000016
38926 0.000021
38927 0.000019
38928 0.000030
38929 0.000016
38930 0.000022
38931 0.000012
38932 0.000007
38933 0.000006
38934 0.000014
38935 0.000009
38936 0.000033
38937 0.000012
38938 0.000015
38939 0.000016
38940 0.000019
38941 0.000017
38942 0.000018
38943 0.000024
38944 0.000024
38945 0.000021
38946 0.000012
38947 0.000013
38948 0.000028
38949 0.000045
38950 0.000022
38951 0.000020
38952 0.000015
38953 0.000025
38954 0.000024
38955 0.000017
38956 0.000013
38957 0.000011
38958 0.000009
38959 0.000006
38960 0.000016
38961 0.000017
38962 0.000016
38963 0.000019
38964 0.000030
38965 0.000016
38966 0.000022
38967 0.000015
38968 0.000016
38969 0.000016
38970 0.000017
38971 0.000007
38972 0.000009
38973 0.000017
38974 0.000018
38975 0.000010
38976 0.000013
38977 0.000033
38978 0.000017
38979 0.000013
38980 0.000011
38981 0.000012
38982 0.000013
38983 0.000009
38984 0.000015
38985 0.000022
38986 0.000012
38987 0.000027
38988 0.000018
38989 0.000013
38990 0.000009
38991 0.000027
38992 0.000014
38993 0.000017
38994 0.000030
38995 0.000019
38996 0.000020
38997 0.000011
38998 0.000014
38999 0.000007
39000 0.000006
39001 0.000006
39002 0.000015
39003 0.000019
39004 0.000029
39005 0.000028
39006 0.000028
39007 0.000027
39008 0.000051
39009 0.000025
39010 0.000010
39011 0.000007
39012 0.000010
39013 0.000028
39014 0.000012
39015 0.000015
39016 0.000030
39017 0.000028
39018 0.000027
39019 0.000022
39020 0.000021
39021 0.000035
39022 0.000018
39023 0.000034
39024 0.000031
39025 0.000016
39026 0.000010
39027 0.000007
39028 0.000009
39029 0.000011
39030 0.000008
39031 0.000016
39032 0.000022
39033 0.000009
39034 0.000019
39035 0.000031
39036 0.000024
39037 0.000035
39038 0.000020
39039 0.000017
39040 0.000020
39041 0.000020
39042 0.000020
39043 0.000030
39044 0.000061
39045 0.000084
39046 0.000041
39047 0.000030
39048 0.000020
39049 0.000012
39050 0.000013
39051 0.000018
39052 0.000012
39053 0.000008
39054 0.000018
39055 0.000037
39056 0.000042
39057 0.000021
39058 0.000014
39059 0.000018
39060 0.000021
39061 0.000007
39062 0.000010
39063 0.000012
39064 0.000013
39065 0.000014
39066 0.000009
39067 0.000020
39068 0.000023
39069 0.000009
39070 0.000017
39071 0.000031
39072 0.000016
39073 0.000017
39074 0.000014
39075 0.000015
39076 0.000009
39077 0.000010
39078 0.000005
39079 0.000029
39080 0.000019
39081 0.000013
39082 0.000020
39083 0.000024
39084 0.000017
39085 0.000008
39086 0.000016
39087 0.000016
39088 0.000018
39089 0.000021
39090 0.000028
39091 0.000047
39092 0.000023
39093 0.000036
39094 0.000033
39095 0.000012
39096 0.000009
39097 0.000010
39098 0.000007
39099 0.000013
39100 0.000022
39101 0.000038
39102 0.000019
39103 0.000014
39104 0.000044
39105 0.000041
39106 0.000038
39107 0.000037
39108 0.000064
39109 0.000030
39110 0.000009
39111 0.000023
39112 0.000023
39113 0.000043
39114 0.000031
39115 0.000012
39116 0.000013
39117 0.000032
39118 0.000017
39119 0.000008
39120 0.000010
39121 0.000024
39122 0.000014
39123 0.000007
39124 0.000009
39125 0.000013
39126 0.000015
39127 0.000027
39128 0.000020
39129 0.000030
39130 0.000028
39131 0.000015
39132 0.000016
39133 0.000029
39134 0.000028
39135 0.000035
39136 0.000029
39137 0.000011
39138 0.000012
39139 0.000012
39140 0.000008
39141 0.000010
39142 0.000015
39143 0.000023
39144 0.000021
39145 0.000019
39146 0.000018
39147 0.000032
39148 0.000019
39149 0.000017
39150 0.000017
39151 0.000018
39152 0.000011
39153 0.000018
39154 0.000015
39155 0.000019
39156 0.000015
39157 0.000019
39158 0.000029
39159 0.000027
39160 0.000032
39161 0.000008
39162 0.000010
39163 0.000007
39164 0.000009
39165 0.000011
39166 0.000010
39167 0.000019
39168 0.000040
39169 0.000026
39170 0.000014
39171 0.000007
39172 0.000005
39173 0.000011
39174 0.000017
39175 0.000050
39176 0.000024
39177 0.000026
39178 0.000017
39179 0.000041
39180 0.000057
39181 0.000051
39182 0.000046
39183 0.000036
39184 0.000034
39185 0.000036
39186 0.000020
39187 0.000020
39188 0.000016
39189 0.000010
39190 0.000015
39191 0.000018
39192 0.000048
39193 0.000055
39194 0.000050
39195 0.000026
39196 0.000021
39197 0.000040
39198 0.000014
39199 0.000026
39200 0.000030
39201 0.000019
39202 0.000011
39203 0.000026
39204 0.000013
39205 0.000006
39206 0.000018
39207 0.000017
39208 0.000025
39209 0.000014
39210 0.000014
39211 0.000015
39212 0.000013
39213 0.000023
39214 0.000013
39215 0.000033
39216 0.000022
39217 0.000022
39218 0.000027
39219 0.000018
39220 0.000016
39221 0.000010
39222 0.000009
39223 0.000015
39224 0.000032
39225 0.000021
39226 0.000030
39227 0.000042
39228 0.000030
39229 0.000028
39230 0.000027
39231 0.000009
39232 0.000010
39233 0.000009
39234 0.000013
39235 0.000020
39236 0.000012
39237 0.000018
39238 0.000012
39239 0.000008
39240 0.000014
39241 0.000007
39242 0.000006
39243 0.000016
39244 0.000015
39245 0.000020
39246 0.000009
39247 0.000018
39248 0.000008
39249 0.000006
39250 0.000005
39251 0.000021
39252 0.000023
39253 0.000023
39254 0.000008
39255 0.000013
39256 0.000019
39257 0.000018
39258 0.000019
39259 0.000011
39260 0.000032
39261 0.000042
39262 0.000021
39263 0.000040
39264 0.000042
39265 0.000046
39266 0.000033
39267 0.000015
39268 0.000009
39269 0.000009
39270 0.000015
39271 0.000009
39272 0.000007
39273 0.000009
39274 0.000019
39275 0.000011
39276 0.000016
39277 0.000022
39278 0.000025
39279 0.000029
39280 0.000031
39281 0.000047
39282 0.000027
39283 0.000031
39284 0.000053
39285 0.000014
39286 0.000009
39287 0.000007
39288 0.000006
39289 0.000005
39290 0.000007
39291 0.000010
39292 0.000019
39293 0.000011
39294 0.000021
39295 0.000016
39296 0.000017
39297 0.000017
39298 0.000016
39299 0.000015
39300 0.000039
39301 0.000044
39302 0.000048
39303 0.000021
39304 0.000012
39305 0.000014
39306 0.000026
39307 0.000035
39308 0.000018
39309 0.000024
39310 0.000032
39311 0.000027
39312 0.000026
39313 0.000017
39314 0.000008
39315 0.000012
39316 0.000026
39317 0.000022
39318 0.000019
39319 0.000030
39320 0.000020
39321 0.000020
39322 0.000012
39323 0.000006
39324 0.000006
39325 0.000005
39326 0.000024
39327 0.000013
39328 0.000013
39329 0.000014
39330 0.000015
39331 0.000049
39332 0.000032
39333 0.000044
39334 0.000027
39335 0.000018
39336 0.000027
39337 0.000026
39338 0.000033
39339 0.000032
39340 0.000017
39341 0.000023
39342 0.000027
39343 0.000014
39344 0.000006
39345 0.000020
39346 0.000028
39347 0.000030
39348 0.000029
39349 0.000022
39350 0.000022
39351 0.000023
39352 0.000048
39353 0.000014
39354 0.000013
39355 0.000008
39356 0.000010
39357 0.000014
39358 0.000013
39359 0.000024
39360 0.000028
39361 0.000027
39362 0.000036
39363 0.000051
39364 0.000018
39365 0.000018
39366 0.000011
39367 0.000027
39368 0.000039
39369 0.000044
39370 0.000048
39371 0.000026
39372 0.000029
39373 0.000016
39374 0.000021
39375 0.000018
39376 0.000008
39377 0.000008
39378 0.000005
39379 0.000005
39380 0.000009
39381 0.000010
39382 0.000006
39383 0.000014
39384 0.000006
39385 0.000011
39386 0.000008
39387 0.000015
39388 0.000009
39389 0.000015
39390 0.000016
39391 0.000023
39392 0.000014
39393 0.000015
39394 0.000035
39395 0.000018
39396 0.000020
39397 0.000015
39398 0.000030
39399 0.000011
39400 0.000008
39401 0.000041
39402 0.000024
39403 0.000030
39404 0.000038
39405 0.000038
39406 0.000019
39407 0.000018
39408 0.000025
39409 0.000010
39410 0.000006
39411 0.000015
39412 0.000009
39413 0.000011
39414 0.000035
39415 0.000033
39416 0.000043
39417 0.000024
39418 0.000018
39419 0.000025
39420 0.000029
39421 0.000015
39422 0.000019
39423 0.000019
39424 0.000028
39425 0.000020
39426 0.000020
39427 0.000020
39428 0.000020
39429 0.000038
39430 0.000022
39431 0.000037
39432 0.000046
39433 0.000029
39434 0.000011
39435 0.000012
39436 0.000006
39437 0.000006
39438 0.000008
39439 0.000005
39440 0.000004
39441 0.000005
39442 0.000022
39443 0.000023
39444 0.000043
39445 0.000021
39446 0.000059
39447 0.000060
39448 0.000054
39449 0.000043
39450 0.000031
39451 0.000012
39452 0.000013
39453 0.000019
39454 0.000011
39455 0.000008
39456 0.000015
39457 0.000016
39458 0.000010
39459 0.000013
39460 0.000012
39461 0.000008
39462 0.000005
39463 0.000009
39464 0.000014
39465 0.000012
39466 0.000015
39467 0.000048
39468 0.000054
39469 0.000018
39470 0.000023
39471 0.000015
39472 0.000009
39473 0.000005
39474 0.000013
39475 0.000033
39476 0.000047
39477 0.000027
39478 0.000014
39479 0.000007
39480 0.000009
39481 0.000016
39482 0.000010
39483 0.000024
39484 0.000024
39485 0.000032
39486 0.000010
39487 0.000014
39488 0.000007
39489 0.000017
39490 0.000031
39491 0.000016
39492 0.000017
39493 0.000028
39494 0.000031
39495 0.000043
39496 0.000015
39497 0.000018
39498 0.000019
39499 0.000011
39500 0.000014
39501 0.000013
39502 0.000023
39503 0.000016
39504 0.000014
39505 0.000023
39506 0.000017
39507 0.000013
39508 0.000007
39509 0.000016
39510 0.000022
39511 0.000022
39512 0.000008
39513 0.000009
39514 0.000020
39515 0.000023
39516 0.000031
39517 0.000032
39518 0.000008
39519 0.000011
39520 0.000008
39521 0.000006
39522 0.000015
39523 0.000009
39524 0.000015
39525 0.000028
39526 0.000018
39527 0.000011
39528 0.000018
39529 0.000020
39530 0.000025
39531 0.000019
39532 0.000019
39533 0.000019
39534 0.000012
39535 0.000009
39536 0.000023
39537 0.000022
39538 0.000026
39539 0.000043
39540 0.000040
39541 0.000040
39542 0.000024
39543 0.000024
39544 0.000023
39545 0.000016
39546 0.000020
39547 0.000020
39548 0.000032
39549 0.000030
39550 0.000055
39551 0.000037
39552 0.000038
39553 0.000014
39554 0.000014
39555 0.000019
39556 0.000009
39557 0.000010
39558 0.000007
39559 0.000006
39560 0.000019
39561 0.000013
39562 0.000010
39563 0.000007
39564 0.000027
39565 0.000014
39566 0.000025
39567 0.000024
39568 0.000033
39569 0.000031
39570 0.000014
39571 0.000009
39572 0.000005
39573 0.000013
39574 0.000006
39575 0.000004
39576 0.000028
39577 0.000031
39578 0.000034
39579 0.000017
39580 0.000025
39581 0.000019
39582 0.000011
39583 0.000010
39584 0.000021
39585 0.000029
39586 0.000015
39587 0.000017
39588 0.000022
39589 0.000013
39590 0.000015
39591 0.000009
39592 0.000011
39593 0.000008
39594 0.000007
39595 0.000012
39596 0.000013
39597 0.000046
39598 0.000041
39599 0.000018
39600 0.000010
39601 0.000032
39602 0.000033
39603 0.000017
39604 0.000010
39605 0.000014
39606 0.000011
39607 0.000008
39608 0.000006
39609 0.000008
39610 0.000023
39611 0.000015
39612 0.000021
39613 0.000027
39614 0.000024
39615 0.000024
39616 0.000017
39617 0.000010
39618 0.000011
39619 0.000009
39620 0.000018
39621 0.000024
39622 0.000013
39623 0.000022
39624 0.000025
39625 0.000013
39626 0.000008
39627 0.000007
39628 0.000009
39629 0.000029
39630 0.000025
39631 0.000015
39632 0.000009
39633 0.000007
39634 0.000043
39635 0.000049
39636 0.000028
39637 0.000015
39638 0.000006
39639 0.000009
39640 0.000011
39641 0.000006
39642 0.000013
39643 0.000018
39644 0.000014
39645 0.000009
39646 0.000013
39647 0.000021
39648 0.000013
39649 0.000008
39650 0.000005
39651 0.000011
39652 0.000005
39653 0.000008
39654 0.000026
39655 0.000045
39656 0.000022
39657 0.000031
39658 0.000029
39659 0.000041
39660 0.000041
39661 0.000038
39662 0.000019
39663 0.000011
39664 0.000020
39665 0.000016
39666 0.000014
39667 0.000035
39668 0.000038
39669 0.000036
39670 0.000032
39671 0.000031
39672 0.000031
39673 0.000028
39674 0.000029
39675 0.000032
39676 0.000039
39677 0.000034
39678 0.000022
39679 0.000029
39680 0.000035
39681 0.000045
39682 0.000028
39683 0.000032
39684 0.000017
39685 0.000022
39686 0.000018
39687 0.000009
39688 0.000020
39689 0.000020
39690 0.000034
39691 0.000020
39692 0.000024
39693 0.000007
39694 0.000009
39695 0.000025
39696 0.000026
39697 0.000010
39698 0.000012
39699 0.000013
39700 0.000009
39701 0.000022
39702 0.000009
39703 0.000018
39704 0.000007
39705 0.000033
39706 0.000026
39707 0.000017
39708 0.000018
39709 0.000018
39710 0.000008
39711 0.000013
39712 0.000017
39713 0.000017
39714 0.000020
39715 0.000020
39716 0.000007
39717 0.000006
39718 0.000027
39719 0.000036
39720 0.000033
39721 0.000012
39722 0.000026
39723 0.000021
39724 0.000012
39725 0.000017
39726 0.000033
39727 0.000041
39728 0.000058
39729 0.000052
39730 0.000025
39731 0.000028
39732 0.000027
39733 0.000037
39734 0.000019
39735 0.000011
39736 0.000005
39737 0.000019
39738 0.000022
39739 0.000021
39740 0.000012
39741 0.000015
39742 0.000016
39743 0.000008
39744 0.000010
39745 0.000011
39746 0.000008
39747 0.000012
39748 0.000013
39749 0.000016
39750 0.000017
39751 0.000010
39752 0.000012
39753 0.000021
39754 0.000025
39755 0.000033
39756 0.000012
39757 0.000028
39758 0.000015
39759 0.000009
39760 0.000019
39761 0.000019
39762 0.000011
39763 0.000015
39764 0.000026
39765 0.000021
39766 0.000032
39767 0.000046
39768 0.000035
39769 0.000033
39770 0.000009
39771 0.000018
39772 0.000019
39773 0.000011
39774 0.000006
39775 0.000014
39776 0.000026
39777 0.000025
39778 0.000016
39779 0.000010
39780 0.000011
39781 0.000013
39782 0.000021
39783 0.000008
39784 0.000010
39785 0.000012
39786 0.000006
39787 0.000006
39788 0.000010
39789 0.000014
39790 0.000015
39791 0.000035
39792 0.000060
39793 0.000054
39794 0.000029
39795 0.000040
39796 0.000037
39797 0.000049
39798 0.000024
39799 0.000031
39800 0.000008
39801 0.000027
39802 0.000039
39803 0.000022
39804 0.000026
39805 0.000025
39806 0.000024
39807 0.000033
39808 0.000026
39809 0.000018
39810 0.000010
39811 0.000029
39812 0.000026
39813 0.000010
39814 0.000014
39815 0.000009
39816 0.000006
39817 0.000005
39818 0.000008
39819 0.000014
39820 0.000021
39821 0.000009
39822 0.000011
39823 0.000012
39824 0.000008
39825 0.000004
39826 0.000005
39827 0.000004
39828 0.000040
39829 0.000045
39830 0.000028
39831 0.000020
39832 0.000032
39833 0.000017
39834 0.000010
39835 0.000006
39836 0.000007
39837 0.000005
39838 0.000006
39839 0.000008
39840 0.000019
39841 0.000011
39842 0.000021
39843 0.000021
39844 0.000023
39845 0.000013
39846 0.000015
39847 0.000012
39848 0.000019
39849 0.000011
39850 0.000014
39851 0.000011
39852 0.000008
39853 0.000009
39854 0.000009
39855 0.000022
39856 0.000022
39857 0.000032
39858 0.000011
39859 0.000026
39860 0.000038
39861 0.000048
39862 0.000039
39863 0.000047
39864 0.000046
39865 0.000023
39866 0.000016
39867 0.000017
39868 0.000047
39869 0.000038
39870 0.000014
39871 0.000016
39872 0.000048
39873 0.000068
39874 0.000032
39875 0.000021
39876 0.000022
39877 0.000014
39878 0.000013
39879 0.000014
39880 0.000015
39881 0.000020
39882 0.000021
39883 0.000012
39884 0.000013
39885 0.000009
39886 0.000010
39887 0.000023
39888 0.000013
39889 0.000014
39890 0.000021
39891 0.000012
39892 0.000013
39893 0.000009
39894 0.000008
39895 0.000006
39896 0.000018
39897 0.000018
39898 0.000011
39899 0.000024
39900 0.000008
39901 0.000014
39902 0.000015
39903 0.000016
39904 0.000010
39905 0.000011
39906 0.000015
39907 0.000023
39908 0.000017
39909 0.000015
39910 0.000016
39911 0.000036
39912 0.000013
39913 0.000009
39914 0.000015
39915 0.000016
39916 0.000022
39917 0.000028
39918 0.000030
39919 0.000016
39920 0.000007
39921 0.000011
39922 0.000012
39923 0.000014
39924 0.000018
39925 0.000011
39926 0.000024
39927 0.000028
39928 0.000016
39929 0.000006
39930 0.000008
39931 0.000013
39932 0.000027
39933 0.000025
39934 0.000034
39935 0.000025
39936 0.000038
39937 0.000024
39938 0.000026
39939 0.000014
39940 0.000009
39941 0.000011
39942 0.000015
39943 0.000007
39944 0.000018
39945 0.000007
39946 0.000024
39947 0.000023
39948 0.000021
39949 0.000024
39950 0.000024
39951 0.000008
39952 0.000019
39953 0.000011
39954 0.000025
39955 0.000019
39956 0.000019
39957 0.000019
39958 0.000011
39959 0.000011
39960 0.000011
39961 0.000006
39962 0.000017
39963 0.000008
39964 0.000010
39965 0.000011
39966 0.000021
39967 0.000007
39968 0.000011
39969 0.000008
39970 0.000022
39971 0.000009
39972 0.000008
39973 0.000015
39974 0.000009
39975 0.000007
39976 0.000005
39977 0.000014
39978 0.000028
39979 0.000019
39980 0.000008
39981 0.000013
39982 0.000014
39983 0.000015
39984 0.000015
39985 0.000013
39986 0.000009
39987 0.000024
39988 0.000013
39989 0.000026
39990 0.000040
39991 0.000037
39992 0.000027
39993 0.000015
39994 0.000006
39995 0.000005
39996 0.000005
39997 0.000011
39998 0.000022
39999 0.000014
40000 0.000009
40001 0.000007
40002 0.000018
40003 0.000024
40004 0.000023
40005 0.000013
40006 0.000014
40007 0.000019
40008 0.000008
40009 0.000005
40010 0.000008
40011 0.000025
40012 0.000014
40013 0.000017
40014 0.000019
40015 0.000024
40016 0.000027
40017 0.000019
40018 0.000019
40019 0.000019
40020 0.000008
40021 0.000010
40022 0.000014
40023 0.000017
40024 0.000036
40025 0.000036
40026 0.000033
40027 0.000035
40028 0.000018
40029 0.000011
40030 0.000017
40031 0.000016
40032 0.000021
40033 0.000029
40034 0.000027
40035 0.000023
40036 0.000013
40037 0.000008
40038 0.000017
40039 0.000033
40040 0.000025
40041 0.000014
40042 0.000019
40043 0.000011
40044 0.000008
40045 0.000010
40046 0.000006
40047 0.000009
40048 0.000004
40049 0.000014
40050 0.000019
40051 0.000017
40052 0.000012
40053 0.000022
40054 0.000017
40055 0.000017
40056 0.000018
40057 0.000023
40058 0.000022
40059 0.000022
40060 0.000011
40061 0.000009
40062 0.000009
40063 0.000017
40064 0.000028
40065 0.000027
40066 0.000041
40067 0.000055
40068 0.000026
40069 0.000017
40070 0.000020
40071 0.000020
40072 0.000011
40073 0.000013
40074 0.000008
40075 0.000011
40076 0.000024
40077 0.000019
40078 0.000028
40079 0.000019
40080 0.000014
40081 0.000020
40082 0.000020
40083 0.000022
40084 0.000017
40085 0.000010
40086 0.000006
40087 0.000018
40088 0.000027
40089 0.000014
40090 0.000009
40091 0.000012
40092 0.000015
40093 0.000016
40094 0.000012
40095 0.000012
40096 0.000039
40097 0.000036
40098 0.000045
40099 0.000042
40100 0.000033
40101 0.000046
40102 0.000055
40103 0.000056
40104 0.000060
40105 0.000063
40106 0.000059
40107 0.000064
40108 0.000038
40109 0.000039
40110 0.000036
40111 0.000034
40112 0.000019
40113 0.000008
40114 0.000020
40115 0.000017
40116 0.000039
40117 0.000040
40118 0.000026
40119 0.000020
40120 0.000036
40121 0.000018
40122 0.000019
40123 0.000020
40124 0.000020
40125 0.000016
40126 0.000016
40127 0.000017
40128 0.000022
40129 0.000023
40130 0.000031
40131 0.000016
40132 0.000008
40133 0.000009
40134 0.000022
40135 0.000009
40136 0.000025
40137 0.000024
40138 0.000024
40139 0.000023
40140 0.000013
40141 0.000020
40142 0.000053
40143 0.000029
40144 0.000028
40145 0.000034
40146 0.000013
40147 0.000017
40148 0.000023
40149 0.000016
40150 0.000013
40151 0.000011
40152 0.000021
40153 0.000017
40154 0.000010
40155 0.000012
40156 0.000044
40157 0.000044
40158 0.000040
40159 0.000057
40160 0.000027
40161 0.000018
40162 0.000030
40163 0.000029
40164 0.000015
40165 0.000016
40166 0.000022
40167 0.000012
40168 0.000006
40169 0.000027
40170 0.000036
40171 0.000022
40172 0.000025
40173 0.000010
40174 0.000031
40175 0.000029
40176 0.000028
40177 0.000015
40178 0.000012
40179 0.000007
40180 0.000014
40181 0.000011
40182 0.000012
40183 0.000013
40184 0.000012
40185 0.000019
40186 0.000019
40187 0.000011
40188 0.000013
40189 0.000019
40190 0.000007
40191 0.000042
40192 0.000067
40193 0.000076
40194 0.000027
40195 0.000026
40196 0.000016
40197 0.000016
40198 0.000013
40199 0.000016
40200 0.000017
40201 0.000015
40202 0.000009
40203 0.000012
40204 0.000018
40205 0.000032
40206 0.000020
40207 0.000024
40208 0.000010
40209 0.000035
40210 0.000040
40211 0.000042
40212 0.000039
40213 0.000014
40214 0.000027
40215 0.000030
40216 0.000016
40217 0.000043
40218 0.000052
40219 0.000025
40220 0.000019
40221 0.000015
40222 0.000025
40223 0.000010
40224 0.000021
40225 0.000012
40226 0.000022
40227 0.000009
40228 0.000011
40229 0.000032
40230 0.000017
40231 0.000010
40232 0.000015
40233 0.000017
40234 0.000016
40235 0.000025
40236 0.000016
40237 0.000008
40238 0.000016
40239 0.000007
40240 0.000014
40241 0.000014
40242 0.000014
40243 0.000012
40244 0.000006
40245 0.000019
40246 0.000011
40247 0.000018
40248 0.000018
40249 0.000022
40250 0.000023
40251 0.000026
40252 0.000023
40253 0.000023
40254 0.000017
40255 0.000015
40256 0.000023
40257 0.000048
40258 0.000048
40259 0.000023
40260 0.000019
40261 0.000019
40262 0.000026
40263 0.000025
40264 0.000019
40265 0.000015
40266 0.000021
40267 0.000022
40268 0.000012
40269 0.000026
40270 0.000025
40271 0.000024
40272 0.000025
40273 0.000030
40274 0.000031
40275 0.000016
40276 0.000026
40277 0.000026
40278 0.000029
40279 0.000039
40280 0.000034
40281 0.000018
40282 0.000008
40283 0.000010
40284 0.000011
40285 0.000024
40286 0.000016
40287 0.000014
40288 0.000006
40289 0.000006
40290 0.000015
40291 0.000016
40292 0.000018
40293 0.000035
40294 0.000038
40295 0.000049
40296 0.000044
40297 0.000022
40298 0.000014
40299 0.000016
40300 0.000014
40301 0.000020
40302 0.000011
40303 0.000039
40304 0.000034
40305 0.000036
40306 0.000025
40307 0.000024
40308 0.000036
40309 0.000049
40310 0.000047
40311 0.000034
40312 0.000040
40313 0.000051
40314 0.000025
40315 0.000053
40316 0.000033
40317 0.000028
40318 0.000027
40319 0.000034
40320 0.000024
40321 0.000013
40322 0.000014
40323 0.000015
40324 0.000009
40325 0.000011
40326 0.000008
40327 0.000015
40328 0.000015
40329 0.000006
40330 0.000015
40331 0.000026
40332 0.000010
40333 0.000007
40334 0.000010
40335 0.000025
40336 0.000031
40337 0.000015
40338 0.000009
40339 0.000020
40340 0.000020
40341 0.000009
40342 0.000009
40343 0.000014
40344 0.000015
40345 0.000016
40346 0.000024
40347 0.000030
40348 0.000036
40349 0.000027
40350 0.000025
40351 0.000022
40352 0.000022
40353 0.000021
40354 0.000016
40355 0.000006
40356 0.000011
40357 0.000014
40358 0.000017
40359 0.000032
40360 0.000058
40361 0.000055
40362 0.000026
40363 0.000029
40364 0.000023
40365 0.000013
40366 0.000020
40367 0.000006
40368 0.000012
40369 0.000016
40370 0.000007
40371 0.000009
40372 0.000027
40373 0.000022
40374 0.000026
40375 0.000027
40376 0.000026
40377 0.000035
40378 0.000018
40379 0.000018
40380 0.000012
40381 0.000011
40382 0.000012
40383 0.000013
40384 0.000014
40385 0.000027
40386 0.000008
40387 0.000021
40388 0.000019
40389 0.000015
40390 0.000010
40391 0.000013
40392 0.000017
40393 0.000018
40394 0.000010
40395 0.000015
40396 0.000016
40397 0.000010
40398 0.000005
40399 0.000007
40400 0.000009
40401 0.000011
40402 0.000013
40403 0.000029
40404 0.000015
40405 0.000016
40406 0.000017
40407 0.000010
40408 0.000017
40409 0.000012
40410 0.000013
40411 0.000016
40412 0.000010
40413 0.000015
40414 0.000012
40415 0.000008
40416 0.000020
40417 0.000009
40418 0.000010
40419 0.000019
40420 0.000029
40421 0.000031
40422 0.000016
40423 0.000010
40424 0.000010
40425 0.000021
40426 0.000033
40427 0.000046
40428 0.000026
40429 0.000030
40430 0.000022
40431 0.000022
40432 0.000011
40433 0.000012
40434 0.000013
40435 0.000011
40436 0.000012
40437 0.000008
40438 0.000018
40439 0.000008
40440 0.000010
40441 0.000015
40442 0.000007
40443 0.000022
40444 0.000012
40445 0.000029
40446 0.000028
40447 0.000027
40448 0.000014
40449 0.000021
40450 0.000012
40451 0.000012
40452 0.000020
40453 0.000026
40454 0.000014
40455 0.000021
40456 0.000012
40457 0.000030
40458 0.000013
40459 0.000007
40460 0.000014
40461 0.000023
40462 0.000008
40463 0.000025
40464 0.000031
40465 0.000030
40466 0.000026
40467 0.000026
40468 0.000010
40469 0.000017
40470 0.000018
40471 0.000018
40472 0.000018
40473 0.000007
40474 0.000009
40475 0.000011
40476 0.000011
40477 0.000015
40478 0.000019
40479 0.000024
40480 0.000016
40481 0.000012
40482 0.000012
40483 0.000011
40484 0.000008
40485 0.000013
40486 0.000014
40487 0.000025
40488 0.000037
40489 0.000019
40490 0.000015
40491 0.000006
40492 0.000008
40493 0.000010
40494 0.000012
40495 0.000014
40496 0.000023
40497 0.000028
40498 0.000027
40499 0.000029
40500 0.000057
40501 0.000027
40502 0.000026
40503 0.000032
40504 0.000027
40505 0.000011
40506 0.000008
40507 0.000024
40508 0.000024
40509 0.000018
40510 0.000029
40511 0.000011
40512 0.000016
40513 0.000010
40514 0.000011
40515 0.000017
40516 0.000021
40517 0.000035
40518 0.000012
40519 0.000008
40520 0.000010
40521 0.000012
40522 0.000032
40523 0.000032
40524 0.000031
40525 0.000019
40526 0.000031
40527 0.000016
40528 0.000010
40529 0.000016
40530 0.000007
40531 0.000011
40532 0.000006
40533 0.000008
40534 0.000010
40535 0.000005
40536 0.000005
40537 0.000005
40538 0.000026
40539 0.000014
40540 0.000012
40541 0.000008
40542 0.000006
40543 0.000006
40544 0.000008
40545 0.000023
40546 0.000042
40547 0.000039
40548 0.000022
40549 0.000012
40550 0.000006
40551 0.000008
40552 0.000004
40553 0.000005
40554 0.000022
40555 0.000020
40556 0.000012
40557 0.000013
40558 0.000008
40559 0.000017
40560 0.000008
40561 0.000014
40562 0.000015
40563 0.000020
40564 0.000030
40565 0.000034
40566 0.000027
40567 0.000026
40568 0.000023
40569 0.000027
40570 0.000014
40571 0.000018
40572 0.000016
40573 0.000019
40574 0.000014
40575 0.000014
40576 0.000015
40577 0.000025
40578 0.000013
40579 0.000020
40580 0.000022
40581 0.000012
40582 0.000022
40583 0.000022
40584 0.000015
40585 0.000016
40586 0.000037
40587 0.000016
40588 0.000028
40589 0.000015
40590 0.000022
40591 0.000019
40592 0.000011
40593 0.000008
40594 0.000022
40595 0.000022
40596 0.000045
40597 0.000030
40598 0.000030
40599 0.000028
40600 0.000027
40601 0.000040
40602 0.000020
40603 0.000015
40604 0.000022
40605 0.000018
40606 0.000025
40607 0.000018
40608 0.000017
40609 0.000017
40610 0.000015
40611 0.000025
40612 0.000024
40613 0.000010
40614 0.000013
40615 0.000009
40616 0.000013
40617 0.000008
40618 0.000008
40619 0.000010
40620 0.000019
40621 0.000031
40622 0.000033
40623 0.000012
40624 0.000013
40625 0.000015
40626 0.000015
40627 0.000016
40628 0.000016
40629 0.000021
40630 0.000028
40631 0.000019
40632 0.000008
40633 0.000017
40634 0.000028
40635 0.000046
40636 0.000023
40637 0.000022
40638 0.000022
40639 0.000011
40640 0.000008
40641 0.000017
40642 0.000014
40643 0.000029
40644 0.000027
40645 0.000015
40646 0.000020
40647 0.000020
40648 0.000018
40649 0.000024
40650 0.000013
40651 0.000014
40652 0.000017
40653 0.000032
40654 0.000012
40655 0.000017
40656 0.000010
40657 0.000015
40658 0.000006
40659 0.000008
40660 0.000020
40661 0.000025
40662 0.000030
40663 0.000028
40664 0.000027
40665 0.000031
40666 0.000016
40667 0.000021
40668 0.000016
40669 0.000010
40670 0.000011
40671 0.000012
40672 0.000036
40673 0.000022
40674 0.000012
40675 0.000019
40676 0.000019
40677 0.000038
40678 0.000037
40679 0.000021
40680 0.000012
40681 0.000026
40682 0.000029
40683 0.000027
40684 0.000024
40685 0.000010
40686 0.000011
40687 0.000013
40688 0.000012
40689 0.000027
40690 0.000014
40691 0.000010
40692 0.000011
40693 0.000022
40694 0.000021
40695 0.000025
40696 0.000026
40697 0.000014
40698 0.000031
40699 0.000046
40700 0.000013
40701 0.000008
40702 0.000013
40703 0.000008
40704 0.000010
40705 0.000022
40706 0.000041
40707 0.000049
40708 0.000024
40709 0.000039
40710 0.000044
40711 0.000042
40712 0.000021
40713 0.000012
40714 0.000021
40715 0.000028
40716 0.000031
40717 0.000016
40718 0.000010
40719 0.000017
40720 0.000017
40721 0.000008
40722 0.000014
40723 0.000020
40724 0.000034
40725 0.000023
40726 0.000010
40727 0.000012
40728 0.000013
40729 0.000022
40730 0.000012
40731 0.000029
40732 0.000031
40733 0.000016
40734 0.000015
40735 0.000023
40736 0.000022
40737 0.000044
40738 0.000015
40739 0.000014
40740 0.000012
40741 0.000013
40742 0.000015
40743 0.000018
40744 0.000024
40745 0.000013
40746 0.000036
40747 0.000045
40748 0.000042
40749 0.000025
40750 0.000024
40751 0.000026
40752 0.000012
40753 0.000019
40754 0.000019
40755 0.000011
40756 0.000012
40757 0.000008
40758 0.000010
40759 0.000020
40760 0.000018
40761 0.000034
40762 0.000017
40763 0.000023
40764 0.000023
40765 0.000027
40766 0.000024
40767 0.000007
40768 0.000014
40769 0.000015
40770 0.000029
40771 0.000037
40772 0.000059
40773 0.000072
40774 0.000068
40775 0.000050
40776 0.000024
40777 0.000021
40778 0.000009
40779 0.000017
40780 0.000023
40781 0.000025
40782 0.000021
40783 0.000009
40784 0.000014
40785 0.000009
40786 0.000011
40787 0.000008
40788 0.000008
40789 0.000005
40790 0.000007
40791 0.000014
40792 0.000020
40793 0.000012
40794 0.000005
40795 0.000012
40796 0.000018
40797 0.000008
40798 0.000006
40799 0.000022
40800 0.000023
40801 0.000010
40802 0.000031
40803 0.000019
40804 0.000015
40805 0.000011
40806 0.000006
40807 0.000006
40808 0.000005
40809 0.000005
40810 0.000021
40811 0.000016
40812 0.000016
40813 0.000006
40814 0.000011
40815 0.000012
40816 0.000013
40817 0.000007
40818 0.000009
40819 0.000016
40820 0.000020
40821 0.000020
40822 0.000013
40823 0.000019
40824 0.000011
40825 0.000015
40826 0.000020
40827 0.000017
40828 0.000010
40829 0.000011
40830 0.000008
40831 0.000013
40832 0.000015
40833 0.000013
40834 0.000007
40835 0.000011
40836 0.000013
40837 0.000026
40838 0.000014
40839 0.000015
40840 0.000014
40841 0.000027
40842 0.000007
40843 0.000031
40844 0.000016
40845 0.000022
40846 0.000014
40847 0.000015
40848 0.000022
40849 0.000029
40850 0.000017
40851 0.000010
40852 0.000021
40853 0.000009
40854 0.000027
40855 0.000015
40856 0.000014
40857 0.000020
40858 0.000020
40859 0.000007
40860 0.000006
40861 0.000025
40862 0.000034
40863 0.000017
40864 0.000018
40865 0.000011
40866 0.000035
40867 0.000018
40868 0.000022
40869 0.000040
40870 0.000022
40871 0.000015
40872 0.000011
40873 0.000015
40874 0.000022
40875 0.000012
40876 0.000030
40877 0.000009
40878 0.000011
40879 0.000023
40880 0.000014
40881 0.000015
40882 0.000007
40883 0.000040
40884 0.000024
40885 0.000023
40886 0.000028
40887 0.000030
40888 0.000019
40889 0.000027
40890 0.000017
40891 0.000022
40892 0.000016
40893 0.000016
40894 0.000028
40895 0.000015
40896 0.000015
40897 0.000011
40898 0.000033
40899 0.000015
40900 0.000006
40901 0.000035
40902 0.000019
40903 0.000011
40904 0.000028
40905 0.000021
40906 0.000035
40907 0.000018
40908 0.000030
40909 0.000039
40910 0.000019
40911 0.000008
40912 0.000005
40913 0.000005
40914 0.000011
40915 0.000010
40916 0.000016
40917 0.000032
40918 0.000012
40919 0.000017
40920 0.000010
40921 0.000023
40922 0.000014
40923 0.000014
40924 0.000009
40925 0.000011
40926 0.000010
40927 0.000040
40928 0.000039
40929 0.000058
40930 0.000041
40931 0.000020
40932 0.000009
40933 0.000016
40934 0.000017
40935 0.000035
40936 0.000033
40937 0.000021
40938 0.000029
40939 0.000012
40940 0.000016
40941 0.000036
40942 0.000011
40943 0.000015
40944 0.000016
40945 0.000016
40946 0.000008
40947 0.000005
40948 0.000007
40949 0.000015
40950 0.000012
40951 0.000016
40952 0.000010
40953 0.000011
40954 0.000008
40955 0.000016
40956 0.000015
40957 0.000007
40958 0.000006
40959 0.000016
40960 0.000016
40961 0.000010
40962 0.000030
40963 0.000016
40964 0.000016
40965 0.000019
40966 0.000013
40967 0.000038
40968 0.000018
40969 0.000013
40970 0.000009
40971 0.000018
40972 0.000028
40973 0.000018
40974 0.000011
40975 0.000013
40976 0.000016
40977 0.000007
40978 0.000005
40979 0.000016
40980 0.000022
40981 0.000035
40982 0.000055
40983 0.000025
40984 0.000014
40985 0.000015
40986 0.000038
40987 0.000019
40988 0.000021
40989 0.000037
40990 0.000037
40991 0.000019
40992 0.000008
40993 0.000010
40994 0.000012
40995 0.000013
40996 0.000012
40997 0.000013
40998 0.000014
40999 0.000009
41000 0.000033
41001 0.000034
41002 0.000032
41003 0.000024
41004 0.000013
41005 0.000021
41006 0.000031
41007 0.000035
41008 0.000013
41009 0.000015
41010 0.000014
41011 0.000016
41012 0.000019
41013 0.000022
41014 0.000019
41015 0.000039
41016 0.000020
41017 0.000033
41018 0.000014
41019 0.000009
41020 0.000020
41021 0.000047
41022 0.000043
41023 0.000015
41024 0.000012
41025 0.000008
41026 0.000006
41027 0.000006
41028 0.000008
41029 0.000024
41030 0.000017
41031 0.000041
41032 0.000045
41033 0.000054
41034 0.000014
41035 0.000010
41036 0.000022
41037 0.000016
41038 0.000018
41039 0.000025
41040 0.000014
41041 0.000015
41042 0.000016
41043 0.000033
41044 0.000017
41045 0.000007
41046 0.000015
41047 0.000007
41048 0.000005
41049 0.000004
41050 0.000016
41051 0.000014
41052 0.000015
41053 0.000016
41054 0.000005
41055 0.000013
41056 0.000023
41057 0.000030
41058 0.000027
41059 0.000022
41060 0.000021
41061 0.000033
41062 0.000041
41063 0.000020
41064 0.000017
41065 0.000010
41066 0.000022
41067 0.000015
41068 0.000021
41069 0.000009
41070 0.000010
41071 0.000018
41072 0.000024
41073 0.000013
41074 0.000006
41075 0.000032
41076 0.000022
41077 0.000017
41078 0.000025
41079 0.000021
41080 0.000017
41081 0.000010
41082 0.000018
41083 0.000010
41084 0.000023
41085 0.000022
41086 0.000014
41087 0.000018
41088 0.000007
41089 0.000013
41090 0.000014
41091 0.000020
41092 0.000025
41093 0.000031
41094 0.000033
41095 0.000010
41096 0.000030
41097 0.000020
41098 0.000022
41099 0.000016
41100 0.000017
41101 0.000028
41102 0.000031
41103 0.000018
41104 0.000017
41105 0.000017
41106 0.000017
41107 0.000010
41108 0.000014
41109 0.000016
41110 0.000010
41111 0.000030
41112 0.000012
41113 0.000013
41114 0.000009
41115 0.000027
41116 0.000011
41117 0.000012
41118 0.000013
41119 0.000010
41120 0.000007
41121 0.000048
41122 0.000024
41123 0.000029
41124 0.000027
41125 0.000026
41126 0.000025
41127 0.000012
41128 0.000020
41129 0.000009
41130 0.000024
41131 0.000030
41132 0.000029
41133 0.000033
41134 0.000022
41135 0.000020
41136 0.000022
41137 0.000031
41138 0.000036
41139 0.000033
41140 0.000008
41141 0.000011
41142 0.000018
41143 0.000008
41144 0.000011
41145 0.000008
41146 0.000012
41147 0.000021
41148 0.000016
41149 0.000018
41150 0.000020
41151 0.000014
41152 0.000020
41153 0.000009
41154 0.000030
41155 0.000034
41156 0.000015
41157 0.000014
41158 0.000028
41159 0.000042
41160 0.000023
41161 0.000013
41162 0.000025
41163 0.000013
41164 0.000014
41165 0.000014
41166 0.000013
41167 0.000015
41168 0.000024
41169 0.000013
41170 0.000006
41171 0.000004
41172 0.000007
41173 0.000008
41174 0.000017
41175 0.000010
41176 0.000022
41177 0.000009
41178 0.000006
41179 0.000008
41180 0.000010
41181 0.000019
41182 0.000033
41183 0.000017
41184 0.000015
41185 0.000019
41186 0.000036
41187 0.000023
41188 0.000017
41189 0.000017
41190 0.000025
41191 0.000017
41192 0.000013
41193 0.000023
41194 0.000013
41195 0.000020
41196 0.000017
41197 0.000007
41198 0.000014
41199 0.000009
41200 0.000012
41201 0.000047
41202 0.000018
41203 0.000023
41204 0.000025
41205 0.000025
41206 0.000013
41207 0.000009
41208 0.000024
41209 0.000026
41210 0.000023
41211 0.000031
41212 0.000016
41213 0.000023
41214 0.000037
41215 0.000013
41216 0.000009
41217 0.000014
41218 0.000017
41219 0.000017
41220 0.000018
41221 0.000010
41222 0.000007
41223 0.000012
41224 0.000006
41225 0.000018
41226 0.000010
41227 0.000007
41228 0.000006
41229 0.000006
41230 0.000008
41231 0.000015
41232 0.000039
41233 0.000020
41234 0.000009
41235 0.000010
41236 0.000014
41237 0.000007
41238 0.000006
41239 0.000023
41240 0.000028
41241 0.000013
41242 0.000021
41243 0.000017
41244 0.000014
41245 0.000012
41246 0.000008
41247 0.000013
41248 0.000016
41249 0.000012
41250 0.000011
41251 0.000006
41252 0.000017
41253 0.000030
41254 0.000047
41255 0.000026
41256 0.000024
41257 0.000024
41258 0.000013
41259 0.000009
41260 0.000010
41261 0.000014
41262 0.000009
41263 0.000010
41264 0.000027
41265 0.000030
41266 0.000041
41267 0.000049
41268 0.000045
41269 0.000041
41270 0.000027
41271 0.000014
41272 0.000006
41273 0.000008
41274 0.000011
41275 0.000015
41276 0.000022
41277 0.000026
41278 0.000032
41279 0.000024
41280 0.000023
41281 0.000046
41282 0.000025
41283 0.000037
41284 0.000035
41285 0.000033
41286 0.000012
41287 0.000006
41288 0.000004
41289 0.000005
41290 0.000007
41291 0.000027
41292 0.000029
41293 0.000024
41294 0.000026
41295 0.000026
41296 0.000046
41297 0.000025
41298 0.000015
41299 0.000039
41300 0.000036
41301 0.000027
41302 0.000029
41303 0.000015
41304 0.000011
41305 0.000028
41306 0.000011
41307 0.000008
41308 0.000032
41309 0.000014
41310 0.000015
41311 0.000016
41312 0.000019
41313 0.000035
41314 0.000022
41315 0.000024
41316 0.000027
41317 0.000015
41318 0.000021
41319 0.000033
41320 0.000010
41321 0.000032
41322 0.000026
41323 0.000019
41324 0.000011
41325 0.000013
41326 0.000013
41327 0.000023
41328 0.000033
41329 0.000018
41330 0.000014
41331 0.000007
41332 0.000015
41333 0.000007
41334 0.000015
41335 0.000018
41336 0.000031
41337 0.000012
41338 0.000041
41339 0.000014
41340 0.000018
41341 0.000011
41342 0.000028
41343 0.000017
41344 0.000010
41345 0.000017
41346 0.000010
41347 0.000018
41348 0.000011
41349 0.000009
41350 0.000009
41351 0.000019
41352 0.000019
41353 0.000019
41354 0.000020
41355 0.000020
41356 0.000025
41357 0.000025
41358 0.000028
41359 0.000038
41360 0.000053
41361 0.000018
41362 0.000032
41363 0.000021
41364 0.000017
41365 0.000018
41366 0.000027
41367 0.000030
41368 0.000029
41369 0.000032
41370 0.000039
41371 0.000029
41372 0.000016
41373 0.000016
41374 0.000027
41375 0.000027
41376 0.000011
41377 0.000008
41378 0.000006
41379 0.000020
41380 0.000009
41381 0.000010
41382 0.000021
41383 0.000009
41384 0.000012
41385 0.000025
41386 0.000049
41387 0.000056
41388 0.000043
41389 0.000032
41390 0.000035
41391 0.000033
41392 0.000024
41393 0.000027
41394 0.000019
41395 0.000011
41396 0.000005
41397 0.000005
41398 0.000006
41399 0.000017
41400 0.000026
41401 0.000014
41402 0.000018
41403 0.000020
41404 0.000009
41405 0.000010
41406 0.000018
41407 0.000019
41408 0.000017
41409 0.000010
41410 0.000019
41411 0.000011
41412 0.000006
41413 0.000008
41414 0.000009
41415 0.000007
41416 0.000016
41417 0.000029
41418 0.000036
41419 0.000019
41420 0.000017
41421 0.000017
41422 0.000010
41423 0.000008
41424 0.000017
41425 0.000023
41426 0.000013
41427 0.000017
41428 0.000020
41429 0.000021
41430 0.000030
41431 0.000016
41432 0.000024
41433 0.000013
41434 0.000014
41435 0.000016
41436 0.000010
41437 0.000020
41438 0.000014
41439 0.000028
41440 0.000015
41441 0.000007
41442 0.000016
41443 0.000020
41444 0.000010
41445 0.000014
41446 0.000011
41447 0.000016
41448 0.000017
41449 0.000010
41450 0.000006
41451 0.000009
41452 0.000041
41453 0.000020
41454 0.000009
41455 0.000010
41456 0.000010
41457 0.000014
41458 0.000024
41459 0.000014
41460 0.000010
41461 0.000012
41462 0.000023
41463 0.000023
41464 0.000009
41465 0.000013
41466 0.000014
41467 0.000026
41468 0.000049
41469 0.000047
41470 0.000021
41471 0.000014
41472 0.000015
41473 0.000009
41474 0.000035
41475 0.000033
41476 0.000020
41477 0.000009
41478 0.000014
41479 0.000012
41480 0.000032
41481 0.000036
41482 0.000044
41483 0.000040
41484 0.000020
41485 0.000021
41486 0.000032
41487 0.000038
41488 0.000021
41489 0.000031
41490 0.000038
41491 0.000037
41492 0.000014
41493 0.000009
41494 0.000030
41495 0.000028
41496 0.000013
41497 0.000007
41498 0.000011
41499 0.000006
41500 0.000006
41501 0.000009
41502 0.000040
41503 0.000019
41504 0.000011
41505 0.000013
41506 0.000019
41507 0.000019
41508 0.000015
41509 0.000014
41510 0.000025
41511 0.000038
41512 0.000021
41513 0.000009
41514 0.000007
41515 0.000012
41516 0.000008
41517 0.000005
41518 0.000013
41519 0.000024
41520 0.000049
41521 0.000031
41522 0.000016
41523 0.000016
41524 0.000013
41525 0.000031
41526 0.000027
41527 0.000033
41528 0.000033
41529 0.000012
41530 0.000014
41531 0.000019
41532 0.000024
41533 0.000023
41534 0.000023
41535 0.000027
41536 0.000026
41537 0.000022
41538 0.000025
41539 0.000024
41540 0.000020
41541 0.000028
41542 0.000030
41543 0.000028
41544 0.000038
41545 0.000035
41546 0.000013
41547 0.000008
41548 0.000014
41549 0.000015
41550 0.000035
41551 0.000035
41552 0.000021
41553 0.000012
41554 0.000008
41555 0.000017
41556 0.000035
41557 0.000010
41558 0.000032
41559 0.000012
41560 0.000008
41561 0.000010
41562 0.000007
41563 0.000009
41564 0.000006
41565 0.000009
41566 0.000017
41567 0.000029
41568 0.000028
41569 0.000035
41570 0.000026
41571 0.000014
41572 0.000015
41573 0.000021
41574 0.000017
41575 0.000039
41576 0.000019
41577 0.000006
41578 0.000005
41579 0.000007
41580 0.000005
41581 0.000004
41582 0.000005
41583 0.000008
41584 0.000004
41585 0.000004
41586 0.000022
41587 0.000017
41588 0.000019
41589 0.000019
41590 0.000018
41591 0.000016
41592 0.000025
41593 0.000027
41594 0.000014
41595 0.000009
41596 0.000011
41597 0.000008
41598 0.000019
41599 0.000037
41600 0.000019
41601 0.000015
41602 0.000057
41603 0.000032
41604 0.000030
41605 0.000028
41606 0.000016
41607 0.000018
41608 0.000030
41609 0.000009
41610 0.000011
41611 0.000015
41612 0.000010
41613 0.000018
41614 0.000014
41615 0.000023
41616 0.000010
41617 0.000007
41618 0.000014
41619 0.000005
41620 0.000013
41621 0.000013
41622 0.000014
41623 0.000009
41624 0.000019
41625 0.000025
41626 0.000010
41627 0.000012
41628 0.000013
41629 0.000016
41630 0.000029
41631 0.000028
41632 0.000022
41633 0.000014
41634 0.000009
41635 0.000015
41636 0.000025
41637 0.000008
41638 0.000007
41639 0.000011
41640 0.000008
41641 0.000016
41642 0.000017
41643 0.000010
41644 0.000018
41645 0.000016
41646 0.000037
41647 0.000030
41648 0.000022
41649 0.000015
41650 0.000032
41651 0.000052
41652 0.000040
41653 0.000037
41654 0.000026
41655 0.000023
41656 0.000022
41657 0.000012
41658 0.000011
41659 0.000005
41660 0.000004
41661 0.000008
41662 0.000005
41663 0.000009
41664 0.000009
41665 0.000013
41666 0.000023
41667 0.000031
41668 0.000016
41669 0.000010
41670 0.000016
41671 0.000017
41672 0.000017
41673 0.000018
41674 0.000014
41675 0.000007
41676 0.000009
41677 0.000011
41678 0.000012
41679 0.000036
41680 0.000023
41681 0.000024
41682 0.000017
41683 0.000010
41684 0.000007
41685 0.000009
41686 0.000017
41687 0.000031
41688 0.000020
41689 0.000020
41690 0.000023
41691 0.000018
41692 0.000020
41693 0.000018
41694 0.000030
41695 0.000024
41696 0.000010
41697 0.000024
41698 0.000013
41699 0.000014
41700 0.000015
41701 0.000016
41702 0.000018
41703 0.000019
41704 0.000011
41705 0.000041
41706 0.000020
41707 0.000018
41708 0.000008
41709 0.000005
41710 0.000011
41711 0.000027
41712 0.000037
41713 0.000030
41714 0.000024
41715 0.000021
41716 0.000012
41717 0.000006
41718 0.000005
41719 0.000019
41720 0.000011
41721 0.000008
41722 0.000024
41723 0.000020
41724 0.000038
41725 0.000044
41726 0.000021
41727 0.000019
41728 0.000019
41729 0.000023
41730 0.000038
41731 0.000035
41732 0.000030
41733 0.000029
41734 0.000035
41735 0.000032
41736 0.000014
41737 0.000024
41738 0.000017
41739 0.000006
41740 0.000022
41741 0.000041
41742 0.000012
41743 0.000014
41744 0.000030
41745 0.000027
41746 0.000025
41747 0.000025
41748 0.000036
41749 0.000042
41750 0.000052
41751 0.000034
41752 0.000017
41753 0.000022
41754 0.000012
41755 0.000014
41756 0.000016
41757 0.000031
41758 0.000022
41759 0.000014
41760 0.000025
41761 0.000029
41762 0.000035
41763 0.000034
41764 0.000025
41765 0.000039
41766 0.000014
41767 0.000006
41768 0.000018
41769 0.000011
41770 0.000012
41771 0.000024
41772 0.000023
41773 0.000023
41774 0.000013
41775 0.000017
41776 0.000021
41777 0.000031
41778 0.000016
41779 0.000010
41780 0.000013
41781 0.000014
41782 0.000029
41783 0.000015
41784 0.000022
41785 0.000022
41786 0.000021
41787 0.000012
41788 0.000023
41789 0.000009
41790 0.000025
41791 0.000014
41792 0.000018
41793 0.000032
41794 0.000030
41795 0.000016
41796 0.000008
41797 0.000009
41798 0.000006
41799 0.000008
41800 0.000007
41801 0.000013
41802 0.000025
41803 0.000016
41804 0.000016
41805 0.000013
41806 0.000019
41807 0.000016
41808 0.000014
41809 0.000009
41810 0.000025
41811 0.000012
41812 0.000037
41813 0.000037
41814 0.000025
41815 0.000015
41816 0.000020
41817 0.000017
41818 0.000008
41819 0.000012
41820 0.000019
41821 0.000021
41822 0.000023
41823 0.000029
41824 0.000027
41825 0.000011
41826 0.000024
41827 0.000019
41828 0.000058
41829 0.000028
41830 0.000026
41831 0.000015
41832 0.000009
41833 0.000007
41834 0.000005
41835 0.000007
41836 0.000009
41837 0.000011
41838 0.000024
41839 0.000031
41840 0.000030
41841 0.000038
41842 0.000019
41843 0.000011
41844 0.000026
41845 0.000021
41846 0.000012
41847 0.000019
41848 0.000008
41849 0.000007
41850 0.000015
41851 0.000020
41852 0.000013
41853 0.000018
41854 0.000034
41855 0.000032
41856 0.000022
41857 0.000022
41858 0.000012
41859 0.000027
41860 0.000014
41861 0.000021
41862 0.000027
41863 0.000025
41864 0.000024
41865 0.000013
41866 0.000020
41867 0.000021
41868 0.000026
41869 0.000010
41870 0.000006
41871 0.000007
41872 0.000016
41873 0.000011
41874 0.000018
41875 0.000037
41876 0.000039
41877 0.000019
41878 0.000008
41879 0.000010
41880 0.000018
41881 0.000012
41882 0.000013
41883 0.000008
41884 0.000019
41885 0.000013
41886 0.000007
41887 0.000018
41888 0.000030
41889 0.000032
41890 0.000024
41891 0.000027
41892 0.000017
41893 0.000024
41894 0.000028
41895 0.000026
41896 0.000014
41897 0.000006
41898 0.000028
41899 0.000020
41900 0.000011
41901 0.000017
41902 0.000013
41903 0.000009
41904 0.000005
41905 0.000011
41906 0.000008
41907 0.000020
41908 0.000019
41909 0.000015
41910 0.000022
41911 0.000020
41912 0.000011
41913 0.000009
41914 0.000025
41915 0.000027
41916 0.000014
41917 0.000009
41918 0.000007
41919 0.000013
41920 0.000043
41921 0.000050
41922 0.000023
41923 0.000013
41924 0.000008
41925 0.000010
41926 0.000011
41927 0.000008
41928 0.000021
41929 0.000012
41930 0.000013
41931 0.000018
41932 0.000015
41933 0.000019
41934 0.000024
41935 0.000010
41936 0.000013
41937 0.000007
41938 0.000019
41939 0.000028
41940 0.000011
41941 0.000018
41942 0.000011
41943 0.000026
41944 0.000018
41945 0.000011
41946 0.000008
41947 0.000032
41948 0.000016
41949 0.000008
41950 0.000008
41951 0.000017
41952 0.000021
41953 0.000012
41954 0.000008
41955 0.000022
41956 0.000014
41957 0.000027
41958 0.000015
41959 0.000009
41960 0.000020
41961 0.000032
41962 0.000023
41963 0.000014
41964 0.000018
41965 0.000016
41966 0.000024
41967 0.000013
41968 0.000016
41969 0.000023
41970 0.000022
41971 0.000052
41972 0.000032
41973 0.000024
41974 0.000023
41975 0.000024
41976 0.000040
41977 0.000060
41978 0.000054
41979 0.000028
41980 0.000034
41981 0.000039
41982 0.000014
41983 0.000011
41984 0.000010
41985 0.000024
41986 0.000019
41987 0.000015
41988 0.000021
41989 0.000035
41990 0.000046
41991 0.000023
41992 0.000022
41993 0.000020
41994 0.000027
41995 0.000021
41996 0.000009
41997 0.000011
41998 0.000013
41999 0.000015
42000 0.000016
42001 0.000017
42002 0.000011
42003 0.000012
42004 0.000014
42005 0.000015
42006 0.000018
42007 0.000009
42008 0.000015
42009 0.000023
42010 0.000023
42011 0.000022
42012 0.000012
42013 0.000014
42014 0.000009
42015 0.000011
42016 0.000013
42017 0.000005
42018 0.000012
42019 0.000008
42020 0.000008
42021 0.000005
42022 0.000014
42023 0.000019
42024 0.000032
42025 0.000017
42026 0.000029
42027 0.000028
42028 0.000011
42029 0.000021
42030 0.000011
42031 0.000011
42032 0.000008
42033 0.000006
42034 0.000020
42035 0.000056
42036 0.000057
42037 0.000027
42038 0.000040
42039 0.000043
42040 0.000047
42041 0.000042
42042 0.000016
42043 0.000025
42044 0.000024
42045 0.000033
42046 0.000044
42047 0.000028
42048 0.000022
42049 0.000012
42050 0.000013
42051 0.000019
42052 0.000020
42053 0.000020
42054 0.000028
42055 0.000039
42056 0.000025
42057 0.000032
42058 0.000024
42059 0.000031
42060 0.000029
42061 0.000011
42062 0.000018
42063 0.000018
42064 0.000014
42065 0.000007
42066 0.000017
42067 0.000030
42068 0.000032
42069 0.000012
42070 0.000013
42071 0.000022
42072 0.000012
42073 0.000033
42074 0.000017
42075 0.000032
42076 0.000022
42077 0.000012
42078 0.000017
42079 0.000008
42080 0.000024
42081 0.000015
42082 0.000028
42083 0.000017
42084 0.000006
42085 0.000023
42086 0.000009
42087 0.000011
42088 0.000008
42089 0.000013
42090 0.000009
42091 0.000005
42092 0.000011
42093 0.000014
42094 0.000024
42095 0.000013
42096 0.000010
42097 0.000013
42098 0.000011
42099 0.000008
42100 0.000006
42101 0.000006
42102 0.000005
42103 0.000010
42104 0.000030
42105 0.000039
42106 0.000016
42107 0.000015
42108 0.000014
42109 0.000007
42110 0.000014
42111 0.000021
42112 0.000009
42113 0.000013
42114 0.000009
42115 0.000010
42116 0.000007
42117 0.000005
42118 0.000007
42119 0.000009
42120 0.000007
42121 0.000004
42122 0.000004
42123 0.000005
42124 0.000023
42125 0.000013
42126 0.000018
42127 0.000010
42128 0.000009
42129 0.000028
42130 0.000025
42131 0.000033
42132 0.000017
42133 0.000025
42134 0.000026
42135 0.000020
42136 0.000012
42137 0.000013
42138 0.000024
42139 0.000015
42140 0.000024
42141 0.000023
42142 0.000029
42143 0.000011
42144 0.000015
42145 0.000027
42146 0.000029
42147 0.000020
42148 0.000021
42149 0.000038
42150 0.000017
42151 0.000017
42152 0.000014
42153 0.000019
42154 0.000011
42155 0.000015
42156 0.000042
42157 0.000042
42158 0.000039
42159 0.000036
42160 0.000040
42161 0.000029
42162 0.000011
42163 0.000020
42164 0.000020
42165 0.000017
42166 0.000017
42167 0.000011
42168 0.000014
42169 0.000015
42170 0.000016
42171 0.000017
42172 0.000024
42173 0.000013
42174 0.000006
42175 0.000005
42176 0.000038
42177 0.000019
42178 0.000015
42179 0.000013
42180 0.000055
42181 0.000050
42182 0.000038
42183 0.000024
42184 0.000016
42185 0.000041
42186 0.000014
42187 0.000009
42188 0.000005
42189 0.000023
42190 0.000010
42191 0.000025
42192 0.000014
42193 0.000017
42194 0.000010
42195 0.000007
42196 0.000009
42197 0.000005
42198 0.000005
42199 0.000008
42200 0.000005
42201 0.000013
42202 0.000008
42203 0.000010
42204 0.000034
42205 0.000037
42206 0.000019
42207 0.000015
42208 0.000015
42209 0.000021
42210 0.000021
42211 0.000024
42212 0.000008
42213 0.000017
42214 0.000020
42215 0.000036
42216 0.000026
42217 0.000020
42218 0.000009
42219 0.000010
42220 0.000033
42221 0.000028
42222 0.000015
42223 0.000006
42224 0.000011
42225 0.000025
42226 0.000014
42227 0.000025
42228 0.000015
42229 0.000022
42230 0.000008
42231 0.000026
42232 0.000020
42233 0.000014
42234 0.000014
42235 0.000023
42236 0.000020
42237 0.000028
42238 0.000015
42239 0.000009
42240 0.000009
42241 0.000027
42242 0.000035
42243 0.000024
42244 0.000024
42245 0.000026
42246 0.000025
42247 0.000030
42248 0.000029
42249 0.000032
42250 0.000017
42251 0.000017
42252 0.000025
42253 0.000032
42254 0.000028
42255 0.000029
42256 0.000041
42257 0.000017
42258 0.000007
42259 0.000022
42260 0.000022
42261 0.000025
42262 0.000050
42263 0.000046
42264 0.000027
42265 0.000023
42266 0.000020
42267 0.000033
42268 0.000021
42269 0.000012
42270 0.000017
42271 0.000028
42272 0.000011
42273 0.000013
42274 0.000019
42275 0.000020
42276 0.000009
42277 0.000023
42278 0.000025
42279 0.000013
42280 0.000014
42281 0.000018
42282 0.000011
42283 0.000025
42284 0.000019
42285 0.000010
42286 0.000010
42287 0.000020
42288 0.000020
42289 0.000020
42290 0.000020
42291 0.000019
42292 0.000028
42293 0.000030
42294 0.000031
42295 0.000012
42296 0.000008
42297 0.000021
42298 0.000009
42299 0.000017
42300 0.000040
42301 0.000016
42302 0.000014
42303 0.000015
42304 0.000030
42305 0.000021
42306 0.000038
42307 0.000027
42308 0.000026
42309 0.000031
42310 0.000019
42311 0.000018
42312 0.000017
42313 0.000010
42314 0.000009
42315 0.000006
42316 0.000023
42317 0.000023
42318 0.000023
42319 0.000009
42320 0.000011
42321 0.000021
42322 0.000033
42323 0.000034
42324 0.000032
42325 0.000038
42326 0.000030
42327 0.000023
42328 0.000029
42329 0.000023
42330 0.000010
42331 0.000011
42332 0.000008
42333 0.000006
42334 0.000012
42335 0.000047
42336 0.000043
42337 0.000048
42338 0.000011
42339 0.000019
42340 0.000016
42341 0.000028
42342 0.000015
42343 0.000009
42344 0.000029
42345 0.000027
42346 0.000037
42347 0.000011
42348 0.000012
42349 0.000008
42350 0.000012
42351 0.000018
42352 0.000026
42353 0.000017
42354 0.000017
42355 0.000022
42356 0.000012
42357 0.000013
42358 0.000009
42359 0.000032
42360 0.000031
42361 0.000030
42362 0.000016
42363 0.000016
42364 0.000017
42365 0.000010
42366 0.000020
42367 0.000021
42368 0.000030
42369 0.000011
42370 0.000009
42371 0.000026
42372 0.000035
42373 0.000015
42374 0.000015
42375 0.000039
42376 0.000037
42377 0.000015
42378 0.000015
42379 0.000021
42380 0.000021
42381 0.000021
42382 0.000032
42383 0.000026
42384 0.000023
42385 0.000023
42386 0.000027
42387 0.000059
42388 0.000016
42389 0.000012
42390 0.000019
42391 0.000008
42392 0.000010
42393 0.000018
42394 0.000018
42395 0.000022
42396 0.000013
42397 0.000016
42398 0.000025
42399 0.000033
42400 0.000031
42401 0.000029
42402 0.000028
42403 0.000011
42404 0.000010
42405 0.000007
42406 0.000005
42407 0.000011
42408 0.000012
42409 0.000036
42410 0.000035
42411 0.000033
42412 0.000027
42413 0.000027
42414 0.000020
42415 0.000020
42416 0.000012
42417 0.000013
42418 0.000020
42419 0.000025
42420 0.000029
42421 0.000028
42422 0.000038
42423 0.000038
42424 0.000028
42425 0.000011
42426 0.000024
42427 0.000036
42428 0.000013
42429 0.000024
42430 0.000013
42431 0.000014
42432 0.000022
42433 0.000019
42434 0.000042
42435 0.000038
42436 0.000023
42437 0.000010
42438 0.000026
42439 0.000007
42440 0.000011
42441 0.000008
42442 0.000009
42443 0.000007
42444 0.000013
42445 0.000016
42446 0.000016
42447 0.000033
42448 0.000026
42449 0.000031
42450 0.000034
42451 0.000032
42452 0.000017
42453 0.000019
42454 0.000013
42455 0.000009
42456 0.000032
42457 0.000017
42458 0.000008
42459 0.000016
42460 0.000010
42461 0.000015
42462 0.000053
42463 0.000048
42464 0.000023
42465 0.000013
42466 0.000008
42467 0.000017
42468 0.000025
42469 0.000020
42470 0.000020
42471 0.000009
42472 0.000010
42473 0.000019
42474 0.000019
42475 0.000008
42476 0.000005
42477 0.000009
42478 0.000015
42479 0.000023
42480 0.000023
42481 0.000028
42482 0.000018
42483 0.000027
42484 0.000011
42485 0.000008
42486 0.000010
42487 0.000006
42488 0.000005
42489 0.000005
42490 0.000013
42491 0.000022
42492 0.000031
42493 0.000015
42494 0.000015
42495 0.000018
42496 0.000021
42497 0.000021
42498 0.000022
42499 0.000014
42500 0.000037
42501 0.000013
42502 0.000015
42503 0.000025
42504 0.000024
42505 0.000021
42506 0.000009
42507 0.000006
42508 0.000008
42509 0.000006
42510 0.000012
42511 0.000013
42512 0.000018
42513 0.000011
42514 0.000013
42515 0.000014
42516 0.000012
42517 0.000016
42518 0.000016
42519 0.000017
42520 0.000021
42521 0.000021
42522 0.000032
42523 0.000040
42524 0.000020
42525 0.000012
42526 0.000008
42527 0.000017
42528 0.000018
42529 0.000010
42530 0.000009
42531 0.000013
42532 0.000011
42533 0.000033
42534 0.000031
42535 0.000029
42536 0.000041
42537 0.000045
42538 0.000022
42539 0.000011
42540 0.000012
42541 0.000022
42542 0.000022
42543 0.000028
42544 0.000027
42545 0.000018
42546 0.000007
42547 0.000006
42548 0.000013
42549 0.000016
42550 0.000017
42551 0.000021
42552 0.000019
42553 0.000019
42554 0.000011
42555 0.000006
42556 0.000010
42557 0.000006
42558 0.000010
42559 0.000005
42560 0.000007
42561 0.000012
42562 0.000006
42563 0.000012
42564 0.000008
42565 0.000006
42566 0.000013
42567 0.000020
42568 0.000026
42569 0.000033
42570 0.000025
42571 0.000014
42572 0.000010
42573 0.000011
42574 0.000018
42575 0.000021
42576 0.000022
42577 0.000027
42578 0.000047
42579 0.000053
42580 0.000020
42581 0.000016
42582 0.000016
42583 0.000010
42584 0.000011
42585 0.000026
42586 0.000025
42587 0.000042
42588 0.000041
42589 0.000020
42590 0.000015
42591 0.000007
42592 0.000010
42593 0.000012
42594 0.000013
42595 0.000018
42596 0.000013
42597 0.000014
42598 0.000016
42599 0.000014
42600 0.000015
42601 0.000006
42602 0.000012
42603 0.000030
42604 0.000034
42605 0.000010
42606 0.000012
42607 0.000011
42608 0.000029
42609 0.000030
42610 0.000023
42611 0.000022
42612 0.000032
42613 0.000016
42614 0.000023
42615 0.000026
42616 0.000010
42617 0.000032
42618 0.000040
42619 0.000018
42620 0.000011
42621 0.000009
42622 0.000024
42623 0.000023
42624 0.000010
42625 0.000012
42626 0.000019
42627 0.000029
42628 0.000023
42629 0.000022
42630 0.000023
42631 0.000018
42632 0.000017
42633 0.000023
42634 0.000023
42635 0.000030
42636 0.000044
42637 0.000021
42638 0.000014
42639 0.000018
42640 0.000021
42641 0.000015
42642 0.000016
42643 0.000011
42644 0.000026
42645 0.000043
42646 0.000021
42647 0.000031
42648 0.000029
42649 0.000041
42650 0.000050
42651 0.000056
42652 0.000051
42653 0.000029
42654 0.000015
42655 0.000015
42656 0.000022
42657 0.000013
42658 0.000020
42659 0.000017
42660 0.000033
42661 0.000021
42662 0.000014
42663 0.000007
42664 0.000016
42665 0.000018
42666 0.000019
42667 0.000011
42668 0.000013
42669 0.000027
42670 0.000034
42671 0.000041
42672 0.000019
42673 0.000007
42674 0.000013
42675 0.000024
42676 0.000013
42677 0.000033
42678 0.000019
42679 0.000019
42680 0.000013
42681 0.000007
42682 0.000017
42683 0.000012
42684 0.000010
42685 0.000011
42686 0.000006
42687 0.000006
42688 0.000005
42689 0.000013
42690 0.000006
42691 0.000008
42692 0.000024
42693 0.000013
42694 0.000007
42695 0.000007
42696 0.000009
42697 0.000010
42698 0.000007
42699 0.000011
42700 0.000008
42701 0.000006
42702 0.000008
42703 0.000010
42704 0.000007
42705 0.000015
42706 0.000017
42707 0.000018
42708 0.000028
42709 0.000022
42710 0.000015
42711 0.000010
42712 0.000015
42713 0.000007
42714 0.000009
42715 0.000027
42716 0.000014
42717 0.000015
42718 0.000007
42719 0.000029
42720 0.000028
42721 0.000027
42722 0.000026
42723 0.000014
42724 0.000019
42725 0.000011
42726 0.000006
42727 0.000021
42728 0.000034
42729 0.000022
42730 0.000018
42731 0.000045
42732 0.000041
42733 0.000031
42734 0.000026
42735 0.000025
42736 0.000033
42737 0.000012
42738 0.000008
42739 0.000030
42740 0.000016
42741 0.000010
42742 0.000016
42743 0.000018
42744 0.000012
42745 0.000006
42746 0.000023
42747 0.000029
42748 0.000040
42749 0.000020
42750 0.000023
42751 0.000032
42752 0.000033
42753 0.000017
42754 0.000008
42755 0.000019
42756 0.000019
42757 0.000019
42758 0.000023
42759 0.000010
42760 0.000011
42761 0.000009
42762 0.000007
42763 0.000005
42764 0.000004
42765 0.000005
42766 0.000022
42767 0.000022
42768 0.000031
42769 0.000020
42770 0.000023
42771 0.000023
42772 0.000032
42773 0.000034
42774 0.000035
42775 0.000026
42776 0.000017
42777 0.000025
42778 0.000023
42779 0.000027
42780 0.000015
42781 0.000036
42782 0.000013
42783 0.000017
42784 0.000022
42785 0.000033
42786 0.000012
42787 0.000031
42788 0.000016
42789 0.000027
42790 0.000022
42791 0.000009
42792 0.000047
42793 0.000026
42794 0.000023
42795 0.000023
42796 0.000016
42797 0.000010
42798 0.000010
42799 0.000022
42800 0.000031
42801 0.000023
42802 0.000032
42803 0.000022
42804 0.000013
42805 0.000008
42806 0.000025
42807 0.000008
42808 0.000015
42809 0.000009
42810 0.000023
42811 0.000046
42812 0.000016
42813 0.000011
42814 0.000008
42815 0.000023
42816 0.000026
42817 0.000027
42818 0.000019
42819 0.000021
42820 0.000025
42821 0.000022
42822 0.000027
42823 0.000027
42824 0.000012
42825 0.000025
42826 0.000025
42827 0.000024
42828 0.000014
42829 0.000026
42830 0.000010
42831 0.000009
42832 0.000011
42833 0.000022
42834 0.000009
42835 0.000024
42836 0.000010
42837 0.000006
42838 0.000005
42839 0.000010
42840 0.000030
42841 0.000054
42842 0.000034
42843 0.000018
42844 0.000014
42845 0.000019
42846 0.000029
42847 0.000027
42848 0.000020
42849 0.000012
42850 0.000035
42851 0.000018
42852 0.000021
42853 0.000019
42854 0.000016
42855 0.000018
42856 0.000019
42857 0.000036
42858 0.000013
42859 0.000029
42860 0.000050
42861 0.000045
42862 0.000050
42863 0.000030
42864 0.000045
42865 0.000052
42866 0.000014
42867 0.000021
42868 0.000018
42869 0.000011
42870 0.000010
42871 0.000012
42872 0.000008
42873 0.000006
42874 0.000011
42875 0.000018
42876 0.000018
42877 0.000016
42878 0.000017
42879 0.000021
42880 0.000024
42881 0.000013
42882 0.000015
42883 0.000011
42884 0.000008
42885 0.000012
42886 0.000027
42887 0.000026
42888 0.000027
42889 0.000030
42890 0.000032
42891 0.000022
42892 0.000009
42893 0.000010
42894 0.000007
42895 0.000018
42896 0.000027
42897 0.000048
42898 0.000028
42899 0.000027
42900 0.000023
42901 0.000010
42902 0.000014
42903 0.000015
42904 0.000026
42905 0.000029
42906 0.000019
42907 0.000030
42908 0.000037
42909 0.000035
42910 0.000020
42911 0.000030
42912 0.000037
42913 0.000020
42914 0.000030
42915 0.000026
42916 0.000025
42917 0.000032
42918 0.000030
42919 0.000021
42920 0.000016
42921 0.000015
42922 0.000009
42923 0.000010
42924 0.000006
42925 0.000017
42926 0.000026
42927 0.000014
42928 0.000009
42929 0.000017
42930 0.000022
42931 0.000017
42932 0.000015
42933 0.000020
42934 0.000020
42935 0.000029
42936 0.000015
42937 0.000035
42938 0.000033
42939 0.000020
42940 0.000011
42941 0.000017
42942 0.000027
42943 0.000026
42944 0.000037
42945 0.000023
42946 0.000035
42947 0.000053
42948 0.000026
42949 0.000025
42950 0.000028
42951 0.000054
42952 0.000026
42953 0.000009
42954 0.000019
42955 0.000019
42956 0.000011
42957 0.000013
42958 0.000025
42959 0.000016
42960 0.000006
42961 0.000005
42962 0.000022
42963 0.000014
42964 0.000006
42965 0.000013
42966 0.000017
42967 0.000040
42968 0.000041
42969 0.000030
42970 0.000011
42971 0.000017
42972 0.000016
42973 0.000010
42974 0.000019
42975 0.000012
42976 0.000012
42977 0.000023
42978 0.000022
42979 0.000009
42980 0.000027
42981 0.000019
42982 0.000016
42983 0.000017
42984 0.000043
42985 0.000023
42986 0.000015
42987 0.000024
42988 0.000013
42989 0.000013
42990 0.000009
42991 0.000007
42992 0.000017
42993 0.000010
42994 0.000016
42995 0.000017
42996 0.000010
42997 0.000007
42998 0.000011
42999 0.000015
43000 0.000016
43001 0.000028
43002 0.000057
43003 0.000034
43004 0.000032
43005 0.000012
43006 0.000008
43007 0.000031
43008 0.000029
43009 0.000038
43010 0.000019
43011 0.000041
43012 0.000043
43013 0.000040
43014 0.000040
43015 0.000017
43016 0.000010
43017 0.000014
43018 0.000014
43019 0.000019
43020 0.000013
43021 0.000014
43022 0.000015
43023 0.000015
43024 0.000028
43025 0.000022
43026 0.000022
43027 0.000022
43028 0.000027
43029 0.000026
43030 0.000028
43031 0.000011
43032 0.000026
43033 0.000016
43034 0.000018
43035 0.000023
43036 0.000012
43037 0.000008
43038 0.000006
43039 0.000008
43040 0.000010
43041 0.000025
43042 0.000014
43043 0.000015
43044 0.000007
43045 0.000009
43046 0.000007
43047 0.000009
43048 0.000007
43049 0.000005
43050 0.000011
43051 0.000012
43052 0.000018
43053 0.000020
43054 0.000020
43055 0.000012
43056 0.000013
43057 0.000023
43058 0.000013
43059 0.000015
43060 0.000024
43061 0.000015
43062 0.000007
43063 0.000020
43064 0.000023
43065 0.000022
43066 0.000017
43067 0.000028
43068 0.000029
43069 0.000012
43070 0.000028
43071 0.000009
43072 0.000019
43073 0.000027
43074 0.000022
43075 0.000014
43076 0.000019
43077 0.000011
43078 0.000011
43079 0.000015
43080 0.000033
43081 0.000019
43082 0.000027
43083 0.000014
43084 0.000019
43085 0.000011
43086 0.000011
43087 0.000018
43088 0.000018
43089 0.000011
43090 0.000026
43091 0.000014
43092 0.000025
43093 0.000013
43094 0.000015
43095 0.000010
43096 0.000005
43097 0.000025
43098 0.000013
43099 0.000009
43100 0.000016
43101 0.000026
43102 0.000027
43103 0.000026
43104 0.000020
43105 0.000020
43106 0.000025
43107 0.000028
43108 0.000035
43109 0.000033
43110 0.000021
43111 0.000029
43112 0.000028
43113 0.000021
43114 0.000012
43115 0.000021
43116 0.000016
43117 0.000014
43118 0.000007
43119 0.000015
43120 0.000016
43121 0.000017
43122 0.000017
43123 0.000010
43124 0.000024
43125 0.000013
43126 0.000011
43127 0.000008
43128 0.000010
43129 0.000017
43130 0.000010
43131 0.000012
43132 0.000015
43133 0.000009
43134 0.000019
43135 0.000012
43136 0.000011
43137 0.000010
43138 0.000051
43139 0.000035
43140 0.000032
43141 0.000031
43142 0.000012
43143 0.000008
43144 0.000022
43145 0.000029
43146 0.000010
43147 0.000012
43148 0.000034
43149 0.000020
43150 0.000009
43151 0.000006
43152 0.000020
43153 0.000027
43154 0.000015
43155 0.000011
43156 0.000008
43157 0.000006
43158 0.000004
43159 0.000013
43160 0.000014
43161 0.000025
43162 0.000036
43163 0.000053
43164 0.000048
43165 0.000031
43166 0.000037
43167 0.000039
43168 0.000048
43169 0.000034
43170 0.000025
43171 0.000034
43172 0.000032
43173 0.000018
43174 0.000011
43175 0.000014
43176 0.000007
43177 0.000014
43178 0.000009
43179 0.000011
43180 0.000021
43181 0.000021
43182 0.000024
43183 0.000027
43184 0.000030
43185 0.000033
43186 0.000031
43187 0.000033
43188 0.000047
43189 0.000026
43190 0.000034
43191 0.000042
43192 0.000012
43193 0.000013
43194 0.000014
43195 0.000006
43196 0.000006
43197 0.000014
43198 0.000013
43199 0.000021
43200 0.000012
43201 0.000008
43202 0.000006
43203 0.000021
43204 0.000014
43205 0.000013
43206 0.000007
43207 0.000015
43208 0.000010
43209 0.000010
43210 0.000025
43211 0.000019
43212 0.000011
43213 0.000013
43214 0.000010
43215 0.000015
43216 0.000013
43217 0.000014
43218 0.000007
43219 0.000009
43220 0.000021
43221 0.000009
43222 0.000007
43223 0.000004
43224 0.000013
43225 0.000008
43226 0.000012
43227 0.000045
43228 0.000022
43229 0.000036
43230 0.000020
43231 0.000021
43232 0.000017
43233 0.000037
43234 0.000027
43235 0.000033
43236 0.000055
43237 0.000056
43238 0.000019
43239 0.000016
43240 0.000008
43241 0.000010
43242 0.000006
43243 0.000005
43244 0.000019
43245 0.000042
43246 0.000027
43247 0.000020
43248 0.000012
43249 0.000005
43250 0.000008
43251 0.000028
43252 0.000015
43253 0.000022
43254 0.000017
43255 0.000018
43256 0.000030
43257 0.000030
43258 0.000028
43259 0.000034
43260 0.000017
43261 0.000021
43262 0.000021
43263 0.000016
43264 0.000017
43265 0.000022
43266 0.000022
43267 0.000024
43268 0.000016
43269 0.000008
43270 0.000006
43271 0.000005
43272 0.000020
43273 0.000019
43274 0.000019
43275 0.000032
43276 0.000032
43277 0.000012
43278 0.000021
43279 0.000012
43280 0.000016
43281 0.000016
43282 0.000008
43283 0.000025
43284 0.000019
43285 0.000011
43286 0.000010
43287 0.000007
43288 0.000014
43289 0.000013
43290 0.000026
43291 0.000027
43292 0.000030
43293 0.000020
43294 0.000024
43295 0.000023
43296 0.000021
43297 0.000021
43298 0.000033
43299 0.000017
43300 0.000018
43301 0.000031
43302 0.000030
43303 0.000016
43304 0.000032
43305 0.000038
43306 0.000016
43307 0.000006
43308 0.000014
43309 0.000010
43310 0.000015
43311 0.000021
43312 0.000024
43313 0.000013
43314 0.000009
43315 0.000023
43316 0.000013
43317 0.000026
43318 0.000014
43319 0.000029
43320 0.000030
43321 0.000016
43322 0.000019
43323 0.000014
43324 0.000037
43325 0.000034
43326 0.000032
43327 0.000030
43328 0.000043
43329 0.000029
43330 0.000029
43331 0.000015
43332 0.000010
43333 0.000021
43334 0.000037
43335 0.000034
43336 0.000032
43337 0.000036
43338 0.000022
43339 0.000036
43340 0.000071
43341 0.000068
43342 0.000022
43343 0.000021
43344 0.000030
43345 0.000029
43346 0.000027
43347 0.000022
43348 0.000017
43349 0.000011
43350 0.000017
43351 0.000027
43352 0.000014
43353 0.000009
43354 0.000010
43355 0.000020
43356 0.000012
43357 0.000008
43358 0.000012
43359 0.000018
43360 0.000011
43361 0.000012
43362 0.000013
43363 0.000019
43364 0.000017
43365 0.000012
43366 0.000006
43367 0.000011
43368 0.000007
43369 0.000010
43370 0.000011
43371 0.000008
43372 0.000006
43373 0.000016
43374 0.000018
43375 0.000014
43376 0.000007
43377 0.000023
43378 0.000023
43379 0.000022
43380 0.000014
43381 0.000009
43382 0.000011
43383 0.000005
43384 0.000007
43385 0.000011
43386 0.000008
43387 0.000009
43388 0.000006
43389 0.000008
43390 0.000006
43391 0.000010
43392 0.000039
43393 0.000024
43394 0.000020
43395 0.000025
43396 0.000020
43397 0.000020
43398 0.000011
43399 0.000013
43400 0.000006
43401 0.000017
43402 0.000017
43403 0.000018
43404 0.000044
43405 0.000041
43406 0.000042
43407 0.000058
43408 0.000056
43409 0.000027
43410 0.000043
43411 0.000021
43412 0.000011
43413 0.000019
43414 0.000019
43415 0.000018
43416 0.000011
43417 0.000019
43418 0.000024
43419 0.000033
43420 0.000012
43421 0.000027
43422 0.000031
43423 0.000019
43424 0.000034
43425 0.000017
43426 0.000021
43427 0.000019
43428 0.000026
43429 0.000027
43430 0.000029
43431 0.000011
43432 0.000005
43433 0.000005
43434 0.000018
43435 0.000013
43436 0.000023
43437 0.000023
43438 0.000026
43439 0.000021
43440 0.000012
43441 0.000008
43442 0.000031
43443 0.000016
43444 0.000017
43445 0.000012
43446 0.000018
43447 0.000010
43448 0.000024
43449 0.000023
43450 0.000029
43451 0.000031
43452 0.000020
43453 0.000011
43454 0.000018
43455 0.000007
43456 0.000020
43457 0.000023
43458 0.000018
43459 0.000018
43460 0.000007
43461 0.000015
43462 0.000007
43463 0.000020
43464 0.000009
43465 0.000035
43466 0.000023
43467 0.000013
43468 0.000009
43469 0.000038
43470 0.000028
43471 0.000015
43472 0.000016
43473 0.000010
43474 0.000020
43475 0.000011
43476 0.000008
43477 0.000005
43478 0.000005
43479 0.000017
43480 0.000012
43481 0.000008
43482 0.000016
43483 0.000010
43484 0.000011
43485 0.000022
43486 0.000032
43487 0.000008
43488 0.000010
43489 0.000016
43490 0.000017
43491 0.000010
43492 0.000036
43493 0.000045
43494 0.000029
43495 0.000011
43496 0.000019
43497 0.000012
43498 0.000008
43499 0.000027
43500 0.000011
43501 0.000010
43502 0.000007
43503 0.000026
43504 0.000010
43505 0.000016
43506 0.000017
43507 0.000017
43508 0.000043
43509 0.000040
43510 0.000037
43511 0.000034
43512 0.000013
43513 0.000014
43514 0.000009
43515 0.000019
43516 0.000043
43517 0.000043
43518 0.000045
43519 0.000019
43520 0.000019
43521 0.000015
43522 0.000016
43523 0.000010
43524 0.000017
43525 0.000023
43526 0.000022
43527 0.000009
43528 0.000013
43529 0.000026
43530 0.000019
43531 0.000030
43532 0.000028
43533 0.000017
43534 0.000023
43535 0.000022
43536 0.000022
43537 0.000019
43538 0.000011
43539 0.000006
43540 0.000006
43541 0.000025
43542 0.000018
43543 0.000029
43544 0.000020
43545 0.000022
43546 0.000022
43547 0.000030
43548 0.000024
43549 0.000024
43550 0.000023
43551 0.000029
43552 0.000011
43553 0.000027
43554 0.000009
43555 0.000005
43556 0.000005
43557 0.000010
43558 0.000028
43559 0.000031
43560 0.000022
43561 0.000022
43562 0.000027
43563 0.000011
43564 0.000008
43565 0.000004
43566 0.000011
43567 0.000012
43568 0.000013
43569 0.000012
43570 0.000013
43571 0.000014
43572 0.000009
43573 0.000022
43574 0.000012
43575 0.000011
43576 0.000022
43577 0.000021
43578 0.000014
43579 0.000015
43580 0.000022
43581 0.000012
43582 0.000013
43583 0.000014
43584 0.000014
43585 0.000015
43586 0.000032
43587 0.000012
43588 0.000023
43589 0.000013
43590 0.000026
43591 0.000014
43592 0.000019
43593 0.000041
43594 0.000040
43595 0.000014
43596 0.000009
43597 0.000020
43598 0.000011
43599 0.000023
43600 0.000012
43601 0.000014
43602 0.000009
43603 0.000010
43604 0.000012
43605 0.000008
43606 0.000030
43607 0.000030
43608 0.000020
43609 0.000022
43610 0.000009
43611 0.000027
43612 0.000026
43613 0.000014
43614 0.000013
43615 0.000010
43616 0.000007
43617 0.000016
43618 0.000027
43619 0.000033
43620 0.000010
43621 0.000011
43622 0.000019
43623 0.000019
43624 0.000013
43625 0.000037
43626 0.000053
43627 0.000028
43628 0.000034
43629 0.000017
43630 0.000010
43631 0.000034
43632 0.000016
43633 0.000012
43634 0.000017
43635 0.000008
43636 0.000024
43637 0.000024
43638 0.000013
43639 0.000030
43640 0.000025
43641 0.000037
43642 0.000019
43643 0.000014
43644 0.000007
43645 0.000006
43646 0.000004
43647 0.000004
43648 0.000005
43649 0.000019
43650 0.000008
43651 0.000016
43652 0.000016
43653 0.000009
43654 0.000016
43655 0.000030
43656 0.000040
43657 0.000043
43658 0.000047
43659 0.000020
43660 0.000030
43661 0.000025
43662 0.000024
43663 0.000054
43664 0.000018
43665 0.000016
43666 0.000035
43667 0.000018
43668 0.000018
43669 0.000013
43670 0.000008
43671 0.000008
43672 0.000004
43673 0.000027
43674 0.000032
43675 0.000021
43676 0.000012
43677 0.000028
43678 0.000033
43679 0.000017
43680 0.000025
43681 0.000013
43682 0.000008
43683 0.000024
43684 0.000014
43685 0.000009
43686 0.000012
43687 0.000023
43688 0.000008
43689 0.000005
43690 0.000008
43691 0.000011
43692 0.000016
43693 0.000010
43694 0.000013
43695 0.000014
43696 0.000017
43697 0.000011
43698 0.000013
43699 0.000013
43700 0.000020
43701 0.000016
43702 0.000006
43703 0.000013
43704 0.000018
43705 0.000016
43706 0.000034
43707 0.000013
43708 0.000009
43709 0.000007
43710 0.000013
43711 0.000006
43712 0.000004
43713 0.000005
43714 0.000005
43715 0.000005
43716 0.000007
43717 0.000009
43718 0.000017
43719 0.000014
43720 0.000013
43721 0.000008
43722 0.000020
43723 0.000011
43724 0.000015
43725 0.000007
43726 0.000009
43727 0.000010
43728 0.000023
43729 0.000016
43730 0.000023
43731 0.000013
43732 0.000009
43733 0.000049
43734 0.000050
43735 0.000024
43736 0.000028
43737 0.000015
43738 0.000009
43739 0.000014
43740 0.000021
43741 0.000012
43742 0.000008
43743 0.000006
43744 0.000020
43745 0.000023
43746 0.000013
43747 0.000009
43748 0.000007
43749 0.000009
43750 0.000028
43751 0.000029
43752 0.000014
43753 0.000015
43754 0.000022
43755 0.000026
43756 0.000028
43757 0.000014
43758 0.000009
43759 0.000011
43760 0.000037
43761 0.000019
43762 0.000017
43763 0.000022
43764 0.000033
43765 0.000038
43766 0.000063
43767 0.000033
43768 0.000026
43769 0.000015
43770 0.000010
43771 0.000007
43772 0.000004
43773 0.000007
43774 0.000009
43775 0.000018
43776 0.000048
43777 0.000044
43778 0.000040
43779 0.000031
43780 0.000016
43781 0.000017
43782 0.000025
43783 0.000010
43784 0.000035
43785 0.000043
43786 0.000040
43787 0.000018
43788 0.000010
43789 0.000024
43790 0.000034
43791 0.000032
43792 0.000058
43793 0.000044
43794 0.000022
43795 0.000012
43796 0.000010
43797 0.000029
43798 0.000038
43799 0.000039
43800 0.000024
43801 0.000037
43802 0.000019
43803 0.000013
43804 0.000025
43805 0.000021
43806 0.000012
43807 0.000016
43808 0.000041
43809 0.000028
43810 0.000011
43811 0.000008
43812 0.000013
43813 0.000009
43814 0.000013
43815 0.000014
43816 0.000021
43817 0.000014
43818 0.000017
43819 0.000019
43820 0.000027
43821 0.000020
43822 0.000038
43823 0.000016
43824 0.000021
43825 0.000013
43826 0.000017
43827 0.000008
43828 0.000016
43829 0.000015
43830 0.000014
43831 0.000028
43832 0.000011
43833 0.000010
43834 0.000006
43835 0.000008
43836 0.000022
43837 0.000021
43838 0.000021
43839 0.000013
43840 0.000009
43841 0.000005
43842 0.000006
43843 0.000024
43844 0.000024
43845 0.000040
43846 0.000034
43847 0.000032
43848 0.000024
43849 0.000010
43850 0.000010
43851 0.000023
43852 0.000026
43853 0.000025
43854 0.000010
43855 0.000012
43856 0.000008
43857 0.000011
43858 0.000029
43859 0.000015
43860 0.000020
43861 0.000027
43862 0.000014
43863 0.000021
43864 0.000009
43865 0.000036
43866 0.000033
43867 0.000012
43868 0.000014
43869 0.000015
43870 0.000009
43871 0.000007
43872 0.000022
43873 0.000040
43874 0.000040
43875 0.000016
43876 0.000010
43877 0.000010
43878 0.000014
43879 0.000014
43880 0.000015
43881 0.000012
43882 0.000015
43883 0.000009
43884 0.000018
43885 0.000015
43886 0.000007
43887 0.000019
43888 0.000012
43889 0.000006
43890 0.000015
43891 0.000030
43892 0.000022
43893 0.000012
43894 0.000008
43895 0.000009
43896 0.000006
43897 0.000009
43898 0.000007
43899 0.000013
43900 0.000014
43901 0.000015
43902 0.000041
43903 0.000023
43904 0.000030
43905 0.000020
43906 0.000027
43907 0.000034
43908 0.000047
43909 0.000044
43910 0.000041
43911 0.000039
43912 0.000014
43913 0.000012
43914 0.000032
43915 0.000010
43916 0.000042
43917 0.000021
43918 0.000012
43919 0.000036
43920 0.000016
43921 0.000017
43922 0.000029
43923 0.000015
43924 0.000019
43925 0.000013
43926 0.000008
43927 0.000043
43928 0.000021
43929 0.000011
43930 0.000008
43931 0.000010
43932 0.000025
43933 0.000030
43934 0.000048
43935 0.000047
43936 0.000058
43937 0.000027
43938 0.000026
43939 0.000027
43940 0.000026
43941 0.000027
43942 0.000028
43943 0.000016
43944 0.000020
43945 0.000020
43946 0.000020
43947 0.000020
43948 0.000043
43949 0.000025
43950 0.000025
43951 0.000025
43952 0.000015
43953 0.000022
43954 0.000008
43955 0.000010
43956 0.000012
43957 0.000013
43958 0.000021
43959 0.000021
43960 0.000024
43961 0.000045
43962 0.000022
43963 0.000022
43964 0.000026
43965 0.000016
43966 0.000017
43967 0.000018
43968 0.000019
43969 0.000011
43970 0.000020
43971 0.000020
43972 0.000014
43973 0.000035
43974 0.000018
43975 0.000006
43976 0.000013
43977 0.000014
43978 0.000016
43979 0.000015
43980 0.000013
43981 0.000051
43982 0.000055
43983 0.000064
43984 0.000079
43985 0.000037
43986 0.000013
43987 0.000019
43988 0.000011
43989 0.000012
43990 0.000009
43991 0.000016
43992 0.000010
43993 0.000007
43994 0.000025
43995 0.000021
43996 0.000020
43997 0.000012
43998 0.000027
43999 0.000027
44000 0.000017
44001 0.000010
44002 0.000014
44003 0.000009
44004 0.000026
44005 0.000014
44006 0.000007
44007 0.000011
44008 0.000008
44009 0.000015
44010 0.000023
44011 0.000026
44012 0.000019
44013 0.000043
44014 0.000040
44015 0.000028
44016 0.000014
44017 0.000015
44018 0.000017
44019 0.000028
44020 0.000027
44021 0.000015
44022 0.000019
44023 0.000011
44024 0.000033
44025 0.000021
44026 0.000033
44027 0.000019
44028 0.000027
44029 0.000014
44030 0.000009
44031 0.000011
44032 0.000015
44033 0.000009
44034 0.000009
44035 0.000017
44036 0.000014
44037 0.000015
44038 0.000020
44039 0.000024
44040 0.000022
44041 0.000018
44042 0.000018
44043 0.000011
44044 0.000012
44045 0.000020
44046 0.000016
44047 0.000006
44048 0.000016
44049 0.000010
44050 0.000011
44051 0.000016
44052 0.000009
44053 0.000012
44054 0.000008
44055 0.000015
44056 0.000016
44057 0.000025
44058 0.000010
44059 0.000019
44060 0.000028
44061 0.000027
44062 0.000014
44063 0.000029
44064 0.000011
44065 0.000013
44066 0.000018
44067 0.000022
44068 0.000031
44069 0.000029
44070 0.000015
44071 0.000025
44072 0.000031
44073 0.000012
44074 0.000017
44075 0.000014
44076 0.000019
44077 0.000013
44078 0.000019
44079 0.000019
44080 0.000019
44081 0.000008
44082 0.000014
44083 0.000015
44084 0.000009
44085 0.000009
44086 0.000007
44087 0.000011
44088 0.000019
44089 0.000010
44090 0.000021
44091 0.000027
44092 0.000019
44093 0.000011
44094 0.000005
44095 0.000007
44096 0.000009
44097 0.000011
44098 0.000035
44099 0.000044
44100 0.000059
44101 0.000053
44102 0.000048
44103 0.000044
44104 0.000044
44105 0.000012
44106 0.000013
44107 0.000014
44108 0.000015
44109 0.000029
44110 0.000057
44111 0.000051
44112 0.000025
44113 0.000024
44114 0.000024
44115 0.000023
44116 0.000023
44117 0.000033
44118 0.000038
44119 0.000015
44120 0.000009
44121 0.000007
44122 0.000015
44123 0.000028
44124 0.000017
44125 0.000024
44126 0.000010
44127 0.000008
44128 0.000010
44129 0.000027
44130 0.000042
44131 0.000023
44132 0.000023
44133 0.000032
44134 0.000030
44135 0.000009
44136 0.000006
44137 0.000013
44138 0.000032
44139 0.000041
44140 0.000021
44141 0.000012
44142 0.000016
44143 0.000016
44144 0.000017
44145 0.000017
44146 0.000010
44147 0.000007
44148 0.000006
44149 0.000014
44150 0.000015
44151 0.000011
44152 0.000008
44153 0.000022
44154 0.000022
44155 0.000012
44156 0.000024
44157 0.000023
44158 0.000015
44159 0.000044
44160 0.000022
44161 0.000029
44162 0.000022
44163 0.000028
44164 0.000027
44165 0.000011
44166 0.000007
44167 0.000022
44168 0.000031
44169 0.000012
44170 0.000014
44171 0.000020
44172 0.000020
44173 0.000022
44174 0.000028
44175 0.000015
44176 0.000016
44177 0.000016
44178 0.000023
44179 0.000013
44180 0.000020
44181 0.000025
44182 0.000028
44183 0.000015
44184 0.000012
44185 0.000009
44186 0.000012
44187 0.000031
44188 0.000034
44189 0.000043
44190 0.000039
44191 0.000030
44192 0.000028
44193 0.000028
44194 0.000041
44195 0.000049
44196 0.000045
44197 0.000041
44198 0.000020
44199 0.000012
44200 0.000039
44201 0.000044
44202 0.000054
44203 0.000037
44204 0.000049
44205 0.000072
44206 0.000064
44207 0.000065
44208 0.000065
44209 0.000075
44210 0.000066
44211 0.000031
44212 0.000016
44213 0.000010
44214 0.000007
44215 0.000016
44216 0.000019
44217 0.000011
44218 0.000015
44219 0.000029
44220 0.000015
44221 0.000014
44222 0.000017
44223 0.000025
44224 0.000059
44225 0.000028
44226 0.000022
44227 0.000012
44228 0.000006
44229 0.000023
44230 0.000015
44231 0.000007
44232 0.000020
44233 0.000018
44234 0.000016
44235 0.000011
44236 0.000014
44237 0.000012
44238 0.000012
44239 0.000008
44240 0.000025
44241 0.000014
44242 0.000034
44243 0.000013
44244 0.000013
44245 0.000018
44246 0.000026
44247 0.000025
44248 0.000015
44249 0.000018
44250 0.000020
44251 0.000027
44252 0.000026
44253 0.000025
44254 0.000024
44255 0.000013
44256 0.000008
44257 0.000005
44258 0.000019
44259 0.000021
44260 0.000020
44261 0.000034
44262 0.000031
44263 0.000029
44264 0.000011
44265 0.000018
44266 0.000017
44267 0.000023
44268 0.000022
44269 0.000013
44270 0.000019
44271 0.000024
44272 0.000011
44273 0.000014
44274 0.000020
44275 0.000011
44276 0.000033
44277 0.000017
44278 0.000020
44279 0.000011
44280 0.000014
44281 0.000027
44282 0.000014
44283 0.000007
44284 0.000009
44285 0.000013
44286 0.000010
44287 0.000019
44288 0.000033
44289 0.000031
44290 0.000019
44291 0.000021
44292 0.000024
44293 0.000032
44294 0.000030
44295 0.000012
44296 0.000013
44297 0.000013
44298 0.000012
44299 0.000008
44300 0.000006
44301 0.000009
44302 0.000016
44303 0.000016
44304 0.000017
44305 0.000027
44306 0.000023
44307 0.000023
44308 0.000023
44309 0.000013
44310 0.000039
44311 0.000021
44312 0.000009
44313 0.000016
44314 0.000015
44315 0.000016
44316 0.000016
44317 0.000030
44318 0.000023
44319 0.000024
44320 0.000019
44321 0.000024
44322 0.000032
44323 0.000032
44324 0.000024
44325 0.000010
44326 0.000018
44327 0.000026
44328 0.000015
44329 0.000029
44330 0.000033
44331 0.000038
44332 0.000038
44333 0.000014
44334 0.000018
44335 0.000014
44336 0.000016
44337 0.000016
44338 0.000016
44339 0.000010
44340 0.000021
44341 0.000021
44342 0.000012
44343 0.000019
44344 0.000031
44345 0.000033
44346 0.000035
44347 0.000018
44348 0.000011
44349 0.000013
44350 0.000008
44351 0.000033
44352 0.000019
44353 0.000011
44354 0.000014
44355 0.000020
44356 0.000031
44357 0.000021
44358 0.000021
44359 0.000019
44360 0.000023
44361 0.000026
44362 0.000023
44363 0.000022
44364 0.000009
44365 0.000006
44366 0.000005
44367 0.000013
44368 0.000017
44369 0.000012
44370 0.000008
44371 0.000018
44372 0.000024
44373 0.000023
44374 0.000013
44375 0.000007
44376 0.000009
44377 0.000006
44378 0.000022
44379 0.000036
44380 0.000020
44381 0.000020
44382 0.000020
44383 0.000020
44384 0.000043
44385 0.000040
44386 0.000046
44387 0.000022
44388 0.000009
44389 0.000007
44390 0.000006
44391 0.000010
44392 0.000016
44393 0.000021
44394 0.000015
44395 0.000025
44396 0.000008
44397 0.000020
44398 0.000015
44399 0.000007
44400 0.000006
44401 0.000019
44402 0.000010
44403 0.000024
44404 0.000013
44405 0.000018
44406 0.000018
44407 0.000025
44408 0.000029
44409 0.000027
44410 0.000026
44411 0.000027
44412 0.000011
44413 0.000022
44414 0.000030
44415 0.000012
44416 0.000032
44417 0.000032
44418 0.000047
44419 0.000013
44420 0.000018
44421 0.000015
44422 0.000016
44423 0.000007
44424 0.000005
44425 0.000020
44426 0.000027
44427 0.000032
44428 0.000030
44429 0.000037
44430 0.000017
44431 0.000019
44432 0.000028
44433 0.000015
44434 0.000020
44435 0.000015
44436 0.000016
44437 0.000010
44438 0.000027
44439 0.000014
44440 0.000019
44441 0.000043
44442 0.000021
44443 0.000025
44444 0.000031
44445 0.000016
44446 0.000008
44447 0.000009
44448 0.000015
44449 0.000022
44450 0.000026
44451 0.000027
44452 0.000040
44453 0.000034
44454 0.000033
44455 0.000025
44456 0.000016
44457 0.000010
44458 0.000013
44459 0.000014
44460 0.000009
44461 0.000013
44462 0.000005
44463 0.000005
44464 0.000005
44465 0.000007
44466 0.000009
44467 0.000012
44468 0.000020
44469 0.000019
44470 0.000016
44471 0.000017
44472 0.000027
44473 0.000036
44474 0.000018
44475 0.000011
44476 0.000005
44477 0.000016
44478 0.000006
44479 0.000017
44480 0.000019
44481 0.000011
44482 0.000010
44483 0.000011
44484 0.000017
44485 0.000009
44486 0.000026
44487 0.000014
44488 0.000011
44489 0.000015
44490 0.000010
44491 0.000009
44492 0.000024
44493 0.000013
44494 0.000020
44495 0.000011
44496 0.000013
44497 0.000009
44498 0.000011
44499 0.000007
44500 0.000013
44501 0.000029
44502 0.000028
44503 0.000017
44504 0.000012
44505 0.000006
44506 0.000019
44507 0.000008
44508 0.000008
44509 0.000021
44510 0.000029
44511 0.000009
44512 0.000020
44513 0.000017
44514 0.000010
44515 0.000026
44516 0.000032
44517 0.000030
44518 0.000017
44519 0.000010
44520 0.000019
44521 0.000011
44522 0.000019
44523 0.000014
44524 0.000020
44525 0.000012
44526 0.000023
44527 0.000008
44528 0.000012
44529 0.000020
44530 0.000018
44531 0.000010
44532 0.000013
44533 0.000010
44534 0.000007
44535 0.000008
44536 0.000005
44537 0.000039
44538 0.000036
44539 0.000011
44540 0.000006
44541 0.000005
44542 0.000005
44543 0.000007
44544 0.000015
44545 0.000009
44546 0.000031
44547 0.000016
44548 0.000033
44549 0.000012
44550 0.000017
44551 0.000014
44552 0.000020
44553 0.000009
44554 0.000014
44555 0.000017
44556 0.000008
44557 0.000011
44558 0.000014
44559 0.000015
44560 0.000011
44561 0.000006
44562 0.000013
44563 0.000009
44564 0.000021
44565 0.000021
44566 0.000025
44567 0.000015
44568 0.000007
44569 0.000013
44570 0.000020
44571 0.000020
44572 0.000043
44573 0.000021
44574 0.000022
44575 0.000012
44576 0.000014
44577 0.000018
44578 0.000010
44579 0.000012
44580 0.000013
44581 0.000034
44582 0.000042
44583 0.000014
44584 0.000015
44585 0.000009
44586 0.000007
44587 0.000020
44588 0.000012
44589 0.000010
44590 0.000033
44591 0.000017
44592 0.000029
44593 0.000011
44594 0.000008
44595 0.000010
44596 0.000027
44597 0.000028
44598 0.000039
44599 0.000020
44600 0.000011
44601 0.000006
44602 0.000012
44603 0.000014
44604 0.000019
44605 0.000012
44606 0.000008
44607 0.000010
44608 0.000006
44609 0.000005
44610 0.000033
44611 0.000018
44612 0.000023
44613 0.000009
44614 0.000018
44615 0.000038
44616 0.000037
44617 0.000024
44618 0.000010
44619 0.000019
44620 0.000049
44621 0.000021
44622 0.000012
44623 0.000023
44624 0.000013
44625 0.000029
44626 0.000014
44627 0.000012
44628 0.000018
44629 0.000043
44630 0.000021
44631 0.000013
44632 0.000014
44633 0.000013
44634 0.000008
44635 0.000010
44636 0.000018
44637 0.000018
44638 0.000013
44639 0.000019
44640 0.000029
44641 0.000031
44642 0.000039
44643 0.000044
44644 0.000018
44645 0.000019
44646 0.000011
44647 0.000024
44648 0.000026
44649 0.000037
44650 0.000019
44651 0.000008
44652 0.000015
44653 0.000024
44654 0.000017
44655 0.000016
44656 0.000038
44657 0.000019
44658 0.000021
44659 0.000034
44660 0.000020
44661 0.000029
44662 0.000020
44663 0.000015
44664 0.000022
44665 0.000018
44666 0.000008
44667 0.000034
44668 0.000017
44669 0.000018
44670 0.000031
44671 0.000036
44672 0.000039
44673 0.000020
44674 0.000026
44675 0.000035
44676 0.000009
44677 0.000006
44678 0.000019
44679 0.000020
44680 0.000020
44681 0.000019
44682 0.000025
44683 0.000029
44684 0.000032
44685 0.000012
44686 0.000012
44687 0.000008
44688 0.000023
44689 0.000057
44690 0.000042
44691 0.000039
44692 0.000027
44693 0.000025
44694 0.000013
44695 0.000007
44696 0.000033
44697 0.000012
44698 0.000016
44699 0.000022
44700 0.000030
44701 0.000036
44702 0.000046
44703 0.000016
44704 0.000022
44705 0.000013
44706 0.000022
44707 0.000026
44708 0.000010
44709 0.000047
44710 0.000033
44711 0.000034
44712 0.000029
44713 0.000039
44714 0.000011
44715 0.000017
44716 0.000013
44717 0.000014
44718 0.000014
44719 0.000007
44720 0.000008
44721 0.000004
44722 0.000007
44723 0.000009
44724 0.000012
44725 0.000008
44726 0.000016
44727 0.000022
44728 0.000034
44729 0.000023
44730 0.000013
44731 0.000027
44732 0.000029
44733 0.000021
44734 0.000016
44735 0.000018
44736 0.000018
44737 0.000011
44738 0.000008
44739 0.000009
44740 0.000007
44741 0.000013
44742 0.000041
44743 0.000047
44744 0.000024
44745 0.000010
44746 0.000007
44747 0.000009
44748 0.000013
44749 0.000021
44750 0.000010
44751 0.000012
44752 0.000010
44753 0.000007
44754 0.000018
44755 0.000010
44756 0.000028
44757 0.000027
44758 0.000016
44759 0.000020
44760 0.000020
44761 0.000020
44762 0.000026
44763 0.000014
44764 0.000016
44765 0.000017
44766 0.000035
44767 0.000046
44768 0.000056
44769 0.000035
44770 0.000018
44771 0.000024
44772 0.000013
44773 0.000009
44774 0.000007
44775 0.000023
44776 0.000025
44777 0.000027
44778 0.000023
44779 0.000012
44780 0.000013
44781 0.000024
44782 0.000013
44783 0.000025
44784 0.000014
44785 0.000006
44786 0.000008
44787 0.000012
44788 0.000027
44789 0.000014
44790 0.000014
44791 0.000012
44792 0.000008
44793 0.000014
44794 0.000022
44795 0.000021
44796 0.000009
44797 0.000030
44798 0.000009
44799 0.000008
44800 0.000010
44801 0.000012
44802 0.000021
44803 0.000011
44804 0.000012
44805 0.000022
44806 0.000022
44807 0.000017
44808 0.000010
44809 0.000027
44810 0.000011
44811 0.000006
44812 0.000012
44813 0.000023
44814 0.000023
44815 0.000035
44816 0.000030
44817 0.000023
44818 0.000036
44819 0.000024
44820 0.000040
44821 0.000014
44822 0.000011
44823 0.000027
44824 0.000035
44825 0.000018
44826 0.000013
44827 0.000023
44828 0.000022
44829 0.000024
44830 0.000010
44831 0.000024
44832 0.000021
44833 0.000012
44834 0.000031
44835 0.000022
44836 0.000023
44837 0.000008
44838 0.000010
44839 0.000016
44840 0.000020
44841 0.000025
44842 0.000022
44843 0.000009
44844 0.000007
44845 0.000010
44846 0.000012
44847 0.000012
44848 0.000013
44849 0.000007
44850 0.000009
44851 0.000012
44852 0.000019
44853 0.000023
44854 0.000030
44855 0.000036
44856 0.000022
44857 0.000022
44858 0.000010
44859 0.000014
44860 0.000015
44861 0.000016
44862 0.000008
44863 0.000009
44864 0.000006
44865 0.000005
44866 0.000007
44867 0.000009
44868 0.000035
44869 0.000018
44870 0.000011
44871 0.000012
44872 0.000013
44873 0.000009
44874 0.000012
44875 0.000006
44876 0.000008
44877 0.000005
44878 0.000014
44879 0.000020
44880 0.000018
44881 0.000024
44882 0.000008
44883 0.000010
44884 0.000005
44885 0.000007
44886 0.000009
44887 0.000007
44888 0.000028
44889 0.000027
44890 0.000030
44891 0.000044
44892 0.000015
44893 0.000010
44894 0.000011
44895 0.000014
44896 0.000020
44897 0.000007
44898 0.000019
44899 0.000019
44900 0.000032
44901 0.000043
44902 0.000040
44903 0.000018
44904 0.000018
44905 0.000011
44906 0.000032
44907 0.000034
44908 0.000043
44909 0.000025
44910 0.000025
44911 0.000008
44912 0.000017
44913 0.000017
44914 0.000020
44915 0.000058
44916 0.000053
44917 0.000059
44918 0.000028
44919 0.000035
44920 0.000019
44921 0.000017
44922 0.000014
44923 0.000015
44924 0.000016
44925 0.000027
44926 0.000014
44927 0.000014
44928 0.000009
44929 0.000014
44930 0.000029
44931 0.000023
44932 0.000018
44933 0.000019
44934 0.000024
44935 0.000027
44936 0.000037
44937 0.000034
44938 0.000045
44939 0.000024
44940 0.000023
44941 0.000024
44942 0.000030
44943 0.000020
44944 0.000012
44945 0.000023
44946 0.000013
44947 0.000007
44948 0.000011
44949 0.000013
44950 0.000033
44951 0.000017
44952 0.000010
44953 0.000023
44954 0.000013
44955 0.000008
44956 0.000026
44957 0.000024
44958 0.000023
44959 0.000013
44960 0.000032
44961 0.000013
44962 0.000007
44963 0.000017
44964 0.000017
44965 0.000021
44966 0.000012
44967 0.000020
44968 0.000018
44969 0.000012
44970 0.000036
44971 0.000011
44972 0.000012
44973 0.000017
44974 0.000015
44975 0.000031
44976 0.000023
44977 0.000014
44978 0.000018
44979 0.000018
44980 0.000027
44981 0.000014
44982 0.000024
44983 0.000010
44984 0.000018
44985 0.000015
44986 0.000016
44987 0.000012
44988 0.000013
44989 0.000021
44990 0.000016
44991 0.000008
44992 0.000006
44993 0.000007
44994 0.000038
44995 0.000019
44996 0.000034
44997 0.000036
44998 0.000041
44999 0.000026
45000 0.000025
45001 0.000010
45002 0.000014
45003 0.000012
45004 0.000013
45005 0.000041
45006 0.000046
45007 0.000020
45008 0.000013
45009 0.000027
45010 0.000009
45011 0.000005
45012 0.000008
45013 0.000009
45014 0.000012
45015 0.000013
45016 0.000024
45017 0.000018
45018 0.000016
45019 0.000017
45020 0.000034
45021 0.000056
45022 0.000051
45023 0.000055
45024 0.000031
45025 0.000012
45026 0.000018
45027 0.000011
45028 0.000026
45029 0.000025
45030 0.000013
45031 0.000015
45032 0.000007
45033 0.000006
45034 0.000034
45035 0.000022
45036 0.000009
45037 0.000011
45038 0.000011
45039 0.000008
45040 0.000006
45041 0.000013
45042 0.000038
45043 0.000023
45044 0.000010
45045 0.000015
45046 0.000018
45047 0.000018
45048 0.000010
45049 0.000020
45050 0.000020
45051 0.000019
45052 0.000023
45053 0.000031
45054 0.000029
45055 0.000015
45056 0.000024
45057 0.000026
45058 0.000030
45059 0.000041
45060 0.000035
45061 0.000010
45062 0.000012
45063 0.000018
45064 0.000022
45065 0.000022
45066 0.000009
45067 0.000019
45068 0.000008
45069 0.000007
45070 0.000006
45071 0.000008
45072 0.000010
45073 0.000007
45074 0.000005
45075 0.000016
45076 0.000016
45077 0.000010
45078 0.000015
45079 0.000009
45080 0.000037
45081 0.000035
45082 0.000041
45083 0.000047
45084 0.000029
45085 0.000027
45086 0.000039
45087 0.000036
45088 0.000011
45089 0.000012
45090 0.000013
45091 0.000025
45092 0.000018
45093 0.000047
45094 0.000031
45095 0.000013
45096 0.000014
45097 0.000044
45098 0.000049
45099 0.000044
45100 0.000041
45101 0.000051
45102 0.000047
45103 0.000026
45104 0.000025
45105 0.000047
45106 0.000046
45107 0.000030
45108 0.000015
45109 0.000016
45110 0.000016
45111 0.000025
45112 0.000025
45113 0.000029
45114 0.000028
45115 0.000027
45116 0.000014
45117 0.000032
45118 0.000020
45119 0.000022
45120 0.000022
45121 0.000012
45122 0.000012
45123 0.000010
45124 0.000020
45125 0.000011
45126 0.000013
45127 0.000021
45128 0.000032
45129 0.000038
45130 0.000035
45131 0.000047
45132 0.000045
45133 0.000041
45134 0.000015
45135 0.000031
45136 0.000035
45137 0.000015
45138 0.000020
45139 0.000006
45140 0.000017
45141 0.000008
45142 0.000008
45143 0.000013
45144 0.000017
45145 0.000015
45146 0.000016
45147 0.000022
45148 0.000012
45149 0.000021
45150 0.000024
45151 0.000010
45152 0.000023
45153 0.000023
45154 0.000022
45155 0.000022
45156 0.000017
45157 0.000018
45158 0.000011
45159 0.000008
45160 0.000007
45161 0.000007
45162 0.000013
45163 0.000009
45164 0.000007
45165 0.000025
45166 0.000025
45167 0.000027
45168 0.000026
45169 0.000029
45170 0.000008
45171 0.000007
45172 0.000016
45173 0.000017
45174 0.000011
45175 0.000010
45176 0.000011
45177 0.000010
45178 0.000013
45179 0.000011
45180 0.000020
45181 0.000016
45182 0.000020
45183 0.000020
45184 0.000020
45185 0.000021
45186 0.000013
45187 0.000053
45188 0.000028
45189 0.000015
45190 0.000012
45191 0.000008
45192 0.000014
45193 0.000012
45194 0.000008
45195 0.000016
45196 0.000016
45197 0.000021
45198 0.000020
45199 0.000011
45200 0.000025
45201 0.000032
45202 0.000031
45203 0.000030
45204 0.000037
45205 0.000034
45206 0.000032
45207 0.000017
45208 0.000024
45209 0.000026
45210 0.000019
45211 0.000013
45212 0.000006
45213 0.000011
45214 0.000012
45215 0.000014
45216 0.000018
45217 0.000030
45218 0.000023
45219 0.000022
45220 0.000035
45221 0.000033
45222 0.000031
45223 0.000024
45224 0.000017
45225 0.000008
45226 0.000006
45227 0.000022
45228 0.000031
45229 0.000016
45230 0.000028
45231 0.000030
45232 0.000030
45233 0.000025
45234 0.000010
45235 0.000028
45236 0.000033
45237 0.000014
45238 0.000018
45239 0.000019
45240 0.000024
45241 0.000030
45242 0.000035
45243 0.000033
45244 0.000044
45245 0.000016
45246 0.000011
45247 0.000005
45248 0.000005
45249 0.000008
45250 0.000005
45251 0.000007
45252 0.000020
45253 0.000020
45254 0.000016
45255 0.000012
45256 0.000018
45257 0.000033
45258 0.000017
45259 0.000018
45260 0.000018
45261 0.000011
45262 0.000061
45263 0.000055
45264 0.000050
45265 0.000024
45266 0.000037
45267 0.000034
45268 0.000022
45269 0.000066
45270 0.000038
45271 0.000044
45272 0.000040
45273 0.000012
45274 0.000021
45275 0.000020
45276 0.000015
45277 0.000016
45278 0.000009
45279 0.000009
45280 0.000006
45281 0.000007
45282 0.000019
45283 0.000019
45284 0.000018
45285 0.000022
45286 0.000032
45287 0.000031
45288 0.000016
45289 0.000021
45290 0.000012
45291 0.000008
45292 0.000006
45293 0.000009
45294 0.000021
45295 0.000021
45296 0.000028
45297 0.000037
45298 0.000036
45299 0.000028
45300 0.000027
45301 0.000028
45302 0.000026
45303 0.000011
45304 0.000033
45305 0.000017
45306 0.000008
45307 0.000006
45308 0.000006
45309 0.000012
45310 0.000013
45311 0.000009
45312 0.000022
45313 0.000013
45314 0.000021
45315 0.000012
45316 0.000013
45317 0.000007
45318 0.000013
45319 0.000016
45320 0.000008
45321 0.000014
45322 0.000009
45323 0.000007
45324 0.000023
45325 0.000010
45326 0.000007
45327 0.000013
45328 0.000007
45329 0.000005
45330 0.000009
45331 0.000012
45332 0.000006
45333 0.000007
45334 0.000006
45335 0.000019
45336 0.000022
45337 0.000024
45338 0.000031
45339 0.000032
45340 0.000012
45341 0.000011
45342 0.000012
45343 0.000011
45344 0.000022
45345 0.000012
45346 0.000012
45347 0.000022
45348 0.000032
45349 0.000043
45350 0.000017
45351 0.000013
45352 0.000013
45353 0.000014
45354 0.000015
45355 0.000018
45356 0.000037
45357 0.000019
45358 0.000027
45359 0.000026
45360 0.000014
45361 0.000028
45362 0.000015
45363 0.000021
45364 0.000024
45365 0.000018
45366 0.000018
45367 0.000026
45368 0.000021
45369 0.000023
45370 0.000010
45371 0.000018
45372 0.000011
45373 0.000036
45374 0.000050
45375 0.000035
45376 0.000041
45377 0.000031
45378 0.000021
45379 0.000021
45380 0.000012
45381 0.000011
45382 0.000023
45383 0.000038
45384 0.000024
45385 0.000025
45386 0.000017
45387 0.000017
45388 0.000027
45389 0.000029
45390 0.000015
45391 0.000037
45392 0.000024
45393 0.000010
45394 0.000014
45395 0.000015
45396 0.000009
45397 0.000007
45398 0.000009
45399 0.000007
45400 0.000013
45401 0.000014
45402 0.000015
45403 0.000011
45404 0.000009
45405 0.000017
45406 0.000018
45407 0.000022
45408 0.000009
45409 0.000018
45410 0.000018
45411 0.000008
45412 0.000021
45413 0.000025
45414 0.000024
45415 0.000020
45416 0.000012
45417 0.000046
45418 0.000035
45419 0.000013
45420 0.000015
45421 0.000009
45422 0.000011
45423 0.000012
45424 0.000026
45425 0.000014
45426 0.000013
45427 0.000021
45428 0.000012
45429 0.000019
45430 0.000025
45431 0.000021
45432 0.000014
45433 0.000021
45434 0.000024
45435 0.000024
45436 0.000013
45437 0.000019
45438 0.000029
45439 0.000030
45440 0.000034
45441 0.000010
45442 0.000007
45443 0.000005
45444 0.000007
45445 0.000006
45446 0.000027
45447 0.000030
45448 0.000028
45449 0.000024
45450 0.000023
45451 0.000029
45452 0.000031
45453 0.000020
45454 0.000028
45455 0.000046
45456 0.000016
45457 0.000017
45458 0.000025
45459 0.000035
45460 0.000019
45461 0.000026
45462 0.000025
45463 0.000010
45464 0.000017
45465 0.000013
45466 0.000027
45467 0.000028
45468 0.000033
45469 0.000028
45470 0.000015
45471 0.000024
45472 0.000031
45473 0.000031
45474 0.000044
45475 0.000041
45476 0.000056
45477 0.000013
45478 0.000023
45479 0.000022
45480 0.000030
45481 0.000014
45482 0.000009
45483 0.000006
45484 0.000005
45485 0.000010
45486 0.000031
45487 0.000018
45488 0.000023
45489 0.000042
45490 0.000030
45491 0.000031
45492 0.000029
45493 0.000037
45494 0.000038
45495 0.000019
45496 0.000025
45497 0.000010
45498 0.000012
45499 0.000012
45500 0.000024
45501 0.000036
45502 0.000033
45503 0.000037
45504 0.000042
45505 0.000039
45506 0.000025
45507 0.000018
45508 0.000015
45509 0.000009
45510 0.000010
45511 0.000016
45512 0.000010
45513 0.000007
45514 0.000019
45515 0.000022
45516 0.000027
45517 0.000016
45518 0.000010
45519 0.000034
45520 0.000035
45521 0.000021
45522 0.000007
45523 0.000006
45524 0.000011
45525 0.000014
45526 0.000035
45527 0.000019
45528 0.000008
45529 0.000017
45530 0.000015
45531 0.000009
45532 0.000007
45533 0.000013
45534 0.000009
45535 0.000025
45536 0.000024
45537 0.000039
45538 0.000023
45539 0.000007
45540 0.000009
45541 0.000007
45542 0.000009
45543 0.000020
45544 0.000024
45545 0.000028
45546 0.000015
45547 0.000021
45548 0.000015
45549 0.000012
45550 0.000019
45551 0.000022
45552 0.000022
45553 0.000012
45554 0.000013
45555 0.000043
45556 0.000030
45557 0.000022
45558 0.000030
45559 0.000023
45560 0.000023
45561 0.000032
45562 0.000032
45563 0.000010
45564 0.000009
45565 0.000017
45566 0.000045
45567 0.000035
45568 0.000025
45569 0.000033
45570 0.000031
45571 0.000020
45572 0.000015
45573 0.000019
45574 0.000019
45575 0.000031
45576 0.000029
45577 0.000009
45578 0.000009
45579 0.000012
45580 0.000006
45581 0.000022
45582 0.000037
45583 0.000019
45584 0.000028
45585 0.000015
45586 0.000060
45587 0.000058
45588 0.000052
45589 0.000047
45590 0.000027
45591 0.000031
45592 0.000036
45593 0.000042
45594 0.000037
45595 0.000023
45596 0.000026
45597 0.000055
45598 0.000034
45599 0.000025
45600 0.000031
45601 0.000012
45602 0.000033
45603 0.000043
45604 0.000054
45605 0.000037
45606 0.000034
45607 0.000012
45608 0.000022
45609 0.000045
45610 0.000016
45611 0.000012
45612 0.000012
45613 0.000020
45614 0.000031
45615 0.000039
45616 0.000014
45617 0.000015
45618 0.000021
45619 0.000029
45620 0.000027
45621 0.000015
45622 0.000026
45623 0.000014
45624 0.000015
45625 0.000010
45626 0.000013
45627 0.000022
45628 0.000028
45629 0.000032
45630 0.000012
45631 0.000013
45632 0.000052
45633 0.000030
45634 0.000016
45635 0.000020
45636 0.000029
45637 0.000028
45638 0.000026
45639 0.000030
45640 0.000042
45641 0.000049
45642 0.000055
45643 0.000025
45644 0.000014
45645 0.000019
45646 0.000010
45647 0.000012
45648 0.000024
45649 0.000013
45650 0.000026
45651 0.000014
45652 0.000009
45653 0.000007
45654 0.000013
45655 0.000015
45656 0.000014
45657 0.000015
45658 0.000012
45659 0.000012
45660 0.000018
45661 0.000011
45662 0.000012
45663 0.000006
45664 0.000011
45665 0.000008
45666 0.000019
45667 0.000019
45668 0.000030
45669 0.000019
45670 0.000025
45671 0.000018
45672 0.000017
45673 0.000019
45674 0.000022
45675 0.000026
45676 0.000044
45677 0.000040
45678 0.000049
45679 0.000031
45680 0.000032
45681 0.000033
45682 0.000023
45683 0.000026
45684 0.000025
45685 0.000008
45686 0.000038
45687 0.000054
45688 0.000026
45689 0.000016
45690 0.000015
45691 0.000015
45692 0.000024
45693 0.000031
45694 0.000029
45695 0.000028
45696 0.000027
45697 0.000034
45698 0.000018
45699 0.000018
45700 0.000032
45701 0.000040
45702 0.000028
45703 0.000011
45704 0.000028
45705 0.000015
45706 0.000033
45707 0.000012
45708 0.000008
45709 0.000015
45710 0.000009
45711 0.000006
45712 0.000014
45713 0.000013
45714 0.000011
45715 0.000012
45716 0.000013
45717 0.000018
45718 0.000016
45719 0.000032
45720 0.000030
45721 0.000016
45722 0.000026
45723 0.000025
45724 0.000010
45725 0.000014
45726 0.000007
45727 0.000054
45728 0.000026
45729 0.000025
45730 0.000018
45731 0.000006
45732 0.000034
45733 0.000022
45734 0.000012
45735 0.000027
45736 0.000021
45737 0.000019
45738 0.000032
45739 0.000030
45740 0.000028
45741 0.000017
45742 0.000030
45743 0.000045
45744 0.000025
45745 0.000026
45746 0.000014
45747 0.000008
45748 0.000005
45749 0.000011
45750 0.000005
45751 0.000012
45752 0.000018
45753 0.000027
45754 0.000019
45755 0.000008
45756 0.000005
45757 0.000014
45758 0.000031
45759 0.000029
45760 0.000015
45761 0.000009
45762 0.000011
45763 0.000006
45764 0.000009
45765 0.000007
45766 0.000006
45767 0.000021
45768 0.000021
45769 0.000021
45770 0.000013
45771 0.000009
45772 0.000005
45773 0.000017
45774 0.000018
45775 0.000008
45776 0.000005
45777 0.000007
45778 0.000024
45779 0.000013
45780 0.000014
45781 0.000016
45782 0.000010
45783 0.000017
45784 0.000017
45785 0.000010
45786 0.000024
45787 0.000033
45788 0.000036
45789 0.000033
45790 0.000019
45791 0.000015
45792 0.000017
45793 0.000030
45794 0.000023
45795 0.000035
45796 0.000024
45797 0.000023
45798 0.000013
45799 0.000014
45800 0.000017
45801 0.000010
45802 0.000018
45803 0.000018
45804 0.000025
45805 0.000028
45806 0.000036
45807 0.000029
45808 0.000015
45809 0.000016
45810 0.000013
45811 0.000023
45812 0.000013
45813 0.000025
45814 0.000024
45815 0.000019
45816 0.000038
45817 0.000049
45818 0.000024
45819 0.000018
45820 0.000023
45821 0.000029
45822 0.000015
45823 0.000020
45824 0.000020
45825 0.000026
45826 0.000043
45827 0.000022
45828 0.000022
45829 0.000022
45830 0.000012
45831 0.000006
45832 0.000043
45833 0.000040
45834 0.000016
45835 0.000008
45836 0.000036
45837 0.000034
45838 0.000017
45839 0.000022
45840 0.000007
45841 0.000006
45842 0.000011
45843 0.000008
45844 0.000031
45845 0.000018
45846 0.000007
45847 0.000009
45848 0.000007
45849 0.000009
45850 0.000012
45851 0.000025
45852 0.000025
45853 0.000019
45854 0.000031
45855 0.000026
45856 0.000037
45857 0.000034
45858 0.000032
45859 0.000024
45860 0.000010
45861 0.000007
45862 0.000009
45863 0.000018
45864 0.000006
45865 0.000006
45866 0.000016
45867 0.000036
45868 0.000047
45869 0.000054
45870 0.000018
45871 0.000008
45872 0.000022
45873 0.000028
45874 0.000043
45875 0.000039
45876 0.000049
45877 0.000029
45878 0.000028
45879 0.000035
45880 0.000025
45881 0.000027
45882 0.000014
45883 0.000018
45884 0.000018
45885 0.000028
45886 0.000027
45887 0.000014
45888 0.000014
45889 0.000013
45890 0.000026
45891 0.000010
45892 0.000016
45893 0.000007
45894 0.000006
45895 0.000008
45896 0.000009
45897 0.000011
45898 0.000006
45899 0.000009
45900 0.000009
45901 0.000007
45902 0.000016
45903 0.000008
45904 0.000016
45905 0.000010
45906 0.000035
45907 0.000023
45908 0.000022
45909 0.000013
45910 0.000014
45911 0.000013
45912 0.000026
45913 0.000031
45914 0.000029
45915 0.000011
45916 0.000021
45917 0.000013
45918 0.000018
45919 0.000027
45920 0.000014
45921 0.000029
45922 0.000017
45923 0.000018
45924 0.000018
45925 0.000011
45926 0.000006
45927 0.000014
45928 0.000016
45929 0.000007
45930 0.000005
45931 0.000017
45932 0.000021
45933 0.000021
45934 0.000009
45935 0.000006
45936 0.000010
45937 0.000033
45938 0.000010
45939 0.000011
45940 0.000015
45941 0.000024
45942 0.000023
45943 0.000029
45944 0.000029
45945 0.000015
45946 0.000016
45947 0.000017
45948 0.000012
45949 0.000031
45950 0.000029
45951 0.000032
45952 0.000024
45953 0.000019
45954 0.000014
45955 0.000024
45956 0.000013
45957 0.000016
45958 0.000021
45959 0.000023
45960 0.000010
45961 0.000005
45962 0.000005
45963 0.000007
45964 0.000018
45965 0.000008
45966 0.000016
45967 0.000015
45968 0.000023
45969 0.000019
45970 0.000022
45971 0.000025
45972 0.000010
45973 0.000017
45974 0.000021
45975 0.000009
45976 0.000014
45977 0.000009
45978 0.000013
45979 0.000018
45980 0.000020
45981 0.000020
45982 0.000011
45983 0.000012
45984 0.000023
45985 0.000046
45986 0.000037
45987 0.000040
45988 0.000023
45989 0.000030
45990 0.000016
45991 0.000010
45992 0.000022
45993 0.000013
45994 0.000014
45995 0.000020
45996 0.000020
45997 0.000011
45998 0.000010
45999 0.000005
46000 0.000016
46001 0.000017
46002 0.000011
46003 0.000040
46004 0.000053
46005 0.000018
46006 0.000018
46007 0.000011
46008 0.000017
46009 0.000025
46010 0.000016
46011 0.000010
46012 0.000007
46013 0.000022
46014 0.000012
46015 0.000011
46016 0.000013
46017 0.000019
46018 0.000027
46019 0.000026
46020 0.000030
46021 0.000012
46022 0.000016
46023 0.000016
46024 0.000006
46025 0.000006
46026 0.000008
46027 0.000006
46028 0.000005
46029 0.000030
46030 0.000016
46031 0.000017
46032 0.000017
46033 0.000022
46034 0.000028
46035 0.000015
46036 0.000027
46037 0.000026
46038 0.000018
46039 0.000018
46040 0.000027
46041 0.000037
46042 0.000065
46043 0.000031
46044 0.000032
46045 0.000017
46046 0.000011
46047 0.000008
46048 0.000009
46049 0.000013
46050 0.000014
46051 0.000027
46052 0.000021
46053 0.000046
46054 0.000042
46055 0.000017
46056 0.000028
46057 0.000029
46058 0.000013
46059 0.000009
46060 0.000007
46061 0.000009
46062 0.000008
46063 0.000013
46064 0.000026
46065 0.000018
46066 0.000025
46067 0.000024
46068 0.000024
46069 0.000027
46070 0.000015
46071 0.000038
46072 0.000035
46073 0.000038
46074 0.000029
46075 0.000027
46076 0.000031
46077 0.000035
46078 0.000041
46079 0.000020
46080 0.000009
46081 0.000005
46082 0.000015
46083 0.000014
46084 0.000021
46085 0.000007
46086 0.000008
46087 0.000019
46088 0.000015
46089 0.000009
46090 0.000014
46091 0.000014
46092 0.000039
46093 0.000023
46094 0.000022
46095 0.000016
46096 0.000020
46097 0.000030
46098 0.000016
46099 0.000016
46100 0.000008
46101 0.000009
46102 0.000007
46103 0.000012
46104 0.000014
46105 0.000009
46106 0.000018
46107 0.000022
46108 0.000025
46109 0.000034
46110 0.000035
46111 0.000034
46112 0.000018
46113 0.000011
46114 0.000012
46115 0.000016
46116 0.000019
46117 0.000017
46118 0.000020
46119 0.000028
46120 0.000027
46121 0.000016
46122 0.000013
46123 0.000012
46124 0.000009
46125 0.000028
46126 0.000011
46127 0.000012
46128 0.000009
46129 0.000017
46130 0.000008
46131 0.000015
46132 0.000016
46133 0.000006
46134 0.000006
46135 0.000009
46136 0.000005
46137 0.000022
46138 0.000009
46139 0.000019
46140 0.000025
46141 0.000024
46142 0.000030
46143 0.000022
46144 0.000024
46145 0.000016
46146 0.000022
46147 0.000012
46148 0.000032
46149 0.000037
46150 0.000019
46151 0.000023
46152 0.000018
46153 0.000025
46154 0.000024
46155 0.000012
46156 0.000014
46157 0.000027
46158 0.000026
46159 0.000019
46160 0.000021
46161 0.000012
46162 0.000013
46163 0.000006
46164 0.000016
46165 0.000017
46166 0.000020
46167 0.000012
46168 0.000017
46169 0.000013
46170 0.000023
46171 0.000027
46172 0.000026
46173 0.000020
46174 0.000020
46175 0.000012
46176 0.000011
46177 0.000012
46178 0.000008
46179 0.000011
46180 0.000014
46181 0.000007
46182 0.000006
46183 0.000015
46184 0.000016
46185 0.000013
46186 0.000013
46187 0.000009
46188 0.000005
46189 0.000005
46190 0.000020
46191 0.000020
46192 0.000028
46193 0.000032
46194 0.000024
46195 0.000023
46196 0.000027
46197 0.000026
46198 0.000030
46199 0.000019
46200 0.000011
46201 0.000014
46202 0.000038
46203 0.000014
46204 0.000017
46205 0.000027
46206 0.000026
46207 0.000018
46208 0.000008
46209 0.000033
46210 0.000020
46211 0.000029
46212 0.000026
46213 0.000032
46214 0.000030
46215 0.000039
46216 0.000020
46217 0.000019
46218 0.000011
46219 0.000008
46220 0.000011
46221 0.000006
46222 0.000008
46223 0.000018
46224 0.000014
46225 0.000006
46226 0.000008
46227 0.000021
46228 0.000021
46229 0.000019
46230 0.000016
46231 0.000014
46232 0.000015
46233 0.000015
46234 0.000021
46235 0.000021
46236 0.000022
46237 0.000009
46238 0.000007
46239 0.000008
46240 0.000005
46241 0.000014
46242 0.000016
46243 0.000016
46244 0.000016
46245 0.000015
46246 0.000028
46247 0.000038
46248 0.000018
46249 0.000010
46250 0.000007
46251 0.000006
46252 0.000004
46253 0.000011
46254 0.000010
46255 0.000012
46256 0.000049
46257 0.000025
46258 0.000040
46259 0.000015
46260 0.000022
46261 0.000035
46262 0.000033
46263 0.000020
46264 0.000020
46265 0.000038
46266 0.000036
46267 0.000037
46268 0.000034
46269 0.000020
46270 0.000023
46271 0.000034
46272 0.000032
46273 0.000018
46274 0.000021
46275 0.000038
46276 0.000019
46277 0.000019
46278 0.000028
46279 0.000015
46280 0.000006
46281 0.000006
46282 0.000013
46283 0.000035
46284 0.000013
46285 0.000015
46286 0.000010
46287 0.000007
46288 0.000006
46289 0.000006
46290 0.000025
46291 0.000010
46292 0.000012
46293 0.000014
46294 0.000017
46295 0.000030
46296 0.000024
46297 0.000026
46298 0.000014
46299 0.000009
46300 0.000019
46301 0.000011
46302 0.000008
46303 0.000006
46304 0.000004
46305 0.000023
46306 0.000013
46307 0.000011
46308 0.000008
46309 0.000010
46310 0.000011
46311 0.000015
46312 0.000017
46313 0.000023
46314 0.000024
46315 0.000042
46316 0.000044
46317 0.000015
46318 0.000010
46319 0.000016
46320 0.000020
46321 0.000020
46322 0.000012
46323 0.000008
46324 0.000013
46325 0.000025
46326 0.000024
46327 0.000037
46328 0.000034
46329 0.000044
46330 0.000028
46331 0.000015
46332 0.000027
46333 0.000025
46334 0.000021
46335 0.000007
46336 0.000009
46337 0.000017
46338 0.000044
46339 0.000044
46340 0.000049
46341 0.000021
46342 0.000019
46343 0.000039
46344 0.000025
46345 0.000030
46346 0.000016
46347 0.000021
46348 0.000025
46349 0.000028
46350 0.000038
46351 0.000024
46352 0.000008
46353 0.000017
46354 0.000041
46355 0.000035
46356 0.000043
46357 0.000045
46358 0.000012
46359 0.000014
46360 0.000015
46361 0.000009
46362 0.000012
46363 0.000008
46364 0.000013
46365 0.000008
46366 0.000029
46367 0.000035
46368 0.000041
46369 0.000038
46370 0.000020
46371 0.000012
46372 0.000035
46373 0.000042
46374 0.000042
46375 0.000027
46376 0.000029
46377 0.000025
46378 0.000013
46379 0.000014
46380 0.000028
46381 0.000011
46382 0.000014
46383 0.000013
46384 0.000024
46385 0.000013
46386 0.000014
46387 0.000026
46388 0.000022
46389 0.000024
46390 0.000020
46391 0.000018
46392 0.000024
46393 0.000010
46394 0.000031
46395 0.000012
46396 0.000008
46397 0.000006
46398 0.000026
46399 0.000041
46400 0.000024
46401 0.000008
46402 0.000016
46403 0.000017
46404 0.000014
46405 0.000024
46406 0.000039
46407 0.000023
46408 0.000009
46409 0.000012
46410 0.000018
46411 0.000011
46412 0.000012
46413 0.000008
46414 0.000006
46415 0.000009
46416 0.000019
46417 0.000019
46418 0.000011
46419 0.000031
46420 0.000036
46421 0.000013
46422 0.000022
46423 0.000032
46424 0.000043
46425 0.000021
46426 0.000030
46427 0.000026
46428 0.000025
46429 0.000014
46430 0.000007
46431 0.000019
46432 0.000019
46433 0.000009
46434 0.000013
46435 0.000007
46436 0.000006
46437 0.000005
46438 0.000007
46439 0.000004
46440 0.000034
46441 0.000017
46442 0.000037
46443 0.000022
46444 0.000012
46445 0.000017
46446 0.000018
46447 0.000025
46448 0.000024
46449 0.000012
46450 0.000021
46451 0.000021
46452 0.000014
46453 0.000012
46454 0.000016
46455 0.000022
46456 0.000035
46457 0.000036
46458 0.000041
46459 0.000034
46460 0.000041
46461 0.000022
46462 0.000021
46463 0.000023
46464 0.000022
46465 0.000023
46466 0.000024
46467 0.000045
46468 0.000021
46469 0.000021
46470 0.000032
46471 0.000035
46472 0.000010
46473 0.000025
46474 0.000015
46475 0.000015
46476 0.000013
46477 0.000009
46478 0.000007
46479 0.000009
46480 0.000010
46481 0.000026
46482 0.000017
46483 0.000018
46484 0.000054
46485 0.000032
46486 0.000033
46487 0.000039
46488 0.000023
46489 0.000026
46490 0.000022
46491 0.000024
46492 0.000010
46493 0.000007
46494 0.000008
46495 0.000005
46496 0.000007
46497 0.000009
46498 0.000013
46499 0.000012
46500 0.000012
46501 0.000015
46502 0.000016
46503 0.000034
46504 0.000026
46505 0.000028
46506 0.000027
46507 0.000030
46508 0.000016
46509 0.000031
46510 0.000019
46511 0.000023
46512 0.000022
46513 0.000013
46514 0.000014
46515 0.000009
46516 0.000018
46517 0.000018
46518 0.000026
46519 0.000025
46520 0.000014
46521 0.000017
46522 0.000025
46523 0.000024
46524 0.000037
46525 0.000034
46526 0.000011
46527 0.000022
46528 0.000032
46529 0.000030
46530 0.000020
46531 0.000018
46532 0.000011
46533 0.000012
46534 0.000009
46535 0.000011
46536 0.000012
46537 0.000022
46538 0.000012
46539 0.000022
46540 0.000012
46541 0.000006
46542 0.000016
46543 0.000022
46544 0.000012
46545 0.000006
46546 0.000049
46547 0.000049
46548 0.000054
46549 0.000028
46550 0.000021
46551 0.000025
46552 0.000032
46553 0.000030
46554 0.000028
46555 0.000027
46556 0.000024
46557 0.000033
46558 0.000053
46559 0.000048
46560 0.000023
46561 0.000013
46562 0.000013
46563 0.000022
46564 0.000012
46565 0.000009
46566 0.000007
46567 0.000013
46568 0.000014
46569 0.000022
46570 0.000025
46571 0.000012
46572 0.000025
46573 0.000014
46574 0.000009
46575 0.000011
46576 0.000017
46577 0.000012
46578 0.000006
46579 0.000012
46580 0.000008
46581 0.000006
46582 0.000008
46583 0.000022
46584 0.000012
46585 0.000007
46586 0.000022
46587 0.000036
46588 0.000018
46589 0.000036
46590 0.000025
46591 0.000024
46592 0.000015
46593 0.000011
46594 0.000009
46595 0.000007
46596 0.000005
46597 0.000010
46598 0.000007
46599 0.000008
46600 0.000012
46601 0.000020
46602 0.000020
46603 0.000020
46604 0.000025
46605 0.000039
46606 0.000014
46607 0.000015
46608 0.000009
46609 0.000007
46610 0.000029
46611 0.000064
46612 0.000030
46613 0.000023
46614 0.000023
46615 0.000042
46616 0.000021
46617 0.000032
46618 0.000012
46619 0.000025
46620 0.000040
46621 0.000041
46622 0.000012
46623 0.000028
46624 0.000048
46625 0.000024
46626 0.000033
46627 0.000034
46628 0.000032
46629 0.000046
46630 0.000042
46631 0.000045
46632 0.000041
46633 0.000040
46634 0.000027
46635 0.000026
46636 0.000026
46637 0.000014
46638 0.000026
46639 0.000025
46640 0.000014
46641 0.000025
46642 0.000024
46643 0.000012
46644 0.000008
46645 0.000009
46646 0.000006
46647 0.000012
46648 0.000015
46649 0.000016
46650 0.000010
46651 0.000005
46652 0.000021
46653 0.000039
46654 0.000044
46655 0.000040
46656 0.000027
46657 0.000014
46658 0.000007
46659 0.000041
46660 0.000045
46661 0.000022
46662 0.000012
46663 0.000019
46664 0.000019
46665 0.000011
46666 0.000012
46667 0.000008
46668 0.000021
46669 0.000030
46670 0.000037
46671 0.000039
46672 0.000036
46673 0.000013
46674 0.000020
46675 0.000007
46676 0.000012
46677 0.000019
46678 0.000019
46679 0.000011
46680 0.000008
46681 0.000010
46682 0.000017
46683 0.000031
46684 0.000032
46685 0.000016
46686 0.000034
46687 0.000013
46688 0.000014
46689 0.000015
46690 0.000018
46691 0.000036
46692 0.000018
46693 0.000030
46694 0.000016
46695 0.000017
46696 0.000024
46697 0.000016
46698 0.000021
46699 0.000030
46700 0.000029
46701 0.000030
46702 0.000016
46703 0.000012
46704 0.000008
46705 0.000010
46706 0.000028
46707 0.000027
46708 0.000011
46709 0.000008
46710 0.000022
46711 0.000025
46712 0.000025
46713 0.000013
46714 0.000016
46715 0.000019
46716 0.000009
46717 0.000016
46718 0.000006
46719 0.000006
46720 0.000016
46721 0.000011
46722 0.000025
46723 0.000017
46724 0.000017
46725 0.000018
46726 0.000018
46727 0.000021
46728 0.000027
46729 0.000033
46730 0.000010
46731 0.000011
46732 0.000014
46733 0.000021
46734 0.000025
46735 0.000050
46736 0.000054
46737 0.000014
46738 0.000015
46739 0.000016
46740 0.000016
46741 0.000007
46742 0.000022
46743 0.000022
46744 0.000012
46745 0.000012
46746 0.000028
46747 0.000041
46748 0.000030
46749 0.000044
46750 0.000024
46751 0.000023
46752 0.000010
46753 0.000032
46754 0.000036
46755 0.000038
46756 0.000019
46757 0.000027
46758 0.000036
46759 0.000041
46760 0.000021
46761 0.000022
46762 0.000030
46763 0.000016
46764 0.000012
46765 0.000016
46766 0.000031
46767 0.000029
46768 0.000014
46769 0.000007
46770 0.000021
46771 0.000023
46772 0.000016
46773 0.000015
46774 0.000019
46775 0.000034
46776 0.000040
46777 0.000020
46778 0.000009
46779 0.000034
46780 0.000022
46781 0.000025
46782 0.000017
46783 0.000018
46784 0.000032
46785 0.000017
46786 0.000019
46787 0.000016
46788 0.000017
46789 0.000018
46790 0.000007
46791 0.000006
46792 0.000036
46793 0.000015
46794 0.000020
46795 0.000042
46796 0.000033
46797 0.000017
46798 0.000027
46799 0.000021
46800 0.000024
46801 0.000010
46802 0.000021
46803 0.000017
46804 0.000018
46805 0.000010
46806 0.000007
46807 0.000010
46808 0.000009
46809 0.000019
46810 0.000023
46811 0.000023
46812 0.000013
46813 0.000008
46814 0.000017
46815 0.000018
46816 0.000027
46817 0.000009
46818 0.000005
46819 0.000031
46820 0.000030
46821 0.000011
46822 0.000013
46823 0.000014
46824 0.000017
46825 0.000033
46826 0.000037
46827 0.000043
46828 0.000015
46829 0.000009
46830 0.000011
46831 0.000015
46832 0.000028
46833 0.000022
46834 0.000030
46835 0.000033
46836 0.000041
46837 0.000015
46838 0.000032
46839 0.000037
46840 0.000042
46841 0.000010
46842 0.000021
46843 0.000021
46844 0.000019
46845 0.000022
46846 0.000012
46847 0.000005
46848 0.000004
46849 0.000004
46850 0.000008
46851 0.000013
46852 0.000014
46853 0.000007
46854 0.000014
46855 0.000019
46856 0.000028
46857 0.000043
46858 0.000015
46859 0.000014
46860 0.000016
46861 0.000025
46862 0.000040
46863 0.000040
46864 0.000054
46865 0.000021
46866 0.000015
46867 0.000031
46868 0.000015
46869 0.000016
46870 0.000020
46871 0.000020
46872 0.000020
46873 0.000009
46874 0.000007
46875 0.000015
46876 0.000019
46877 0.000027
46878 0.000009
46879 0.000007
46880 0.000019
46881 0.000023
46882 0.000023
46883 0.000013
46884 0.000011
46885 0.000008
46886 0.000021
46887 0.000036
46888 0.000024
46889 0.000024
46890 0.000008
46891 0.000006
46892 0.000019
46893 0.000039
46894 0.000022
46895 0.000022
46896 0.000018
46897 0.000021
46898 0.000012
46899 0.000006
46900 0.000005
46901 0.000005
46902 0.000016
46903 0.000021
46904 0.000013
46905 0.000005
46906 0.000007
46907 0.000005
46908 0.000005
46909 0.000005
46910 0.000024
46911 0.000010
46912 0.000024
46913 0.000010
46914 0.000015
46915 0.000032
46916 0.000035
46917 0.000044
46918 0.000022
46919 0.000029
46920 0.000028
46921 0.000030
46922 0.000032
46923 0.000030
46924 0.000021
46925 0.000030
46926 0.000016
46927 0.000026
46928 0.000025
46929 0.000051
46930 0.000025
46931 0.000008
46932 0.000007
46933 0.000006
46934 0.000028
46935 0.000038
46936 0.000017
46937 0.000024
46938 0.000013
46939 0.000020
46940 0.000033
46941 0.000022
46942 0.000019
46943 0.000023
46944 0.000027
46945 0.000014
46946 0.000015
46947 0.000006
46948 0.000006
46949 0.000015
46950 0.000019
46951 0.000019
46952 0.000019
46953 0.000028
46954 0.000021
46955 0.000014
46956 0.000034
46957 0.000032
46958 0.000010
46959 0.000007
46960 0.000033
46961 0.000032
46962 0.000030
46963 0.000008
46964 0.000013
46965 0.000006
46966 0.000011
46967 0.000023
46968 0.000013
46969 0.000014
46970 0.000039
46971 0.000044
46972 0.000012
46973 0.000007
46974 0.000008
46975 0.000036
46976 0.000050
46977 0.000025
46978 0.000024
46979 0.000034
46980 0.000049
46981 0.000044
46982 0.000027
46983 0.000022
46984 0.000022
46985 0.000032
46986 0.000034
46987 0.000051
46988 0.000053
46989 0.000014
46990 0.000013
46991 0.000017
46992 0.000010
46993 0.000008
46994 0.000010
46995 0.000009
46996 0.000007
46997 0.000017
46998 0.000028
46999 0.000027
47000 0.000025
47001 0.000024
47002 0.000024
47003 0.000013
47004 0.000006
47005 0.000005
47006 0.000029
47007 0.000052
47008 0.000030
47009 0.000031
47010 0.000033
47011 0.000012
47012 0.000006
47013 0.000016
47014 0.000016
47015 0.000032
47016 0.000027
47017 0.000030
47018 0.000042
47019 0.000015
47020 0.000010
47021 0.000016
47022 0.000016
47023 0.000017
47024 0.000022
47025 0.000015
47026 0.000015
47027 0.000017
47028 0.000037
47029 0.000019
47030 0.000050
47031 0.000042
47032 0.000057
47033 0.000062
47034 0.000035
47035 0.000021
47036 0.000025
47037 0.000012
47038 0.000013
47039 0.000021
47040 0.000007
47041 0.000030
47042 0.000016
47043 0.000017
47044 0.000029
47045 0.000030
47046 0.000016
47047 0.000019
47048 0.000011
47049 0.000016
47050 0.000010
47051 0.000006
47052 0.000020
47053 0.000039
47054 0.000020
47055 0.000025
47056 0.000014
47057 0.000015
47058 0.000026
47059 0.000030
47060 0.000019
47061 0.000027
47062 0.000026
47063 0.000014
47064 0.000020
47065 0.000022
47066 0.000021
47067 0.000012
47068 0.000019
47069 0.000019
47070 0.000022
47071 0.000012
47072 0.000015
47073 0.000009
47074 0.000010
47075 0.000026
47076 0.000025
47077 0.000010
47078 0.000012
47079 0.000013
47080 0.000014
47081 0.000009
47082 0.000019
47083 0.000026
47084 0.000017
47085 0.000022
47086 0.000032
47087 0.000048
47088 0.000035
47089 0.000013
47090 0.000028
47091 0.000030
47092 0.000018
47093 0.000018
47094 0.000012
47095 0.000017
47096 0.000031
47097 0.000026
47098 0.000028
47099 0.000011
47100 0.000006
47101 0.000010
47102 0.000015
47103 0.000019
47104 0.000011
47105 0.000025
47106 0.000013
47107 0.000008
47108 0.000005
47109 0.000004
47110 0.000004
47111 0.000007
47112 0.000009
47113 0.000021
47114 0.000017
47115 0.000026
47116 0.000021
47117 0.000012
47118 0.000013
47119 0.000007
47120 0.000014
47121 0.000017
47122 0.000009
47123 0.000004
47124 0.000006
47125 0.000022
47126 0.000012
47127 0.000010
47128 0.000007
47129 0.000006
47130 0.000025
47131 0.000016
47132 0.000008
47133 0.000008
47134 0.000006
47135 0.000010
47136 0.000007
47137 0.000006
47138 0.000014
47139 0.000028
47140 0.000027
47141 0.000042
47142 0.000043
47143 0.000010
47144 0.000026
47145 0.000008
47146 0.000019
47147 0.000008
47148 0.000023
47149 0.000022
47150 0.000025
47151 0.000019
47152 0.000027
47153 0.000037
47154 0.000043
47155 0.000055
47156 0.000036
47157 0.000052
47158 0.000025
47159 0.000038
47160 0.000041
47161 0.000030
47162 0.000015
47163 0.000007
47164 0.000032
47165 0.000017
47166 0.000017
47167 0.000016
47168 0.000010
47169 0.000015
47170 0.000027
47171 0.000044
47172 0.000015
47173 0.000019
47174 0.000017
47175 0.000022
47176 0.000026
47177 0.000019
47178 0.000020
47179 0.000021
47180 0.000021
47181 0.000021
47182 0.000023
47183 0.000024
47184 0.000023
47185 0.000027
47186 0.000026
47187 0.000025
47188 0.000014
47189 0.000016
47190 0.000016
47191 0.000010
47192 0.000009
47193 0.000036
47194 0.000011
47195 0.000012
47196 0.000006
47197 0.000025
47198 0.000010
47199 0.000009
47200 0.000015
47201 0.000016
47202 0.000024
47203 0.000040
47204 0.000020
47205 0.000011
47206 0.000014
47207 0.000006
47208 0.000014
47209 0.000029
47210 0.000033
47211 0.000031
47212 0.000018
47213 0.000011
47214 0.000018
47215 0.000018
47216 0.000012
47217 0.000008
47218 0.000013
47219 0.000008
47220 0.000013
47221 0.000017
47222 0.000008
47223 0.000006
47224 0.000030
47225 0.000029
47226 0.000020
47227 0.000018
47228 0.000016
47229 0.000010
47230 0.000022
47231 0.000012
47232 0.000017
47233 0.000008
47234 0.000006
47235 0.000008
47236 0.000018
47237 0.000008
47238 0.000039
47239 0.000020
47240 0.000033
47241 0.000017
47242 0.000021
47243 0.000008
47244 0.000006
47245 0.000013
47246 0.000026
47247 0.000049
47248 0.000024
47249 0.000010
47250 0.000013
47251 0.000021
47252 0.000017
47253 0.000030
47254 0.000016
47255 0.000053
47256 0.000048
47257 0.000026
47258 0.000014
47259 0.000009
47260 0.000011
47261 0.000012
47262 0.000013
47263 0.000014
47264 0.000028
47265 0.000015
47266 0.000006
47267 0.000020
47268 0.000024
47269 0.000024
47270 0.000030
47271 0.000031
47272 0.000017
47273 0.000010
47274 0.000007
47275 0.000010
47276 0.000022
47277 0.000009
47278 0.000025
47279 0.000040
47280 0.000023
47281 0.000007
47282 0.000006
47283 0.000042
47284 0.000029
47285 0.000028
47286 0.000019
47287 0.000018
47288 0.000034
47289 0.000032
47290 0.000038
47291 0.000047
47292 0.000023
47293 0.000025
47294 0.000007
47295 0.000009
47296 0.000009
47297 0.000008
47298 0.000010
47299 0.000027
47300 0.000026
47301 0.000034
47302 0.000019
47303 0.000019
47304 0.000013
47305 0.000010
47306 0.000010
47307 0.000012
47308 0.000014
47309 0.000016
47310 0.000010
47311 0.000014
47312 0.000032
47313 0.000035
47314 0.000039
47315 0.000014
47316 0.000017
47317 0.000017
47318 0.000020
47319 0.000016
47320 0.000022
47321 0.000015
47322 0.000007
47323 0.000005
47324 0.000013
47325 0.000019
47326 0.000011
47327 0.000052
47328 0.000025
47329 0.000019
47330 0.000011
47331 0.000013
47332 0.000011
47333 0.000008
47334 0.000017
47335 0.000018
47336 0.000036
47337 0.000038
47338 0.000036
47339 0.000018
47340 0.000029
47341 0.000024
47342 0.000025
47343 0.000036
47344 0.000029
47345 0.000020
47346 0.000009
47347 0.000005
47348 0.000008
47349 0.000010
47350 0.000024
47351 0.000040
47352 0.000024
47353 0.000016
47354 0.000022
47355 0.000035
47356 0.000023
47357 0.000036
47358 0.000034
47359 0.000010
47360 0.000033
47361 0.000017
47362 0.000023
47363 0.000023
47364 0.000015
47365 0.000014
47366 0.000024
47367 0.000027
47368 0.000045
47369 0.000053
47370 0.000030
47371 0.000020
47372 0.000033
47373 0.000025
47374 0.000034
47375 0.000045
47376 0.000047
47377 0.000016
47378 0.000018
47379 0.000011
47380 0.000016
47381 0.000028
47382 0.000036
47383 0.000035
47384 0.000019
47385 0.000011
47386 0.000019
47387 0.000017
47388 0.000014
47389 0.000026
47390 0.000014
47391 0.000009
47392 0.000016
47393 0.000017
47394 0.000035
47395 0.000018
47396 0.000011
47397 0.000010
47398 0.000012
47399 0.000016
47400 0.000016
47401 0.000017
47402 0.000041
47403 0.000038
47404 0.000026
47405 0.000013
47406 0.000009
47407 0.000007
47408 0.000006
47409 0.000005
47410 0.000008
47411 0.000008
47412 0.000010
47413 0.000006
47414 0.000011
47415 0.000006
47416 0.000011
47417 0.000006
47418 0.000004
47419 0.000004
47420 0.000010
47421 0.000012
47422 0.000006
47423 0.000014
47424 0.000019
47425 0.000041
47426 0.000029
47427 0.000023
47428 0.000013
47429 0.000013
47430 0.000022
47431 0.000013
47432 0.000027
47433 0.000036
47434 0.000022
47435 0.000026
47436 0.000025
47437 0.000025
47438 0.000041
47439 0.000038
47440 0.000068
47441 0.000019
47442 0.000040
47443 0.000048
47444 0.000024
47445 0.000010
47446 0.000007
47447 0.000015
47448 0.000009
47449 0.000011
47450 0.000021
47451 0.000029
47452 0.000015
47453 0.000010
47454 0.000011
47455 0.000022
47456 0.000009
47457 0.000026
47458 0.000039
47459 0.000020
47460 0.000020
47461 0.000011
47462 0.000029
47463 0.000037
47464 0.000021
47465 0.000021
47466 0.000019
47467 0.000021
47468 0.000012
47469 0.000006
47470 0.000008
47471 0.000008
47472 0.000023
47473 0.000030
47474 0.000021
47475 0.000024
47476 0.000020
47477 0.000040
47478 0.000011
47479 0.000022
47480 0.000012
47481 0.000013
47482 0.000009
47483 0.000010
47484 0.000007
47485 0.000008
47486 0.000019
47487 0.000014
47488 0.000019
47489 0.000025
47490 0.000018
47491 0.000042
47492 0.000039
47493 0.000014
47494 0.000015
47495 0.000024
47496 0.000016
47497 0.000017
47498 0.000022
47499 0.000012
47500 0.000007
47501 0.000014
47502 0.000009
47503 0.000015
47504 0.000015
47505 0.000023
47506 0.000018
47507 0.000011
47508 0.000012
47509 0.000006
47510 0.000007
47511 0.000039
47512 0.000036
47513 0.000014
47514 0.000023
47515 0.000013
47516 0.000008
47517 0.000007
47518 0.000009
47519 0.000021
47520 0.000014
47521 0.000015
47522 0.000016
47523 0.000030
47524 0.000027
47525 0.000043
47526 0.000033
47527 0.000022
47528 0.000030
47529 0.000032
47530 0.000022
47531 0.000009
47532 0.000014
47533 0.000026
47534 0.000027
47535 0.000026
47536 0.000021
47537 0.000019
47538 0.000019
47539 0.000030
47540 0.000014
47541 0.000015
47542 0.000047
47543 0.000016
47544 0.000014
47545 0.000009
47546 0.000011
47547 0.000005
47548 0.000014
47549 0.000017
47550 0.000019
47551 0.000034
47552 0.000024
47553 0.000033
47554 0.000041
47555 0.000020
47556 0.000027
47557 0.000058
47558 0.000024
47559 0.000013
47560 0.000020
47561 0.000015
47562 0.000018
47563 0.000011
47564 0.000039
47565 0.000011
47566 0.000013
47567 0.000019
47568 0.000018
47569 0.000011
47570 0.000020
47571 0.000014
47572 0.000019
47573 0.000027
47574 0.000018
47575 0.000008
47576 0.000012
47577 0.000011
47578 0.000023
47579 0.000032
47580 0.000033
47581 0.000041
47582 0.000051
47583 0.000032
47584 0.000017
47585 0.000017
47586 0.000018
47587 0.000010
47588 0.000016
47589 0.000010
47590 0.000023
47591 0.000013
47592 0.000021
47593 0.000009
47594 0.000020
47595 0.000009
47596 0.000031
47597 0.000012
47598 0.000008
47599 0.000006
47600 0.000017
47601 0.000017
47602 0.000018
47603 0.000011
47604 0.000006
47605 0.000021
47606 0.000035
47607 0.000033
47608 0.000017
47609 0.000029
47610 0.000038
47611 0.000036
47612 0.000044
47613 0.000045
47614 0.000027
47615 0.000018
47616 0.000011
47617 0.000024
47618 0.000019
47619 0.000008
47620 0.000022
47621 0.000022
47622 0.000012
47623 0.000025
47624 0.000027
47625 0.000033
47626 0.000031
47627 0.000019
47628 0.000011
47629 0.000007
47630 0.000012
47631 0.000008
47632 0.000018
47633 0.000023
47634 0.000013
47635 0.000006
47636 0.000005
47637 0.000005
47638 0.000013
47639 0.000019
47640 0.000007
47641 0.000016
47642 0.000012
47643 0.000020
47644 0.000020
47645 0.000029
47646 0.000016
47647 0.000017
47648 0.000017
47649 0.000010
47650 0.000014
47651 0.000035
47652 0.000021
47653 0.000024
47654 0.000017
47655 0.000024
47656 0.000023
47657 0.000022
47658 0.000017
47659 0.000025
47660 0.000027
47661 0.000011
47662 0.000006
47663 0.000023
47664 0.000026
47665 0.000025
47666 0.000014
47667 0.000017
47668 0.000022
47669 0.000029
47670 0.000024
47671 0.000014
47672 0.000018
47673 0.000018
47674 0.000011
47675 0.000023
47676 0.000022
47677 0.000017
47678 0.000013
47679 0.000009
47680 0.000015
47681 0.000010
47682 0.000006
47683 0.000005
47684 0.000021
47685 0.000023
47686 0.000022
47687 0.000012
47688 0.000019
47689 0.000026
47690 0.000014
47691 0.000027
47692 0.000024
47693 0.000048
47694 0.000021
47695 0.000042
47696 0.000047
47697 0.000061
47698 0.000055
47699 0.000049
47700 0.000055
47701 0.000018
47702 0.000008
47703 0.000010
47704 0.000048
47705 0.000046
47706 0.000027
47707 0.000030
47708 0.000028
47709 0.000027
47710 0.000012
47711 0.000018
47712 0.000010
47713 0.000018
47714 0.000014
47715 0.000027
47716 0.000024
47717 0.000033
47718 0.000031
47719 0.000036
47720 0.000018
47721 0.000019
47722 0.000011
47723 0.000015
47724 0.000010
47725 0.000007
47726 0.000016
47727 0.000008
47728 0.000023
47729 0.000038
47730 0.000019
47731 0.000019
47732 0.000018
47733 0.000008
47734 0.000027
47735 0.000024
47736 0.000017
47737 0.000017
47738 0.000025
47739 0.000034
47740 0.000017
47741 0.000014
47742 0.000013
47743 0.000008
47744 0.000007
47745 0.000006
47746 0.000015
47747 0.000013
47748 0.000013
47749 0.000013
47750 0.000008
47751 0.000012
47752 0.000013
47753 0.000011
47754 0.000013
47755 0.000014
47756 0.000027
47757 0.000031
47758 0.000015
47759 0.000007
47760 0.000016
47761 0.000011
47762 0.000019
47763 0.000031
47764 0.000029
47765 0.000030
47766 0.000023
47767 0.000038
47768 0.000034
47769 0.000039
47770 0.000020
47771 0.000021
47772 0.000012
47773 0.000022
47774 0.000018
47775 0.000008
47776 0.000010
47777 0.000017
47778 0.000024
47779 0.000010
47780 0.000024
47781 0.000019
47782 0.000017
47783 0.000017
47784 0.000019
47785 0.000036
47786 0.000040
47787 0.000039
47788 0.000036
47789 0.000045
47790 0.000041
47791 0.000021
47792 0.000012
47793 0.000013
47794 0.000025
47795 0.000035
47796 0.000021
47797 0.000009
47798 0.000037
47799 0.000051
47800 0.000025
47801 0.000014
47802 0.000014
47803 0.000021
47804 0.000016
47805 0.000010
47806 0.000018
47807 0.000026
47808 0.000021
47809 0.000018
47810 0.000018
47811 0.000012
47812 0.000054
47813 0.000052
47814 0.000025
47815 0.000032
47816 0.000012
47817 0.000018
47818 0.000011
47819 0.000011
47820 0.000008
47821 0.000015
47822 0.000016
47823 0.000020
47824 0.000031
47825 0.000016
47826 0.000019
47827 0.000019
47828 0.000014
47829 0.000022
47830 0.000026
47831 0.000020
47832 0.000040
47833 0.000070
47834 0.000071
47835 0.000023
47836 0.000021
47837 0.000035
47838 0.000018
47839 0.000020
47840 0.000011
47841 0.000023
47842 0.000022
47843 0.000014
47844 0.000015
47845 0.000015
47846 0.000007
47847 0.000014
47848 0.000009
47849 0.000014
47850 0.000009
47851 0.000011
47852 0.000027
47853 0.000026
47854 0.000014
47855 0.000018
47856 0.000018
47857 0.000019
47858 0.000025
47859 0.000010
47860 0.000024
47861 0.000019
47862 0.000008
47863 0.000010
47864 0.000006
47865 0.000016
47866 0.000038
47867 0.000051
47868 0.000034
47869 0.000017
47870 0.000037
47871 0.000034
47872 0.000017
47873 0.000010
47874 0.000025
47875 0.000024
47876 0.000027
47877 0.000019
47878 0.000011
47879 0.000032
47880 0.000030
47881 0.000016
47882 0.000020
47883 0.000012
47884 0.000019
47885 0.000026
47886 0.000043
47887 0.000028
47888 0.000032
47889 0.000012
47890 0.000006
47891 0.000006
47892 0.000005
47893 0.000005
47894 0.000004
47895 0.000010
47896 0.000021
47897 0.000028
47898 0.000009
47899 0.000017
47900 0.000012
47901 0.000006
47902 0.000007
47903 0.000018
47904 0.000035
47905 0.000033
47906 0.000022
47907 0.000009
47908 0.000029
47909 0.000019
47910 0.000020
47911 0.000007
47912 0.000005
47913 0.000005
47914 0.000013
47915 0.000012
47916 0.000015
47917 0.000035
47918 0.000041
47919 0.000038
47920 0.000016
47921 0.000007
47922 0.000011
47923 0.000012
47924 0.000006
47925 0.000019
47926 0.000014
47927 0.000018
47928 0.000024
47929 0.000010
47930 0.000013
47931 0.000023
47932 0.000013
47933 0.000007
47934 0.000012
47935 0.000009
47936 0.000013
47937 0.000016
47938 0.000022
47939 0.000029
47940 0.000022
47941 0.000029
47942 0.000017
47943 0.000010
47944 0.000006
47945 0.000022
47946 0.000018
47947 0.000019
47948 0.000011
47949 0.000012
47950 0.000006
47951 0.000009
47952 0.000029
47953 0.000039
47954 0.000029
47955 0.000028
47956 0.000011
47957 0.000006
47958 0.000006
47959 0.000008
47960 0.000010
47961 0.000014
47962 0.000013
47963 0.000029
47964 0.000027
47965 0.000022
47966 0.000018
47967 0.000027
47968 0.000029
47969 0.000016
47970 0.000022
47971 0.000022
47972 0.000018
47973 0.000047
47974 0.000034
47975 0.000023
47976 0.000017
47977 0.000023
47978 0.000031
47979 0.000016
47980 0.000026
47981 0.000037
47982 0.000013
47983 0.000041
47984 0.000042
47985 0.000051
47986 0.000032
47987 0.000030
47988 0.000028
47989 0.000019
47990 0.000037
47991 0.000028
47992 0.000027
47993 0.000026
47994 0.000029
47995 0.000022
47996 0.000028
47997 0.000023
47998 0.000010
47999 0.000010
48000 0.000019
48001 0.000019
48002 0.000011
48003 0.000006
48004 0.000015
48005 0.000009
48006 0.000014
48007 0.000007
48008 0.000015
48009 0.000010
48010 0.000010
48011 0.000006
48012 0.000006
48013 0.000006
48014 0.000017
48015 0.000010
48016 0.000012
48017 0.000020
48018 0.000033
48019 0.000033
48020 0.000031
48021 0.000016
48022 0.000022
48023 0.000022
48024 0.000028
48025 0.000043
48026 0.000015
48027 0.000019
48028 0.000006
48029 0.000018
48030 0.000029
48031 0.000034
48032 0.000018
48033 0.000028
48034 0.000022
48035 0.000019
48036 0.000039
48037 0.000040
48038 0.000037
48039 0.000036
48040 0.000029
48041 0.000024
48042 0.000019
48043 0.000033
48044 0.000018
48045 0.000008
48046 0.000015
48047 0.000033
48048 0.000038
48049 0.000069
48050 0.000022
48051 0.000015
48052 0.000016
48053 0.000015
48054 0.000022
48055 0.000022
48056 0.000021
48057 0.000014
48058 0.000009
48059 0.000007
48060 0.000009
48061 0.000010
48062 0.000016
48063 0.000013
48064 0.000035
48065 0.000032
48066 0.000017
48067 0.000017
48068 0.000018
48069 0.000007
48070 0.000012
48071 0.000013
48072 0.000016
48073 0.000022
48074 0.000023
48075 0.000023
48076 0.000013
48077 0.000007
48078 0.000013
48079 0.000009
48080 0.000038
48081 0.000028
48082 0.000028
48083 0.000027
48084 0.000034
48085 0.000022
48086 0.000024
48087 0.000013
48088 0.000019
48089 0.000017
48090 0.000010
48091 0.000011
48092 0.000015
48093 0.000023
48094 0.000038
48095 0.000039
48096 0.000024
48097 0.000023
48098 0.000013
48099 0.000026
48100 0.000022
48101 0.000012
48102 0.000007
48103 0.000013
48104 0.000018
48105 0.000024
48106 0.000022
48107 0.000011
48108 0.000009
48109 0.000015
48110 0.000013
48111 0.000016
48112 0.000006
48113 0.000005
48114 0.000009
48115 0.000011
48116 0.000021
48117 0.000039
48118 0.000024
48119 0.000026
48120 0.000017
48121 0.000025
48122 0.000013
48123 0.000013
48124 0.000027
48125 0.000022
48126 0.000024
48127 0.000008
48128 0.000010
48129 0.000010
48130 0.000018
48131 0.000024
48132 0.000016
48133 0.000024
48134 0.000013
48135 0.000027
48136 0.000026
48137 0.000018
48138 0.000008
48139 0.000010
48140 0.000007
48141 0.000006
48142 0.000011
48143 0.000018
48144 0.000018
48145 0.000019
48146 0.000011
48147 0.000012
48148 0.000029
48149 0.000008
48150 0.000012
48151 0.000006
48152 0.000016
48153 0.000024
48154 0.000013
48155 0.000019
48156 0.000032
48157 0.000016
48158 0.000035
48159 0.000033
48160 0.000031
48161 0.000016
48162 0.000017
48163 0.000011
48164 0.000008
48165 0.000015
48166 0.000032
48167 0.000037
48168 0.000019
48169 0.000019
48170 0.000011
48171 0.000013
48172 0.000017
48173 0.000017
48174 0.000020
48175 0.000040
48176 0.000041
48177 0.000015
48178 0.000009
48179 0.000014
48180 0.000015
48181 0.000007
48182 0.000009
48183 0.000016
48184 0.000008
48185 0.000028
48186 0.000015
48187 0.000049
48188 0.000030
48189 0.000036
48190 0.000042
48191 0.000024
48192 0.000031
48193 0.000027
48194 0.000015
48195 0.000019
48196 0.000014
48197 0.000023
48198 0.000013
48199 0.000009
48200 0.000015
48201 0.000019
48202 0.000011
48203 0.000008
48204 0.000014
48205 0.000018
48206 0.000018
48207 0.000024
48208 0.000023
48209 0.000027
48210 0.000033
48211 0.000017
48212 0.000025
48213 0.000018
48214 0.000018
48215 0.000029
48216 0.000015
48217 0.000025
48218 0.000025
48219 0.000013
48220 0.000014
48221 0.000020
48222 0.000031
48223 0.000016
48224 0.000020
48225 0.000023
48226 0.000048
48227 0.000014
48228 0.000025
48229 0.000010
48230 0.000007
48231 0.000006
48232 0.000020
48233 0.000024
48234 0.000030
48235 0.000015
48236 0.000006
48237 0.000004
48238 0.000018
48239 0.000008
48240 0.000006
48241 0.000009
48242 0.000007
48243 0.000012
48244 0.000021
48245 0.000013
48246 0.000028
48247 0.000022
48248 0.000031
48249 0.000024
48250 0.000012
48251 0.000006
48252 0.000008
48253 0.000009
48254 0.000017
48255 0.000011
48256 0.000005
48257 0.000012
48258 0.000008
48259 0.000010
48260 0.000011
48261 0.000006
48262 0.000010
48263 0.000011
48264 0.000008
48265 0.000012
48266 0.000019
48267 0.000034
48268 0.000049
48269 0.000050
48270 0.000027
48271 0.000027
48272 0.000030
48273 0.000018
48274 0.000037
48275 0.000034
48276 0.000018
48277 0.000020
48278 0.000041
48279 0.000038
48280 0.000014
48281 0.000021
48282 0.000030
48283 0.000026
48284 0.000007
48285 0.000020
48286 0.000026
48287 0.000013
48288 0.000022
48289 0.000022
48290 0.000014
48291 0.000017
48292 0.000022
48293 0.000021
48294 0.000019
48295 0.000045
48296 0.000022
48297 0.000021
48298 0.000024
48299 0.000021
48300 0.000021
48301 0.000026
48302 0.000010
48303 0.000007
48304 0.000034
48305 0.000038
48306 0.000016
48307 0.000010
48308 0.000011
48309 0.000017
48310 0.000010
48311 0.000018
48312 0.000015
48313 0.000025
48314 0.000028
48315 0.000011
48316 0.000022
48317 0.000030
48318 0.000011
48319 0.000019
48320 0.000019
48321 0.000022
48322 0.000019
48323 0.000020
48324 0.000011
48325 0.000008
48326 0.000006
48327 0.000032
48328 0.000020
48329 0.000024
48330 0.000023
48331 0.000023
48332 0.000020
48333 0.000020
48334 0.000039
48335 0.000050
48336 0.000036
48337 0.000024
48338 0.000028
48339 0.000011
48340 0.000006
48341 0.000014
48342 0.000018
48343 0.000011
48344 0.000012
48345 0.000013
48346 0.000044
48347 0.000022
48348 0.000019
48349 0.000008
48350 0.000014
48351 0.000030
48352 0.000035
48353 0.000037
48354 0.000043
48355 0.000043
48356 0.000048
48357 0.000061
48358 0.000032
48359 0.000020
48360 0.000012
48361 0.000017
48362 0.000032
48363 0.000030
48364 0.000016
48365 0.000017
48366 0.000023
48367 0.000034
48368 0.000010
48369 0.000010
48370 0.000007
48371 0.000005
48372 0.000004
48373 0.000038
48374 0.000023
48375 0.000037
48376 0.000050
48377 0.000067
48378 0.000022
48379 0.000012
48380 0.000009
48381 0.000011
48382 0.000008
48383 0.000008
48384 0.000006
48385 0.000008
48386 0.000010
48387 0.000013
48388 0.000014
48389 0.000012
48390 0.000031
48391 0.000023
48392 0.000013
48393 0.000016
48394 0.000021
48395 0.000041
48396 0.000015
48397 0.000016
48398 0.000007
48399 0.000023
48400 0.000023
48401 0.000033
48402 0.000024
48403 0.000036
48404 0.000036
48405 0.000009
48406 0.000011
48407 0.000023
48408 0.000021
48409 0.000026
48410 0.000025
48411 0.000025
48412 0.000010
48413 0.000030
48414 0.000021
48415 0.000015
48416 0.000009
48417 0.000005
48418 0.000025
48419 0.000014
48420 0.000009
48421 0.000014
48422 0.000006
48423 0.000013
48424 0.000009
48425 0.000019
48426 0.000011
48427 0.000008
48428 0.000006
48429 0.000014
48430 0.000013
48431 0.000006
48432 0.000005
48433 0.000005
48434 0.000005
48435 0.000020
48436 0.000026
48437 0.000030
48438 0.000035
48439 0.000030
48440 0.000021
48441 0.000012
48442 0.000017
48443 0.000030
48444 0.000028
48445 0.000019
48446 0.000008
48447 0.000005
48448 0.000008
48449 0.000020
48450 0.000011
48451 0.000024
48452 0.000037
48453 0.000058
48454 0.000028
48455 0.000028
48456 0.000011
48457 0.000008
48458 0.000015
48459 0.000021
48460 0.000017
48461 0.000031
48462 0.000016
48463 0.000033
48464 0.000010
48465 0.000012
48466 0.000016
48467 0.000023
48468 0.000010
48469 0.000007
48470 0.000014
48471 0.000030
48472 0.000052
48473 0.000047
48474 0.000045
48475 0.000049
48476 0.000061
48477 0.000032
48478 0.000017
48479 0.000022
48480 0.000032
48481 0.000045
48482 0.000016
48483 0.000019
48484 0.000011
48485 0.000008
48486 0.000006
48487 0.000006
48488 0.000005
48489 0.000009
48490 0.000011
48491 0.000013
48492 0.000008
48493 0.000012
48494 0.000016
48495 0.000025
48496 0.000024
48497 0.000028
48498 0.000032
48499 0.000025
48500 0.000019
48501 0.000011
48502 0.000012
48503 0.000021
48504 0.000017
48505 0.000021
48506 0.000029
48507 0.000024
48508 0.000033
48509 0.000012
48510 0.000006
48511 0.000013
48512 0.000022
48513 0.000022
48514 0.000012
48515 0.000020
48516 0.000014
48517 0.000032
48518 0.000007
48519 0.000010
48520 0.000012
48521 0.000026
48522 0.000047
48523 0.000013
48524 0.000006
48525 0.000030
48526 0.000016
48527 0.000012
48528 0.000013
48529 0.000016
48530 0.000025
48531 0.000024
48532 0.000023
48533 0.000039
48534 0.000065
48535 0.000023
48536 0.000010
48537 0.000007
48538 0.000009
48539 0.000019
48540 0.000022
48541 0.000013
48542 0.000014
48543 0.000009
48544 0.000013
48545 0.000008
48546 0.000010
48547 0.000008
48548 0.000006
48549 0.000004
48550 0.000009
48551 0.000028
48552 0.000031
48553 0.000036
48554 0.000034
48555 0.000024
48556 0.000020
48557 0.000022
48558 0.000024
48559 0.000039
48560 0.000046
48561 0.000033
48562 0.000017
48563 0.000015
48564 0.000013
48565 0.000019
48566 0.000019
48567 0.000019
48568 0.000024
48569 0.000018
48570 0.000011
48571 0.000016
48572 0.000012
48573 0.000013
48574 0.000006
48575 0.000026
48576 0.000021
48577 0.000010
48578 0.000006
48579 0.000015
48580 0.000031
48581 0.000016
48582 0.000035
48583 0.000036
48584 0.000032
48585 0.000012
48586 0.000030
48587 0.000029
48588 0.000025
48589 0.000024
48590 0.000013
48591 0.000014
48592 0.000016
48593 0.000028
48594 0.000015
48595 0.000009
48596 0.000017
48597 0.000016
48598 0.000017
48599 0.000017
48600 0.000010
48601 0.000021
48602 0.000033
48603 0.000017
48604 0.000044
48605 0.000052
48606 0.000049
48607 0.000024
48608 0.000021
48609 0.000010
48610 0.000015
48611 0.000023
48612 0.000014
48613 0.000009
48614 0.000022
48615 0.000024
48616 0.000012
48617 0.000015
48618 0.000019
48619 0.000021
48620 0.000009
48621 0.000011
48622 0.000010
48623 0.000015
48624 0.000016
48625 0.000010
48626 0.000033
48627 0.000020
48628 0.000011
48629 0.000005
48630 0.000008
48631 0.000024
48632 0.000013
48633 0.000009
48634 0.000022
48635 0.000007
48636 0.000018
48637 0.000022
48638 0.000008
48639 0.000009
48640 0.000022
48641 0.000012
48642 0.000020
48643 0.000032
48644 0.000040
48645 0.000020
48646 0.000015
48647 0.000016
48648 0.000010
48649 0.000007
48650 0.000009
48651 0.000028
48652 0.000015
48653 0.000034
48654 0.000044
48655 0.000041
48656 0.000054
48657 0.000076
48658 0.000067
48659 0.000036
48660 0.000021
48661 0.000012
48662 0.000015
48663 0.000013
48664 0.000011
48665 0.000021
48666 0.000021
48667 0.000018
48668 0.000027
48669 0.000026
48670 0.000020
48671 0.000017
48672 0.000010
48673 0.000012
48674 0.000008
48675 0.000015
48676 0.000012
48677 0.000010
48678 0.000012
48679 0.000020
48680 0.000033
48681 0.000038
48682 0.000019
48683 0.000011
48684 0.000023
48685 0.000023
48686 0.000022
48687 0.000031
48688 0.000012
48689 0.000011
48690 0.000032
48691 0.000012
48692 0.000006
48693 0.000009
48694 0.000015
48695 0.000024
48696 0.000010
48697 0.000011
48698 0.000026
48699 0.000016
48700 0.000046
48701 0.000013
48702 0.000031
48703 0.000053
48704 0.000028
48705 0.000009
48706 0.000007
48707 0.000009
48708 0.000008
48709 0.000012
48710 0.000007
48711 0.000010
48712 0.000007
48713 0.000009
48714 0.000012
48715 0.000006
48716 0.000015
48717 0.000009
48718 0.000011
48719 0.000011
48720 0.000024
48721 0.000023
48722 0.000016
48723 0.000020
48724 0.000009
48725 0.000010
48726 0.000006
48727 0.000008
48728 0.000006
48729 0.000032
48730 0.000017
48731 0.000007
48732 0.000007
48733 0.000017
48734 0.000010
48735 0.000006
48736 0.000007
48737 0.000006
48738 0.000017
48739 0.000018
48740 0.000010
48741 0.000005
48742 0.000007
48743 0.000009
48744 0.000006
48745 0.000008
48746 0.000024
48747 0.000042
48748 0.000041
48749 0.000052
48750 0.000053
48751 0.000056
48752 0.000050
48753 0.000017
48754 0.000016
48755 0.000008
48756 0.000005
48757 0.000007
48758 0.000005
48759 0.000007
48760 0.000013
48761 0.000014
48762 0.000031
48763 0.000034
48764 0.000013
48765 0.000019
48766 0.000015
48767 0.000019
48768 0.000014
48769 0.000015
48770 0.000009
48771 0.000007
48772 0.000012
48773 0.000006
48774 0.000015
48775 0.000008
48776 0.000021
48777 0.000033
48778 0.000013
48779 0.000015
48780 0.000010
48781 0.000018
48782 0.000011
48783 0.000014
48784 0.000015
48785 0.000009
48786 0.000011
48787 0.000015
48788 0.000023
48789 0.000023
48790 0.000023
48791 0.000019
48792 0.000026
48793 0.000037
48794 0.000025
48795 0.000014
48796 0.000021
48797 0.000017
48798 0.000019
48799 0.000016
48800 0.000010
48801 0.000018
48802 0.000020
48803 0.000007
48804 0.000025
48805 0.000033
48806 0.000022
48807 0.000038
48808 0.000019
48809 0.000024
48810 0.000013
48811 0.000027
48812 0.000026
48813 0.000030
48814 0.000029
48815 0.000038
48816 0.000035
48817 0.000052
48818 0.000030
48819 0.000022
48820 0.000012
48821 0.000006
48822 0.000014
48823 0.000009
48824 0.000010
48825 0.000029
48826 0.000034
48827 0.000017
48828 0.000035
48829 0.000021
48830 0.000012
48831 0.000006
48832 0.000026
48833 0.000014
48834 0.000024
48835 0.000013
48836 0.000009
48837 0.000034
48838 0.000031
48839 0.000029
48840 0.000031
48841 0.000029
48842 0.000016
48843 0.000010
48844 0.000034
48845 0.000038
48846 0.000019
48847 0.000026
48848 0.000009
48849 0.000019
48850 0.000011
48851 0.000013
48852 0.000008
48853 0.000010
48854 0.000019
48855 0.000019
48856 0.000019
48857 0.000018
48858 0.000018
48859 0.000010
48860 0.000006
48861 0.000019
48862 0.000032
48863 0.000037
48864 0.000019
48865 0.000023
48866 0.000043
48867 0.000023
48868 0.000013
48869 0.000008
48870 0.000007
48871 0.000010
48872 0.000015
48873 0.000029
48874 0.000028
48875 0.000047
48876 0.000023
48877 0.000032
48878 0.000030
48879 0.000045
48880 0.000018
48881 0.000056
48882 0.000033
48883 0.000031
48884 0.000022
48885 0.000009
48886 0.000011
48887 0.000012
48888 0.000016
48889 0.000018
48890 0.000018
48891 0.000013
48892 0.000007
48893 0.000013
48894 0.000018
48895 0.000016
48896 0.000020
48897 0.000023
48898 0.000027
48899 0.000036
48900 0.000013
48901 0.000014
48902 0.000026
48903 0.000010
48904 0.000012
48905 0.000013
48906 0.000024
48907 0.000034
48908 0.000021
48909 0.000023
48910 0.000024
48911 0.000028
48912 0.000039
48913 0.000020
48914 0.000020
48915 0.000011
48916 0.000013
48917 0.000013
48918 0.000006
48919 0.000014
48920 0.000013
48921 0.000022
48922 0.000028
48923 0.000027
48924 0.000051
48925 0.000069
48926 0.000037
48927 0.000034
48928 0.000042
48929 0.000019
48930 0.000032
48931 0.000022
48932 0.000012
48933 0.000019
48934 0.000027
48935 0.000024
48936 0.000029
48937 0.000028
48938 0.000019
48939 0.000007
48940 0.000009
48941 0.000006
48942 0.000004
48943 0.000012
48944 0.000006
48945 0.000026
48946 0.000014
48947 0.000015
48948 0.000032
48949 0.000032
48950 0.000017
48951 0.000017
48952 0.000018
48953 0.000020
48954 0.000014
48955 0.000028
48956 0.000015
48957 0.000011
48958 0.000023
48959 0.000036
48960 0.000050
48961 0.000049
48962 0.000024
48963 0.000036
48964 0.000042
48965 0.000021
48966 0.000028
48967 0.000017
48968 0.000020
48969 0.000009
48970 0.000016
48971 0.000022
48972 0.000036
48973 0.000023
48974 0.000007
48975 0.000017
48976 0.000029
48977 0.000029
48978 0.000015
48979 0.000030
48980 0.000014
48981 0.000015
48982 0.000009
48983 0.000028
48984 0.000011
48985 0.000012
48986 0.000037
48987 0.000013
48988 0.000009
48989 0.000035
48990 0.000045
48991 0.000024
48992 0.000015
48993 0.000009
48994 0.000011
48995 0.000017
48996 0.000008
48997 0.000025
48998 0.000034
48999 0.000032
49000 0.000008
49001 0.000027
49002 0.000011
49003 0.000006
49004 0.000007
49005 0.000017
49006 0.000021
49007 0.000009
49008 0.000011
49009 0.000006
49010 0.000005
49011 0.000008
49012 0.000006
49013 0.000041
49014 0.000038
49015 0.000058
49016 0.000062
49017 0.000016
49018 0.000021
49019 0.000039
49020 0.000034
49021 0.000024
49022 0.000011
49023 0.000012
49024 0.000027
49025 0.000008
49026 0.000031
49027 0.000029
49028 0.000010
49029 0.000012
49030 0.000043
49031 0.000046
49032 0.000024
49033 0.000024
49034 0.000028
49035 0.000027
49036 0.000015
49037 0.000016
49038 0.000020
49039 0.000011
49040 0.000012
49041 0.000010
49042 0.000011
49043 0.000020
49044 0.000006
49045 0.000006
49046 0.000017
49047 0.000029
49048 0.000015
49049 0.000020
49050 0.000016
49051 0.000020
49052 0.000020
49053 0.000016
49054 0.000010
49055 0.000023
49056 0.000013
49057 0.000017
49058 0.000021
49059 0.000043
49060 0.000031
49061 0.000007
49062 0.000009
49063 0.000023
49064 0.000036
49065 0.000011
49066 0.000015
49067 0.000021
49068 0.000009
49069 0.000006
49070 0.000011
49071 0.000006
49072 0.000010
49073 0.000013
49074 0.000019
49075 0.000021
49076 0.000012
49077 0.000013
49078 0.000013
49079 0.000007
49080 0.000015
49081 0.000011
49082 0.000011
49083 0.000012
49084 0.000033
49085 0.000023
49086 0.000013
49087 0.000015
49088 0.000029
49089 0.000011
49090 0.000027
49091 0.000026
49092 0.000015
49093 0.000009
49094 0.000012
49095 0.000020
49096 0.000010
49097 0.000009
49098 0.000016
49099 0.000023
49100 0.000030
49101 0.000016
49102 0.000017
49103 0.000031
49104 0.000033
49105 0.000021
49106 0.000012
49107 0.000014
49108 0.000019
49109 0.000023
49110 0.000023
49111 0.000007
49112 0.000006
49113 0.000010
49114 0.000041
49115 0.000024
49116 0.000032
49117 0.000031
49118 0.000033
49119 0.000028
49120 0.000015
49121 0.000027
49122 0.000045
49123 0.000018
49124 0.000062
49125 0.000029
49126 0.000045
49127 0.000044
49128 0.000028
49129 0.000009
49130 0.000011
49131 0.000014
49132 0.000009
49133 0.000010
49134 0.000007
49135 0.000006
49136 0.000010
49137 0.000008
49138 0.000013
49139 0.000043
49140 0.000043
49141 0.000044
49142 0.000034
49143 0.000017
49144 0.000010
49145 0.000014
49146 0.000011
49147 0.000006
49148 0.000014
49149 0.000007
49150 0.000017
49151 0.000048
49152 0.000019
49153 0.000019
49154 0.000013
49155 0.000021
49156 0.000021
49157 0.000026
49158 0.000028
49159 0.000015
49160 0.000011
49161 0.000024
49162 0.000007
49163 0.000015
49164 0.000016
49165 0.000011
49166 0.000021
49167 0.000010
49168 0.000017
49169 0.000010
49170 0.000007
49171 0.000015
49172 0.000021
49173 0.000015
49174 0.000042
49175 0.000023
49176 0.000020
49177 0.000020
49178 0.000017
49179 0.000010
49180 0.000018
49181 0.000020
49182 0.000007
49183 0.000009
49184 0.000017
49185 0.000028
49186 0.000035
49187 0.000033
49188 0.000017
49189 0.000008
49190 0.000010
49191 0.000021
49192 0.000016
49193 0.000008
49194 0.000006
49195 0.000017
49196 0.000015
49197 0.000010
49198 0.000011
49199 0.000012
49200 0.000008
49201 0.000016
49202 0.000016
49203 0.000032
49204 0.000036
49205 0.000021
49206 0.000021
49207 0.000012
49208 0.000013
49209 0.000009
49210 0.000010
49211 0.000012
49212 0.000008
49213 0.000011
49214 0.000029
49215 0.000015
49216 0.000012
49217 0.000013
49218 0.000008
49219 0.000018
49220 0.000012
49221 0.000014
49222 0.000009
49223 0.000011
49224 0.000024
49225 0.000013
49226 0.000014
49227 0.000013
49228 0.000017
49229 0.000007
49230 0.000006
49231 0.000008
49232 0.000006
49233 0.000004
49234 0.000005
49235 0.000004
49236 0.000004
49237 0.000021
49238 0.000029
49239 0.000017
49240 0.000020
49241 0.000009
49242 0.000014
49243 0.000011
49244 0.000008
49245 0.000009
49246 0.000010
49247 0.000020
49248 0.000029
49249 0.000031
49250 0.000020
49251 0.000019
49252 0.000023
49253 0.000022
49254 0.000034
49255 0.000010
49256 0.000019
49257 0.000011
49258 0.000008
49259 0.000015
49260 0.000009
49261 0.000011
49262 0.000018
49263 0.000024
49264 0.000015
49265 0.000021
49266 0.000012
49267 0.000011
49268 0.000010
49269 0.000014
49270 0.000032
49271 0.000020
49272 0.000020
49273 0.000021
49274 0.000021
49275 0.000017
49276 0.000017
49277 0.000012
49278 0.000025
49279 0.000026
49280 0.000025
49281 0.000017
49282 0.000017
49283 0.000019
49284 0.000019
49285 0.000008
49286 0.000007
49287 0.000017
49288 0.000017
49289 0.000017
49290 0.000040
49291 0.000022
49292 0.000022
49293 0.000039
49294 0.000022
49295 0.000034
49296 0.000026
49297 0.000033
49298 0.000032
49299 0.000017
49300 0.000010
49301 0.000015
49302 0.000012
49303 0.000018
49304 0.000020
49305 0.000020
49306 0.000046
49307 0.000022
49308 0.000032
49309 0.000012
49310 0.000013
49311 0.000023
49312 0.000017
49313 0.000021
49314 0.000011
49315 0.000006
49316 0.000013
49317 0.000009
49318 0.000022
49319 0.000025
49320 0.000028
49321 0.000027
49322 0.000031
49323 0.000021
49324 0.000012
49325 0.000027
49326 0.000027
49327 0.000026
49328 0.000029
49329 0.000039
49330 0.000040
49331 0.000023
49332 0.000029
49333 0.000011
49334 0.000015
49335 0.000020
49336 0.000020
49337 0.000024
49338 0.000028
49339 0.000018
49340 0.000023
49341 0.000022
49342 0.000012
49343 0.000008
49344 0.000014
49345 0.000025
49346 0.000043
49347 0.000021
49348 0.000025
49349 0.000017
49350 0.000017
49351 0.000010
49352 0.000024
49353 0.000019
49354 0.000019
49355 0.000015
49356 0.000029
49357 0.000040
49358 0.000043
49359 0.000029
49360 0.000018
49361 0.000032
49362 0.000043
49363 0.000025
49364 0.000014
49365 0.000009
49366 0.000007
49367 0.000006
49368 0.000005
49369 0.000010
49370 0.000009
49371 0.000013
49372 0.000007
49373 0.000009
49374 0.000022
49375 0.000043
49376 0.000024
49377 0.000023
49378 0.000023
49379 0.000013
49380 0.000017
49381 0.000048
49382 0.000023
49383 0.000023
49384 0.000009
49385 0.000007
49386 0.000006
49387 0.000016
49388 0.000034
49389 0.000020
49390 0.000006
49391 0.000008
49392 0.000007
49393 0.000027
49394 0.000015
49395 0.000013
49396 0.000010
49397 0.000014
49398 0.000033
49399 0.000020
49400 0.000010
49401 0.000007
49402 0.000006
49403 0.000013
49404 0.000014
49405 0.000009
49406 0.000007
49407 0.000023
49408 0.000018
49409 0.000022
49410 0.000009
49411 0.000026
49412 0.000023
49413 0.000023
49414 0.000013
49415 0.000007
49416 0.000020
49417 0.000014
49418 0.000023
49419 0.000019
49420 0.000018
49421 0.000029
49422 0.000015
49423 0.000018
49424 0.000024
49425 0.000013
49426 0.000007
49427 0.000015
49428 0.000016
49429 0.000022
49430 0.000025
49431 0.000016
49432 0.000017
49433 0.000033
49434 0.000035
49435 0.000040
49436 0.000011
49437 0.000010
49438 0.000015
49439 0.000006
49440 0.000016
49441 0.000025
49442 0.000022
49443 0.000030
49444 0.000028
49445 0.000027
49446 0.000024
49447 0.000018
49448 0.000054
49449 0.000084
49450 0.000075
49451 0.000039
49452 0.000038
49453 0.000029
49454 0.000014
49455 0.000007
49456 0.000041
49457 0.000030
49458 0.000016
49459 0.000020
49460 0.000019
49461 0.000011
49462 0.000017
49463 0.000015
49464 0.000016
49465 0.000021
49466 0.000020
49467 0.000022
49468 0.000013
49469 0.000011
49470 0.000016
49471 0.000016
49472 0.000029
49473 0.000009
49474 0.000014
49475 0.000015
49476 0.000015
49477 0.000010
49478 0.000024
49479 0.000023
49480 0.000013
49481 0.000014
49482 0.000018
49483 0.000022
49484 0.000031
49485 0.000036
49486 0.000021
49487 0.000007
49488 0.000023
49489 0.000016
49490 0.000014
49491 0.000009
49492 0.000010
49493 0.000012
49494 0.000013
49495 0.000009
49496 0.000005
49497 0.000010
49498 0.000028
49499 0.000017
49500 0.000030
49501 0.000016
49502 0.000019
49503 0.000039
49504 0.000036
49505 0.000037
49506 0.000042
49507 0.000024
49508 0.000035
49509 0.000060
49510 0.000023
49511 0.000017
49512 0.000017
49513 0.000019
49514 0.000015
49515 0.000020
49516 0.000011
49517 0.000005
49518 0.000005
49519 0.000024
49520 0.000010
49521 0.000018
49522 0.000019
49523 0.000011
49524 0.000008
49525 0.000005
49526 0.000004
49527 0.000004
49528 0.000009
49529 0.000009
49530 0.000011
49531 0.000012
49532 0.000015
49533 0.000007
49534 0.000034
49535 0.000016
49536 0.000025
49537 0.000031
49538 0.000021
49539 0.000007
49540 0.000006
49541 0.000006
49542 0.000008
49543 0.000012
49544 0.000013
49545 0.000009
49546 0.000031
49547 0.000018
49548 0.000019
49549 0.000040
49550 0.000030
49551 0.000032
49552 0.000030
49553 0.000016
49554 0.000021
49555 0.000012
49556 0.000025
49557 0.000024
49558 0.000018
49559 0.000011
49560 0.000026
49561 0.000037
49562 0.000023
49563 0.000023
49564 0.000036
49565 0.000024
49566 0.000031
49567 0.000018
49568 0.000017
49569 0.000034
49570 0.000017
49571 0.000011
49572 0.000018
49573 0.000019
49574 0.000011
49575 0.000012
49576 0.000020
49577 0.000021
49578 0.000014
49579 0.000017
49580 0.000027
49581 0.000015
49582 0.000020
49583 0.000016
49584 0.000008
49585 0.000006
49586 0.000016
49587 0.000010
49588 0.000031
49589 0.000026
49590 0.000026
49591 0.000009
49592 0.000013
49593 0.000015
49594 0.000033
49595 0.000035
49596 0.000025
49597 0.000028
49598 0.000024
49599 0.000013
49600 0.000040
49601 0.000030
49602 0.000036
49603 0.000018
49604 0.000011
49605 0.000039
49606 0.000052
49607 0.000028
49608 0.000039
49609 0.000014
49610 0.000009
49611 0.000021
49612 0.000016
49613 0.000018
49614 0.000008
49615 0.000026
49616 0.000027
49617 0.000015
49618 0.000023
49619 0.000017
49620 0.000017
49621 0.000015
49622 0.000009
49623 0.000014
49624 0.000015
49625 0.000027
49626 0.000033
49627 0.000031
49628 0.000029
49629 0.000026
49630 0.000009
49631 0.000014
49632 0.000021
49633 0.000029
49634 0.000033
49635 0.000012
49636 0.000014
49637 0.000007
49638 0.000009
49639 0.000032
49640 0.000016
49641 0.000018
49642 0.000019
49643 0.000014
49644 0.000018
49645 0.000024
49646 0.000013
49647 0.000007
49648 0.000007
49649 0.000015
49650 0.000027
49651 0.000026
49652 0.000025
49653 0.000017
49654 0.000022
49655 0.000022
49656 0.000031
49657 0.000024
49658 0.000013
49659 0.000014
49660 0.000019
49661 0.000025
49662 0.000030
49663 0.000021
49664 0.000029
49665 0.000017
49666 0.000025
49667 0.000014
49668 0.000017
49669 0.000014
49670 0.000009
49671 0.000020
49672 0.000011
49673 0.000012
49674 0.000016
49675 0.000009
49676 0.000007
49677 0.000007
49678 0.000009
49679 0.000010
49680 0.000012
49681 0.000029
49682 0.000011
49683 0.000023
49684 0.000009
49685 0.000013
49686 0.000015
49687 0.000018
49688 0.000032
49689 0.000025
49690 0.000008
49691 0.000019
49692 0.000037
49693 0.000035
49694 0.000018
49695 0.000011
49696 0.000018
49697 0.000007
49698 0.000015
49699 0.000012
49700 0.000006
49701 0.000025
49702 0.000025
49703 0.000045
49704 0.000041
49705 0.000015
49706 0.000019
49707 0.000030
49708 0.000016
49709 0.000014
49710 0.000021
49711 0.000026
49712 0.000030
49713 0.000028
49714 0.000023
49715 0.000015
49716 0.000009
49717 0.000017
49718 0.000013
49719 0.000017
49720 0.000017
49721 0.000013
49722 0.000042
49723 0.000051
49724 0.000049
49725 0.000063
49726 0.000043
49727 0.000042
49728 0.000039
49729 0.000019
49730 0.000013
49731 0.000018
49732 0.000027
49733 0.000022
49734 0.000023
49735 0.000013
49736 0.000014
49737 0.000015
49738 0.000009
49739 0.000006
49740 0.000008
49741 0.000010
49742 0.000011
49743 0.000008
49744 0.000008
49745 0.000012
49746 0.000021
49747 0.000009
49748 0.000012
49749 0.000013
49750 0.000022
49751 0.000032
49752 0.000017
49753 0.000010
49754 0.000012
49755 0.000013
49756 0.000029
49757 0.000019
49758 0.000011
49759 0.000038
49760 0.000040
49761 0.000058
49762 0.000036
49763 0.000024
49764 0.000010
49765 0.000018
49766 0.000029
49767 0.000027
49768 0.000011
49769 0.000018
49770 0.000018
49771 0.000016
49772 0.000021
49773 0.000056
49774 0.000027
49775 0.000011
49776 0.000012
49777 0.000030
49778 0.000011
49779 0.000016
49780 0.000018
49781 0.000007
49782 0.000005
49783 0.000018
49784 0.000008
49785 0.000005
49786 0.000018
49787 0.000018
49788 0.000011
49789 0.000014
49790 0.000009
49791 0.000014
49792 0.000008
49793 0.000005
49794 0.000021
49795 0.000009
49796 0.000020
49797 0.000016
49798 0.000010
49799 0.000016
49800 0.000012
49801 0.000016
49802 0.000010
49803 0.000005
49804 0.000028
49805 0.000029
49806 0.000034
49807 0.000036
49808 0.000025
49809 0.000029
49810 0.000028
49811 0.000027
49812 0.000021
49813 0.000020
49814 0.000020
49815 0.000015
49816 0.000018
49817 0.000017
49818 0.000026
49819 0.000018
49820 0.000019
49821 0.000040
49822 0.000028
49823 0.000020
49824 0.000012
49825 0.000013
49826 0.000014
49827 0.000017
49828 0.000034
49829 0.000020
49830 0.000017
49831 0.000033
49832 0.000019
49833 0.000019
49834 0.000043
49835 0.000015
49836 0.000019
49837 0.000019
49838 0.000014
49839 0.000014
49840 0.000011
49841 0.000016
49842 0.000031
49843 0.000021
49844 0.000023
49845 0.000036
49846 0.000030
49847 0.000021
49848 0.000012
49849 0.000006
49850 0.000018
49851 0.000011
49852 0.000015
49853 0.000007
49854 0.000018
49855 0.000022
49856 0.000007
49857 0.000006
49858 0.000010
49859 0.000028
49860 0.000022
49861 0.000012
49862 0.000022
49863 0.000025
49864 0.000019
49865 0.000028
49866 0.000057
49867 0.000015
49868 0.000006
49869 0.000015
49870 0.000013
49871 0.000012
49872 0.000008
49873 0.000006
49874 0.000006
49875 0.000005
49876 0.000006
49877 0.000008
49878 0.000007
49879 0.000024
49880 0.000023
49881 0.000013
49882 0.000008
49883 0.000007
49884 0.000005
49885 0.000007
49886 0.000022
49887 0.000048
49888 0.000057
49889 0.000027
49890 0.000011
49891 0.000005
49892 0.000008
49893 0.000014
49894 0.000015
49895 0.000009
49896 0.000012
49897 0.000018
49898 0.000008
49899 0.000006
49900 0.000006
49901 0.000005
49902 0.000018
49903 0.000010
49904 0.000017
49905 0.000023
49906 0.000014
49907 0.000021
49908 0.000021
49909 0.000037
49910 0.000019
49911 0.000022
49912 0.000009
49913 0.000011
49914 0.000012
49915 0.000030
49916 0.000017
49917 0.000011
49918 0.000013
49919 0.000014
49920 0.000017
49921 0.000012
49922 0.000008
49923 0.000005
49924 0.000008
49925 0.000006
49926 0.000020
49927 0.000021
49928 0.000031
49929 0.000037
49930 0.000030
49931 0.000012
49932 0.000009
49933 0.000025
49934 0.000022
49935 0.000027
49936 0.000009
49937 0.000007
49938 0.000027
49939 0.000020
49940 0.000025
49941 0.000010
49942 0.000012
49943 0.000040
49944 0.000037
49945 0.000019
49946 0.000014
49947 0.000029
49948 0.000028
49949 0.000015
49950 0.000020
49951 0.000021
49952 0.000008
49953 0.000012
49954 0.000015
49955 0.000006
49956 0.000015
49957 0.000005
49958 0.000004
49959 0.000021
49960 0.000028
49961 0.000016
49962 0.000024
49963 0.000018
49964 0.000008
49965 0.000013
49966 0.000007
49967 0.000023
49968 0.000026
49969 0.000031
49970 0.000026
49971 0.000027
49972 0.000026
49973 0.000014
49974 0.000010
49975 0.000012
49976 0.000006
49977 0.000010
49978 0.000013
49979 0.000009
49980 0.000020
49981 0.000024
49982 0.000023
49983 0.000013
49984 0.000014
49985 0.000025
49986 0.000016
49987 0.000006
49988 0.000004
49989 0.000008
49990 0.000013
49991 0.000008
49992 0.000025
49993 0.000030
49994 0.000035
49995 0.000032
49996 0.000017
49997 0.000008
49998 0.000010
49999 0.000007
Sum of ranks: 1.000000
Iterations: 21
Converged: true
Execution time: 11.976552 ms
