Algorithm: Greedy Vertex Coloring
Vertex colors:
0 2
1 1
2 0
3 1
4 2
5 0
6 1
7 0
8 1
9 2
10 0
11 1
12 0
13 2
14 1
15 0
16 1
17 0
18 1
19 0
20 2
21 1
22 2
23 0
24 1
25 2
26 0
27 1
28 3
29 2
30 0
31 1
32 3
33 2
34 1
35 2
36 0
37 1
38 0
39 2
40 1
41 3
42 0
43 1
44 0
45 1
46 0
47 1
48 0
49 2
50 0
51 1
52 0
53 1
54 2
55 1
56 2
57 0
58 2
59 0
60 2
61 0
62 1
63 3
64 0
65 1
66 2
67 3
68 0
69 2
70 0
71 2
72 0
73 2
74 1
75 0
76 2
77 1
78 0
79 2
80 1
81 0
82 1
83 0
84 1
85 2
86 0
87 1
88 0
89 2
90 0
91 1
92 2
93 0
94 2
95 3
96 0
97 2
98 1
99 0
100 1
101 2
102 1
103 0
104 2
105 0
106 1
107 2
108 0
109 1
110 2
111 0
112 1
113 0
114 1
115 3
116 2
117 0
118 1
119 0
120 1
121 2
122 0
123 2
124 1
125 0
126 1
127 0
128 2
129 0
130 1
131 2
132 0
133 2
134 1
135 0
136 1
137 0
138 2
139 0
140 1
141 2
142 0
143 1
144 2
145 0
146 2
147 0
148 1
149 0
150 2
151 1
152 0
153 3
154 1
155 0
156 1
157 0
158 1
159 0
160 2
161 1
162 2
163 0
164 1
165 2
166 1
167 2
168 0
169 1
170 0
171 1
172 2
173 0
174 1
175 2
176 3
177 0
178 1
179 0
180 1
181 0
182 1
183 3
184 2
185 0
186 2
187 1
188 0
189 1
190 0
191 1
192 2
193 1
194 2
195 0
196 1
197 0
198 1
199 0
200 1
201 0
202 1
203 0
204 2
205 1
206 2
207 1
208 3
209 0
210 3
211 2
212 1
213 0
214 2
215 1
216 2
217 1
218 0
219 1
220 0
221 1
222 0
223 2
224 1
225 0
226 1
227 0
228 1
229 0
230 1
231 0
232 1
233 0
234 1
235 0
236 1
237 2
238 0
239 2
240 0
241 1
242 2
243 1
244 0
245 2
246 1
247 2
248 0
249 2
250 0
251 1
252 0
253 1
254 0
255 1
256 2
257 1
258 0
259 1
260 2
261 0
262 2
263 1
264 0
265 1
266 0
267 1
268 2
269 0
270 1
271 0
272 1
273 2
274 0
275 1
276 0
277 2
278 1
279 2
280 3
281 1
282 0
283 1
284 2
285 0
286 2
287 1
288 2
289 0
290 1
291 0
292 1
293 0
294 1
295 0
296 1
297 0
298 1
299 3
300 2
301 3
302 1
303 2
304 0
305 1
306 0
307 1
308 2
309 0
310 2
311 1
312 0
313 1
314 2
315 1
316 0
317 1
318 0
319 1
320 0
321 1
322 0
323 2
324 0
325 2
326 0
327 2
328 1
329 0
330 1
331 0
332 1
333 2
334 0
335 3
336 1
337 0
338 2
339 0
340 1
341 2
342 1
343 0
344 1
345 0
346 1
347 0
348 2
349 1
350 0
351 1
352 2
353 1
354 0
355 1
356 0
357 2
358 1
359 0
360 1
361 0
362 1
363 2
364 1
365 0
366 1
367 2
368 1
369 0
370 1
371 0
372 1
373 2
374 0
375 1
376 2
377 3
378 1
379 0
380 1
381 0
382 2
383 1
384 0
385 1
386 2
387 0
388 1
389 0
390 2
391 1
392 3
393 2
394 0
395 2
396 0
397 2
398 1
399 0
400 1
401 2
402 0
403 2
404 1
405 0
406 1
407 0
408 1
409 2
410 0
411 1
412 2
413 0
414 1
415 3
416 2
417 1
418 0
419 1
420 2
421 0
422 1
423 0
424 1
425 2
426 0
427 1
428 0
429 3
430 1
431 0
432 2
433 1
434 0
435 1
436 2
437 0
438 2
439 0
440 1
441 2
442 1
443 3
444 0
445 2
446 1
447 0
448 1
449 0
450 1
451 0
452 2
453 1
454 0
455 1
456 2
457 0
458 1
459 0
460 1
461 0
462 1
463 0
464 1
465 0
466 2
467 0
468 1
469 0
470 1
471 2
472 1
473 0
474 2
475 1
476 0
477 2
478 1
479 0
480 2
481 0
482 1
483 0
484 1
485 0
486 2
487 0
488 2
489 1
490 0
491 2
492 1
493 2
494 0
495 1
496 0
497 1
498 2
499 1
500 0
501 1
502 0
503 1
504 0
505 1
506 2
507 0
508 2
509 1
510 0
511 1
512 2
513 0
514 1
515 0
516 1
517 2
518 0
519 1
520 0
521 1
522 2
523 0
524 2
525 1
526 0
527 2
528 1
529 0
530 2
531 1
532 0
533 2
534 3
535 1
536 0
537 2
538 0
539 2
540 3
541 0
542 1
543 2
544 1
545 2
546 1
547 0
548 1
549 0
550 2
551 1
552 0
553 1
554 2
555 0
556 1
557 0
558 1
559 3
560 2
561 1
562 0
563 2
564 0
565 1
566 2
567 1
568 0
569 1
570 0
571 2
572 1
573 0
574 1
575 0
576 1
577 0
578 1
579 0
580 1
581 0
582 2
583 1
584 0
585 1
586 0
587 1
588 0
589 1
590 0
591 2
592 1
593 2
594 0
595 1
596 2
597 0
598 1
599 0
600 2
601 0
602 1
603 2
604 1
605 0
606 1
607 0
608 2
609 0
610 1
611 2
612 0
613 2
614 1
615 2
616 1
617 0
618 1
619 3
620 0
621 1
622 2
623 0
624 1
625 0
626 2
627 1
628 2
629 0
630 1
631 0
632 1
633 2
634 1
635 0
636 1
637 2
638 0
639 1
640 0
641 1
642 0
643 2
644 1
645 2
646 1
647 2
648 0
649 2
650 1
651 2
652 0
653 1
654 0
655 1
656 0
657 2
658 1
659 2
660 0
661 1
662 0
663 1
664 2
665 0
666 1
667 0
668 1
669 2
670 1
671 0
672 1
673 0
674 1
675 2
676 0
677 2
678 3
679 2
680 1
681 2
682 0
683 1
684 0
685 1
686 0
687 1
688 2
689 0
690 1
691 0
692 3
693 0
694 2
695 0
696 1
697 0
698 2
699 1
700 2
701 1
702 2
703 0
704 1
705 0
706 1
707 0
708 2
709 1
710 0
711 1
712 2
713 0
714 1
715 2
716 0
717 1
718 0
719 1
720 2
721 3
722 0
723 1
724 0
725 2
726 0
727 2
728 0
729 1
730 2
731 0
732 1
733 0
734 1
735 0
736 1
737 0
738 1
739 0
740 1
741 2
742 0
743 1
744 3
745 1
746 2
747 0
748 2
749 1
750 2
751 0
752 2
753 1
754 0
755 1
756 0
757 1
758 0
759 1
760 0
761 1
762 0
763 1
764 0
765 1
766 0
767 1
768 0
769 1
770 0
771 3
772 0
773 2
774 1
775 0
776 2
777 0
778 1
779 0
780 1
781 0
782 1
783 0
784 2
785 1
786 2
787 1
788 0
789 2
790 1
791 0
792 1
793 0
794 1
795 0
796 2
797 1
798 0
799 2
800 1
801 0
802 2
803 1
804 0
805 1
806 2
807 0
808 1
809 0
810 2
811 1
812 0
813 1
814 0
815 1
816 0
817 1
818 0
819 2
820 1
821 0
822 1
823 0
824 2
825 1
826 0
827 1
828 2
829 0
830 1
831 2
832 1
833 0
834 1
835 0
836 1
837 2
838 1
839 2
840 1
841 2
842 0
843 1
844 0
845 1
846 2
847 0
848 2
849 1
850 0
851 1
852 0
853 1
854 2
855 0
856 1
857 0
858 1
859 0
860 1
861 0
862 2
863 1
864 2
865 0
866 1
867 0
868 1
869 0
870 1
871 2
872 3
873 0
874 2
875 0
876 2
877 1
878 0
879 1
880 0
881 1
882 3
883 0
884 1
885 2
886 0
887 1
888 2
889 0
890 1
891 0
892 1
893 0
894 1
895 2
896 1
897 0
898 1
899 0
900 2
901 1
902 2
903 0
904 1
905 2
906 1
907 2
908 0
909 1
910 0
911 1
912 0
913 1
914 0
915 2
916 0
917 1
918 2
919 0
920 1
921 2
922 0
923 1
924 0
925 1
926 2
927 1
928 2
929 1
930 0
931 1
932 0
933 3
934 2
935 3
936 1
937 0
938 1
939 2
940 1
941 0
942 1
943 0
944 3
945 2
946 1
947 2
948 3
949 0
950 2
951 3
952 1
953 2
954 1
955 0
956 1
957 0
958 2
959 1
960 2
961 1
962 0
963 1
964 2
965 0
966 1
967 0
968 2
969 0
970 2
971 0
972 1
973 2
974 1
975 0
976 1
977 2
978 3
979 1
980 0
981 2
982 0
983 1
984 3
985 2
986 0
987 1
988 2
989 0
990 1
991 0
992 1
993 3
994 2
995 1
996 2
997 0
998 2
999 1
1000 3
1001 2
1002 0
1003 1
1004 2
1005 0
1006 2
1007 0
1008 1
1009 0
1010 2
1011 0
1012 2
1013 1
1014 0
1015 1
1016 2
1017 1
1018 0
1019 2
1020 0
1021 1
1022 0
1023 1
1024 0
1025 1
1026 2
1027 0
1028 1
1029 2
1030 1
1031 0
1032 2
1033 0
1034 1
1035 2
1036 0
1037 1
1038 0
1039 2
1040 1
1041 0
1042 2
1043 1
1044 2
1045 0
1046 2
1047 1
1048 0
1049 1
1050 0
1051 2
1052 1
1053 0
1054 2
1055 1
1056 0
1057 1
1058 2
1059 1
1060 0
1061 2
1062 1
1063 2
1064 0
1065 1
1066 2
1067 0
1068 2
1069 1
1070 0
1071 2
1072 1
1073 0
1074 1
1075 2
1076 0
1077 1
1078 3
1079 0
1080 1
1081 2
1082 1
1083 2
1084 3
1085 0
1086 2
1087 0
1088 1
1089 2
1090 0
1091 1
1092 0
1093 1
1094 2
1095 0
1096 2
1097 1
1098 0
1099 2
1100 1
1101 0
1102 1
1103 0
1104 1
1105 2
1106 0
1107 1
1108 0
1109 1
1110 0
1111 2
1112 0
1113 1
1114 0
1115 2
1116 1
1117 2
1118 0
1119 1
1120 0
1121 1
1122 0
1123 2
1124 1
1125 0
1126 1
1127 0
1128 1
1129 0
1130 1
1131 0
1132 1
1133 0
1134 2
1135 1
1136 2
1137 0
1138 2
1139 1
1140 0
1141 1
1142 0
1143 1
1144 3
1145 2
1146 0
1147 2
1148 0
1149 1
1150 0
1151 1
1152 2
1153 0
1154 1
1155 0
1156 1
1157 2
1158 0
1159 2
1160 1
1161 0
1162 2
1163 0
1164 1
1165 2
1166 0
1167 1
1168 2
1169 0
1170 1
1171 2
1172 0
1173 2
1174 1
1175 0
1176 1
1177 0
1178 1
1179 0
1180 1
1181 0
1182 2
1183 1
1184 0
1185 1
1186 0
1187 1
1188 0
1189 2
1190 1
1191 0
1192 1
1193 0
1194 1
1195 2
1196 0
1197 1
1198 2
1199 0
1200 2
1201 1
1202 0
1203 1
1204 2
1205 0
1206 1
1207 0
1208 2
1209 1
1210 0
1211 2
1212 1
1213 2
1214 0
1215 1
1216 2
1217 1
1218 2
1219 1
1220 0
1221 2
1222 1
1223 0
1224 1
1225 0
1226 2
1227 1
1228 0
1229 2
1230 0
1231 1
1232 2
1233 0
1234 2
1235 1
1236 0
1237 2
1238 0
1239 1
1240 2
1241 0
1242 2
1243 1
1244 0
1245 1
1246 0
1247 2
1248 0
1249 1
1250 0
1251 2
1252 1
1253 2
1254 1
1255 0
1256 2
1257 1
1258 2
1259 3
1260 0
1261 2
1262 0
1263 2
1264 1
1265 2
1266 1
1267 0
1268 1
1269 0
1270 2
1271 1
1272 0
1273 2
1274 0
1275 2
1276 1
1277 0
1278 2
1279 1
1280 0
1281 2
1282 1
1283 0
1284 1
1285 0
1286 1
1287 0
1288 1
1289 0
1290 1
1291 0
1292 1
1293 0
1294 1
1295 0
1296 1
1297 0
1298 2
1299 0
1300 1
1301 0
1302 2
1303 0
1304 2
1305 1
1306 0
1307 1
1308 0
1309 1
1310 2
1311 0
1312 2
1313 1
1314 2
1315 1
1316 0
1317 1
1318 0
1319 1
1320 0
1321 2
1322 3
1323 2
1324 0
1325 1
1326 2
1327 1
1328 2
1329 0
1330 1
1331 2
1332 1
1333 2
1334 0
1335 1
1336 0
1337 1
1338 0
1339 1
1340 0
1341 1
1342 2
1343 0
1344 1
1345 0
1346 1
1347 0
1348 1
1349 2
1350 0
1351 1
1352 0
1353 1
1354 2
1355 0
1356 2
1357 1
1358 0
1359 1
1360 0
1361 1
1362 0
1363 1
1364 0
1365 2
1366 1
1367 0
1368 1
1369 0
1370 2
1371 1
1372 2
1373 3
1374 0
1375 1
1376 0
1377 1
1378 0
1379 1
1380 2
1381 0
1382 2
1383 0
1384 1
1385 0
1386 2
1387 1
1388 0
1389 2
1390 0
1391 1
1392 0
1393 1
1394 0
1395 1
1396 0
1397 1
1398 0
1399 2
1400 1
1401 0
1402 1
1403 0
1404 1
1405 0
1406 1
1407 3
1408 2
1409 3
1410 1
1411 0
1412 2
1413 1
1414 0
1415 1
1416 0
1417 2
1418 1
1419 0
1420 1
1421 3
1422 2
1423 0
1424 1
1425 0
1426 1
1427 2
1428 0
1429 2
1430 1
1431 0
1432 2
1433 1
1434 0
1435 1
1436 0
1437 1
1438 0
1439 2
1440 0
1441 1
1442 0
1443 2
1444 1
1445 0
1446 1
1447 0
1448 2
1449 1
1450 0
1451 2
1452 1
1453 2
1454 0
1455 1
1456 0
1457 1
1458 0
1459 1
1460 0
1461 2
1462 1
1463 2
1464 0
1465 2
1466 0
1467 3
1468 2
1469 1
1470 0
1471 2
1472 0
1473 1
1474 2
1475 0
1476 2
1477 0
1478 1
1479 0
1480 1
1481 0
1482 1
1483 2
1484 0
1485 1
1486 0
1487 2
1488 1
1489 2
1490 0
1491 1
1492 2
1493 0
1494 2
1495 1
1496 2
1497 0
1498 1
1499 0
1500 2
1501 3
1502 0
1503 2
1504 1
1505 0
1506 2
1507 1
1508 2
1509 1
1510 2
1511 0
1512 1
1513 0
1514 1
1515 0
1516 1
1517 0
1518 2
1519 0
1520 1
1521 0
1522 1
1523 0
1524 1
1525 2
1526 0
1527 1
1528 0
1529 2
1530 1
1531 0
1532 1
1533 2
1534 0
1535 2
1536 1
1537 2
1538 0
1539 1
1540 0
1541 1
1542 2
1543 0
1544 1
1545 2
1546 0
1547 1
1548 0
1549 2
1550 0
1551 1
1552 0
1553 2
1554 1
1555 0
1556 1
1557 2
1558 0
1559 2
1560 1
1561 0
1562 3
1563 2
1564 0
1565 2
1566 1
1567 2
1568 0
1569 1
1570 2
1571 1
1572 2
1573 1
1574 0
1575 1
1576 2
1577 3
1578 0
1579 2
1580 1
1581 0
1582 2
1583 0
1584 2
1585 1
1586 2
1587 0
1588 1
1589 0
1590 1
1591 2
1592 1
1593 2
1594 0
1595 1
1596 2
1597 0
1598 2
1599 1
1600 2
1601 0
1602 1
1603 2
1604 1
1605 2
1606 0
1607 2
1608 1
1609 0
1610 2
1611 0
1612 3
1613 1
1614 0
1615 2
1616 1
1617 0
1618 2
1619 0
1620 1
1621 0
1622 2
1623 1
1624 0
1625 2
1626 1
1627 2
1628 1
1629 2
1630 0
1631 1
1632 2
1633 0
1634 1
1635 0
1636 1
1637 0
1638 1
1639 0
1640 2
1641 1
1642 2
1643 0
1644 1
1645 2
1646 0
1647 1
1648 2
1649 1
1650 0
1651 1
1652 0
1653 3
1654 0
1655 2
1656 3
1657 1
1658 2
1659 0
1660 2
1661 3
1662 1
1663 0
1664 2
1665 0
1666 1
1667 2
1668 0
1669 2
1670 1
1671 2
1672 0
1673 1
1674 0
1675 1
1676 0
1677 2
1678 0
1679 1
1680 0
1681 1
1682 0
1683 1
1684 0
1685 2
1686 1
1687 2
1688 0
1689 2
1690 1
1691 2
1692 0
1693 1
1694 0
1695 1
1696 2
1697 1
1698 0
1699 1
1700 0
1701 1
1702 2
1703 0
1704 1
1705 2
1706 0
1707 2
1708 1
1709 0
1710 1
1711 0
1712 1
1713 3
1714 2
1715 1
1716 0
1717 1
1718 3
1719 2
1720 0
1721 2
1722 0
1723 2
1724 1
1725 2
1726 0
1727 1
1728 2
1729 1
1730 2
1731 1
1732 0
1733 1
1734 2
1735 0
1736 2
1737 1
1738 0
1739 3
1740 1
1741 0
1742 2
1743 1
1744 0
1745 2
1746 0
1747 1
1748 0
1749 1
1750 0
1751 1
1752 0
1753 1
1754 0
1755 2
1756 1
1757 0
1758 1
1759 0
1760 1
1761 2
1762 0
1763 1
1764 0
1765 1
1766 0
1767 2
1768 0
1769 2
1770 0
1771 1
1772 0
1773 2
1774 1
1775 2
1776 0
1777 1
1778 0
1779 1
1780 0
1781 2
1782 0
1783 2
1784 1
1785 0
1786 1
1787 0
1788 1
1789 0
1790 2
1791 1
1792 2
1793 0
1794 1
1795 0
1796 1
1797 0
1798 2
1799 1
1800 0
1801 2
1802 0
1803 1
1804 2
1805 0
1806 2
1807 1
1808 0
1809 1
1810 2
1811 0
1812 2
1813 1
1814 0
1815 2
1816 0
1817 2
1818 1
1819 2
1820 0
1821 1
1822 0
1823 2
1824 1
1825 0
1826 2
1827 0
1828 1
1829 0
1830 1
1831 0
1832 1
1833 0
1834 1
1835 0
1836 1
1837 2
1838 3
1839 0
1840 2
1841 1
1842 0
1843 2
1844 1
1845 0
1846 1
1847 0
1848 1
1849 2
1850 1
1851 0
1852 1
1853 2
1854 0
1855 1
1856 0
1857 1
1858 2
1859 0
1860 1
1861 0
1862 1
1863 0
1864 1
1865 0
1866 1
1867 0
1868 2
1869 1
1870 3
1871 2
1872 0
1873 1
1874 0
1875 2
1876 1
1877 2
1878 3
1879 1
1880 0
1881 1
1882 0
1883 1
1884 0
1885 1
1886 0
1887 1
1888 0
1889 1
1890 2
1891 1
1892 0
1893 2
1894 0
1895 1
1896 2
1897 0
1898 2
1899 1
1900 2
1901 0
1902 2
1903 0
1904 1
1905 0
1906 2
1907 1
1908 0
1909 2
1910 1
1911 2
1912 1
1913 2
1914 3
1915 1
1916 0
1917 1
1918 2
1919 0
1920 2
1921 1
1922 0
1923 1
1924 2
1925 0
1926 1
1927 0
1928 1
1929 0
1930 1
1931 0
1932 1
1933 0
1934 2
1935 1
1936 0
1937 1
1938 0
1939 1
1940 0
1941 1
1942 0
1943 2
1944 0
1945 1
1946 0
1947 1
1948 0
1949 1
1950 2
1951 0
1952 1
1953 0
1954 2
1955 1
1956 0
1957 1
1958 2
1959 0
1960 2
1961 1
1962 0
1963 1
1964 0
1965 1
1966 0
1967 1
1968 2
1969 1
1970 0
1971 1
1972 0
1973 1
1974 0
1975 1
1976 2
1977 0
1978 2
1979 0
1980 2
1981 1
1982 3
1983 0
1984 1
1985 2
1986 0
1987 2
1988 1
1989 3
1990 0
1991 1
1992 0
1993 1
1994 0
1995 2
1996 0
1997 2
1998 0
1999 1
2000 0
2001 2
2002 1
2003 2
2004 0
2005 1
2006 0
2007 2
2008 1
2009 2
2010 0
2011 2
2012 1
2013 0
2014 1
2015 0
2016 2
2017 1
2018 0
2019 2
2020 1
2021 0
2022 1
2023 0
2024 2
2025 1
2026 2
2027 1
2028 2
2029 0
2030 1
2031 0
2032 1
2033 0
2034 1
2035 0
2036 1
2037 0
2038 1
2039 0
2040 1
2041 0
2042 2
2043 0
2044 2
2045 1
2046 0
2047 2
2048 3
2049 0
2050 2
2051 0
2052 3
2053 2
2054 1
2055 0
2056 2
2057 1
2058 0
2059 1
2060 0
2061 1
2062 0
2063 1
2064 0
2065 1
2066 0
2067 1
2068 0
2069 1
2070 0
2071 3
2072 2
2073 0
2074 1
2075 0
2076 1
2077 0
2078 1
2079 0
2080 2
2081 1
2082 2
2083 1
2084 0
2085 1
2086 0
2087 2
2088 1
2089 0
2090 1
2091 0
2092 1
2093 0
2094 1
2095 2
2096 0
2097 1
2098 0
2099 2
2100 0
2101 1
2102 0
2103 1
2104 2
2105 0
2106 1
2107 2
2108 1
2109 0
2110 1
2111 0
2112 1
2113 2
2114 0
2115 1
2116 0
2117 1
2118 0
2119 1
2120 0
2121 1
2122 0
2123 1
2124 2
2125 1
2126 0
2127 1
2128 0
2129 1
2130 0
2131 2
2132 0
2133 1
2134 0
2135 1
2136 0
2137 2
2138 0
2139 1
2140 2
2141 0
2142 1
2143 2
2144 1
2145 0
2146 2
2147 1
2148 2
2149 0
2150 1
2151 0
2152 1
2153 2
2154 0
2155 1
2156 0
2157 1
2158 2
2159 0
2160 2
2161 1
2162 0
2163 1
2164 2
2165 0
2166 1
2167 0
2168 1
2169 0
2170 1
2171 0
2172 1
2173 2
2174 0
2175 1
2176 0
2177 2
2178 1
2179 0
2180 2
2181 0
2182 2
2183 1
2184 0
2185 1
2186 0
2187 1
2188 0
2189 1
2190 0
2191 1
2192 0
2193 1
2194 2
2195 0
2196 1
2197 0
2198 1
2199 2
2200 1
2201 0
2202 1
2203 2
2204 1
2205 0
2206 1
2207 2
2208 1
2209 2
2210 1
2211 2
2212 0
2213 2
2214 0
2215 3
2216 2
2217 1
2218 0
2219 1
2220 2
2221 0
2222 3
2223 1
2224 3
2225 0
2226 1
2227 0
2228 1
2229 0
2230 1
2231 0
2232 1
2233 0
2234 1
2235 0
2236 2
2237 0
2238 2
2239 0
2240 2
2241 1
2242 2
2243 0
2244 1
2245 2
2246 0
2247 1
2248 0
2249 1
2250 0
2251 1
2252 0
2253 1
2254 0
2255 1
2256 0
2257 1
2258 2
2259 3
2260 1
2261 0
2262 1
2263 2
2264 0
2265 1
2266 0
2267 1
2268 0
2269 1
2270 0
2271 2
2272 1
2273 0
2274 1
2275 2
2276 1
2277 0
2278 2
2279 0
2280 1
2281 0
2282 2
2283 0
2284 1
2285 2
2286 0
2287 1
2288 0
2289 1
2290 0
2291 2
2292 1
2293 2
2294 0
2295 1
2296 2
2297 0
2298 3
2299 2
2300 1
2301 0
2302 1
2303 0
2304 1
2305 2
2306 0
2307 2
2308 1
2309 0
2310 2
2311 1
2312 0
2313 1
2314 0
2315 1
2316 0
2317 1
2318 2
2319 0
2320 1
2321 0
2322 2
2323 1
2324 2
2325 0
2326 1
2327 0
2328 1
2329 0
2330 2
2331 0
2332 1
2333 2
2334 0
2335 2
2336 0
2337 3
2338 2
2339 0
2340 1
2341 2
2342 1
2343 2
2344 0
2345 1
2346 0
2347 1
2348 3
2349 0
2350 3
2351 2
2352 1
2353 0
2354 1
2355 0
2356 1
2357 0
2358 1
2359 0
2360 1
2361 0
2362 1
2363 0
2364 2
2365 1
2366 0
2367 1
2368 0
2369 1
2370 2
2371 1
2372 2
2373 0
2374 1
2375 0
2376 1
2377 2
2378 0
2379 1
2380 0
2381 1
2382 0
2383 2
2384 0
2385 1
2386 3
2387 2
2388 1
2389 2
2390 0
2391 2
2392 0
2393 2
2394 1
2395 3
2396 2
2397 0
2398 1
2399 2
2400 0
2401 2
2402 0
2403 1
2404 0
2405 1
2406 0
2407 1
2408 0
2409 2
2410 1
2411 0
2412 1
2413 0
2414 2
2415 1
2416 0
2417 1
2418 2
2419 1
2420 0
2421 1
2422 0
2423 1
2424 0
2425 2
2426 1
2427 0
2428 1
2429 2
2430 1
2431 0
2432 1
2433 0
2434 2
2435 1
2436 0
2437 1
2438 2
2439 0
2440 1
2441 3
2442 0
2443 1
2444 0
2445 1
2446 0
2447 2
2448 0
2449 1
2450 0
2451 1
2452 2
2453 1
2454 2
2455 1
2456 2
2457 0
2458 1
2459 0
2460 1
2461 2
2462 1
2463 0
2464 1
2465 0
2466 2
2467 0
2468 1
2469 2
2470 1
2471 0
2472 2
2473 1
2474 2
2475 1
2476 2
2477 0
2478 2
2479 0
2480 2
2481 1
2482 2
2483 1
2484 0
2485 1
2486 0
2487 1
2488 0
2489 2
2490 1
2491 0
2492 2
2493 0
2494 1
2495 0
2496 1
2497 2
2498 0
2499 1
2500 0
2501 2
2502 1
2503 0
2504 1
2505 0
2506 1
2507 0
2508 1
2509 2
2510 1
2511 2
2512 1
2513 0
2514 1
2515 2
2516 0
2517 2
2518 1
2519 2
2520 1
2521 0
2522 2
2523 1
2524 0
2525 2
2526 1
2527 0
2528 1
2529 0
2530 1
2531 0
2532 2
2533 1
2534 3
2535 0
2536 1
2537 0
2538 2
2539 1
2540 0
2541 1
2542 0
2543 1
2544 0
2545 2
2546 1
2547 2
2548 0
2549 1
2550 2
2551 0
2552 1
2553 2
2554 1
2555 0
2556 1
2557 0
2558 2
2559 0
2560 1
2561 0
2562 2
2563 1
2564 0
2565 1
2566 0
2567 2
2568 1
2569 0
2570 1
2571 0
2572 1
2573 2
2574 1
2575 0
2576 1
2577 0
2578 2
2579 1
2580 0
2581 1
2582 2
2583 0
2584 1
2585 0
2586 1
2587 2
2588 0
2589 1
2590 0
2591 2
2592 1
2593 0
2594 2
2595 0
2596 1
2597 0
2598 1
2599 0
2600 1
2601 0
2602 1
2603 0
2604 1
2605 0
2606 2
2607 0
2608 1
2609 2
2610 1
2611 2
2612 0
2613 1
2614 0
2615 2
2616 0
2617 2
2618 1
2619 0
2620 1
2621 3
2622 2
2623 3
2624 1
2625 2
2626 1
2627 0
2628 1
2629 0
2630 2
2631 0
2632 2
2633 1
2634 0
2635 2
2636 0
2637 1
2638 0
2639 1
2640 2
2641 0
2642 3
2643 2
2644 0
2645 1
2646 0
2647 1
2648 0
2649 1
2650 2
2651 0
2652 2
2653 1
2654 0
2655 1
2656 0
2657 1
2658 0
2659 2
2660 1
2661 2
2662 0
2663 1
2664 0
2665 3
2666 0
2667 1
2668 0
2669 1
2670 0
2671 1
2672 0
2673 1
2674 3
2675 0
2676 1
2677 2
2678 0
2679 2
2680 1
2681 2
2682 0
2683 1
2684 2
2685 0
2686 1
2687 0
2688 3
2689 1
2690 0
2691 1
2692 0
2693 1
2694 0
2695 1
2696 0
2697 1
2698 2
2699 1
2700 0
2701 2
2702 0
2703 2
2704 1
2705 0
2706 2
2707 0
2708 2
2709 1
2710 0
2711 1
2712 2
2713 0
2714 1
2715 2
2716 0
2717 1
2718 2
2719 0
2720 2
2721 0
2722 1
2723 0
2724 1
2725 2
2726 1
2727 0
2728 2
2729 1
2730 0
2731 1
2732 0
2733 1
2734 0
2735 1
2736 0
2737 2
2738 1
2739 2
2740 0
2741 1
2742 0
2743 3
2744 1
2745 0
2746 1
2747 0
2748 2
2749 0
2750 2
2751 1
2752 0
2753 2
2754 1
2755 2
2756 0
2757 1
2758 0
2759 1
2760 2
2761 0
2762 1
2763 2
2764 0
2765 2
2766 0
2767 1
2768 0
2769 1
2770 2
2771 0
2772 2
2773 1
2774 2
2775 0
2776 1
2777 2
2778 1
2779 2
2780 3
2781 0
2782 1
2783 0
2784 1
2785 2
2786 0
2787 2
2788 1
2789 0
2790 2
2791 1
2792 3
2793 2
2794 0
2795 1
2796 2
2797 1
2798 0
2799 1
2800 0
2801 1
2802 0
2803 1
2804 0
2805 2
2806 1
2807 0
2808 2
2809 0
2810 2
2811 1
2812 2
2813 0
2814 2
2815 3
2816 0
2817 2
2818 1
2819 0
2820 1
2821 2
2822 1
2823 0
2824 2
2825 1
2826 0
2827 2
2828 1
2829 2
2830 1
2831 0
2832 1
2833 2
2834 0
2835 2
2836 0
2837 2
2838 0
2839 1
2840 0
2841 1
2842 2
2843 1
2844 2
2845 0
2846 1
2847 0
2848 1
2849 2
2850 0
2851 1
2852 0
2853 2
2854 1
2855 0
2856 2
2857 0
2858 1
2859 0
2860 3
2861 2
2862 0
2863 2
2864 1
2865 0
2866 2
2867 1
2868 0
2869 3
2870 1
2871 2
2872 1
2873 2
2874 0
2875 1
2876 0
2877 1
2878 2
2879 3
2880 1
2881 2
2882 0
2883 1
2884 2
2885 0
2886 1
2887 0
2888 1
2889 0
2890 1
2891 2
2892 1
2893 0
2894 1
2895 0
2896 1
2897 0
2898 1
2899 0
2900 2
2901 0
2902 3
2903 1
2904 3
2905 2
2906 0
2907 2
2908 0
2909 1
2910 2
2911 1
2912 2
2913 1
2914 2
2915 1
2916 2
2917 1
2918 0
2919 2
2920 0
2921 1
2922 0
2923 2
2924 1
2925 2
2926 1
2927 2
2928 0
2929 1
2930 0
2931 1
2932 2
2933 3
2934 1
2935 2
2936 1
2937 2
2938 0
2939 1
2940 0
2941 1
2942 0
2943 1
2944 0
2945 1
2946 2
2947 0
2948 2
2949 1
2950 0
2951 1
2952 0
2953 2
2954 1
2955 0
2956 2
2957 1
2958 2
2959 0
2960 1
2961 0
2962 1
2963 0
2964 1
2965 0
2966 1
2967 2
2968 1
2969 0
2970 1
2971 0
2972 1
2973 0
2974 1
2975 3
2976 0
2977 1
2978 2
2979 0
2980 1
2981 0
2982 1
2983 2
2984 0
2985 1
2986 0
2987 1
2988 0
2989 1
2990 0
2991 1
2992 2
2993 0
2994 1
2995 0
2996 2
2997 3
2998 0
2999 1
3000 0
3001 2
3002 0
3003 2
3004 1
3005 2
3006 0
3007 2
3008 0
3009 2
3010 1
3011 0
3012 1
3013 2
3014 0
3015 2
3016 0
3017 2
3018 1
3019 0
3020 1
3021 2
3022 0
3023 1
3024 2
3025 0
3026 1
3027 2
3028 0
3029 1
3030 0
3031 2
3032 0
3033 2
3034 0
3035 1
3036 0
3037 1
3038 2
3039 0
3040 1
3041 0
3042 1
3043 2
3044 1
3045 2
3046 1
3047 0
3048 2
3049 1
3050 0
3051 2
3052 0
3053 2
3054 1
3055 0
3056 3
3057 1
3058 0
3059 1
3060 2
3061 0
3062 1
3063 0
3064 1
3065 2
3066 0
3067 2
3068 1
3069 2
3070 0
3071 1
3072 0
3073 1
3074 2
3075 1
3076 2
3077 0
3078 1
3079 0
3080 1
3081 0
3082 1
3083 2
3084 0
3085 1
3086 2
3087 0
3088 1
3089 0
3090 2
3091 1
3092 2
3093 0
3094 1
3095 0
3096 2
3097 1
3098 0
3099 1
3100 3
3101 0
3102 2
3103 0
3104 1
3105 0
3106 3
3107 0
3108 1
3109 0
3110 2
3111 1
3112 2
3113 0
3114 1
3115 0
3116 1
3117 0
3118 2
3119 1
3120 2
3121 1
3122 3
3123 2
3124 0
3125 1
3126 0
3127 2
3128 1
3129 0
3130 1
3131 0
3132 1
3133 2
3134 0
3135 2
3136 0
3137 2
3138 1
3139 3
3140 2
3141 0
3142 1
3143 0
3144 2
3145 0
3146 1
3147 0
3148 1
3149 2
3150 1
3151 2
3152 0
3153 2
3154 1
3155 2
3156 1
3157 0
3158 2
3159 1
3160 0
3161 1
3162 2
3163 1
3164 0
3165 2
3166 1
3167 2
3168 1
3169 2
3170 0
3171 3
3172 1
3173 2
3174 0
3175 1
3176 2
3177 0
3178 1
3179 0
3180 2
3181 0
3182 1
3183 0
3184 1
3185 2
3186 0
3187 2
3188 0
3189 2
3190 1
3191 0
3192 2
3193 3
3194 0
3195 2
3196 1
3197 0
3198 1
3199 0
3200 1
3201 0
3202 1
3203 2
3204 0
3205 1
3206 0
3207 2
3208 1
3209 0
3210 2
3211 1
3212 2
3213 1
3214 2
3215 3
3216 1
3217 2
3218 0
3219 1
3220 2
3221 1
3222 2
3223 0
3224 2
3225 3
3226 1
3227 2
3228 0
3229 2
3230 3
3231 1
3232 0
3233 1
3234 2
3235 0
3236 1
3237 0
3238 1
3239 0
3240 2
3241 0
3242 2
3243 0
3244 2
3245 1
3246 0
3247 1
3248 0
3249 1
3250 0
3251 2
3252 1
3253 0
3254 1
3255 0
3256 2
3257 0
3258 1
3259 0
3260 1
3261 0
3262 1
3263 0
3264 3
3265 1
3266 0
3267 1
3268 0
3269 3
3270 0
3271 1
3272 0
3273 2
3274 1
3275 0
3276 2
3277 1
3278 0
3279 2
3280 0
3281 2
3282 0
3283 2
3284 1
3285 0
3286 1
3287 2
3288 0
3289 2
3290 1
3291 0
3292 2
3293 1
3294 0
3295 3
3296 1
3297 0
3298 1
3299 0
3300 2
3301 3
3302 0
3303 1
3304 0
3305 1
3306 0
3307 1
3308 2
3309 1
3310 0
3311 2
3312 1
3313 0
3314 2
3315 0
3316 1
3317 0
3318 1
3319 2
3320 0
3321 1
3322 0
3323 1
3324 2
3325 0
3326 2
3327 0
3328 1
3329 3
3330 2
3331 0
3332 3
3333 0
3334 1
3335 2
3336 1
3337 2
3338 0
3339 2
3340 1
3341 2
3342 3
3343 1
3344 2
3345 0
3346 1
3347 0
3348 1
3349 0
3350 1
3351 0
3352 1
3353 2
3354 1
3355 0
3356 1
3357 2
3358 3
3359 1
3360 0
3361 2
3362 1
3363 2
3364 0
3365 1
3366 0
3367 1
3368 0
3369 1
3370 0
3371 1
3372 0
3373 1
3374 2
3375 3
3376 1
3377 0
3378 1
3379 0
3380 3
3381 0
3382 2
3383 1
3384 2
3385 3
3386 0
3387 1
3388 2
3389 1
3390 2
3391 1
3392 0
3393 1
3394 0
3395 1
3396 2
3397 0
3398 1
3399 2
3400 0
3401 1
3402 2
3403 0
3404 1
3405 0
3406 1
3407 2
3408 1
3409 2
3410 1
3411 0
3412 1
3413 2
3414 0
3415 2
3416 0
3417 2
3418 1
3419 2
3420 1
3421 0
3422 2
3423 1
3424 0
3425 2
3426 0
3427 1
3428 0
3429 1
3430 0
3431 2
3432 1
3433 0
3434 1
3435 0
3436 1
3437 0
3438 1
3439 2
3440 0
3441 2
3442 0
3443 1
3444 0
3445 2
3446 1
3447 2
3448 0
3449 2
3450 1
3451 0
3452 2
3453 1
3454 2
3455 0
3456 1
3457 2
3458 0
3459 1
3460 0
3461 1
3462 0
3463 1
3464 0
3465 1
3466 2
3467 0
3468 2
3469 0
3470 1
3471 2
3472 0
3473 1
3474 2
3475 1
3476 0
3477 1
3478 0
3479 1
3480 0
3481 1
3482 0
3483 1
3484 0
3485 1
3486 2
3487 0
3488 1
3489 0
3490 1
3491 0
3492 1
3493 0
3494 2
3495 1
3496 0
3497 1
3498 0
3499 1
3500 0
3501 2
3502 1
3503 2
3504 1
3505 0
3506 1
3507 0
3508 1
3509 0
3510 1
3511 2
3512 0
3513 2
3514 1
3515 3
3516 1
3517 0
3518 2
3519 1
3520 0
3521 2
3522 1
3523 2
3524 0
3525 2
3526 1
3527 2
3528 3
3529 0
3530 2
3531 1
3532 2
3533 0
3534 1
3535 0
3536 1
3537 0
3538 1
3539 0
3540 1
3541 0
3542 1
3543 2
3544 0
3545 1
3546 2
3547 0
3548 2
3549 1
3550 0
3551 1
3552 2
3553 1
3554 2
3555 0
3556 2
3557 1
3558 2
3559 0
3560 2
3561 1
3562 0
3563 1
3564 0
3565 2
3566 1
3567 2
3568 3
3569 0
3570 2
3571 1
3572 0
3573 2
3574 0
3575 1
3576 0
3577 1
3578 0
3579 1
3580 0
3581 2
3582 1
3583 2
3584 3
3585 1
3586 2
3587 0
3588 2
3589 1
3590 0
3591 1
3592 0
3593 1
3594 0
3595 2
3596 1
3597 2
3598 0
3599 2
3600 1
3601 0
3602 1
3603 0
3604 1
3605 0
3606 2
3607 0
3608 2
3609 0
3610 1
3611 0
3612 1
3613 0
3614 1
3615 2
3616 1
3617 0
3618 2
3619 1
3620 0
3621 1
3622 0
3623 1
3624 2
3625 1
3626 2
3627 0
3628 2
3629 0
3630 1
3631 2
3632 1
3633 0
3634 2
3635 3
3636 1
3637 2
3638 0
3639 1
3640 2
3641 0
3642 3
3643 2
3644 1
3645 0
3646 2
3647 0
3648 2
3649 3
3650 0
3651 1
3652 0
3653 1
3654 2
3655 0
3656 1
3657 2
3658 0
3659 1
3660 0
3661 1
3662 0
3663 1
3664 2
3665 0
3666 1
3667 2
3668 3
3669 1
3670 0
3671 1
3672 0
3673 1
3674 0
3675 2
3676 1
3677 2
3678 0
3679 1
3680 0
3681 2
3682 1
3683 2
3684 1
3685 0
3686 2
3687 1
3688 0
3689 2
3690 1
3691 0
3692 2
3693 1
3694 0
3695 3
3696 2
3697 0
3698 1
3699 2
3700 0
3701 1
3702 2
3703 1
3704 0
3705 2
3706 0
3707 1
3708 2
3709 3
3710 1
3711 0
3712 1
3713 2
3714 1
3715 2
3716 1
3717 3
3718 2
3719 0
3720 1
3721 2
3722 3
3723 0
3724 1
3725 0
3726 2
3727 1
3728 2
3729 0
3730 2
3731 1
3732 0
3733 2
3734 1
3735 2
3736 0
3737 1
3738 2
3739 0
3740 1
3741 0
3742 1
3743 0
3744 2
3745 1
3746 0
3747 2
3748 1
3749 2
3750 0
3751 1
3752 0
3753 3
3754 2
3755 1
3756 0
3757 2
3758 1
3759 0
3760 1
3761 3
3762 2
3763 0
3764 1
3765 2
3766 0
3767 1
3768 0
3769 1
3770 2
3771 0
3772 3
3773 1
3774 0
3775 1
3776 2
3777 0
3778 1
3779 0
3780 1
3781 2
3782 0
3783 1
3784 3
3785 0
3786 1
3787 2
3788 1
3789 0
3790 2
3791 1
3792 2
3793 1
3794 2
3795 0
3796 1
3797 0
3798 1
3799 2
3800 0
3801 2
3802 0
3803 1
3804 2
3805 0
3806 2
3807 1
3808 2
3809 0
3810 1
3811 2
3812 1
3813 0
3814 1
3815 2
3816 0
3817 2
3818 0
3819 2
3820 0
3821 2
3822 1
3823 0
3824 1
3825 0
3826 1
3827 0
3828 1
3829 2
3830 1
3831 2
3832 0
3833 1
3834 3
3835 2
3836 0
3837 1
3838 0
3839 1
3840 0
3841 1
3842 0
3843 2
3844 0
3845 1
3846 0
3847 1
3848 0
3849 2
3850 1
3851 2
3852 0
3853 2
3854 0
3855 1
3856 0
3857 2
3858 1
3859 0
3860 1
3861 0
3862 1
3863 0
3864 1
3865 0
3866 2
3867 1
3868 0
3869 1
3870 0
3871 2
3872 1
3873 0
3874 1
3875 2
3876 1
3877 0
3878 1
3879 0
3880 1
3881 0
3882 1
3883 0
3884 1
3885 2
3886 0
3887 2
3888 1
3889 0
3890 1
3891 2
3892 0
3893 1
3894 2
3895 1
3896 0
3897 2
3898 1
3899 0
3900 2
3901 0
3902 1
3903 2
3904 3
3905 1
3906 2
3907 0
3908 1
3909 0
3910 2
3911 1
3912 3
3913 0
3914 2
3915 1
3916 2
3917 0
3918 2
3919 0
3920 1
3921 0
3922 1
3923 2
3924 0
3925 1
3926 0
3927 1
3928 2
3929 1
3930 2
3931 0
3932 1
3933 2
3934 1
3935 0
3936 1
3937 0
3938 1
3939 0
3940 1
3941 0
3942 2
3943 1
3944 0
3945 2
3946 0
3947 1
3948 3
3949 0
3950 1
3951 2
3952 1
3953 2
3954 0
3955 2
3956 0
3957 2
3958 0
3959 1
3960 0
3961 1
3962 0
3963 1
3964 2
3965 3
3966 1
3967 0
3968 2
3969 0
3970 1
3971 0
3972 3
3973 1
3974 0
3975 3
3976 0
3977 1
3978 0
3979 1
3980 0
3981 2
3982 1
3983 2
3984 0
3985 3
3986 0
3987 1
3988 0
3989 1
3990 0
3991 2
3992 1
3993 3
3994 0
3995 1
3996 2
3997 1
3998 0
3999 1
4000 0
4001 2
4002 0
4003 1
4004 2
4005 3
4006 1
4007 3
4008 0
4009 2
4010 1
4011 2
4012 1
4013 0
4014 1
4015 2
4016 0
4017 1
4018 0
4019 3
4020 1
4021 2
4022 1
4023 0
4024 1
4025 0
4026 1
4027 0
4028 1
4029 2
4030 0
4031 1
4032 0
4033 2
4034 1
4035 3
4036 0
4037 3
4038 1
4039 2
4040 0
4041 1
4042 0
4043 1
4044 2
4045 0
4046 1
4047 0
4048 1
4049 0
4050 1
4051 0
4052 1
4053 0
4054 1
4055 2
4056 0
4057 1
4058 0
4059 1
4060 2
4061 1
4062 0
4063 2
4064 1
4065 2
4066 0
4067 2
4068 1
4069 2
4070 0
4071 1
4072 2
4073 0
4074 1
4075 0
4076 2
4077 1
4078 0
4079 1
4080 0
4081 1
4082 0
4083 1
4084 0
4085 2
4086 1
4087 2
4088 0
4089 1
4090 0
4091 1
4092 0
4093 1
4094 2
4095 0
4096 2
4097 1
4098 0
4099 2
4100 1
4101 0
4102 3
4103 1
4104 0
4105 1
4106 2
4107 0
4108 2
4109 0
4110 1
4111 2
4112 0
4113 1
4114 2
4115 0
4116 3
4117 2
4118 1
4119 0
4120 2
4121 3
4122 0
4123 2
4124 1
4125 2
4126 0
4127 2
4128 1
4129 2
4130 1
4131 2
4132 0
4133 2
4134 1
4135 0
4136 1
4137 2
4138 0
4139 2
4140 1
4141 0
4142 2
4143 0
4144 1
4145 2
4146 0
4147 2
4148 0
4149 2
4150 1
4151 0
4152 1
4153 0
4154 1
4155 0
4156 1
4157 2
4158 0
4159 2
4160 0
4161 2
4162 1
4163 2
4164 0
4165 2
4166 1
4167 0
4168 1
4169 2
4170 0
4171 1
4172 0
4173 1
4174 2
4175 3
4176 1
4177 2
4178 0
4179 3
4180 1
4181 0
4182 1
4183 2
4184 1
4185 0
4186 2
4187 0
4188 1
4189 2
4190 1
4191 0
4192 2
4193 1
4194 2
4195 0
4196 2
4197 1
4198 0
4199 2
4200 0
4201 3
4202 2
4203 0
4204 2
4205 0
4206 1
4207 2
4208 0
4209 1
4210 2
4211 0
4212 1
4213 0
4214 1
4215 2
4216 0
4217 2
4218 1
4219 2
4220 1
4221 0
4222 1
4223 2
4224 1
4225 2
4226 0
4227 1
4228 2
4229 3
4230 1
4231 0
4232 2
4233 0
4234 1
4235 2
4236 1
4237 0
4238 2
4239 1
4240 0
4241 2
4242 1
4243 0
4244 2
4245 1
4246 0
4247 1
4248 0
4249 2
4250 1
4251 2
4252 1
4253 0
4254 2
4255 3
4256 0
4257 2
4258 0
4259 2
4260 3
4261 1
4262 0
4263 2
4264 0
4265 1
4266 0
4267 1
4268 0
4269 1
4270 0
4271 2
4272 1
4273 0
4274 1
4275 0
4276 1
4277 2
4278 1
4279 2
4280 3
4281 1
4282 0
4283 1
4284 2
4285 0
4286 1
4287 0
4288 1
4289 3
4290 0
4291 1
4292 0
4293 2
4294 3
4295 1
4296 0
4297 1
4298 0
4299 1
4300 0
4301 2
4302 1
4303 2
4304 0
4305 1
4306 0
4307 2
4308 1
4309 2
4310 3
4311 0
4312 1
4313 3
4314 0
4315 1
4316 0
4317 2
4318 1
4319 2
4320 0
4321 1
4322 2
4323 0
4324 1
4325 0
4326 3
4327 1
4328 2
4329 0
4330 1
4331 0
4332 2
4333 1
4334 0
4335 1
4336 2
4337 3
4338 0
4339 1
4340 2
4341 0
4342 1
4343 0
4344 1
4345 0
4346 1
4347 0
4348 1
4349 2
4350 1
4351 0
4352 2
4353 0
4354 2
4355 0
4356 1
4357 0
4358 1
4359 0
4360 1
4361 3
4362 2
4363 1
4364 0
4365 1
4366 0
4367 2
4368 3
4369 1
4370 2
4371 0
4372 2
4373 1
4374 2
4375 0
4376 2
4377 1
4378 2
4379 0
4380 1
4381 0
4382 1
4383 3
4384 0
4385 2
4386 0
4387 1
4388 0
4389 1
4390 0
4391 2
4392 1
4393 0
4394 1
4395 2
4396 0
4397 1
4398 0
4399 3
4400 1
4401 0
4402 1
4403 2
4404 0
4405 1
4406 0
4407 1
4408 2
4409 0
4410 1
4411 2
4412 1
4413 0
4414 2
4415 1
4416 0
4417 3
4418 2
4419 0
4420 1
4421 0
4422 1
4423 0
4424 3
4425 2
4426 3
4427 0
4428 1
4429 0
4430 3
4431 0
4432 1
4433 0
4434 1
4435 2
4436 0
4437 1
4438 0
4439 1
4440 0
4441 1
4442 0
4443 2
4444 1
4445 3
4446 0
4447 1
4448 0
4449 1
4450 0
4451 2
4452 1
4453 0
4454 2
4455 0
4456 1
4457 0
4458 1
4459 0
4460 1
4461 0
4462 1
4463 2
4464 1
4465 0
4466 1
4467 0
4468 1
4469 0
4470 2
4471 1
4472 2
4473 1
4474 2
4475 0
4476 1
4477 3
4478 0
4479 1
4480 2
4481 0
4482 1
4483 2
4484 0
4485 1
4486 2
4487 0
4488 1
4489 2
4490 0
4491 1
4492 2
4493 0
4494 1
4495 0
4496 1
4497 2
4498 0
4499 1
4500 0
4501 1
4502 0
4503 1
4504 3
4505 0
4506 2
4507 1
4508 0
4509 1
4510 0
4511 1
4512 0
4513 2
4514 1
4515 0
4516 1
4517 0
4518 2
4519 1
4520 2
4521 0
4522 1
4523 2
4524 0
4525 2
4526 0
4527 1
4528 3
4529 0
4530 1
4531 2
4532 0
4533 1
4534 2
4535 0
4536 2
4537 3
4538 0
4539 1
4540 2
4541 1
4542 0
4543 1
4544 0
4545 2
4546 0
4547 2
4548 1
4549 0
4550 1
4551 2
4552 1
4553 2
4554 0
4555 1
4556 0
4557 1
4558 2
4559 0
4560 3
4561 2
4562 1
4563 2
4564 0
4565 1
4566 2
4567 0
4568 2
4569 0
4570 1
4571 2
4572 0
4573 2
4574 1
4575 0
4576 1
4577 0
4578 1
4579 0
4580 1
4581 2
4582 1
4583 0
4584 1
4585 0
4586 2
4587 0
4588 1
4589 0
4590 1
4591 0
4592 1
4593 2
4594 1
4595 2
4596 1
4597 0
4598 1
4599 0
4600 1
4601 0
4602 1
4603 2
4604 0
4605 2
4606 1
4607 3
4608 0
4609 1
4610 2
4611 1
4612 0
4613 1
4614 0
4615 2
4616 1
4617 0
4618 1
4619 0
4620 2
4621 1
4622 2
4623 0
4624 1
4625 0
4626 1
4627 0
4628 1
4629 0
4630 3
4631 1
4632 0
4633 1
4634 2
4635 0
4636 1
4637 2
4638 1
4639 0
4640 1
4641 2
4642 3
4643 1
4644 0
4645 1
4646 2
4647 0
4648 2
4649 0
4650 1
4651 0
4652 3
4653 1
4654 0
4655 2
4656 1
4657 2
4658 0
4659 1
4660 0
4661 1
4662 2
4663 0
4664 1
4665 0
4666 1
4667 2
4668 1
4669 0
4670 2
4671 0
4672 1
4673 0
4674 1
4675 0
4676 1
4677 2
4678 0
4679 1
4680 0
4681 2
4682 1
4683 2
4684 1
4685 0
4686 2
4687 1
4688 2
4689 0
4690 2
4691 3
4692 0
4693 1
4694 0
4695 1
4696 0
4697 1
4698 3
4699 1
4700 0
4701 2
4702 0
4703 1
4704 2
4705 0
4706 1
4707 2
4708 1
4709 0
4710 1
4711 0
4712 1
4713 2
4714 1
4715 0
4716 1
4717 0
4718 1
4719 0
4720 1
4721 2
4722 0
4723 1
4724 2
4725 0
4726 1
4727 2
4728 0
4729 1
4730 2
4731 0
4732 2
4733 1
4734 2
4735 0
4736 1
4737 2
4738 0
4739 2
4740 1
4741 0
4742 2
4743 1
4744 2
4745 1
4746 0
4747 2
4748 3
4749 1
4750 2
4751 1
4752 0
4753 1
4754 2
4755 0
4756 1
4757 0
4758 2
4759 0
4760 2
4761 1
4762 2
4763 0
4764 2
4765 1
4766 0
4767 1
4768 3
4769 2
4770 1
4771 0
4772 1
4773 0
4774 2
4775 0
4776 1
4777 2
4778 1
4779 2
4780 3
4781 2
4782 0
4783 1
4784 0
4785 3
4786 0
4787 2
4788 1
4789 2
4790 1
4791 0
4792 2
4793 1
4794 0
4795 1
4796 0
4797 1
4798 2
4799 1
4800 0
4801 1
4802 2
4803 0
4804 1
4805 0
4806 1
4807 0
4808 2
4809 1
4810 0
4811 1
4812 2
4813 0
4814 1
4815 0
4816 1
4817 0
4818 2
4819 1
4820 0
4821 1
4822 0
4823 2
4824 1
4825 0
4826 1
4827 0
4828 2
4829 1
4830 0
4831 1
4832 0
4833 1
4834 0
4835 1
4836 0
4837 1
4838 2
4839 0
4840 1
4841 0
4842 1
4843 0
4844 1
4845 0
4846 1
4847 2
4848 0
4849 1
4850 0
4851 1
4852 0
4853 2
4854 1
4855 0
4856 2
4857 1
4858 2
4859 1
4860 2
4861 0
4862 2
4863 1
4864 2
4865 1
4866 0
4867 3
4868 2
4869 0
4870 2
4871 1
4872 0
4873 1
4874 2
4875 0
4876 2
4877 1
4878 2
4879 0
4880 1
4881 0
4882 2
4883 1
4884 2
4885 3
4886 0
4887 2
4888 1
4889 2
4890 0
4891 1
4892 2
4893 0
4894 1
4895 0
4896 2
4897 0
4898 2
4899 0
4900 1
4901 0
4902 1
4903 2
4904 0
4905 1
4906 0
4907 1
4908 0
4909 1
4910 2
4911 0
4912 1
4913 0
4914 2
4915 1
4916 2
4917 0
4918 2
4919 3
4920 1
4921 0
4922 1
4923 2
4924 0
4925 1
4926 0
4927 3
4928 2
4929 0
4930 1
4931 0
4932 1
4933 2
4934 0
4935 2
4936 1
4937 0
4938 1
4939 0
4940 1
4941 0
4942 3
4943 1
4944 0
4945 1
4946 2
4947 0
4948 1
4949 0
4950 2
4951 3
4952 0
4953 1
4954 0
4955 2
4956 1
4957 0
4958 2
4959 0
4960 2
4961 1
4962 0
4963 1
4964 2
4965 1
4966 2
4967 0
4968 2
4969 1
4970 2
4971 0
4972 3
4973 2
4974 0
4975 3
4976 0
4977 2
4978 1
4979 2
4980 1
4981 3
4982 2
4983 1
4984 3
4985 2
4986 1
4987 0
4988 2
4989 0
4990 1
4991 2
4992 3
4993 1
4994 2
4995 0
4996 2
4997 1
4998 2
4999 1
5000 0
5001 1
5002 0
5003 1
5004 2
5005 0
5006 1
5007 2
5008 0
5009 1
5010 0
5011 1
5012 0
5013 1
5014 2
5015 0
5016 1
5017 2
5018 0
5019 1
5020 2
5021 1
5022 0
5023 1
5024 2
5025 0
5026 1
5027 0
5028 2
5029 1
5030 0
5031 2
5032 0
5033 2
5034 3
5035 0
5036 1
5037 3
5038 0
5039 1
5040 0
5041 1
5042 0
5043 1
5044 0
5045 1
5046 0
5047 2
5048 0
5049 3
5050 2
5051 1
5052 0
5053 1
5054 0
5055 2
5056 1
5057 2
5058 0
5059 1
5060 0
5061 1
5062 2
5063 0
5064 1
5065 0
5066 1
5067 0
5068 1
5069 0
5070 1
5071 2
5072 1
5073 0
5074 1
5075 0
5076 1
5077 2
5078 0
5079 2
5080 1
5081 0
5082 1
5083 2
5084 3
5085 0
5086 1
5087 0
5088 1
5089 0
5090 2
5091 1
5092 2
5093 3
5094 0
5095 1
5096 2
5097 0
5098 1
5099 0
5100 1
5101 0
5102 1
5103 0
5104 1
5105 0
5106 1
5107 0
5108 1
5109 0
5110 1
5111 0
5112 1
5113 2
5114 0
5115 1
5116 0
5117 1
5118 2
5119 0
5120 2
5121 0
5122 2
5123 0
5124 1
5125 0
5126 1
5127 0
5128 1
5129 2
5130 1
5131 0
5132 1
5133 2
5134 0
5135 2
5136 1
5137 0
5138 2
5139 1
5140 0
5141 1
5142 0
5143 1
5144 2
5145 1
5146 0
5147 1
5148 2
5149 1
5150 2
5151 0
5152 2
5153 1
5154 2
5155 0
5156 2
5157 3
5158 0
5159 2
5160 1
5161 0
5162 2
5163 0
5164 2
5165 1
5166 0
5167 1
5168 0
5169 1
5170 2
5171 1
5172 0
5173 2
5174 1
5175 0
5176 1
5177 0
5178 1
5179 0
5180 2
5181 1
5182 0
5183 2
5184 0
5185 1
5186 0
5187 1
5188 2
5189 0
5190 1
5191 0
5192 2
5193 0
5194 1
5195 3
5196 0
5197 1
5198 2
5199 0
5200 2
5201 0
5202 1
5203 0
5204 2
5205 0
5206 2
5207 3
5208 0
5209 1
5210 2
5211 1
5212 0
5213 1
5214 0
5215 1
5216 0
5217 1
5218 0
5219 2
5220 1
5221 0
5222 1
5223 0
5224 2
5225 1
5226 2
5227 0
5228 1
5229 2
5230 0
5231 2
5232 0
5233 1
5234 0
5235 1
5236 0
5237 1
5238 0
5239 1
5240 2
5241 1
5242 0
5243 1
5244 0
5245 1
5246 0
5247 1
5248 2
5249 1
5250 0
5251 1
5252 0
5253 1
5254 0
5255 1
5256 2
5257 0
5258 3
5259 1
5260 2
5261 0
5262 2
5263 0
5264 1
5265 0
5266 1
5267 0
5268 1
5269 0
5270 2
5271 1
5272 0
5273 1
5274 2
5275 1
5276 0
5277 1
5278 0
5279 1
5280 0
5281 2
5282 0
5283 1
5284 0
5285 1
5286 0
5287 1
5288 0
5289 1
5290 0
5291 2
5292 1
5293 2
5294 0
5295 1
5296 0
5297 1
5298 2
5299 1
5300 2
5301 0
5302 2
5303 0
5304 2
5305 1
5306 2
5307 1
5308 0
5309 2
5310 0
5311 1
5312 0
5313 1
5314 0
5315 1
5316 0
5317 2
5318 0
5319 1
5320 0
5321 1
5322 0
5323 2
5324 0
5325 2
5326 0
5327 1
5328 0
5329 1
5330 2
5331 0
5332 1
5333 0
5334 1
5335 2
5336 0
5337 1
5338 2
5339 0
5340 1
5341 0
5342 1
5343 2
5344 1
5345 0
5346 1
5347 0
5348 1
5349 2
5350 1
5351 3
5352 2
5353 1
5354 2
5355 0
5356 2
5357 1
5358 2
5359 1
5360 0
5361 2
5362 1
5363 0
5364 1
5365 2
5366 1
5367 0
5368 1
5369 2
5370 0
5371 2
5372 1
5373 2
5374 1
5375 2
5376 1
5377 0
5378 1
5379 0
5380 1
5381 0
5382 1
5383 0
5384 1
5385 0
5386 2
5387 1
5388 0
5389 1
5390 0
5391 1
5392 0
5393 2
5394 1
5395 0
5396 2
5397 0
5398 2
5399 1
5400 0
5401 1
5402 2
5403 0
5404 1
5405 2
5406 0
5407 2
5408 0
5409 2
5410 1
5411 2
5412 1
5413 0
5414 1
5415 2
5416 0
5417 1
5418 0
5419 2
5420 1
5421 0
5422 1
5423 0
5424 2
5425 0
5426 1
5427 0
5428 1
5429 0
5430 1
5431 2
5432 0
5433 1
5434 0
5435 2
5436 1
5437 0
5438 1
5439 0
5440 1
5441 0
5442 1
5443 0
5444 1
5445 2
5446 1
5447 0
5448 1
5449 0
5450 1
5451 0
5452 1
5453 0
5454 1
5455 2
5456 0
5457 2
5458 0
5459 1
5460 2
5461 0
5462 1
5463 0
5464 1
5465 2
5466 0
5467 1
5468 0
5469 1
5470 3
5471 0
5472 1
5473 0
5474 2
5475 0
5476 2
5477 0
5478 2
5479 1
5480 0
5481 2
5482 0
5483 1
5484 0
5485 2
5486 0
5487 1
5488 0
5489 1
5490 2
5491 0
5492 1
5493 2
5494 1
5495 0
5496 2
5497 1
5498 0
5499 2
5500 3
5501 0
5502 2
5503 1
5504 0
5505 1
5506 2
5507 0
5508 1
5509 2
5510 0
5511 2
5512 0
5513 2
5514 0
5515 1
5516 0
5517 1
5518 0
5519 1
5520 0
5521 1
5522 2
5523 1
5524 2
5525 0
5526 1
5527 0
5528 1
5529 0
5530 1
5531 2
5532 1
5533 0
5534 1
5535 0
5536 1
5537 3
5538 2
5539 0
5540 2
5541 0
5542 1
5543 0
5544 1
5545 3
5546 2
5547 0
5548 1
5549 2
5550 1
5551 0
5552 1
5553 0
5554 2
5555 3
5556 1
5557 2
5558 1
5559 2
5560 0
5561 1
5562 0
5563 1
5564 2
5565 1
5566 0
5567 1
5568 0
5569 2
5570 1
5571 0
5572 1
5573 2
5574 0
5575 1
5576 2
5577 0
5578 1
5579 0
5580 1
5581 0
5582 2
5583 1
5584 0
5585 1
5586 2
5587 3
5588 1
5589 0
5590 1
5591 2
5592 1
5593 2
5594 1
5595 0
5596 1
5597 2
5598 1
5599 2
5600 0
5601 2
5602 1
5603 3
5604 0
5605 2
5606 1
5607 2
5608 0
5609 2
5610 1
5611 0
5612 1
5613 0
5614 1
5615 0
5616 1
5617 0
5618 2
5619 1
5620 2
5621 1
5622 0
5623 1
5624 0
5625 2
5626 0
5627 1
5628 0
5629 1
5630 2
5631 0
5632 1
5633 2
5634 0
5635 2
5636 1
5637 0
5638 1
5639 2
5640 0
5641 1
5642 0
5643 1
5644 2
5645 0
5646 2
5647 1
5648 2
5649 0
5650 1
5651 0
5652 1
5653 0
5654 2
5655 1
5656 0
5657 1
5658 0
5659 1
5660 2
5661 0
5662 1
5663 2
5664 1
5665 0
5666 1
5667 2
5668 1
5669 0
5670 1
5671 0
5672 3
5673 0
5674 2
5675 0
5676 2
5677 3
5678 0
5679 1
5680 2
5681 3
5682 2
5683 1
5684 3
5685 0
5686 1
5687 0
5688 2
5689 0
5690 3
5691 2
5692 0
5693 1
5694 2
5695 1
5696 0
5697 3
5698 1
5699 0
5700 2
5701 1
5702 2
5703 0
5704 1
5705 3
5706 2
5707 3
5708 1
5709 2
5710 0
5711 1
5712 2
5713 0
5714 1
5715 0
5716 1
5717 2
5718 0
5719 1
5720 2
5721 0
5722 1
5723 0
5724 2
5725 3
5726 0
5727 1
5728 2
5729 1
5730 0
5731 2
5732 1
5733 0
5734 1
5735 0
5736 1
5737 2
5738 1
5739 2
5740 0
5741 1
5742 0
5743 2
5744 1
5745 0
5746 1
5747 0
5748 2
5749 0
5750 2
5751 3
5752 1
5753 0
5754 1
5755 2
5756 0
5757 1
5758 2
5759 0
5760 2
5761 3
5762 1
5763 2
5764 1
5765 2
5766 1
5767 0
5768 1
5769 0
5770 3
5771 2
5772 0
5773 3
5774 1
5775 2
5776 1
5777 0
5778 2
5779 0
5780 1
5781 0
5782 2
5783 0
5784 1
5785 0
5786 1
5787 0
5788 2
5789 0
5790 1
5791 2
5792 0
5793 2
5794 1
5795 0
5796 1
5797 0
5798 1
5799 0
5800 1
5801 2
5802 0
5803 2
5804 3
5805 1
5806 0
5807 1
5808 2
5809 1
5810 2
5811 0
5812 2
5813 0
5814 2
5815 1
5816 2
5817 0
5818 2
5819 0
5820 1
5821 2
5822 0
5823 2
5824 3
5825 0
5826 2
5827 1
5828 0
5829 2
5830 1
5831 2
5832 0
5833 1
5834 0
5835 1
5836 0
5837 1
5838 0
5839 1
5840 0
5841 1
5842 0
5843 2
5844 0
5845 1
5846 2
5847 3
5848 0
5849 1
5850 3
5851 2
5852 0
5853 1
5854 0
5855 1
5856 0
5857 2
5858 1
5859 2
5860 0
5861 1
5862 0
5863 1
5864 0
5865 2
5866 1
5867 2
5868 1
5869 0
5870 1
5871 2
5872 1
5873 2
5874 0
5875 2
5876 1
5877 2
5878 0
5879 1
5880 0
5881 1
5882 0
5883 1
5884 0
5885 1
5886 0
5887 1
5888 0
5889 2
5890 1
5891 0
5892 2
5893 0
5894 1
5895 0
5896 1
5897 0
5898 1
5899 0
5900 1
5901 0
5902 1
5903 0
5904 2
5905 1
5906 0
5907 1
5908 0
5909 1
5910 0
5911 1
5912 0
5913 2
5914 0
5915 1
5916 0
5917 3
5918 2
5919 0
5920 1
5921 2
5922 1
5923 0
5924 1
5925 0
5926 1
5927 0
5928 2
5929 1
5930 0
5931 1
5932 0
5933 2
5934 0
5935 1
5936 2
5937 0
5938 2
5939 1
5940 0
5941 2
5942 1
5943 2
5944 0
5945 1
5946 2
5947 1
5948 2
5949 3
5950 0
5951 1
5952 0
5953 1
5954 2
5955 3
5956 0
5957 1
5958 2
5959 0
5960 1
5961 3
5962 0
5963 1
5964 0
5965 2
5966 0
5967 2
5968 0
5969 2
5970 1
5971 0
5972 2
5973 1
5974 2
5975 3
5976 1
5977 3
5978 2
5979 3
5980 0
5981 1
5982 0
5983 1
5984 2
5985 0
5986 1
5987 2
5988 1
5989 0
5990 2
5991 1
5992 2
5993 0
5994 1
5995 2
5996 0
5997 1
5998 0
5999 1
6000 2
6001 0
6002 1
6003 2
6004 0
6005 1
6006 0
6007 2
6008 0
6009 1
6010 0
6011 1
6012 0
6013 1
6014 0
6015 2
6016 1
6017 0
6018 2
6019 1
6020 2
6021 0
6022 1
6023 0
6024 1
6025 2
6026 0
6027 1
6028 0
6029 2
6030 1
6031 0
6032 1
6033 2
6034 1
6035 2
6036 0
6037 2
6038 1
6039 0
6040 3
6041 2
6042 0
6043 2
6044 1
6045 0
6046 1
6047 0
6048 2
6049 0
6050 2
6051 1
6052 0
6053 1
6054 0
6055 2
6056 0
6057 1
6058 2
6059 0
6060 2
6061 1
6062 0
6063 2
6064 1
6065 0
6066 1
6067 3
6068 2
6069 0
6070 2
6071 1
6072 2
6073 1
6074 0
6075 1
6076 0
6077 1
6078 0
6079 1
6080 0
6081 1
6082 0
6083 1
6084 2
6085 0
6086 1
6087 2
6088 0
6089 1
6090 2
6091 1
6092 0
6093 1
6094 2
6095 0
6096 2
6097 0
6098 2
6099 0
6100 2
6101 0
6102 1
6103 0
6104 3
6105 2
6106 0
6107 1
6108 0
6109 2
6110 3
6111 1
6112 2
6113 1
6114 0
6115 1
6116 2
6117 1
6118 0
6119 1
6120 0
6121 2
6122 1
6123 0
6124 2
6125 0
6126 2
6127 0
6128 2
6129 1
6130 0
6131 2
6132 1
6133 0
6134 3
6135 2
6136 1
6137 2
6138 0
6139 2
6140 1
6141 2
6142 0
6143 1
6144 0
6145 2
6146 1
6147 2
6148 0
6149 1
6150 2
6151 1
6152 2
6153 1
6154 0
6155 2
6156 1
6157 0
6158 1
6159 2
6160 0
6161 1
6162 0
6163 1
6164 0
6165 2
6166 0
6167 1
6168 0
6169 1
6170 0
6171 1
6172 2
6173 0
6174 2
6175 0
6176 2
6177 1
6178 0
6179 1
6180 0
6181 2
6182 0
6183 1
6184 0
6185 1
6186 0
6187 2
6188 0
6189 1
6190 2
6191 3
6192 2
6193 0
6194 1
6195 2
6196 0
6197 2
6198 1
6199 0
6200 1
6201 0
6202 2
6203 3
6204 0
6205 1
6206 2
6207 0
6208 1
6209 0
6210 1
6211 2
6212 0
6213 1
6214 2
6215 1
6216 2
6217 1
6218 0
6219 3
6220 0
6221 2
6222 0
6223 3
6224 1
6225 2
6226 1
6227 0
6228 1
6229 0
6230 2
6231 1
6232 2
6233 0
6234 1
6235 2
6236 0
6237 1
6238 0
6239 1
6240 0
6241 2
6242 1
6243 2
6244 0
6245 1
6246 0
6247 2
6248 0
6249 3
6250 2
6251 1
6252 0
6253 2
6254 0
6255 2
6256 1
6257 2
6258 1
6259 2
6260 0
6261 2
6262 1
6263 0
6264 2
6265 3
6266 1
6267 2
6268 1
6269 0
6270 1
6271 2
6272 1
6273 0
6274 2
6275 1
6276 2
6277 1
6278 0
6279 2
6280 1
6281 2
6282 0
6283 1
6284 0
6285 1
6286 0
6287 1
6288 2
6289 0
6290 1
6291 0
6292 1
6293 2
6294 0
6295 1
6296 2
6297 1
6298 2
6299 0
6300 1
6301 0
6302 1
6303 0
6304 1
6305 0
6306 2
6307 0
6308 1
6309 2
6310 1
6311 0
6312 1
6313 0
6314 2
6315 0
6316 2
6317 1
6318 0
6319 1
6320 0
6321 1
6322 0
6323 1
6324 0
6325 1
6326 2
6327 0
6328 1
6329 0
6330 2
6331 1
6332 0
6333 3
6334 2
6335 1
6336 0
6337 1
6338 0
6339 2
6340 0
6341 1
6342 0
6343 1
6344 2
6345 0
6346 1
6347 2
6348 0
6349 1
6350 0
6351 1
6352 2
6353 0
6354 1
6355 2
6356 1
6357 0
6358 1
6359 2
6360 0
6361 1
6362 2
6363 0
6364 2
6365 0
6366 2
6367 1
6368 2
6369 3
6370 0
6371 1
6372 0
6373 2
6374 1
6375 2
6376 3
6377 0
6378 1
6379 0
6380 1
6381 0
6382 1
6383 0
6384 1
6385 0
6386 2
6387 1
6388 0
6389 1
6390 2
6391 0
6392 1
6393 0
6394 3
6395 1
6396 3
6397 0
6398 2
6399 0
6400 2
6401 1
6402 0
6403 1
6404 0
6405 1
6406 0
6407 2
6408 1
6409 2
6410 0
6411 2
6412 1
6413 0
6414 2
6415 1
6416 2
6417 0
6418 1
6419 2
6420 0
6421 2
6422 1
6423 0
6424 2
6425 1
6426 3
6427 2
6428 0
6429 1
6430 0
6431 2
6432 0
6433 1
6434 2
6435 0
6436 1
6437 3
6438 0
6439 1
6440 0
6441 1
6442 0
6443 1
6444 0
6445 1
6446 2
6447 0
6448 2
6449 0
6450 1
6451 0
6452 2
6453 0
6454 1
6455 0
6456 1
6457 0
6458 1
6459 2
6460 1
6461 2
6462 1
6463 2
6464 1
6465 0
6466 1
6467 2
6468 3
6469 0
6470 2
6471 1
6472 0
6473 1
6474 0
6475 1
6476 0
6477 2
6478 1
6479 0
6480 2
6481 1
6482 0
6483 1
6484 2
6485 3
6486 1
6487 2
6488 0
6489 2
6490 0
6491 2
6492 1
6493 2
6494 0
6495 1
6496 0
6497 2
6498 1
6499 0
6500 3
6501 2
6502 1
6503 3
6504 2
6505 1
6506 2
6507 0
6508 1
6509 0
6510 1
6511 2
6512 0
6513 2
6514 1
6515 2
6516 1
6517 0
6518 1
6519 2
6520 0
6521 2
6522 1
6523 0
6524 2
6525 1
6526 2
6527 0
6528 2
6529 0
6530 2
6531 0
6532 2
6533 1
6534 0
6535 1
6536 2
6537 1
6538 0
6539 1
6540 2
6541 0
6542 1
6543 0
6544 2
6545 1
6546 0
6547 1
6548 0
6549 2
6550 1
6551 2
6552 1
6553 2
6554 0
6555 1
6556 0
6557 1
6558 2
6559 1
6560 0
6561 1
6562 0
6563 1
6564 0
6565 1
6566 0
6567 2
6568 1
6569 0
6570 1
6571 2
6572 3
6573 1
6574 2
6575 0
6576 1
6577 0
6578 2
6579 0
6580 1
6581 0
6582 2
6583 1
6584 3
6585 0
6586 1
6587 0
6588 1
6589 2
6590 1
6591 2
6592 1
6593 0
6594 1
6595 2
6596 3
6597 1
6598 0
6599 3
6600 1
6601 0
6602 2
6603 1
6604 0
6605 2
6606 0
6607 1
6608 0
6609 1
6610 0
6611 2
6612 0
6613 1
6614 0
6615 1
6616 0
6617 1
6618 0
6619 1
6620 2
6621 3
6622 0
6623 1
6624 0
6625 1
6626 2
6627 1
6628 0
6629 2
6630 3
6631 1
6632 2
6633 1
6634 2
6635 0
6636 1
6637 2
6638 1
6639 0
6640 2
6641 0
6642 1
6643 0
6644 1
6645 2
6646 0
6647 2
6648 0
6649 1
6650 0
6651 2
6652 0
6653 1
6654 0
6655 1
6656 0
6657 1
6658 0
6659 2
6660 1
6661 0
6662 1
6663 0
6664 1
6665 2
6666 1
6667 2
6668 1
6669 0
6670 1
6671 0
6672 2
6673 0
6674 1
6675 0
6676 2
6677 1
6678 0
6679 2
6680 0
6681 2
6682 0
6683 1
6684 0
6685 1
6686 0
6687 1
6688 2
6689 1
6690 0
6691 2
6692 1
6693 0
6694 1
6695 0
6696 2
6697 1
6698 0
6699 1
6700 0
6701 2
6702 0
6703 1
6704 2
6705 0
6706 1
6707 2
6708 0
6709 1
6710 0
6711 2
6712 0
6713 2
6714 0
6715 1
6716 0
6717 1
6718 3
6719 1
6720 0
6721 2
6722 3
6723 0
6724 1
6725 3
6726 2
6727 1
6728 0
6729 1
6730 2
6731 0
6732 1
6733 2
6734 0
6735 2
6736 1
6737 0
6738 2
6739 1
6740 0
6741 1
6742 2
6743 1
6744 2
6745 0
6746 2
6747 1
6748 0
6749 1
6750 0
6751 1
6752 2
6753 3
6754 1
6755 0
6756 1
6757 2
6758 3
6759 0
6760 2
6761 1
6762 0
6763 1
6764 2
6765 0
6766 2
6767 1
6768 2
6769 1
6770 2
6771 0
6772 1
6773 3
6774 1
6775 2
6776 0
6777 2
6778 1
6779 0
6780 1
6781 2
6782 0
6783 1
6784 2
6785 0
6786 1
6787 2
6788 1
6789 0
6790 1
6791 2
6792 0
6793 1
6794 2
6795 1
6796 0
6797 1
6798 2
6799 0
6800 1
6801 0
6802 1
6803 0
6804 2
6805 1
6806 0
6807 3
6808 1
6809 0
6810 1
6811 0
6812 1
6813 0
6814 1
6815 0
6816 1
6817 3
6818 2
6819 1
6820 0
6821 1
6822 0
6823 2
6824 0
6825 2
6826 1
6827 2
6828 0
6829 1
6830 0
6831 1
6832 2
6833 0
6834 2
6835 1
6836 0
6837 2
6838 0
6839 2
6840 1
6841 2
6842 1
6843 0
6844 2
6845 1
6846 2
6847 1
6848 0
6849 1
6850 0
6851 2
6852 1
6853 0
6854 1
6855 0
6856 1
6857 2
6858 0
6859 1
6860 0
6861 1
6862 0
6863 1
6864 2
6865 0
6866 1
6867 2
6868 1
6869 0
6870 1
6871 0
6872 2
6873 1
6874 0
6875 1
6876 0
6877 2
6878 1
6879 2
6880 0
6881 1
6882 3
6883 2
6884 0
6885 1
6886 0
6887 1
6888 2
6889 1
6890 0
6891 1
6892 0
6893 1
6894 0
6895 2
6896 1
6897 0
6898 2
6899 3
6900 0
6901 2
6902 1
6903 2
6904 1
6905 0
6906 1
6907 0
6908 1
6909 2
6910 0
6911 1
6912 2
6913 1
6914 0
6915 1
6916 0
6917 2
6918 1
6919 2
6920 0
6921 2
6922 0
6923 2
6924 0
6925 1
6926 0
6927 1
6928 2
6929 0
6930 2
6931 1
6932 2
6933 1
6934 2
6935 1
6936 2
6937 0
6938 2
6939 3
6940 0
6941 1
6942 0
6943 2
6944 0
6945 1
6946 2
6947 0
6948 2
6949 1
6950 3
6951 0
6952 1
6953 2
6954 1
6955 0
6956 1
6957 0
6958 1
6959 2
6960 0
6961 2
6962 3
6963 0
6964 2
6965 3
6966 0
6967 1
6968 0
6969 1
6970 2
6971 0
6972 2
6973 0
6974 2
6975 1
6976 2
6977 0
6978 1
6979 2
6980 1
6981 0
6982 2
6983 1
6984 0
6985 1
6986 0
6987 2
6988 0
6989 2
6990 0
6991 1
6992 2
6993 0
6994 2
6995 1
6996 0
6997 2
6998 0
6999 2
7000 1
7001 0
7002 2
7003 1
7004 2
7005 1
7006 2
7007 0
7008 1
7009 3
7010 0
7011 1
7012 3
7013 1
7014 0
7015 1
7016 0
7017 2
7018 1
7019 2
7020 0
7021 1
7022 0
7023 1
7024 0
7025 2
7026 1
7027 0
7028 1
7029 2
7030 1
7031 0
7032 1
7033 2
7034 0
7035 2
7036 0
7037 1
7038 0
7039 1
7040 0
7041 1
7042 0
7043 1
7044 2
7045 0
7046 1
7047 0
7048 2
7049 1
7050 0
7051 1
7052 2
7053 0
7054 1
7055 2
7056 3
7057 1
7058 2
7059 0
7060 2
7061 0
7062 2
7063 0
7064 1
7065 0
7066 1
7067 2
7068 3
7069 0
7070 2
7071 0
7072 2
7073 1
7074 0
7075 1
7076 0
7077 3
7078 1
7079 2
7080 0
7081 2
7082 0
7083 2
7084 0
7085 1
7086 0
7087 3
7088 2
7089 0
7090 2
7091 1
7092 0
7093 2
7094 0
7095 2
7096 3
7097 1
7098 2
7099 3
7100 0
7101 1
7102 0
7103 2
7104 0
7105 2
7106 1
7107 0
7108 1
7109 0
7110 1
7111 2
7112 1
7113 0
7114 2
7115 1
7116 0
7117 1
7118 2
7119 0
7120 2
7121 3
7122 1
7123 0
7124 1
7125 2
7126 1
7127 0
7128 1
7129 0
7130 2
7131 0
7132 1
7133 0
7134 2
7135 1
7136 2
7137 1
7138 0
7139 1
7140 0
7141 2
7142 1
7143 2
7144 0
7145 1
7146 3
7147 1
7148 0
7149 1
7150 0
7151 1
7152 0
7153 2
7154 1
7155 3
7156 0
7157 2
7158 1
7159 0
7160 1
7161 0
7162 1
7163 0
7164 2
7165 1
7166 0
7167 1
7168 0
7169 1
7170 2
7171 1
7172 0
7173 2
7174 0
7175 2
7176 0
7177 1
7178 2
7179 0
7180 1
7181 2
7182 0
7183 1
7184 0
7185 2
7186 1
7187 0
7188 2
7189 0
7190 2
7191 1
7192 0
7193 2
7194 1
7195 2
7196 1
7197 2
7198 0
7199 2
7200 1
7201 0
7202 2
7203 1
7204 0
7205 2
7206 0
7207 1
7208 0
7209 1
7210 0
7211 1
7212 2
7213 1
7214 0
7215 1
7216 2
7217 1
7218 2
7219 1
7220 0
7221 2
7222 3
7223 1
7224 0
7225 1
7226 2
7227 0
7228 1
7229 0
7230 2
7231 1
7232 0
7233 1
7234 0
7235 1
7236 2
7237 1
7238 0
7239 2
7240 1
7241 2
7242 0
7243 1
7244 2
7245 3
7246 0
7247 1
7248 2
7249 1
7250 2
7251 0
7252 2
7253 0
7254 1
7255 0
7256 2
7257 1
7258 3
7259 0
7260 1
7261 0
7262 2
7263 1
7264 0
7265 1
7266 0
7267 1
7268 0
7269 1
7270 2
7271 3
7272 1
7273 2
7274 0
7275 2
7276 1
7277 0
7278 1
7279 2
7280 1
7281 0
7282 1
7283 2
7284 0
7285 1
7286 0
7287 1
7288 0
7289 1
7290 2
7291 0
7292 1
7293 0
7294 1
7295 2
7296 0
7297 2
7298 0
7299 1
7300 2
7301 0
7302 1
7303 0
7304 2
7305 1
7306 0
7307 2
7308 3
7309 0
7310 1
7311 0
7312 1
7313 2
7314 3
7315 1
7316 2
7317 0
7318 1
7319 0
7320 1
7321 0
7322 2
7323 3
7324 0
7325 1
7326 0
7327 2
7328 0
7329 1
7330 0
7331 1
7332 2
7333 1
7334 0
7335 2
7336 1
7337 0
7338 1
7339 0
7340 3
7341 2
7342 1
7343 2
7344 0
7345 1
7346 0
7347 2
7348 0
7349 1
7350 0
7351 1
7352 0
7353 1
7354 3
7355 2
7356 1
7357 0
7358 1
7359 0
7360 1
7361 0
7362 1
7363 2
7364 1
7365 0
7366 1
7367 0
7368 1
7369 0
7370 1
7371 0
7372 1
7373 2
7374 0
7375 2
7376 1
7377 0
7378 1
7379 0
7380 1
7381 2
7382 0
7383 1
7384 0
7385 3
7386 1
7387 0
7388 1
7389 3
7390 2
7391 0
7392 1
7393 3
7394 2
7395 1
7396 0
7397 1
7398 0
7399 3
7400 1
7401 2
7402 0
7403 1
7404 0
7405 1
7406 2
7407 0
7408 1
7409 2
7410 0
7411 1
7412 0
7413 2
7414 1
7415 0
7416 1
7417 2
7418 0
7419 1
7420 3
7421 2
7422 0
7423 1
7424 0
7425 2
7426 3
7427 1
7428 2
7429 0
7430 1
7431 2
7432 1
7433 2
7434 0
7435 1
7436 2
7437 1
7438 2
7439 0
7440 1
7441 0
7442 1
7443 2
7444 1
7445 2
7446 0
7447 1
7448 2
7449 1
7450 2
7451 0
7452 1
7453 0
7454 1
7455 0
7456 2
7457 0
7458 1
7459 3
7460 0
7461 1
7462 2
7463 0
7464 2
7465 1
7466 0
7467 1
7468 0
7469 1
7470 0
7471 1
7472 0
7473 2
7474 0
7475 1
7476 0
7477 1
7478 2
7479 0
7480 1
7481 0
7482 2
7483 1
7484 0
7485 1
7486 0
7487 1
7488 2
7489 0
7490 2
7491 0
7492 2
7493 0
7494 1
7495 2
7496 1
7497 2
7498 0
7499 1
7500 0
7501 1
7502 0
7503 1
7504 2
7505 0
7506 3
7507 2
7508 1
7509 0
7510 1
7511 0
7512 1
7513 2
7514 1
7515 0
7516 1
7517 2
7518 1
7519 2
7520 0
7521 2
7522 0
7523 1
7524 3
7525 1
7526 0
7527 2
7528 1
7529 2
7530 1
7531 0
7532 1
7533 0
7534 1
7535 0
7536 1
7537 2
7538 3
7539 1
7540 0
7541 2
7542 1
7543 2
7544 0
7545 1
7546 2
7547 0
7548 2
7549 1
7550 0
7551 1
7552 2
7553 0
7554 1
7555 2
7556 0
7557 2
7558 0
7559 2
7560 0
7561 2
7562 1
7563 2
7564 0
7565 1
7566 2
7567 0
7568 1
7569 0
7570 1
7571 2
7572 0
7573 2
7574 0
7575 1
7576 0
7577 1
7578 2
7579 0
7580 2
7581 1
7582 0
7583 1
7584 0
7585 2
7586 1
7587 0
7588 2
7589 0
7590 1
7591 2
7592 0
7593 2
7594 0
7595 2
7596 1
7597 0
7598 1
7599 3
7600 2
7601 0
7602 1
7603 2
7604 0
7605 2
7606 1
7607 0
7608 1
7609 0
7610 1
7611 0
7612 1
7613 0
7614 1
7615 0
7616 1
7617 2
7618 3
7619 1
7620 0
7621 2
7622 1
7623 2
7624 0
7625 2
7626 0
7627 1
7628 2
7629 1
7630 0
7631 1
7632 2
7633 1
7634 2
7635 0
7636 2
7637 1
7638 0
7639 2
7640 1
7641 0
7642 1
7643 2
7644 0
7645 1
7646 2
7647 0
7648 2
7649 1
7650 0
7651 1
7652 2
7653 1
7654 0
7655 2
7656 0
7657 2
7658 0
7659 1
7660 0
7661 3
7662 1
7663 2
7664 3
7665 1
7666 0
7667 2
7668 1
7669 0
7670 1
7671 0
7672 1
7673 2
7674 3
7675 1
7676 2
7677 0
7678 1
7679 0
7680 1
7681 2
7682 0
7683 2
7684 1
7685 0
7686 1
7687 0
7688 1
7689 0
7690 3
7691 2
7692 1
7693 0
7694 1
7695 2
7696 0
7697 2
7698 0
7699 2
7700 0
7701 1
7702 0
7703 1
7704 0
7705 1
7706 0
7707 3
7708 2
7709 0
7710 1
7711 0
7712 1
7713 2
7714 0
7715 1
7716 0
7717 1
7718 0
7719 1
7720 0
7721 1
7722 2
7723 0
7724 2
7725 1
7726 0
7727 1
7728 2
7729 1
7730 2
7731 0
7732 1
7733 0
7734 2
7735 1
7736 0
7737 1
7738 3
7739 0
7740 2
7741 0
7742 1
7743 2
7744 1
7745 0
7746 1
7747 0
7748 1
7749 0
7750 1
7751 2
7752 3
7753 0
7754 2
7755 0
7756 1
7757 2
7758 0
7759 1
7760 2
7761 0
7762 2
7763 1
7764 2
7765 0
7766 1
7767 2
7768 0
7769 1
7770 0
7771 1
7772 0
7773 1
7774 0
7775 2
7776 0
7777 2
7778 3
7779 1
7780 0
7781 1
7782 0
7783 2
7784 1
7785 2
7786 0
7787 2
7788 0
7789 2
7790 0
7791 2
7792 1
7793 2
7794 1
7795 2
7796 0
7797 1
7798 0
7799 1
7800 0
7801 1
7802 0
7803 1
7804 0
7805 1
7806 2
7807 0
7808 1
7809 2
7810 0
7811 2
7812 1
7813 2
7814 0
7815 1
7816 2
7817 1
7818 2
7819 0
7820 1
7821 2
7822 1
7823 0
7824 3
7825 1
7826 2
7827 0
7828 1
7829 0
7830 1
7831 0
7832 1
7833 0
7834 1
7835 3
7836 1
7837 0
7838 1
7839 2
7840 0
7841 2
7842 1
7843 0
7844 2
7845 1
7846 0
7847 1
7848 0
7849 1
7850 2
7851 1
7852 0
7853 1
7854 0
7855 1
7856 0
7857 1
7858 0
7859 2
7860 1
7861 2
7862 0
7863 2
7864 1
7865 0
7866 2
7867 1
7868 0
7869 1
7870 0
7871 1
7872 0
7873 1
7874 0
7875 1
7876 2
7877 0
7878 1
7879 2
7880 0
7881 2
7882 3
7883 0
7884 2
7885 0
7886 2
7887 1
7888 0
7889 1
7890 0
7891 2
7892 1
7893 0
7894 2
7895 1
7896 2
7897 1
7898 0
7899 2
7900 1
7901 0
7902 2
7903 0
7904 2
7905 0
7906 1
7907 0
7908 2
7909 1
7910 0
7911 1
7912 0
7913 1
7914 0
7915 1
7916 0
7917 1
7918 0
7919 1
7920 2
7921 1
7922 0
7923 2
7924 1
7925 0
7926 2
7927 1
7928 0
7929 2
7930 1
7931 0
7932 1
7933 0
7934 1
7935 2
7936 0
7937 2
7938 1
7939 2
7940 0
7941 2
7942 0
7943 1
7944 0
7945 1
7946 2
7947 0
7948 1
7949 0
7950 2
7951 1
7952 0
7953 1
7954 0
7955 1
7956 2
7957 3
7958 0
7959 2
7960 1
7961 0
7962 1
7963 2
7964 0
7965 2
7966 1
7967 2
7968 0
7969 2
7970 0
7971 1
7972 0
7973 1
7974 0
7975 1
7976 2
7977 1
7978 3
7979 2
7980 0
7981 1
7982 2
7983 0
7984 1
7985 0
7986 1
7987 2
7988 1
7989 0
7990 1
7991 0
7992 2
7993 1
7994 0
7995 2
7996 1
7997 2
7998 1
7999 0
8000 1
8001 0
8002 1
8003 2
8004 0
8005 2
8006 0
8007 1
8008 0
8009 2
8010 0
8011 1
8012 2
8013 0
8014 3
8015 0
8016 1
8017 0
8018 2
8019 1
8020 2
8021 1
8022 2
8023 3
8024 0
8025 1
8026 0
8027 2
8028 1
8029 2
8030 0
8031 1
8032 0
8033 1
8034 0
8035 1
8036 2
8037 0
8038 2
8039 0
8040 2
8041 0
8042 1
8043 2
8044 0
8045 3
8046 1
8047 0
8048 1
8049 0
8050 1
8051 0
8052 2
8053 1
8054 0
8055 1
8056 0
8057 2
8058 1
8059 2
8060 0
8061 2
8062 0
8063 1
8064 2
8065 1
8066 2
8067 1
8068 0
8069 1
8070 0
8071 1
8072 0
8073 3
8074 1
8075 0
8076 1
8077 2
8078 0
8079 2
8080 1
8081 0
8082 2
8083 0
8084 1
8085 0
8086 2
8087 0
8088 1
8089 0
8090 1
8091 2
8092 0
8093 1
8094 0
8095 1
8096 2
8097 0
8098 1
8099 0
8100 1
8101 0
8102 2
8103 0
8104 1
8105 0
8106 1
8107 0
8108 1
8109 2
8110 1
8111 0
8112 1
8113 2
8114 0
8115 2
8116 1
8117 0
8118 1
8119 2
8120 0
8121 2
8122 1
8123 2
8124 0
8125 1
8126 2
8127 0
8128 1
8129 3
8130 0
8131 2
8132 1
8133 0
8134 1
8135 0
8136 1
8137 0
8138 1
8139 0
8140 1
8141 2
8142 0
8143 1
8144 2
8145 1
8146 0
8147 2
8148 3
8149 1
8150 0
8151 1
8152 0
8153 1
8154 2
8155 3
8156 1
8157 0
8158 1
8159 2
8160 0
8161 1
8162 2
8163 1
8164 0
8165 1
8166 3
8167 2
8168 1
8169 0
8170 1
8171 2
8172 0
8173 1
8174 0
8175 2
8176 1
8177 0
8178 2
8179 1
8180 2
8181 0
8182 1
8183 2
8184 3
8185 1
8186 2
8187 0
8188 2
8189 3
8190 0
8191 1
8192 2
8193 0
8194 1
8195 0
8196 2
8197 1
8198 0
8199 2
8200 1
8201 2
8202 0
8203 1
8204 0
8205 1
8206 0
8207 1
8208 2
8209 1
8210 2
8211 0
8212 1
8213 0
8214 2
8215 0
8216 1
8217 2
8218 1
8219 2
8220 0
8221 2
8222 1
8223 0
8224 3
8225 1
8226 2
8227 1
8228 3
8229 2
8230 1
8231 0
8232 2
8233 1
8234 2
8235 0
8236 2
8237 1
8238 2
8239 0
8240 2
8241 1
8242 0
8243 1
8244 0
8245 1
8246 0
8247 2
8248 0
8249 2
8250 0
8251 1
8252 2
8253 0
8254 1
8255 2
8256 3
8257 1
8258 0
8259 1
8260 2
8261 1
8262 0
8263 1
8264 0
8265 1
8266 2
8267 0
8268 2
8269 0
8270 2
8271 0
8272 1
8273 0
8274 1
8275 2
8276 1
8277 2
8278 1
8279 0
8280 1
8281 0
8282 2
8283 0
8284 1
8285 0
8286 2
8287 1
8288 3
8289 0
8290 2
8291 0
8292 3
8293 2
8294 0
8295 1
8296 2
8297 0
8298 1
8299 2
8300 3
8301 1
8302 0
8303 1
8304 0
8305 1
8306 0
8307 2
8308 3
8309 1
8310 0
8311 1
8312 0
8313 1
8314 0
8315 1
8316 0
8317 2
8318 0
8319 1
8320 2
8321 1
8322 0
8323 1
8324 0
8325 3
8326 2
8327 1
8328 2
8329 3
8330 1
8331 2
8332 0
8333 1
8334 0
8335 2
8336 0
8337 1
8338 2
8339 0
8340 2
8341 1
8342 0
8343 2
8344 0
8345 2
8346 0
8347 1
8348 0
8349 1
8350 0
8351 2
8352 1
8353 2
8354 0
8355 1
8356 0
8357 2
8358 1
8359 0
8360 1
8361 0
8362 1
8363 2
8364 1
8365 0
8366 2
8367 0
8368 1
8369 0
8370 1
8371 0
8372 1
8373 0
8374 1
8375 2
8376 0
8377 2
8378 0
8379 1
8380 0
8381 1
8382 0
8383 1
8384 2
8385 0
8386 1
8387 0
8388 2
8389 3
8390 0
8391 1
8392 2
8393 0
8394 1
8395 2
8396 1
8397 0
8398 2
8399 1
8400 3
8401 2
8402 0
8403 1
8404 2
8405 0
8406 2
8407 1
8408 0
8409 2
8410 1
8411 2
8412 0
8413 1
8414 0
8415 2
8416 1
8417 0
8418 1
8419 0
8420 2
8421 0
8422 1
8423 0
8424 2
8425 0
8426 1
8427 0
8428 2
8429 1
8430 2
8431 0
8432 1
8433 0
8434 1
8435 0
8436 1
8437 0
8438 1
8439 2
8440 0
8441 2
8442 0
8443 2
8444 1
8445 0
8446 1
8447 2
8448 1
8449 2
8450 0
8451 1
8452 2
8453 0
8454 1
8455 0
8456 1
8457 3
8458 2
8459 0
8460 2
8461 0
8462 1
8463 0
8464 1
8465 2
8466 0
8467 1
8468 0
8469 1
8470 2
8471 0
8472 1
8473 0
8474 1
8475 0
8476 2
8477 0
8478 2
8479 0
8480 1
8481 3
8482 2
8483 0
8484 2
8485 1
8486 0
8487 2
8488 0
8489 1
8490 0
8491 2
8492 0
8493 2
8494 1
8495 2
8496 1
8497 2
8498 0
8499 2
8500 3
8501 1
8502 0
8503 2
8504 0
8505 2
8506 0
8507 3
8508 1
8509 2
8510 1
8511 2
8512 1
8513 0
8514 1
8515 2
8516 0
8517 2
8518 1
8519 2
8520 0
8521 2
8522 0
8523 1
8524 0
8525 1
8526 0
8527 1
8528 0
8529 1
8530 2
8531 1
8532 0
8533 2
8534 0
8535 1
8536 3
8537 0
8538 1
8539 0
8540 1
8541 0
8542 2
8543 1
8544 0
8545 2
8546 1
8547 0
8548 1
8549 0
8550 1
8551 0
8552 2
8553 0
8554 1
8555 2
8556 1
8557 0
8558 2
8559 1
8560 0
8561 1
8562 0
8563 1
8564 2
8565 0
8566 1
8567 2
8568 0
8569 1
8570 0
8571 1
8572 0
8573 1
8574 0
8575 2
8576 0
8577 2
8578 1
8579 2
8580 0
8581 2
8582 1
8583 3
8584 2
8585 1
8586 2
8587 1
8588 0
8589 2
8590 1
8591 2
8592 1
8593 0
8594 1
8595 2
8596 0
8597 1
8598 0
8599 1
8600 0
8601 2
8602 1
8603 0
8604 1
8605 0
8606 1
8607 0
8608 1
8609 2
8610 0
8611 1
8612 0
8613 1
8614 0
8615 1
8616 2
8617 3
8618 1
8619 2
8620 1
8621 2
8622 0
8623 1
8624 2
8625 1
8626 0
8627 1
8628 0
8629 3
8630 1
8631 0
8632 1
8633 0
8634 1
8635 0
8636 2
8637 0
8638 1
8639 0
8640 1
8641 2
8642 0
8643 1
8644 0
8645 1
8646 0
8647 2
8648 1
8649 2
8650 0
8651 2
8652 1
8653 2
8654 0
8655 1
8656 0
8657 2
8658 1
8659 2
8660 1
8661 0
8662 1
8663 2
8664 0
8665 1
8666 0
8667 2
8668 1
8669 0
8670 1
8671 2
8672 0
8673 1
8674 2
8675 0
8676 1
8677 0
8678 1
8679 2
8680 0
8681 2
8682 1
8683 2
8684 0
8685 2
8686 1
8687 0
8688 1
8689 0
8690 2
8691 0
8692 1
8693 2
8694 0
8695 2
8696 1
8697 0
8698 1
8699 0
8700 1
8701 0
8702 2
8703 1
8704 2
8705 0
8706 1
8707 0
8708 1
8709 2
8710 3
8711 0
8712 2
8713 1
8714 0
8715 2
8716 1
8717 0
8718 1
8719 0
8720 1
8721 0
8722 1
8723 0
8724 1
8725 0
8726 1
8727 2
8728 0
8729 1
8730 2
8731 1
8732 0
8733 2
8734 1
8735 2
8736 1
8737 0
8738 1
8739 0
8740 1
8741 0
8742 1
8743 2
8744 1
8745 0
8746 1
8747 2
8748 0
8749 1
8750 0
8751 1
8752 0
8753 1
8754 2
8755 0
8756 3
8757 1
8758 0
8759 1
8760 2
8761 0
8762 1
8763 2
8764 1
8765 2
8766 0
8767 2
8768 3
8769 1
8770 2
8771 0
8772 1
8773 0
8774 1
8775 2
8776 0
8777 2
8778 1
8779 0
8780 3
8781 1
8782 3
8783 0
8784 1
8785 2
8786 0
8787 2
8788 0
8789 2
8790 0
8791 1
8792 0
8793 1
8794 0
8795 1
8796 2
8797 0
8798 2
8799 0
8800 1
8801 2
8802 0
8803 1
8804 2
8805 0
8806 1
8807 0
8808 1
8809 0
8810 1
8811 3
8812 2
8813 0
8814 1
8815 0
8816 1
8817 2
8818 1
8819 0
8820 2
8821 3
8822 0
8823 2
8824 1
8825 0
8826 1
8827 2
8828 0
8829 1
8830 0
8831 1
8832 2
8833 3
8834 1
8835 0
8836 1
8837 0
8838 1
8839 2
8840 0
8841 1
8842 0
8843 1
8844 2
8845 0
8846 1
8847 0
8848 1
8849 2
8850 1
8851 2
8852 1
8853 2
8854 0
8855 1
8856 2
8857 0
8858 1
8859 2
8860 1
8861 0
8862 1
8863 0
8864 1
8865 2
8866 3
8867 0
8868 3
8869 1
8870 2
8871 0
8872 1
8873 2
8874 0
8875 1
8876 0
8877 2
8878 1
8879 0
8880 1
8881 2
8882 0
8883 1
8884 0
8885 1
8886 2
8887 3
8888 0
8889 2
8890 0
8891 1
8892 2
8893 0
8894 1
8895 0
8896 1
8897 0
8898 1
8899 0
8900 2
8901 1
8902 2
8903 1
8904 0
8905 1
8906 0
8907 1
8908 0
8909 1
8910 0
8911 1
8912 0
8913 1
8914 2
8915 0
8916 1
8917 0
8918 1
8919 2
8920 0
8921 2
8922 0
8923 1
8924 0
8925 2
8926 0
8927 2
8928 1
8929 0
8930 1
8931 2
8932 1
8933 2
8934 1
8935 0
8936 1
8937 0
8938 2
8939 0
8940 2
8941 1
8942 0
8943 2
8944 1
8945 2
8946 0
8947 2
8948 1
8949 0
8950 1
8951 2
8952 1
8953 2
8954 0
8955 2
8956 1
8957 2
8958 0
8959 3
8960 2
8961 0
8962 1
8963 0
8964 1
8965 0
8966 1
8967 0
8968 1
8969 0
8970 2
8971 1
8972 0
8973 1
8974 2
8975 0
8976 1
8977 2
8978 1
8979 2
8980 1
8981 0
8982 1
8983 0
8984 1
8985 2
8986 0
8987 2
8988 1
8989 0
8990 1
8991 0
8992 2
8993 0
8994 2
8995 0
8996 1
8997 0
8998 1
8999 0
9000 1
9001 0
9002 1
9003 0
9004 1
9005 0
9006 1
9007 0
9008 1
9009 0
9010 1
9011 0
9012 1
9013 0
9014 1
9015 0
9016 1
9017 0
9018 1
9019 0
9020 2
9021 0
9022 2
9023 0
9024 2
9025 1
9026 0
9027 2
9028 1
9029 0
9030 1
9031 2
9032 0
9033 2
9034 1
9035 2
9036 0
9037 2
9038 3
9039 1
9040 0
9041 1
9042 3
9043 2
9044 0
9045 1
9046 0
9047 2
9048 1
9049 2
9050 0
9051 1
9052 0
9053 2
9054 1
9055 2
9056 0
9057 2
9058 1
9059 2
9060 3
9061 1
9062 2
9063 0
9064 1
9065 0
9066 2
9067 1
9068 2
9069 1
9070 0
9071 2
9072 0
9073 2
9074 1
9075 0
9076 1
9077 0
9078 1
9079 2
9080 0
9081 1
9082 0
9083 1
9084 0
9085 1
9086 2
9087 0
9088 1
9089 2
9090 1
9091 0
9092 1
9093 0
9094 2
9095 1
9096 0
9097 2
9098 0
9099 3
9100 0
9101 2
9102 1
9103 0
9104 2
9105 0
9106 1
9107 2
9108 3
9109 1
9110 2
9111 0
9112 3
9113 0
9114 1
9115 2
9116 0
9117 1
9118 0
9119 2
9120 1
9121 2
9122 0
9123 1
9124 0
9125 3
9126 1
9127 2
9128 0
9129 2
9130 1
9131 0
9132 1
9133 2
9134 0
9135 2
9136 0
9137 1
9138 2
9139 1
9140 0
9141 2
9142 3
9143 1
9144 0
9145 1
9146 2
9147 1
9148 0
9149 1
9150 0
9151 1
9152 2
9153 3
9154 0
9155 2
9156 3
9157 0
9158 1
9159 2
9160 0
9161 2
9162 1
9163 0
9164 1
9165 2
9166 1
9167 0
9168 2
9169 1
9170 0
9171 1
9172 0
9173 1
9174 0
9175 1
9176 3
9177 0
9178 1
9179 2
9180 0
9181 3
9182 1
9183 0
9184 1
9185 0
9186 1
9187 0
9188 1
9189 2
9190 0
9191 2
9192 1
9193 0
9194 1
9195 0
9196 2
9197 3
9198 1
9199 2
9200 0
9201 1
9202 0
9203 2
9204 1
9205 0
9206 1
9207 0
9208 1
9209 0
9210 2
9211 1
9212 0
9213 1
9214 0
9215 1
9216 3
9217 0
9218 2
9219 0
9220 1
9221 0
9222 1
9223 2
9224 1
9225 0
9226 2
9227 1
9228 0
9229 1
9230 2
9231 0
9232 2
9233 1
9234 0
9235 1
9236 3
9237 2
9238 1
9239 2
9240 1
9241 0
9242 1
9243 0
9244 1
9245 0
9246 1
9247 2
9248 0
9249 1
9250 2
9251 0
9252 1
9253 0
9254 1
9255 0
9256 1
9257 0
9258 1
9259 0
9260 3
9261 1
9262 0
9263 1
9264 0
9265 2
9266 0
9267 1
9268 0
9269 2
9270 0
9271 2
9272 0
9273 2
9274 1
9275 0
9276 1
9277 2
9278 0
9279 1
9280 2
9281 1
9282 0
9283 2
9284 1
9285 2
9286 3
9287 1
9288 2
9289 0
9290 1
9291 2
9292 0
9293 2
9294 0
9295 2
9296 3
9297 1
9298 0
9299 2
9300 1
9301 0
9302 2
9303 1
9304 2
9305 1
9306 0
9307 1
9308 0
9309 1
9310 2
9311 1
9312 0
9313 1
9314 0
9315 1
9316 0
9317 1
9318 2
9319 0
9320 2
9321 0
9322 2
9323 1
9324 0
9325 2
9326 1
9327 2
9328 0
9329 1
9330 0
9331 3
9332 1
9333 0
9334 2
9335 3
9336 0
9337 1
9338 0
9339 2
9340 0
9341 1
9342 0
9343 1
9344 0
9345 1
9346 2
9347 0
9348 1
9349 0
9350 3
9351 2
9352 1
9353 0
9354 2
9355 0
9356 1
9357 0
9358 1
9359 0
9360 1
9361 0
9362 1
9363 0
9364 1
9365 0
9366 1
9367 0
9368 2
9369 0
9370 1
9371 2
9372 1
9373 2
9374 0
9375 2
9376 0
9377 1
9378 0
9379 1
9380 2
9381 0
9382 1
9383 2
9384 0
9385 1
9386 2
9387 0
9388 2
9389 0
9390 2
9391 0
9392 1
9393 0
9394 1
9395 2
9396 3
9397 2
9398 1
9399 2
9400 1
9401 0
9402 1
9403 0
9404 1
9405 2
9406 1
9407 0
9408 1
9409 2
9410 1
9411 0
9412 1
9413 2
9414 3
9415 1
9416 0
9417 2
9418 0
9419 2
9420 0
9421 2
9422 0
9423 1
9424 0
9425 2
9426 0
9427 1
9428 0
9429 1
9430 0
9431 2
9432 1
9433 2
9434 0
9435 2
9436 1
9437 0
9438 1
9439 0
9440 2
9441 0
9442 1
9443 0
9444 1
9445 0
9446 1
9447 2
9448 1
9449 0
9450 2
9451 1
9452 2
9453 0
9454 1
9455 0
9456 1
9457 0
9458 1
9459 2
9460 1
9461 2
9462 0
9463 1
9464 2
9465 1
9466 0
9467 1
9468 0
9469 1
9470 0
9471 2
9472 1
9473 0
9474 2
9475 0
9476 1
9477 2
9478 0
9479 2
9480 1
9481 3
9482 2
9483 1
9484 0
9485 1
9486 0
9487 1
9488 2
9489 0
9490 1
9491 2
9492 0
9493 1
9494 2
9495 0
9496 1
9497 0
9498 1
9499 0
9500 1
9501 0
9502 1
9503 0
9504 2
9505 0
9506 2
9507 0
9508 1
9509 2
9510 0
9511 2
9512 1
9513 2
9514 0
9515 1
9516 2
9517 3
9518 0
9519 2
9520 0
9521 1
9522 2
9523 0
9524 1
9525 0
9526 2
9527 1
9528 2
9529 0
9530 1
9531 0
9532 1
9533 2
9534 1
9535 2
9536 1
9537 2
9538 3
9539 1
9540 2
9541 0
9542 1
9543 3
9544 0
9545 1
9546 0
9547 1
9548 2
9549 0
9550 2
9551 1
9552 2
9553 0
9554 2
9555 1
9556 0
9557 1
9558 2
9559 0
9560 1
9561 0
9562 1
9563 0
9564 1
9565 0
9566 2
9567 0
9568 1
9569 0
9570 1
9571 2
9572 1
9573 2
9574 1
9575 0
9576 1
9577 2
9578 0
9579 2
9580 0
9581 1
9582 0
9583 1
9584 0
9585 1
9586 0
9587 2
9588 0
9589 2
9590 3
9591 2
9592 1
9593 0
9594 2
9595 0
9596 2
9597 1
9598 0
9599 1
9600 2
9601 0
9602 1
9603 0
9604 2
9605 1
9606 2
9607 0
9608 1
9609 2
9610 0
9611 2
9612 0
9613 1
9614 2
9615 1
9616 0
9617 2
9618 1
9619 2
9620 0
9621 2
9622 1
9623 2
9624 0
9625 1
9626 2
9627 0
9628 2
9629 1
9630 0
9631 1
9632 0
9633 1
9634 0
9635 1
9636 0
9637 1
9638 2
9639 0
9640 1
9641 0
9642 2
9643 1
9644 0
9645 2
9646 0
9647 1
9648 0
9649 2
9650 0
9651 1
9652 2
9653 0
9654 1
9655 2
9656 0
9657 1
9658 0
9659 1
9660 0
9661 1
9662 2
9663 1
9664 0
9665 2
9666 0
9667 1
9668 0
9669 1
9670 0
9671 2
9672 1
9673 2
9674 0
9675 2
9676 1
9677 0
9678 1
9679 0
9680 2
9681 1
9682 0
9683 1
9684 0
9685 3
9686 2
9687 1
9688 0
9689 2
9690 1
9691 0
9692 2
9693 0
9694 2
9695 1
9696 2
9697 0
9698 2
9699 1
9700 2
9701 0
9702 2
9703 0
9704 1
9705 0
9706 2
9707 1
9708 2
9709 0
9710 1
9711 0
9712 1
9713 0
9714 1
9715 2
9716 0
9717 1
9718 2
9719 1
9720 0
9721 1
9722 0
9723 1
9724 0
9725 2
9726 1
9727 0
9728 2
9729 0
9730 1
9731 0
9732 1
9733 0
9734 3
9735 0
9736 2
9737 3
9738 0
9739 1
9740 0
9741 2
9742 1
9743 0
9744 1
9745 0
9746 1
9747 0
9748 1
9749 2
9750 0
9751 1
9752 2
9753 3
9754 0
9755 2
9756 3
9757 0
9758 1
9759 0
9760 2
9761 0
9762 2
9763 1
9764 2
9765 0
9766 1
9767 2
9768 1
9769 0
9770 2
9771 1
9772 2
9773 0
9774 1
9775 2
9776 0
9777 3
9778 1
9779 2
9780 0
9781 1
9782 0
9783 2
9784 1
9785 2
9786 1
9787 2
9788 0
9789 1
9790 3
9791 1
9792 3
9793 0
9794 2
9795 1
9796 2
9797 1
9798 2
9799 1
9800 2
9801 1
9802 0
9803 1
9804 2
9805 0
9806 2
9807 1
9808 2
9809 1
9810 0
9811 1
9812 0
9813 2
9814 1
9815 0
9816 2
9817 1
9818 0
9819 1
9820 2
9821 0
9822 1
9823 0
9824 1
9825 0
9826 1
9827 2
9828 0
9829 1
9830 0
9831 1
9832 2
9833 0
9834 1
9835 0
9836 1
9837 0
9838 1
9839 0
9840 1
9841 0
9842 2
9843 0
9844 2
9845 1
9846 3
9847 2
9848 0
9849 2
9850 0
9851 1
9852 0
9853 2
9854 3
9855 0
9856 1
9857 0
9858 1
9859 0
9860 1
9861 0
9862 1
9863 2
9864 0
9865 2
9866 3
9867 0
9868 1
9869 0
9870 1
9871 0
9872 1
9873 3
9874 2
9875 3
9876 0
9877 1
9878 0
9879 2
9880 1
9881 0
9882 3
9883 2
9884 3
9885 1
9886 2
9887 0
9888 1
9889 2
9890 1
9891 0
9892 1
9893 0
9894 1
9895 2
9896 0
9897 2
9898 1
9899 2
9900 1
9901 0
9902 1
9903 0
9904 1
9905 2
9906 1
9907 2
9908 0
9909 1
9910 3
9911 0
9912 1
9913 2
9914 1
9915 0
9916 1
9917 2
9918 1
9919 0
9920 1
9921 0
9922 1
9923 2
9924 0
9925 1
9926 0
9927 1
9928 0
9929 1
9930 0
9931 1
9932 0
9933 2
9934 3
9935 1
9936 0
9937 1
9938 2
9939 0
9940 1
9941 0
9942 2
9943 1
9944 2
9945 1
9946 0
9947 1
9948 2
9949 0
9950 1
9951 0
9952 1
9953 0
9954 1
9955 0
9956 1
9957 0
9958 2
9959 0
9960 1
9961 0
9962 2
9963 0
9964 1
9965 2
9966 0
9967 1
9968 2
9969 1
9970 2
9971 0
9972 1
9973 2
9974 1
9975 0
9976 1
9977 2
9978 0
9979 2
9980 0
9981 1
9982 2
9983 1
9984 2
9985 0
9986 2
9987 1
9988 0
9989 1
9990 2
9991 0
9992 1
9993 0
9994 1
9995 2
9996 0
9997 1
9998 0
9999 1
10000 2
10001 1
10002 2
10003 1
10004 2
10005 0
10006 1
10007 2
10008 1
10009 0
10010 1
10011 0
10012 1
10013 0
10014 1
10015 0
10016 1
10017 0
10018 2
10019 1
10020 0
10021 2
10022 1
10023 2
10024 0
10025 2
10026 1
10027 3
10028 2
10029 0
10030 1
10031 2
10032 1
10033 0
10034 1
10035 2
10036 0
10037 1
10038 2
10039 1
10040 2
10041 0
10042 2
10043 1
10044 0
10045 1
10046 2
10047 0
10048 1
10049 2
10050 3
10051 0
10052 1
10053 0
10054 2
10055 0
10056 1
10057 2
10058 0
10059 1
10060 2
10061 1
10062 0
10063 1
10064 2
10065 0
10066 2
10067 1
10068 0
10069 2
10070 1
10071 0
10072 1
10073 2
10074 0
10075 2
10076 3
10077 0
10078 1
10079 0
10080 1
10081 2
10082 0
10083 1
10084 2
10085 0
10086 1
10087 0
10088 1
10089 3
10090 0
10091 1
10092 0
10093 1
10094 2
10095 1
10096 0
10097 1
10098 0
10099 2
10100 1
10101 2
10102 1
10103 2
10104 1
10105 2
10106 0
10107 2
10108 1
10109 2
10110 0
10111 1
10112 3
10113 0
10114 1
10115 2
10116 0
10117 2
10118 1
10119 2
10120 3
10121 2
10122 3
10123 1
10124 0
10125 1
10126 0
10127 1
10128 0
10129 1
10130 2
10131 1
10132 0
10133 1
10134 2
10135 0
10136 1
10137 0
10138 1
10139 0
10140 1
10141 0
10142 1
10143 0
10144 1
10145 2
10146 1
10147 2
10148 1
10149 2
10150 0
10151 2
10152 1
10153 0
10154 2
10155 0
10156 2
10157 1
10158 0
10159 1
10160 0
10161 2
10162 1
10163 0
10164 1
10165 2
10166 0
10167 1
10168 2
10169 3
10170 0
10171 1
10172 0
10173 1
10174 0
10175 1
10176 2
10177 0
10178 1
10179 0
10180 1
10181 2
10182 1
10183 0
10184 1
10185 0
10186 1
10187 0
10188 2
10189 1
10190 3
10191 2
10192 1
10193 2
10194 1
10195 0
10196 2
10197 1
10198 2
10199 0
10200 1
10201 0
10202 2
10203 3
10204 1
10205 0
10206 3
10207 1
10208 2
10209 1
10210 0
10211 1
10212 2
10213 0
10214 3
10215 1
10216 2
10217 0
10218 3
10219 0
10220 1
10221 0
10222 1
10223 0
10224 3
10225 2
10226 1
10227 0
10228 1
10229 0
10230 3
10231 1
10232 2
10233 1
10234 2
10235 1
10236 2
10237 1
10238 0
10239 1
10240 0
10241 3
10242 2
10243 0
10244 1
10245 2
10246 1
10247 2
10248 0
10249 1
10250 2
10251 0
10252 1
10253 0
10254 2
10255 1
10256 0
10257 1
10258 0
10259 1
10260 2
10261 0
10262 1
10263 0
10264 2
10265 0
10266 2
10267 0
10268 2
10269 0
10270 1
10271 0
10272 1
10273 2
10274 0
10275 1
10276 0
10277 2
10278 1
10279 0
10280 1
10281 2
10282 1
10283 3
10284 1
10285 0
10286 1
10287 0
10288 1
10289 2
10290 1
10291 2
10292 1
10293 2
10294 1
10295 0
10296 1
10297 2
10298 0
10299 1
10300 0
10301 2
10302 0
10303 1
10304 2
10305 0
10306 1
10307 0
10308 1
10309 2
10310 1
10311 2
10312 0
10313 1
10314 2
10315 1
10316 0
10317 2
10318 1
10319 0
10320 2
10321 1
10322 2
10323 0
10324 1
10325 2
10326 1
10327 2
10328 0
10329 1
10330 0
10331 1
10332 0
10333 1
10334 0
10335 2
10336 0
10337 2
10338 1
10339 0
10340 1
10341 3
10342 2
10343 0
10344 1
10345 0
10346 1
10347 2
10348 0
10349 1
10350 0
10351 1
10352 0
10353 2
10354 0
10355 2
10356 1
10357 2
10358 0
10359 2
10360 1
10361 0
10362 1
10363 0
10364 1
10365 0
10366 1
10367 3
10368 2
10369 1
10370 0
10371 2
10372 0
10373 1
10374 2
10375 1
10376 3
10377 2
10378 1
10379 0
10380 2
10381 1
10382 0
10383 1
10384 0
10385 1
10386 0
10387 1
10388 3
10389 0
10390 1
10391 2
10392 0
10393 1
10394 2
10395 0
10396 1
10397 0
10398 1
10399 0
10400 1
10401 0
10402 3
10403 1
10404 0
10405 1
10406 0
10407 1
10408 0
10409 2
10410 0
10411 2
10412 0
10413 1
10414 0
10415 1
10416 0
10417 2
10418 0
10419 1
10420 0
10421 2
10422 1
10423 2
10424 0
10425 1
10426 3
10427 0
10428 2
10429 0
10430 1
10431 2
10432 0
10433 2
10434 0
10435 1
10436 0
10437 2
10438 0
10439 1
10440 0
10441 1
10442 0
10443 1
10444 0
10445 1
10446 3
10447 2
10448 1
10449 2
10450 3
10451 1
10452 0
10453 1
10454 2
10455 0
10456 1
10457 0
10458 1
10459 0
10460 1
10461 0
10462 1
10463 0
10464 1
10465 2
10466 0
10467 1
10468 2
10469 0
10470 2
10471 1
10472 2
10473 1
10474 0
10475 2
10476 1
10477 2
10478 1
10479 0
10480 1
10481 2
10482 0
10483 1
10484 2
10485 0
10486 2
10487 1
10488 0
10489 1
10490 0
10491 1
10492 0
10493 1
10494 2
10495 1
10496 0
10497 2
10498 0
10499 2
10500 3
10501 1
10502 0
10503 2
10504 0
10505 1
10506 0
10507 1
10508 0
10509 1
10510 0
10511 1
10512 2
10513 0
10514 1
10515 0
10516 1
10517 0
10518 1
10519 0
10520 2
10521 0
10522 1
10523 0
10524 2
10525 0
10526 2
10527 0
10528 1
10529 2
10530 1
10531 0
10532 1
10533 0
10534 2
10535 1
10536 0
10537 2
10538 1
10539 2
10540 1
10541 2
10542 1
10543 0
10544 2
10545 1
10546 2
10547 0
10548 1
10549 2
10550 0
10551 1
10552 2
10553 0
10554 1
10555 0
10556 2
10557 1
10558 2
10559 0
10560 1
10561 0
10562 2
10563 1
10564 2
10565 0
10566 1
10567 2
10568 0
10569 1
10570 0
10571 3
10572 2
10573 1
10574 2
10575 1
10576 0
10577 1
10578 0
10579 1
10580 0
10581 1
10582 2
10583 0
10584 1
10585 0
10586 2
10587 1
10588 0
10589 1
10590 2
10591 1
10592 0
10593 2
10594 1
10595 0
10596 3
10597 2
10598 0
10599 1
10600 0
10601 1
10602 0
10603 1
10604 0
10605 1
10606 0
10607 2
10608 0
10609 2
10610 1
10611 0
10612 3
10613 1
10614 0
10615 3
10616 1
10617 0
10618 1
10619 0
10620 2
10621 3
10622 0
10623 1
10624 0
10625 2
10626 1
10627 0
10628 1
10629 0
10630 1
10631 0
10632 1
10633 0
10634 2
10635 3
10636 1
10637 2
10638 1
10639 2
10640 0
10641 1
10642 0
10643 1
10644 2
10645 0
10646 2
10647 1
10648 0
10649 1
10650 2
10651 0
10652 1
10653 0
10654 1
10655 2
10656 0
10657 2
10658 1
10659 0
10660 1
10661 0
10662 1
10663 0
10664 1
10665 2
10666 1
10667 0
10668 1
10669 0
10670 1
10671 0
10672 1
10673 0
10674 1
10675 2
10676 0
10677 2
10678 0
10679 1
10680 0
10681 1
10682 0
10683 1
10684 2
10685 1
10686 2
10687 3
10688 1
10689 2
10690 0
10691 1
10692 2
10693 1
10694 0
10695 1
10696 0
10697 2
10698 0
10699 2
10700 1
10701 0
10702 2
10703 1
10704 0
10705 2
10706 1
10707 0
10708 2
10709 3
10710 1
10711 2
10712 3
10713 1
10714 2
10715 3
10716 0
10717 1
10718 2
10719 3
10720 1
10721 0
10722 1
10723 0
10724 2
10725 0
10726 1
10727 0
10728 2
10729 0
10730 2
10731 0
10732 1
10733 2
10734 0
10735 2
10736 1
10737 2
10738 0
10739 1
10740 0
10741 2
10742 0
10743 1
10744 0
10745 2
10746 1
10747 2
10748 1
10749 0
10750 2
10751 0
10752 1
10753 0
10754 1
10755 0
10756 1
10757 0
10758 1
10759 2
10760 3
10761 0
10762 2
10763 0
10764 1
10765 0
10766 3
10767 1
10768 0
10769 1
10770 0
10771 2
10772 1
10773 2
10774 1
10775 0
10776 1
10777 0
10778 1
10779 0
10780 1
10781 0
10782 1
10783 2
10784 0
10785 1
10786 2
10787 0
10788 1
10789 2
10790 0
10791 1
10792 0
10793 1
10794 0
10795 1
10796 2
10797 1
10798 2
10799 1
10800 0
10801 1
10802 2
10803 3
10804 0
10805 1
10806 0
10807 1
10808 0
10809 1
10810 0
10811 3
10812 2
10813 0
10814 2
10815 3
10816 1
10817 2
10818 0
10819 2
10820 0
10821 1
10822 0
10823 1
10824 0
10825 1
10826 0
10827 1
10828 2
10829 1
10830 0
10831 2
10832 1
10833 0
10834 1
10835 2
10836 0
10837 2
10838 1
10839 0
10840 2
10841 1
10842 0
10843 2
10844 1
10845 0
10846 1
10847 0
10848 1
10849 0
10850 1
10851 2
10852 0
10853 2
10854 1
10855 2
10856 3
10857 2
10858 3
10859 0
10860 1
10861 2
10862 3
10863 1
10864 2
10865 0
10866 1
10867 0
10868 2
10869 1
10870 0
10871 1
10872 0
10873 1
10874 2
10875 0
10876 2
10877 0
10878 1
10879 0
10880 2
10881 0
10882 1
10883 0
10884 3
10885 2
10886 1
10887 0
10888 1
10889 0
10890 2
10891 1
10892 0
10893 1
10894 2
10895 3
10896 0
10897 1
10898 2
10899 0
10900 2
10901 1
10902 0
10903 2
10904 1
10905 0
10906 2
10907 3
10908 1
10909 0
10910 2
10911 1
10912 0
10913 1
10914 2
10915 0
10916 2
10917 1
10918 0
10919 2
10920 3
10921 1
10922 0
10923 1
10924 0
10925 1
10926 0
10927 1
10928 2
10929 1
10930 0
10931 1
10932 0
10933 1
10934 0
10935 1
10936 2
10937 0
10938 1
10939 2
10940 0
10941 1
10942 2
10943 0
10944 2
10945 1
10946 0
10947 2
10948 3
10949 0
10950 1
10951 0
10952 1
10953 0
10954 2
10955 1
10956 0
10957 2
10958 1
10959 0
10960 2
10961 0
10962 1
10963 0
10964 2
10965 1
10966 0
10967 2
10968 1
10969 0
10970 1
10971 2
10972 1
10973 0
10974 1
10975 2
10976 0
10977 1
10978 0
10979 2
10980 0
10981 1
10982 2
10983 0
10984 2
10985 0
10986 1
10987 0
10988 1
10989 0
10990 1
10991 3
10992 0
10993 1
10994 0
10995 2
10996 0
10997 1
10998 2
10999 3
11000 0
11001 2
11002 1
11003 0
11004 2
11005 1
11006 2
11007 0
11008 1
11009 2
11010 1
11011 0
11012 1
11013 0
11014 2
11015 0
11016 1
11017 2
11018 0
11019 1
11020 0
11021 2
11022 1
11023 0
11024 2
11025 1
11026 0
11027 1
11028 0
11029 1
11030 2
11031 0
11032 2
11033 1
11034 0
11035 1
11036 2
11037 1
11038 2
11039 0
11040 1
11041 3
11042 2
11043 0
11044 2
11045 1
11046 0
11047 2
11048 0
11049 3
11050 1
11051 2
11052 0
11053 1
11054 2
11055 0
11056 1
11057 0
11058 1
11059 2
11060 0
11061 2
11062 0
11063 1
11064 0
11065 1
11066 2
11067 0
11068 1
11069 0
11070 1
11071 0
11072 1
11073 0
11074 1
11075 2
11076 1
11077 3
11078 0
11079 1
11080 2
11081 3
11082 1
11083 0
11084 1
11085 0
11086 2
11087 1
11088 0
11089 2
11090 3
11091 1
11092 0
11093 1
11094 2
11095 0
11096 1
11097 0
11098 2
11099 1
11100 0
11101 1
11102 0
11103 1
11104 2
11105 1
11106 0
11107 1
11108 0
11109 2
11110 0
11111 2
11112 0
11113 2
11114 0
11115 2
11116 0
11117 1
11118 0
11119 1
11120 2
11121 0
11122 2
11123 1
11124 2
11125 1
11126 0
11127 1
11128 2
11129 0
11130 1
11131 0
11132 1
11133 0
11134 1
11135 0
11136 1
11137 2
11138 0
11139 1
11140 2
11141 1
11142 0
11143 2
11144 1
11145 0
11146 2
11147 1
11148 0
11149 2
11150 1
11151 0
11152 1
11153 0
11154 2
11155 1
11156 0
11157 1
11158 0
11159 2
11160 0
11161 2
11162 1
11163 0
11164 1
11165 0
11166 1
11167 2
11168 0
11169 2
11170 0
11171 1
11172 2
11173 1
11174 0
11175 2
11176 1
11177 0
11178 1
11179 0
11180 1
11181 0
11182 1
11183 0
11184 1
11185 0
11186 1
11187 2
11188 1
11189 0
11190 1
11191 0
11192 1
11193 0
11194 1
11195 0
11196 2
11197 1
11198 0
11199 2
11200 1
11201 0
11202 1
11203 0
11204 1
11205 0
11206 2
11207 1
11208 0
11209 1
11210 3
11211 2
11212 0
11213 3
11214 1
11215 2
11216 1
11217 2
11218 0
11219 1
11220 2
11221 0
11222 1
11223 2
11224 0
11225 1
11226 0
11227 2
11228 1
11229 0
11230 1
11231 2
11232 0
11233 1
11234 0
11235 1
11236 0
11237 1
11238 0
11239 1
11240 2
11241 0
11242 1
11243 0
11244 1
11245 0
11246 2
11247 1
11248 0
11249 1
11250 0
11251 1
11252 0
11253 2
11254 1
11255 0
11256 1
11257 2
11258 0
11259 1
11260 0
11261 1
11262 0
11263 2
11264 1
11265 0
11266 2
11267 0
11268 1
11269 2
11270 0
11271 2
11272 0
11273 1
11274 2
11275 1
11276 2
11277 1
11278 0
11279 2
11280 0
11281 1
11282 2
11283 0
11284 1
11285 2
11286 0
11287 1
11288 2
11289 1
11290 0
11291 1
11292 0
11293 2
11294 0
11295 1
11296 2
11297 0
11298 2
11299 0
11300 1
11301 2
11302 0
11303 2
11304 0
11305 2
11306 1
11307 2
11308 1
11309 2
11310 0
11311 2
11312 1
11313 2
11314 0
11315 2
11316 1
11317 0
11318 2
11319 1
11320 0
11321 2
11322 0
11323 1
11324 0
11325 1
11326 0
11327 1
11328 0
11329 1
11330 0
11331 1
11332 3
11333 2
11334 1
11335 2
11336 0
11337 1
11338 0
11339 2
11340 1
11341 2
11342 0
11343 2
11344 1
11345 0
11346 2
11347 1
11348 0
11349 2
11350 1
11351 2
11352 0
11353 1
11354 2
11355 0
11356 1
11357 2
11358 1
11359 2
11360 0
11361 1
11362 0
11363 2
11364 1
11365 2
11366 1
11367 0
11368 1
11369 0
11370 2
11371 0
11372 2
11373 1
11374 2
11375 0
11376 2
11377 1
11378 0
11379 2
11380 1
11381 3
11382 0
11383 1
11384 0
11385 2
11386 3
11387 0
11388 1
11389 2
11390 1
11391 0
11392 2
11393 0
11394 2
11395 0
11396 1
11397 2
11398 0
11399 1
11400 0
11401 2
11402 1
11403 0
11404 1
11405 0
11406 2
11407 0
11408 1
11409 0
11410 2
11411 1
11412 0
11413 1
11414 0
11415 1
11416 0
11417 2
11418 1
11419 0
11420 2
11421 1
11422 2
11423 1
11424 2
11425 0
11426 1
11427 2
11428 1
11429 0
11430 1
11431 0
11432 1
11433 2
11434 1
11435 0
11436 1
11437 0
11438 2
11439 1
11440 0
11441 2
11442 1
11443 0
11444 2
11445 1
11446 0
11447 2
11448 1
11449 0
11450 1
11451 2
11452 0
11453 1
11454 0
11455 1
11456 2
11457 1
11458 0
11459 2
11460 1
11461 3
11462 2
11463 0
11464 2
11465 1
11466 0
11467 2
11468 1
11469 0
11470 2
11471 0
11472 1
11473 3
11474 1
11475 0
11476 1
11477 0
11478 1
11479 2
11480 0
11481 1
11482 2
11483 0
11484 1
11485 3
11486 2
11487 1
11488 0
11489 2
11490 0
11491 1
11492 2
11493 0
11494 1
11495 0
11496 2
11497 0
11498 1
11499 2
11500 0
11501 2
11502 1
11503 3
11504 0
11505 1
11506 0
11507 2
11508 3
11509 2
11510 0
11511 2
11512 0
11513 3
11514 2
11515 3
11516 0
11517 1
11518 2
11519 3
11520 0
11521 1
11522 0
11523 1
11524 2
11525 0
11526 3
11527 1
11528 2
11529 0
11530 2
11531 3
11532 1
11533 0
11534 1
11535 0
11536 1
11537 0
11538 2
11539 1
11540 2
11541 0
11542 1
11543 0
11544 2
11545 1
11546 2
11547 1
11548 0
11549 1
11550 2
11551 0
11552 2
11553 3
11554 0
11555 2
11556 1
11557 2
11558 0
11559 1
11560 2
11561 1
11562 0
11563 1
11564 2
11565 0
11566 3
11567 2
11568 1
11569 0
11570 2
11571 3
11572 0
11573 3
11574 2
11575 1
11576 2
11577 0
11578 1
11579 0
11580 1
11581 2
11582 1
11583 0
11584 1
11585 0
11586 1
11587 2
11588 3
11589 1
11590 3
11591 2
11592 3
11593 0
11594 2
11595 1
11596 0
11597 2
11598 1
11599 0
11600 2
11601 0
11602 1
11603 2
11604 0
11605 1
11606 3
11607 1
11608 2
11609 0
11610 1
11611 2
11612 0
11613 2
11614 0
11615 2
11616 1
11617 0
11618 1
11619 2
11620 1
11621 2
11622 0
11623 1
11624 0
11625 1
11626 0
11627 1
11628 2
11629 0
11630 1
11631 2
11632 0
11633 1
11634 2
11635 0
11636 1
11637 0
11638 2
11639 1
11640 2
11641 3
11642 1
11643 0
11644 1
11645 0
11646 1
11647 0
11648 1
11649 0
11650 2
11651 1
11652 0
11653 2
11654 0
11655 3
11656 1
11657 2
11658 0
11659 1
11660 0
11661 2
11662 3
11663 0
11664 2
11665 1
11666 0
11667 1
11668 2
11669 1
11670 2
11671 0
11672 1
11673 0
11674 2
11675 1
11676 0
11677 2
11678 1
11679 0
11680 2
11681 0
11682 1
11683 0
11684 2
11685 0
11686 2
11687 1
11688 0
11689 1
11690 0
11691 2
11692 0
11693 2
11694 1
11695 0
11696 1
11697 2
11698 1
11699 0
11700 3
11701 2
11702 1
11703 0
11704 1
11705 2
11706 0
11707 3
11708 2
11709 0
11710 1
11711 0
11712 1
11713 0
11714 1
11715 0
11716 2
11717 0
11718 1
11719 2
11720 0
11721 1
11722 3
11723 2
11724 1
11725 0
11726 2
11727 0
11728 1
11729 2
11730 0
11731 2
11732 1
11733 2
11734 1
11735 2
11736 0
11737 2
11738 1
11739 0
11740 1
11741 0
11742 2
11743 1
11744 0
11745 1
11746 0
11747 1
11748 3
11749 0
11750 2
11751 1
11752 0
11753 1
11754 0
11755 1
11756 0
11757 1
11758 2
11759 0
11760 1
11761 2
11762 1
11763 0
11764 1
11765 0
11766 1
11767 0
11768 2
11769 0
11770 1
11771 0
11772 1
11773 0
11774 3
11775 2
11776 0
11777 2
11778 0
11779 2
11780 1
11781 2
11782 3
11783 1
11784 0
11785 2
11786 1
11787 0
11788 2
11789 1
11790 3
11791 2
11792 0
11793 1
11794 0
11795 1
11796 0
11797 1
11798 2
11799 0
11800 1
11801 0
11802 2
11803 0
11804 2
11805 1
11806 0
11807 2
11808 0
11809 1
11810 0
11811 1
11812 0
11813 2
11814 0
11815 2
11816 1
11817 0
11818 1
11819 0
11820 1
11821 2
11822 1
11823 2
11824 1
11825 0
11826 2
11827 1
11828 0
11829 1
11830 0
11831 2
11832 1
11833 0
11834 3
11835 2
11836 1
11837 0
11838 2
11839 3
11840 0
11841 1
11842 2
11843 0
11844 1
11845 2
11846 0
11847 1
11848 0
11849 2
11850 1
11851 3
11852 2
11853 1
11854 2
11855 1
11856 0
11857 1
11858 0
11859 1
11860 2
11861 0
11862 2
11863 1
11864 2
11865 0
11866 1
11867 2
11868 1
11869 2
11870 1
11871 0
11872 2
11873 0
11874 1
11875 2
11876 0
11877 2
11878 1
11879 2
11880 1
11881 2
11882 0
11883 1
11884 0
11885 1
11886 2
11887 1
11888 2
11889 0
11890 1
11891 0
11892 2
11893 1
11894 2
11895 0
11896 2
11897 1
11898 0
11899 1
11900 0
11901 1
11902 0
11903 1
11904 0
11905 1
11906 0
11907 1
11908 2
11909 1
11910 0
11911 1
11912 0
11913 1
11914 0
11915 2
11916 1
11917 0
11918 1
11919 2
11920 0
11921 1
11922 2
11923 0
11924 1
11925 2
11926 0
11927 1
11928 0
11929 1
11930 2
11931 1
11932 0
11933 1
11934 0
11935 1
11936 0
11937 1
11938 0
11939 1
11940 2
11941 0
11942 1
11943 0
11944 1
11945 2
11946 0
11947 1
11948 2
11949 3
11950 0
11951 1
11952 2
11953 1
11954 0
11955 1
11956 2
11957 0
11958 1
11959 2
11960 1
11961 0
11962 1
11963 2
11964 0
11965 1
11966 0
11967 1
11968 2
11969 0
11970 2
11971 0
11972 3
11973 1
11974 0
11975 1
11976 0
11977 1
11978 0
11979 1
11980 0
11981 1
11982 0
11983 1
11984 2
11985 0
11986 2
11987 1
11988 2
11989 0
11990 2
11991 1
11992 0
11993 2
11994 1
11995 0
11996 1
11997 0
11998 2
11999 1
12000 0
12001 2
12002 1
12003 0
12004 1
12005 0
12006 2
12007 1
12008 2
12009 0
12010 2
12011 1
12012 2
12013 1
12014 2
12015 0
12016 2
12017 3
12018 2
12019 1
12020 2
12021 0
12022 1
12023 2
12024 0
12025 1
12026 0
12027 1
12028 0
12029 1
12030 0
12031 1
12032 0
12033 2
12034 1
12035 0
12036 1
12037 2
12038 0
12039 1
12040 0
12041 1
12042 2
12043 1
12044 0
12045 2
12046 1
12047 0
12048 2
12049 1
12050 0
12051 1
12052 3
12053 0
12054 1
12055 3
12056 2
12057 0
12058 2
12059 1
12060 3
12061 0
12062 1
12063 2
12064 0
12065 1
12066 0
12067 1
12068 2
12069 0
12070 2
12071 1
12072 2
12073 0
12074 2
12075 0
12076 2
12077 1
12078 0
12079 1
12080 2
12081 3
12082 0
12083 1
12084 2
12085 0
12086 1
12087 0
12088 1
12089 2
12090 0
12091 1
12092 2
12093 0
12094 2
12095 0
12096 1
12097 0
12098 1
12099 0
12100 2
12101 0
12102 1
12103 0
12104 2
12105 1
12106 0
12107 2
12108 1
12109 2
12110 0
12111 1
12112 2
12113 0
12114 2
12115 0
12116 1
12117 0
12118 2
12119 1
12120 2
12121 1
12122 2
12123 0
12124 1
12125 2
12126 0
12127 1
12128 0
12129 1
12130 0
12131 1
12132 0
12133 2
12134 1
12135 0
12136 1
12137 2
12138 0
12139 2
12140 1
12141 0
12142 1
12143 0
12144 1
12145 0
12146 1
12147 0
12148 3
12149 1
12150 0
12151 2
12152 0
12153 1
12154 0
12155 1
12156 2
12157 0
12158 1
12159 0
12160 1
12161 2
12162 0
12163 1
12164 2
12165 0
12166 1
12167 0
12168 1
12169 0
12170 1
12171 0
12172 1
12173 2
12174 0
12175 2
12176 1
12177 0
12178 1
12179 3
12180 0
12181 1
12182 2
12183 0
12184 1
12185 0
12186 1
12187 0
12188 2
12189 0
12190 1
12191 0
12192 2
12193 0
12194 2
12195 1
12196 2
12197 1
12198 0
12199 2
12200 1
12201 0
12202 2
12203 1
12204 0
12205 2
12206 0
12207 1
12208 0
12209 1
12210 2
12211 3
12212 1
12213 3
12214 0
12215 1
12216 0
12217 2
12218 1
12219 0
12220 2
12221 0
12222 1
12223 2
12224 0
12225 1
12226 0
12227 1
12228 0
12229 1
12230 0
12231 1
12232 0
12233 2
12234 1
12235 0
12236 1
12237 0
12238 2
12239 1
12240 2
12241 0
12242 1
12243 2
12244 0
12245 1
12246 0
12247 1
12248 2
12249 1
12250 0
12251 1
12252 2
12253 3
12254 0
12255 1
12256 3
12257 2
12258 1
12259 0
12260 1
12261 2
12262 0
12263 2
12264 0
12265 1
12266 0
12267 2
12268 3
12269 1
12270 2
12271 1
12272 0
12273 1
12274 0
12275 3
12276 1
12277 0
12278 2
12279 0
12280 2
12281 0
12282 1
12283 0
12284 1
12285 0
12286 1
12287 2
12288 0
12289 1
12290 0
12291 2
12292 1
12293 2
12294 1
12295 0
12296 1
12297 0
12298 2
12299 1
12300 2
12301 0
12302 1
12303 0
12304 2
12305 0
12306 1
12307 2
12308 1
12309 2
12310 0
12311 2
12312 0
12313 2
12314 1
12315 0
12316 2
12317 0
12318 1
12319 0
12320 2
12321 1
12322 2
12323 1
12324 2
12325 0
12326 2
12327 0
12328 1
12329 0
12330 1
12331 2
12332 0
12333 1
12334 0
12335 2
12336 1
12337 2
12338 1
12339 0
12340 2
12341 1
12342 0
12343 1
12344 0
12345 2
12346 1
12347 0
12348 1
12349 2
12350 0
12351 2
12352 1
12353 0
12354 1
12355 0
12356 2
12357 1
12358 0
12359 2
12360 0
12361 1
12362 0
12363 2
12364 0
12365 2
12366 1
12367 0
12368 2
12369 1
12370 0
12371 1
12372 2
12373 1
12374 2
12375 0
12376 1
12377 0
12378 2
12379 1
12380 0
12381 2
12382 1
12383 2
12384 0
12385 2
12386 0
12387 1
12388 2
12389 3
12390 0
12391 2
12392 1
12393 0
12394 2
12395 0
12396 1
12397 0
12398 2
12399 1
12400 0
12401 1
12402 0
12403 1
12404 2
12405 1
12406 0
12407 1
12408 0
12409 3
12410 1
12411 2
12412 1
12413 0
12414 2
12415 0
12416 1
12417 0
12418 1
12419 0
12420 1
12421 2
12422 0
12423 2
12424 1
12425 0
12426 1
12427 0
12428 1
12429 0
12430 2
12431 0
12432 2
12433 1
12434 0
12435 1
12436 0
12437 2
12438 0
12439 1
12440 0
12441 2
12442 0
12443 1
12444 0
12445 1
12446 2
12447 0
12448 2
12449 1
12450 0
12451 1
12452 0
12453 2
12454 3
12455 1
12456 3
12457 0
12458 1
12459 3
12460 0
12461 1
12462 0
12463 1
12464 3
12465 2
12466 0
12467 1
12468 0
12469 2
12470 1
12471 0
12472 1
12473 2
12474 1
12475 2
12476 3
12477 1
12478 2
12479 1
12480 0
12481 1
12482 0
12483 1
12484 0
12485 1
12486 2
12487 1
12488 3
12489 2
12490 0
12491 1
12492 0
12493 1
12494 2
12495 0
12496 1
12497 0
12498 2
12499 1
12500 0
12501 1
12502 0
12503 2
12504 1
12505 2
12506 0
12507 2
12508 1
12509 0
12510 2
12511 1
12512 0
12513 2
12514 1
12515 0
12516 2
12517 3
12518 0
12519 2
12520 1
12521 2
12522 0
12523 2
12524 3
12525 0
12526 1
12527 0
12528 1
12529 0
12530 1
12531 0
12532 1
12533 2
12534 1
12535 2
12536 0
12537 2
12538 0
12539 1
12540 2
12541 0
12542 1
12543 2
12544 0
12545 1
12546 0
12547 1
12548 0
12549 2
12550 1
12551 0
12552 1
12553 2
12554 0
12555 1
12556 0
12557 1
12558 0
12559 1
12560 2
12561 0
12562 1
12563 0
12564 2
12565 1
12566 0
12567 3
12568 1
12569 2
12570 1
12571 0
12572 1
12573 0
12574 1
12575 2
12576 0
12577 1
12578 2
12579 0
12580 1
12581 0
12582 1
12583 3
12584 0
12585 1
12586 0
12587 1
12588 2
12589 1
12590 0
12591 1
12592 0
12593 1
12594 2
12595 0
12596 1
12597 2
12598 0
12599 1
12600 2
12601 1
12602 0
12603 1
12604 0
12605 1
12606 0
12607 2
12608 1
12609 0
12610 1
12611 2
12612 0
12613 1
12614 0
12615 1
12616 2
12617 0
12618 1
12619 0
12620 2
12621 0
12622 1
12623 2
12624 0
12625 2
12626 1
12627 0
12628 1
12629 2
12630 3
12631 0
12632 1
12633 2
12634 1
12635 2
12636 1
12637 0
12638 2
12639 0
12640 1
12641 0
12642 1
12643 0
12644 1
12645 0
12646 2
12647 1
12648 2
12649 0
12650 2
12651 1
12652 0
12653 1
12654 2
12655 1
12656 2
12657 1
12658 0
12659 2
12660 1
12661 0
12662 2
12663 1
12664 2
12665 1
12666 0
12667 2
12668 0
12669 1
12670 0
12671 1
12672 2
12673 1
12674 0
12675 1
12676 0
12677 1
12678 0
12679 1
12680 3
12681 2
12682 0
12683 2
12684 0
12685 2
12686 0
12687 1
12688 0
12689 1
12690 2
12691 1
12692 0
12693 2
12694 1
12695 3
12696 0
12697 1
12698 3
12699 2
12700 1
12701 0
12702 2
12703 0
12704 1
12705 0
12706 1
12707 0
12708 2
12709 0
12710 1
12711 0
12712 1
12713 0
12714 1
12715 0
12716 1
12717 2
12718 0
12719 1
12720 0
12721 2
12722 0
12723 2
12724 0
12725 1
12726 0
12727 1
12728 0
12729 1
12730 2
12731 3
12732 0
12733 1
12734 2
12735 1
12736 2
12737 3
12738 1
12739 0
12740 2
12741 1
12742 0
12743 2
12744 1
12745 0
12746 1
12747 2
12748 0
12749 2
12750 1
12751 2
12752 0
12753 2
12754 0
12755 2
12756 1
12757 2
12758 0
12759 2
12760 1
12761 2
12762 0
12763 1
12764 0
12765 1
12766 0
12767 1
12768 2
12769 1
12770 0
12771 2
12772 0
12773 1
12774 3
12775 0
12776 1
12777 0
12778 1
12779 2
12780 0
12781 1
12782 0
12783 1
12784 2
12785 0
12786 2
12787 0
12788 2
12789 0
12790 1
12791 0
12792 1
12793 2
12794 1
12795 0
12796 1
12797 0
12798 1
12799 0
12800 1
12801 0
12802 2
12803 0
12804 1
12805 0
12806 1
12807 0
12808 2
12809 1
12810 0
12811 1
12812 0
12813 1
12814 2
12815 0
12816 1
12817 0
12818 1
12819 2
12820 0
12821 2
12822 1
12823 0
12824 2
12825 3
12826 1
12827 2
12828 1
12829 0
12830 1
12831 2
12832 0
12833 1
12834 3
12835 1
12836 0
12837 1
12838 0
12839 1
12840 2
12841 1
12842 0
12843 1
12844 2
12845 0
12846 1
12847 0
12848 2
12849 0
12850 1
12851 0
12852 1
12853 2
12854 1
12855 2
12856 3
12857 1
12858 0
12859 1
12860 2
12861 0
12862 2
12863 0
12864 2
12865 0
12866 1
12867 3
12868 1
12869 0
12870 1
12871 2
12872 0
12873 2
12874 0
12875 2
12876 0
12877 3
12878 2
12879 3
12880 2
12881 0
12882 1
12883 2
12884 0
12885 2
12886 0
12887 1
12888 2
12889 1
12890 0
12891 2
12892 1
12893 0
12894 1
12895 0
12896 2
12897 1
12898 2
12899 0
12900 1
12901 3
12902 2
12903 1
12904 0
12905 1
12906 2
12907 0
12908 1
12909 0
12910 1
12911 0
12912 1
12913 0
12914 2
12915 1
12916 2
12917 1
12918 2
12919 0
12920 2
12921 1
12922 2
12923 0
12924 2
12925 0
12926 1
12927 0
12928 1
12929 2
12930 0
12931 3
12932 2
12933 0
12934 2
12935 1
12936 2
12937 1
12938 0
12939 2
12940 1
12941 2
12942 0
12943 2
12944 0
12945 1
12946 2
12947 0
12948 1
12949 0
12950 3
12951 1
12952 2
12953 0
12954 1
12955 2
12956 1
12957 0
12958 2
12959 1
12960 2
12961 3
12962 1
12963 0
12964 2
12965 1
12966 0
12967 2
12968 1
12969 0
12970 2
12971 1
12972 2
12973 3
12974 1
12975 2
12976 0
12977 1
12978 2
12979 0
12980 1
12981 2
12982 0
12983 3
12984 0
12985 1
12986 2
12987 0
12988 2
12989 1
12990 0
12991 1
12992 0
12993 1
12994 2
12995 0
12996 1
12997 2
12998 3
12999 1
13000 2
13001 0
13002 1
13003 0
13004 2
13005 1
13006 2
13007 0
13008 3
13009 1
13010 2
13011 0
13012 1
13013 0
13014 1
13015 2
13016 0
13017 2
13018 0
13019 2
13020 1
13021 2
13022 0
13023 2
13024 3
13025 1
13026 2
13027 0
13028 1
13029 0
13030 2
13031 0
13032 3
13033 2
13034 1
13035 2
13036 0
13037 2
13038 1
13039 2
13040 0
13041 1
13042 3
13043 2
13044 1
13045 2
13046 0
13047 1
13048 2
13049 1
13050 0
13051 2
13052 0
13053 1
13054 2
13055 0
13056 3
13057 1
13058 0
13059 1
13060 2
13061 0
13062 1
13063 0
13064 1
13065 0
13066 1
13067 2
13068 3
13069 0
13070 2
13071 1
13072 0
13073 1
13074 0
13075 1
13076 0
13077 1
13078 2
13079 0
13080 2
13081 1
13082 2
13083 0
13084 1
13085 0
13086 1
13087 0
13088 2
13089 1
13090 0
13091 2
13092 1
13093 0
13094 1
13095 2
13096 1
13097 0
13098 1
13099 3
13100 2
13101 0
13102 1
13103 0
13104 1
13105 0
13106 1
13107 0
13108 2
13109 1
13110 0
13111 1
13112 0
13113 2
13114 1
13115 0
13116 1
13117 2
13118 1
13119 0
13120 2
13121 1
13122 0
13123 2
13124 1
13125 0
13126 2
13127 0
13128 1
13129 3
13130 2
13131 0
13132 2
13133 1
13134 2
13135 0
13136 1
13137 0
13138 1
13139 2
13140 0
13141 1
13142 0
13143 2
13144 1
13145 0
13146 1
13147 0
13148 2
13149 0
13150 1
13151 2
13152 0
13153 1
13154 2
13155 1
13156 0
13157 1
13158 0
13159 2
13160 1
13161 0
13162 2
13163 1
13164 0
13165 3
13166 2
13167 0
13168 2
13169 1
13170 0
13171 1
13172 0
13173 2
13174 1
13175 0
13176 1
13177 2
13178 0
13179 1
13180 0
13181 2
13182 1
13183 0
13184 1
13185 2
13186 0
13187 1
13188 0
13189 2
13190 0
13191 1
13192 2
13193 0
13194 1
13195 2
13196 0
13197 1
13198 0
13199 1
13200 0
13201 1
13202 2
13203 0
13204 1
13205 2
13206 0
13207 1
13208 2
13209 1
13210 0
13211 2
13212 3
13213 0
13214 1
13215 0
13216 1
13217 0
13218 1
13219 0
13220 2
13221 1
13222 2
13223 1
13224 2
13225 1
13226 0
13227 1
13228 0
13229 2
13230 0
13231 2
13232 1
13233 0
13234 1
13235 2
13236 0
13237 1
13238 2
13239 0
13240 1
13241 0
13242 1
13243 2
13244 0
13245 2
13246 1
13247 3
13248 0
13249 1
13250 0
13251 2
13252 1
13253 2
13254 0
13255 1
13256 2
13257 0
13258 2
13259 1
13260 2
13261 0
13262 2
13263 1
13264 2
13265 0
13266 2
13267 1
13268 2
13269 1
13270 2
13271 0
13272 2
13273 0
13274 2
13275 1
13276 2
13277 1
13278 0
13279 1
13280 0
13281 3
13282 1
13283 0
13284 2
13285 0
13286 1
13287 0
13288 1
13289 0
13290 2
13291 0
13292 1
13293 0
13294 1
13295 0
13296 1
13297 2
13298 0
13299 2
13300 1
13301 2
13302 1
13303 3
13304 2
13305 1
13306 0
13307 2
13308 1
13309 2
13310 0
13311 2
13312 0
13313 1
13314 0
13315 1
13316 0
13317 1
13318 2
13319 0
13320 2
13321 0
13322 1
13323 0
13324 2
13325 1
13326 0
13327 1
13328 0
13329 2
13330 0
13331 1
13332 2
13333 1
13334 2
13335 3
13336 1
13337 0
13338 1
13339 2
13340 1
13341 3
13342 2
13343 0
13344 2
13345 1
13346 2
13347 0
13348 2
13349 1
13350 2
13351 0
13352 1
13353 0
13354 1
13355 0
13356 1
13357 0
13358 3
13359 1
13360 2
13361 0
13362 1
13363 2
13364 0
13365 2
13366 1
13367 2
13368 1
13369 2
13370 0
13371 1
13372 0
13373 2
13374 1
13375 2
13376 0
13377 1
13378 2
13379 1
13380 0
13381 2
13382 1
13383 2
13384 1
13385 0
13386 1
13387 0
13388 2
13389 1
13390 2
13391 0
13392 1
13393 0
13394 1
13395 2
13396 0
13397 1
13398 0
13399 1
13400 0
13401 1
13402 0
13403 1
13404 0
13405 2
13406 1
13407 0
13408 2
13409 1
13410 3
13411 2
13412 0
13413 1
13414 0
13415 1
13416 0
13417 1
13418 0
13419 2
13420 1
13421 0
13422 1
13423 0
13424 2
13425 1
13426 0
13427 1
13428 2
13429 0
13430 1
13431 0
13432 2
13433 1
13434 0
13435 1
13436 2
13437 0
13438 1
13439 0
13440 1
13441 2
13442 0
13443 1
13444 3
13445 2
13446 0
13447 1
13448 0
13449 3
13450 1
13451 0
13452 1
13453 2
13454 1
13455 0
13456 1
13457 2
13458 0
13459 1
13460 2
13461 0
13462 2
13463 1
13464 2
13465 0
13466 1
13467 0
13468 2
13469 0
13470 1
13471 2
13472 1
13473 2
13474 3
13475 1
13476 2
13477 0
13478 2
13479 0
13480 1
13481 2
13482 0
13483 2
13484 0
13485 1
13486 2
13487 1
13488 0
13489 1
13490 2
13491 0
13492 2
13493 1
13494 2
13495 0
13496 1
13497 0
13498 1
13499 2
13500 0
13501 1
13502 2
13503 0
13504 1
13505 0
13506 1
13507 0
13508 2
13509 0
13510 1
13511 0
13512 1
13513 0
13514 1
13515 2
13516 0
13517 1
13518 0
13519 1
13520 2
13521 0
13522 2
13523 3
13524 1
13525 2
13526 0
13527 2
13528 1
13529 3
13530 1
13531 0
13532 1
13533 2
13534 1
13535 0
13536 1
13537 0
13538 2
13539 0
13540 1
13541 2
13542 0
13543 3
13544 1
13545 2
13546 0
13547 2
13548 0
13549 1
13550 0
13551 1
13552 0
13553 2
13554 0
13555 2
13556 0
13557 1
13558 0
13559 1
13560 2
13561 1
13562 2
13563 0
13564 2
13565 0
13566 2
13567 1
13568 2
13569 0
13570 1
13571 0
13572 2
13573 1
13574 2
13575 0
13576 1
13577 0
13578 2
13579 0
13580 1
13581 2
13582 0
13583 2
13584 1
13585 0
13586 1
13587 0
13588 2
13589 1
13590 3
13591 0
13592 1
13593 0
13594 1
13595 0
13596 1
13597 0
13598 1
13599 0
13600 3
13601 1
13602 0
13603 1
13604 0
13605 2
13606 1
13607 0
13608 1
13609 0
13610 2
13611 1
13612 0
13613 1
13614 2
13615 0
13616 2
13617 0
13618 1
13619 3
13620 0
13621 2
13622 1
13623 0
13624 1
13625 3
13626 2
13627 0
13628 1
13629 0
13630 1
13631 2
13632 0
13633 2
13634 1
13635 2
13636 0
13637 1
13638 2
13639 3
13640 2
13641 0
13642 2
13643 0
13644 1
13645 2
13646 1
13647 0
13648 2
13649 3
13650 0
13651 3
13652 2
13653 1
13654 0
13655 2
13656 1
13657 2
13658 3
13659 0
13660 1
13661 0
13662 1
13663 2
13664 0
13665 2
13666 1
13667 2
13668 1
13669 0
13670 2
13671 1
13672 0
13673 2
13674 1
13675 0
13676 2
13677 0
13678 2
13679 1
13680 0
13681 1
13682 0
13683 1
13684 0
13685 2
13686 0
13687 1
13688 2
13689 1
13690 0
13691 1
13692 0
13693 1
13694 2
13695 0
13696 1
13697 2
13698 0
13699 1
13700 2
13701 0
13702 2
13703 1
13704 2
13705 0
13706 2
13707 3
13708 0
13709 1
13710 2
13711 1
13712 0
13713 1
13714 2
13715 0
13716 3
13717 2
13718 0
13719 1
13720 2
13721 0
13722 1
13723 0
13724 2
13725 1
13726 2
13727 1
13728 0
13729 1
13730 0
13731 2
13732 0
13733 1
13734 0
13735 2
13736 3
13737 0
13738 1
13739 0
13740 1
13741 0
13742 1
13743 0
13744 1
13745 0
13746 1
13747 3
13748 0
13749 1
13750 0
13751 1
13752 2
13753 0
13754 1
13755 0
13756 2
13757 0
13758 2
13759 0
13760 2
13761 3
13762 1
13763 2
13764 1
13765 0
13766 1
13767 2
13768 0
13769 1
13770 0
13771 1
13772 2
13773 1
13774 0
13775 1
13776 2
13777 0
13778 2
13779 1
13780 0
13781 1
13782 2
13783 1
13784 0
13785 1
13786 2
13787 1
13788 0
13789 1
13790 0
13791 1
13792 2
13793 0
13794 1
13795 0
13796 1
13797 0
13798 1
13799 0
13800 1
13801 2
13802 0
13803 1
13804 0
13805 2
13806 1
13807 0
13808 1
13809 0
13810 1
13811 2
13812 1
13813 0
13814 1
13815 2
13816 0
13817 1
13818 0
13819 1
13820 0
13821 1
13822 0
13823 2
13824 1
13825 0
13826 1
13827 2
13828 1
13829 0
13830 2
13831 1
13832 0
13833 2
13834 1
13835 2
13836 3
13837 1
13838 0
13839 2
13840 0
13841 3
13842 0
13843 2
13844 1
13845 2
13846 1
13847 3
13848 0
13849 2
13850 0
13851 2
13852 0
13853 1
13854 0
13855 3
13856 1
13857 2
13858 0
13859 1
13860 0
13861 2
13862 1
13863 0
13864 1
13865 2
13866 0
13867 1
13868 0
13869 1
13870 0
13871 2
13872 1
13873 2
13874 0
13875 1
13876 0
13877 2
13878 1
13879 0
13880 2
13881 1
13882 0
13883 1
13884 2
13885 0
13886 2
13887 0
13888 2
13889 0
13890 2
13891 1
13892 0
13893 2
13894 1
13895 0
13896 1
13897 2
13898 1
13899 0
13900 1
13901 2
13902 0
13903 1
13904 0
13905 1
13906 0
13907 1
13908 0
13909 1
13910 0
13911 1
13912 2
13913 1
13914 0
13915 1
13916 2
13917 0
13918 1
13919 2
13920 0
13921 1
13922 2
13923 0
13924 1
13925 2
13926 0
13927 2
13928 1
13929 0
13930 1
13931 2
13932 0
13933 1
13934 3
13935 1
13936 0
13937 1
13938 0
13939 1
13940 0
13941 1
13942 0
13943 3
13944 0
13945 1
13946 2
13947 1
13948 2
13949 0
13950 2
13951 1
13952 0
13953 1
13954 2
13955 0
13956 1
13957 2
13958 1
13959 0
13960 1
13961 0
13962 1
13963 0
13964 1
13965 0
13966 1
13967 0
13968 1
13969 2
13970 0
13971 2
13972 1
13973 0
13974 2
13975 1
13976 0
13977 1
13978 2
13979 0
13980 2
13981 0
13982 1
13983 2
13984 0
13985 1
13986 0
13987 1
13988 0
13989 2
13990 1
13991 0
13992 3
13993 0
13994 1
13995 2
13996 0
13997 2
13998 0
13999 3
14000 1
14001 2
14002 0
14003 2
14004 0
14005 1
14006 0
14007 2
14008 0
14009 1
14010 0
14011 2
14012 1
14013 2
14014 0
14015 1
14016 0
14017 2
14018 1
14019 2
14020 0
14021 1
14022 2
14023 0
14024 1
14025 0
14026 2
14027 1
14028 0
14029 1
14030 2
14031 0
14032 3
14033 2
14034 1
14035 0
14036 1
14037 0
14038 2
14039 1
14040 2
14041 0
14042 1
14043 0
14044 1
14045 0
14046 1
14047 0
14048 1
14049 0
14050 2
14051 3
14052 1
14053 2
14054 0
14055 1
14056 0
14057 1
14058 0
14059 1
14060 0
14061 1
14062 0
14063 1
14064 0
14065 2
14066 1
14067 2
14068 0
14069 1
14070 0
14071 2
14072 0
14073 1
14074 0
14075 2
14076 1
14077 2
14078 1
14079 0
14080 1
14081 0
14082 1
14083 3
14084 0
14085 2
14086 1
14087 2
14088 1
14089 0
14090 1
14091 0
14092 1
14093 2
14094 1
14095 2
14096 0
14097 1
14098 0
14099 1
14100 3
14101 0
14102 1
14103 0
14104 1
14105 0
14106 1
14107 0
14108 2
14109 1
14110 2
14111 0
14112 1
14113 0
14114 1
14115 0
14116 1
14117 0
14118 2
14119 0
14120 1
14121 0
14122 1
14123 2
14124 1
14125 2
14126 0
14127 1
14128 2
14129 0
14130 1
14131 0
14132 1
14133 2
14134 0
14135 2
14136 1
14137 2
14138 0
14139 1
14140 2
14141 0
14142 2
14143 1
14144 2
14145 0
14146 1
14147 0
14148 1
14149 0
14150 3
14151 1
14152 0
14153 2
14154 1
14155 2
14156 0
14157 2
14158 0
14159 2
14160 0
14161 2
14162 0
14163 1
14164 2
14165 0
14166 1
14167 0
14168 2
14169 1
14170 0
14171 1
14172 2
14173 0
14174 1
14175 0
14176 2
14177 1
14178 2
14179 3
14180 1
14181 0
14182 2
14183 1
14184 2
14185 0
14186 1
14187 0
14188 2
14189 3
14190 0
14191 1
14192 2
14193 0
14194 1
14195 0
14196 1
14197 2
14198 0
14199 1
14200 2
14201 0
14202 1
14203 0
14204 2
14205 1
14206 0
14207 2
14208 0
14209 1
14210 2
14211 0
14212 1
14213 2
14214 0
14215 1
14216 2
14217 1
14218 0
14219 2
14220 1
14221 2
14222 0
14223 1
14224 0
14225 2
14226 1
14227 3
14228 1
14229 0
14230 1
14231 0
14232 2
14233 0
14234 3
14235 1
14236 2
14237 1
14238 2
14239 3
14240 1
14241 2
14242 0
14243 1
14244 2
14245 4
14246 1
14247 0
14248 2
14249 0
14250 1
14251 0
14252 1
14253 0
14254 1
14255 2
14256 1
14257 2
14258 0
14259 1
14260 2
14261 3
14262 1
14263 2
14264 0
14265 1
14266 2
14267 1
14268 0
14269 1
14270 2
14271 0
14272 1
14273 3
14274 2
14275 1
14276 0
14277 1
14278 2
14279 0
14280 1
14281 2
14282 1
14283 2
14284 1
14285 0
14286 1
14287 0
14288 2
14289 1
14290 0
14291 2
14292 1
14293 3
14294 2
14295 1
14296 0
14297 2
14298 1
14299 0
14300 1
14301 0
14302 1
14303 2
14304 0
14305 1
14306 2
14307 0
14308 1
14309 0
14310 2
14311 1
14312 3
14313 2
14314 0
14315 1
14316 2
14317 1
14318 2
14319 0
14320 2
14321 1
14322 0
14323 2
14324 0
14325 2
14326 1
14327 0
14328 1
14329 0
14330 1
14331 0
14332 1
14333 0
14334 2
14335 1
14336 0
14337 1
14338 0
14339 1
14340 0
14341 2
14342 0
14343 3
14344 1
14345 2
14346 0
14347 1
14348 0
14349 1
14350 0
14351 1
14352 0
14353 1
14354 0
14355 1
14356 2
14357 3
14358 1
14359 2
14360 0
14361 2
14362 1
14363 0
14364 2
14365 1
14366 0
14367 2
14368 0
14369 1
14370 0
14371 2
14372 1
14373 2
14374 0
14375 1
14376 0
14377 1
14378 0
14379 2
14380 0
14381 1
14382 0
14383 2
14384 1
14385 0
14386 1
14387 0
14388 1
14389 2
14390 0
14391 2
14392 1
14393 2
14394 0
14395 1
14396 2
14397 1
14398 2
14399 0
14400 2
14401 1
14402 0
14403 2
14404 1
14405 0
14406 2
14407 1
14408 3
14409 2
14410 1
14411 3
14412 2
14413 3
14414 2
14415 0
14416 1
14417 0
14418 1
14419 0
14420 1
14421 2
14422 0
14423 3
14424 2
14425 0
14426 1
14427 2
14428 0
14429 1
14430 2
14431 0
14432 2
14433 1
14434 3
14435 2
14436 1
14437 0
14438 1
14439 2
14440 0
14441 2
14442 1
14443 3
14444 2
14445 1
14446 3
14447 2
14448 1
14449 0
14450 2
14451 0
14452 1
14453 0
14454 2
14455 1
14456 2
14457 0
14458 1
14459 3
14460 0
14461 1
14462 2
14463 1
14464 0
14465 2
14466 1
14467 2
14468 0
14469 2
14470 1
14471 2
14472 1
14473 0
14474 1
14475 0
14476 2
14477 1
14478 3
14479 0
14480 1
14481 2
14482 3
14483 1
14484 2
14485 0
14486 3
14487 2
14488 0
14489 1
14490 2
14491 1
14492 0
14493 2
14494 1
14495 2
14496 0
14497 3
14498 0
14499 2
14500 1
14501 0
14502 1
14503 0
14504 1
14505 2
14506 1
14507 0
14508 1
14509 2
14510 1
14511 2
14512 0
14513 1
14514 2
14515 1
14516 0
14517 1
14518 2
14519 0
14520 2
14521 0
14522 1
14523 2
14524 0
14525 2
14526 1
14527 0
14528 2
14529 1
14530 0
14531 1
14532 2
14533 0
14534 1
14535 2
14536 1
14537 0
14538 1
14539 0
14540 1
14541 0
14542 2
14543 0
14544 1
14545 0
14546 1
14547 3
14548 2
14549 0
14550 2
14551 0
14552 1
14553 0
14554 1
14555 0
14556 1
14557 0
14558 1
14559 2
14560 0
14561 1
14562 0
14563 1
14564 2
14565 0
14566 1
14567 2
14568 0
14569 2
14570 1
14571 3
14572 0
14573 2
14574 1
14575 0
14576 1
14577 3
14578 1
14579 0
14580 2
14581 1
14582 2
14583 1
14584 0
14585 1
14586 0
14587 1
14588 2
14589 0
14590 1
14591 0
14592 1
14593 2
14594 0
14595 3
14596 2
14597 0
14598 2
14599 1
14600 3
14601 1
14602 2
14603 0
14604 1
14605 0
14606 1
14607 0
14608 2
14609 1
14610 0
14611 1
14612 2
14613 0
14614 1
14615 0
14616 1
14617 0
14618 1
14619 2
14620 0
14621 2
14622 1
14623 2
14624 0
14625 1
14626 2
14627 1
14628 0
14629 1
14630 2
14631 0
14632 1
14633 2
14634 1
14635 0
14636 2
14637 1
14638 0
14639 1
14640 2
14641 1
14642 0
14643 2
14644 0
14645 2
14646 0
14647 2
14648 1
14649 0
14650 2
14651 1
14652 0
14653 2
14654 0
14655 2
14656 1
14657 2
14658 1
14659 0
14660 2
14661 1
14662 0
14663 2
14664 1
14665 2
14666 1
14667 3
14668 0
14669 1
14670 0
14671 1
14672 0
14673 1
14674 0
14675 1
14676 0
14677 1
14678 2
14679 0
14680 1
14681 0
14682 2
14683 1
14684 2
14685 0
14686 1
14687 2
14688 0
14689 2
14690 1
14691 0
14692 1
14693 2
14694 1
14695 0
14696 1
14697 3
14698 0
14699 1
14700 0
14701 1
14702 0
14703 1
14704 0
14705 1
14706 0
14707 1
14708 0
14709 1
14710 0
14711 1
14712 2
14713 0
14714 3
14715 2
14716 1
14717 0
14718 1
14719 0
14720 2
14721 1
14722 0
14723 2
14724 1
14725 2
14726 0
14727 1
14728 2
14729 1
14730 0
14731 1
14732 0
14733 1
14734 0
14735 1
14736 2
14737 3
14738 1
14739 0
14740 1
14741 0
14742 1
14743 0
14744 2
14745 1
14746 0
14747 1
14748 2
14749 1
14750 0
14751 1
14752 0
14753 1
14754 2
14755 0
14756 2
14757 1
14758 2
14759 1
14760 0
14761 1
14762 2
14763 1
14764 0
14765 1
14766 3
14767 2
14768 0
14769 1
14770 0
14771 1
14772 0
14773 2
14774 1
14775 3
14776 0
14777 1
14778 0
14779 1
14780 0
14781 1
14782 0
14783 1
14784 0
14785 2
14786 1
14787 0
14788 1
14789 2
14790 1
14791 2
14792 1
14793 2
14794 0
14795 2
14796 1
14797 0
14798 2
14799 1
14800 3
14801 2
14802 0
14803 1
14804 2
14805 0
14806 1
14807 0
14808 1
14809 2
14810 1
14811 2
14812 0
14813 1
14814 0
14815 2
14816 1
14817 2
14818 1
14819 0
14820 2
14821 1
14822 0
14823 1
14824 0
14825 1
14826 0
14827 1
14828 2
14829 0
14830 1
14831 2
14832 1
14833 0
14834 1
14835 0
14836 2
14837 0
14838 1
14839 0
14840 1
14841 2
14842 0
14843 3
14844 1
14845 2
14846 1
14847 0
14848 2
14849 3
14850 1
14851 0
14852 1
14853 0
14854 2
14855 1
14856 0
14857 2
14858 1
14859 0
14860 1
14861 0
14862 1
14863 2
14864 0
14865 1
14866 2
14867 0
14868 1
14869 0
14870 2
14871 0
14872 2
14873 3
14874 0
14875 1
14876 0
14877 2
14878 0
14879 1
14880 0
14881 1
14882 0
14883 1
14884 0
14885 2
14886 0
14887 1
14888 2
14889 0
14890 1
14891 2
14892 3
14893 0
14894 2
14895 1
14896 0
14897 2
14898 1
14899 0
14900 1
14901 2
14902 0
14903 1
14904 0
14905 1
14906 0
14907 1
14908 2
14909 1
14910 2
14911 0
14912 1
14913 0
14914 2
14915 1
14916 0
14917 1
14918 0
14919 1
14920 0
14921 1
14922 0
14923 1
14924 2
14925 0
14926 1
14927 0
14928 1
14929 0
14930 1
14931 2
14932 0
14933 2
14934 0
14935 1
14936 0
14937 1
14938 0
14939 2
14940 1
14941 0
14942 1
14943 2
14944 0
14945 2
14946 0
14947 1
14948 0
14949 1
14950 0
14951 2
14952 1
14953 0
14954 1
14955 0
14956 2
14957 1
14958 3
14959 0
14960 1
14961 0
14962 2
14963 0
14964 3
14965 2
14966 0
14967 1
14968 2
14969 1
14970 0
14971 1
14972 0
14973 1
14974 0
14975 2
14976 1
14977 0
14978 2
14979 1
14980 0
14981 1
14982 2
14983 1
14984 2
14985 1
14986 3
14987 0
14988 3
14989 2
14990 1
14991 0
14992 1
14993 0
14994 2
14995 1
14996 2
14997 0
14998 1
14999 0
15000 1
15001 2
15002 0
15003 1
15004 0
15005 1
15006 2
15007 0
15008 2
15009 0
15010 2
15011 0
15012 1
15013 0
15014 1
15015 0
15016 2
15017 1
15018 0
15019 2
15020 0
15021 1
15022 0
15023 1
15024 2
15025 0
15026 1
15027 2
15028 1
15029 0
15030 1
15031 0
15032 2
15033 1
15034 2
15035 0
15036 3
15037 1
15038 2
15039 3
15040 1
15041 0
15042 1
15043 0
15044 1
15045 0
15046 1
15047 0
15048 1
15049 2
15050 0
15051 1
15052 0
15053 1
15054 0
15055 1
15056 0
15057 2
15058 1
15059 2
15060 1
15061 2
15062 0
15063 1
15064 0
15065 1
15066 0
15067 2
15068 1
15069 2
15070 0
15071 1
15072 0
15073 1
15074 0
15075 2
15076 1
15077 2
15078 0
15079 1
15080 0
15081 2
15082 0
15083 1
15084 0
15085 1
15086 0
15087 2
15088 1
15089 0
15090 1
15091 0
15092 1
15093 0
15094 2
15095 1
15096 2
15097 1
15098 2
15099 0
15100 1
15101 2
15102 0
15103 2
15104 1
15105 0
15106 1
15107 2
15108 1
15109 0
15110 1
15111 2
15112 1
15113 0
15114 1
15115 0
15116 1
15117 2
15118 1
15119 0
15120 2
15121 1
15122 2
15123 0
15124 2
15125 1
15126 2
15127 1
15128 0
15129 1
15130 0
15131 1
15132 2
15133 1
15134 0
15135 1
15136 2
15137 0
15138 2
15139 0
15140 2
15141 0
15142 1
15143 0
15144 2
15145 1
15146 2
15147 0
15148 2
15149 3
15150 1
15151 2
15152 1
15153 2
15154 1
15155 0
15156 2
15157 1
15158 2
15159 0
15160 1
15161 2
15162 0
15163 1
15164 2
15165 0
15166 1
15167 0
15168 1
15169 2
15170 0
15171 1
15172 2
15173 1
15174 2
15175 0
15176 2
15177 1
15178 2
15179 1
15180 0
15181 1
15182 0
15183 1
15184 0
15185 1
15186 0
15187 1
15188 0
15189 1
15190 0
15191 2
15192 3
15193 1
15194 0
15195 2
15196 0
15197 1
15198 2
15199 1
15200 0
15201 2
15202 1
15203 0
15204 2
15205 1
15206 2
15207 1
15208 2
15209 0
15210 1
15211 2
15212 0
15213 2
15214 0
15215 1
15216 2
15217 0
15218 1
15219 0
15220 1
15221 2
15222 1
15223 2
15224 1
15225 0
15226 1
15227 0
15228 2
15229 1
15230 2
15231 1
15232 0
15233 1
15234 0
15235 2
15236 1
15237 2
15238 3
15239 1
15240 2
15241 0
15242 2
15243 1
15244 0
15245 3
15246 1
15247 2
15248 0
15249 2
15250 1
15251 2
15252 0
15253 1
15254 0
15255 2
15256 1
15257 0
15258 2
15259 1
15260 3
15261 0
15262 1
15263 2
15264 1
15265 0
15266 1
15267 3
15268 0
15269 2
15270 1
15271 0
15272 1
15273 2
15274 0
15275 2
15276 1
15277 0
15278 1
15279 0
15280 1
15281 2
15282 1
15283 3
15284 2
15285 1
15286 0
15287 1
15288 0
15289 1
15290 0
15291 2
15292 1
15293 0
15294 1
15295 2
15296 0
15297 1
15298 2
15299 0
15300 2
15301 1
15302 0
15303 2
15304 1
15305 0
15306 1
15307 2
15308 0
15309 1
15310 0
15311 1
15312 0
15313 1
15314 0
15315 2
15316 0
15317 1
15318 0
15319 1
15320 0
15321 2
15322 1
15323 0
15324 1
15325 2
15326 1
15327 2
15328 0
15329 1
15330 2
15331 0
15332 1
15333 0
15334 1
15335 0
15336 2
15337 1
15338 0
15339 1
15340 0
15341 1
15342 2
15343 0
15344 1
15345 2
15346 1
15347 2
15348 1
15349 0
15350 1
15351 2
15352 0
15353 2
15354 3
15355 0
15356 1
15357 0
15358 2
15359 1
15360 0
15361 1
15362 0
15363 1
15364 0
15365 3
15366 1
15367 0
15368 2
15369 1
15370 2
15371 1
15372 2
15373 1
15374 0
15375 2
15376 1
15377 0
15378 1
15379 0
15380 2
15381 1
15382 0
15383 1
15384 2
15385 0
15386 1
15387 0
15388 2
15389 0
15390 1
15391 2
15392 1
15393 0
15394 1
15395 2
15396 1
15397 2
15398 0
15399 2
15400 0
15401 1
15402 2
15403 0
15404 2
15405 0
15406 1
15407 2
15408 0
15409 2
15410 0
15411 1
15412 0
15413 1
15414 0
15415 1
15416 3
15417 0
15418 1
15419 0
15420 2
15421 1
15422 0
15423 2
15424 0
15425 1
15426 0
15427 2
15428 1
15429 0
15430 2
15431 1
15432 0
15433 2
15434 0
15435 1
15436 2
15437 0
15438 2
15439 0
15440 1
15441 0
15442 1
15443 0
15444 1
15445 0
15446 2
15447 0
15448 2
15449 1
15450 0
15451 2
15452 1
15453 2
15454 0
15455 3
15456 1
15457 3
15458 1
15459 2
15460 0
15461 1
15462 2
15463 0
15464 1
15465 0
15466 2
15467 1
15468 0
15469 1
15470 2
15471 0
15472 1
15473 0
15474 2
15475 0
15476 2
15477 0
15478 1
15479 2
15480 1
15481 0
15482 2
15483 3
15484 0
15485 1
15486 0
15487 1
15488 3
15489 2
15490 0
15491 1
15492 0
15493 1
15494 0
15495 1
15496 2
15497 0
15498 2
15499 1
15500 0
15501 2
15502 0
15503 1
15504 0
15505 1
15506 0
15507 1
15508 0
15509 1
15510 2
15511 0
15512 1
15513 0
15514 1
15515 0
15516 1
15517 2
15518 0
15519 1
15520 2
15521 0
15522 1
15523 2
15524 1
15525 0
15526 1
15527 0
15528 2
15529 1
15530 0
15531 1
15532 0
15533 2
15534 1
15535 0
15536 1
15537 2
15538 0
15539 1
15540 0
15541 2
15542 1
15543 0
15544 1
15545 2
15546 0
15547 2
15548 1
15549 0
15550 2
15551 1
15552 0
15553 1
15554 2
15555 0
15556 1
15557 2
15558 1
15559 2
15560 1
15561 3
15562 2
15563 1
15564 2
15565 0
15566 1
15567 0
15568 1
15569 0
15570 2
15571 1
15572 2
15573 0
15574 1
15575 0
15576 1
15577 0
15578 2
15579 1
15580 0
15581 2
15582 3
15583 1
15584 2
15585 0
15586 1
15587 2
15588 1
15589 0
15590 1
15591 2
15592 0
15593 1
15594 2
15595 0
15596 1
15597 0
15598 2
15599 0
15600 2
15601 1
15602 0
15603 1
15604 2
15605 0
15606 1
15607 0
15608 2
15609 0
15610 1
15611 2
15612 0
15613 2
15614 0
15615 2
15616 1
15617 0
15618 2
15619 1
15620 0
15621 2
15622 0
15623 2
15624 3
15625 1
15626 0
15627 2
15628 1
15629 0
15630 1
15631 2
15632 3
15633 1
15634 0
15635 2
15636 0
15637 3
15638 2
15639 0
15640 1
15641 0
15642 1
15643 2
15644 0
15645 1
15646 0
15647 2
15648 0
15649 1
15650 0
15651 1
15652 0
15653 1
15654 2
15655 0
15656 1
15657 0
15658 1
15659 0
15660 2
15661 1
15662 0
15663 1
15664 2
15665 0
15666 2
15667 1
15668 0
15669 2
15670 0
15671 3
15672 0
15673 2
15674 3
15675 1
15676 2
15677 0
15678 2
15679 1
15680 0
15681 1
15682 2
15683 1
15684 0
15685 2
15686 0
15687 1
15688 2
15689 0
15690 1
15691 0
15692 1
15693 0
15694 2
15695 1
15696 2
15697 1
15698 0
15699 1
15700 2
15701 1
15702 2
15703 1
15704 3
15705 0
15706 2
15707 0
15708 1
15709 2
15710 0
15711 1
15712 3
15713 0
15714 2
15715 1
15716 0
15717 1
15718 2
15719 0
15720 1
15721 2
15722 0
15723 1
15724 0
15725 1
15726 0
15727 2
15728 1
15729 2
15730 0
15731 1
15732 0
15733 3
15734 2
15735 0
15736 1
15737 0
15738 1
15739 2
15740 1
15741 0
15742 2
15743 1
15744 0
15745 1
15746 0
15747 1
15748 0
15749 1
15750 0
15751 1
15752 0
15753 2
15754 1
15755 2
15756 0
15757 1
15758 0
15759 1
15760 0
15761 2
15762 1
15763 0
15764 1
15765 2
15766 1
15767 0
15768 2
15769 1
15770 0
15771 1
15772 3
15773 0
15774 2
15775 1
15776 2
15777 0
15778 1
15779 0
15780 1
15781 2
15782 1
15783 0
15784 2
15785 3
15786 0
15787 1
15788 0
15789 1
15790 2
15791 1
15792 0
15793 1
15794 0
15795 1
15796 2
15797 1
15798 2
15799 3
15800 1
15801 2
15802 1
15803 0
15804 1
15805 2
15806 0
15807 1
15808 0
15809 2
15810 1
15811 0
15812 1
15813 2
15814 0
15815 1
15816 2
15817 0
15818 1
15819 0
15820 3
15821 2
15822 3
15823 1
15824 0
15825 1
15826 0
15827 1
15828 0
15829 2
15830 1
15831 2
15832 1
15833 0
15834 1
15835 0
15836 2
15837 0
15838 1
15839 0
15840 2
15841 1
15842 2
15843 0
15844 1
15845 2
15846 0
15847 2
15848 1
15849 0
15850 1
15851 0
15852 3
15853 0
15854 1
15855 2
15856 1
15857 0
15858 1
15859 2
15860 0
15861 2
15862 0
15863 2
15864 1
15865 0
15866 2
15867 0
15868 1
15869 0
15870 1
15871 0
15872 3
15873 2
15874 0
15875 2
15876 0
15877 2
15878 0
15879 1
15880 0
15881 1
15882 0
15883 2
15884 0
15885 1
15886 2
15887 1
15888 2
15889 0
15890 2
15891 1
15892 0
15893 3
15894 2
15895 0
15896 3
15897 2
15898 3
15899 0
15900 2
15901 1
15902 2
15903 1
15904 0
15905 2
15906 0
15907 1
15908 0
15909 2
15910 0
15911 3
15912 0
15913 1
15914 0
15915 2
15916 0
15917 1
15918 2
15919 0
15920 2
15921 0
15922 2
15923 0
15924 1
15925 2
15926 0
15927 2
15928 1
15929 0
15930 2
15931 0
15932 3
15933 1
15934 0
15935 3
15936 0
15937 1
15938 0
15939 1
15940 0
15941 1
15942 0
15943 1
15944 0
15945 1
15946 0
15947 1
15948 2
15949 0
15950 2
15951 1
15952 0
15953 3
15954 1
15955 2
15956 0
15957 2
15958 1
15959 2
15960 1
15961 0
15962 1
15963 2
15964 0
15965 3
15966 0
15967 1
15968 2
15969 1
15970 0
15971 1
15972 0
15973 1
15974 0
15975 1
15976 0
15977 1
15978 0
15979 2
15980 1
15981 2
15982 1
15983 2
15984 0
15985 1
15986 0
15987 1
15988 0
15989 2
15990 3
15991 0
15992 1
15993 2
15994 0
15995 1
15996 2
15997 3
15998 0
15999 1
16000 0
16001 1
16002 0
16003 1
16004 2
16005 1
16006 0
16007 1
16008 0
16009 1
16010 2
16011 1
16012 2
16013 0
16014 2
16015 0
16016 1
16017 2
16018 1
16019 0
16020 1
16021 0
16022 2
16023 0
16024 1
16025 0
16026 2
16027 1
16028 2
16029 1
16030 2
16031 0
16032 2
16033 1
16034 0
16035 2
16036 1
16037 0
16038 2
16039 1
16040 0
16041 1
16042 2
16043 0
16044 1
16045 0
16046 1
16047 2
16048 0
16049 2
16050 1
16051 0
16052 1
16053 2
16054 0
16055 2
16056 1
16057 0
16058 1
16059 2
16060 0
16061 2
16062 0
16063 2
16064 1
16065 2
16066 1
16067 2
16068 0
16069 2
16070 1
16071 2
16072 0
16073 3
16074 2
16075 1
16076 0
16077 1
16078 0
16079 1
16080 0
16081 1
16082 2
16083 0
16084 1
16085 2
16086 0
16087 1
16088 2
16089 1
16090 0
16091 2
16092 1
16093 2
16094 0
16095 1
16096 0
16097 2
16098 1
16099 0
16100 1
16101 2
16102 1
16103 0
16104 2
16105 0
16106 1
16107 2
16108 3
16109 0
16110 2
16111 0
16112 1
16113 0
16114 2
16115 1
16116 0
16117 2
16118 0
16119 1
16120 0
16121 1
16122 0
16123 1
16124 2
16125 0
16126 2
16127 0
16128 1
16129 0
16130 2
16131 1
16132 3
16133 1
16134 0
16135 1
16136 0
16137 1
16138 0
16139 1
16140 3
16141 2
16142 0
16143 1
16144 0
16145 1
16146 2
16147 0
16148 1
16149 0
16150 1
16151 2
16152 0
16153 2
16154 1
16155 0
16156 2
16157 1
16158 0
16159 2
16160 1
16161 0
16162 2
16163 1
16164 0
16165 1
16166 0
16167 2
16168 1
16169 2
16170 1
16171 2
16172 1
16173 2
16174 0
16175 1
16176 0
16177 1
16178 0
16179 1
16180 2
16181 3
16182 0
16183 1
16184 0
16185 2
16186 0
16187 1
16188 2
16189 0
16190 1
16191 2
16192 0
16193 1
16194 0
16195 1
16196 2
16197 1
16198 0
16199 1
16200 0
16201 1
16202 2
16203 0
16204 2
16205 1
16206 0
16207 2
16208 1
16209 0
16210 2
16211 0
16212 2
16213 1
16214 0
16215 2
16216 0
16217 1
16218 0
16219 2
16220 1
16221 0
16222 1
16223 0
16224 1
16225 0
16226 1
16227 0
16228 2
16229 0
16230 1
16231 0
16232 1
16233 0
16234 3
16235 0
16236 2
16237 0
16238 1
16239 0
16240 1
16241 2
16242 0
16243 1
16244 0
16245 2
16246 1
16247 0
16248 1
16249 0
16250 2
16251 0
16252 2
16253 0
16254 1
16255 2
16256 0
16257 1
16258 2
16259 1
16260 2
16261 0
16262 2
16263 1
16264 2
16265 0
16266 1
16267 0
16268 1
16269 0
16270 2
16271 1
16272 0
16273 1
16274 0
16275 2
16276 1
16277 0
16278 2
16279 0
16280 2
16281 1
16282 2
16283 0
16284 3
16285 2
16286 0
16287 2
16288 3
16289 1
16290 0
16291 1
16292 2
16293 0
16294 2
16295 0
16296 2
16297 1
16298 0
16299 2
16300 1
16301 0
16302 1
16303 0
16304 3
16305 1
16306 0
16307 1
16308 0
16309 2
16310 1
16311 2
16312 1
16313 2
16314 1
16315 0
16316 2
16317 1
16318 2
16319 1
16320 3
16321 1
16322 2
16323 0
16324 2
16325 0
16326 1
16327 2
16328 3
16329 0
16330 1
16331 0
16332 1
16333 0
16334 2
16335 1
16336 0
16337 2
16338 1
16339 2
16340 0
16341 1
16342 0
16343 2
16344 1
16345 2
16346 0
16347 2
16348 0
16349 1
16350 2
16351 3
16352 1
16353 2
16354 0
16355 1
16356 0
16357 1
16358 0
16359 1
16360 2
16361 1
16362 0
16363 1
16364 3
16365 0
16366 1
16367 0
16368 1
16369 2
16370 3
16371 0
16372 1
16373 0
16374 1
16375 2
16376 1
16377 2
16378 0
16379 1
16380 0
16381 1
16382 2
16383 0
16384 2
16385 0
16386 1
16387 0
16388 1
16389 3
16390 2
16391 1
16392 2
16393 0
16394 2
16395 1
16396 2
16397 0
16398 1
16399 0
16400 2
16401 1
16402 0
16403 2
16404 0
16405 1
16406 2
16407 3
16408 0
16409 2
16410 1
16411 3
16412 1
16413 2
16414 3
16415 0
16416 2
16417 1
16418 0
16419 1
16420 2
16421 0
16422 2
16423 0
16424 1
16425 0
16426 2
16427 0
16428 1
16429 2
16430 0
16431 2
16432 0
16433 2
16434 3
16435 1
16436 0
16437 1
16438 0
16439 2
16440 0
16441 2
16442 0
16443 2
16444 1
16445 0
16446 1
16447 0
16448 2
16449 1
16450 0
16451 1
16452 2
16453 1
16454 0
16455 1
16456 2
16457 0
16458 2
16459 1
16460 2
16461 1
16462 0
16463 1
16464 0
16465 2
16466 1
16467 0
16468 1
16469 3
16470 2
16471 3
16472 0
16473 2
16474 0
16475 3
16476 2
16477 1
16478 0
16479 1
16480 0
16481 1
16482 2
16483 3
16484 1
16485 0
16486 2
16487 3
16488 0
16489 2
16490 1
16491 2
16492 1
16493 2
16494 0
16495 1
16496 2
16497 1
16498 0
16499 1
16500 2
16501 0
16502 2
16503 1
16504 2
16505 0
16506 1
16507 0
16508 1
16509 0
16510 2
16511 1
16512 2
16513 0
16514 1
16515 2
16516 0
16517 1
16518 2
16519 1
16520 0
16521 1
16522 2
16523 1
16524 2
16525 1
16526 2
16527 1
16528 0
16529 2
16530 1
16531 0
16532 2
16533 1
16534 0
16535 2
16536 0
16537 1
16538 2
16539 0
16540 3
16541 1
16542 3
16543 0
16544 1
16545 0
16546 1
16547 2
16548 0
16549 2
16550 3
16551 1
16552 0
16553 3
16554 0
16555 1
16556 2
16557 1
16558 0
16559 2
16560 1
16561 0
16562 1
16563 2
16564 0
16565 2
16566 1
16567 0
16568 1
16569 0
16570 2
16571 0
16572 1
16573 0
16574 1
16575 2
16576 0
16577 1
16578 0
16579 3
16580 2
16581 0
16582 1
16583 0
16584 1
16585 0
16586 2
16587 1
16588 0
16589 1
16590 0
16591 1
16592 2
16593 3
16594 1
16595 0
16596 1
16597 2
16598 0
16599 2
16600 1
16601 2
16602 0
16603 1
16604 0
16605 2
16606 1
16607 2
16608 1
16609 2
16610 0
16611 2
16612 3
16613 1
16614 0
16615 1
16616 0
16617 2
16618 1
16619 2
16620 0
16621 1
16622 0
16623 1
16624 2
16625 0
16626 2
16627 1
16628 2
16629 0
16630 1
16631 2
16632 1
16633 0
16634 1
16635 2
16636 1
16637 0
16638 2
16639 0
16640 2
16641 1
16642 2
16643 0
16644 1
16645 0
16646 2
16647 0
16648 1
16649 2
16650 0
16651 1
16652 2
16653 1
16654 2
16655 0
16656 1
16657 2
16658 1
16659 0
16660 1
16661 2
16662 1
16663 2
16664 1
16665 2
16666 0
16667 2
16668 1
16669 0
16670 1
16671 0
16672 2
16673 1
16674 0
16675 1
16676 2
16677 1
16678 2
16679 0
16680 1
16681 2
16682 1
16683 0
16684 2
16685 0
16686 2
16687 0
16688 1
16689 0
16690 2
16691 1
16692 2
16693 0
16694 1
16695 0
16696 1
16697 0
16698 1
16699 0
16700 2
16701 1
16702 2
16703 0
16704 1
16705 2
16706 0
16707 2
16708 1
16709 0
16710 1
16711 2
16712 3
16713 1
16714 2
16715 0
16716 2
16717 1
16718 0
16719 1
16720 0
16721 2
16722 1
16723 2
16724 0
16725 1
16726 2
16727 0
16728 2
16729 0
16730 2
16731 1
16732 0
16733 2
16734 0
16735 3
16736 2
16737 0
16738 3
16739 1
16740 2
16741 0
16742 2
16743 1
16744 0
16745 1
16746 0
16747 1
16748 2
16749 0
16750 2
16751 0
16752 1
16753 0
16754 1
16755 0
16756 2
16757 1
16758 0
16759 2
16760 0
16761 1
16762 0
16763 1
16764 0
16765 2
16766 1
16767 0
16768 2
16769 1
16770 2
16771 0
16772 1
16773 2
16774 1
16775 0
16776 2
16777 1
16778 0
16779 2
16780 0
16781 2
16782 1
16783 0
16784 2
16785 1
16786 0
16787 1
16788 0
16789 2
16790 1
16791 0
16792 1
16793 0
16794 1
16795 0
16796 2
16797 0
16798 1
16799 0
16800 2
16801 0
16802 1
16803 0
16804 2
16805 1
16806 2
16807 1
16808 0
16809 2
16810 1
16811 0
16812 1
16813 0
16814 1
16815 0
16816 1
16817 0
16818 1
16819 2
16820 0
16821 1
16822 0
16823 2
16824 3
16825 0
16826 2
16827 1
16828 0
16829 1
16830 2
16831 1
16832 2
16833 1
16834 0
16835 2
16836 0
16837 1
16838 0
16839 1
16840 0
16841 2
16842 1
16843 0
16844 1
16845 0
16846 1
16847 0
16848 1
16849 2
16850 0
16851 1
16852 0
16853 2
16854 0
16855 1
16856 0
16857 1
16858 3
16859 2
16860 1
16861 0
16862 1
16863 2
16864 0
16865 3
16866 1
16867 2
16868 1
16869 0
16870 3
16871 1
16872 2
16873 0
16874 1
16875 0
16876 1
16877 2
16878 0
16879 1
16880 0
16881 1
16882 2
16883 0
16884 1
16885 0
16886 1
16887 0
16888 2
16889 1
16890 2
16891 3
16892 1
16893 2
16894 0
16895 1
16896 0
16897 2
16898 1
16899 2
16900 0
16901 2
16902 1
16903 0
16904 1
16905 2
16906 1
16907 2
16908 0
16909 1
16910 2
16911 3
16912 2
16913 1
16914 2
16915 1
16916 0
16917 1
16918 0
16919 1
16920 0
16921 1
16922 0
16923 1
16924 0
16925 1
16926 0
16927 2
16928 1
16929 2
16930 1
16931 0
16932 1
16933 0
16934 1
16935 0
16936 2
16937 1
16938 0
16939 1
16940 0
16941 1
16942 2
16943 0
16944 1
16945 2
16946 0
16947 1
16948 0
16949 1
16950 0
16951 1
16952 2
16953 0
16954 2
16955 1
16956 2
16957 0
16958 1
16959 0
16960 1
16961 0
16962 2
16963 1
16964 0
16965 1
16966 2
16967 3
16968 1
16969 2
16970 0
16971 2
16972 1
16973 0
16974 2
16975 1
16976 0
16977 1
16978 0
16979 1
16980 2
16981 1
16982 2
16983 0
16984 1
16985 0
16986 1
16987 2
16988 0
16989 2
16990 1
16991 2
16992 1
16993 2
16994 0
16995 2
16996 1
16997 0
16998 1
16999 0
17000 2
17001 1
17002 0
17003 2
17004 0
17005 2
17006 0
17007 1
17008 2
17009 3
17010 0
17011 1
17012 0
17013 2
17014 0
17015 1
17016 0
17017 2
17018 0
17019 1
17020 0
17021 1
17022 2
17023 0
17024 2
17025 0
17026 2
17027 1
17028 0
17029 1
17030 0
17031 1
17032 0
17033 1
17034 2
17035 1
17036 3
17037 0
17038 1
17039 0
17040 1
17041 3
17042 1
17043 0
17044 1
17045 2
17046 0
17047 2
17048 1
17049 0
17050 1
17051 0
17052 1
17053 2
17054 0
17055 1
17056 0
17057 1
17058 0
17059 1
17060 0
17061 2
17062 0
17063 2
17064 1
17065 0
17066 3
17067 1
17068 0
17069 1
17070 0
17071 2
17072 3
17073 1
17074 0
17075 1
17076 2
17077 0
17078 1
17079 0
17080 2
17081 1
17082 2
17083 3
17084 1
17085 2
17086 1
17087 2
17088 0
17089 2
17090 1
17091 0
17092 2
17093 1
17094 0
17095 1
17096 2
17097 3
17098 1
17099 0
17100 1
17101 2
17102 1
17103 0
17104 1
17105 2
17106 0
17107 1
17108 0
17109 1
17110 2
17111 1
17112 0
17113 2
17114 0
17115 1
17116 0
17117 2
17118 1
17119 0
17120 2
17121 1
17122 0
17123 2
17124 1
17125 0
17126 2
17127 1
17128 0
17129 2
17130 1
17131 2
17132 0
17133 1
17134 2
17135 0
17136 1
17137 0
17138 1
17139 0
17140 2
17141 0
17142 1
17143 2
17144 0
17145 2
17146 1
17147 2
17148 0
17149 2
17150 1
17151 2
17152 1
17153 0
17154 3
17155 1
17156 0
17157 2
17158 1
17159 2
17160 0
17161 1
17162 0
17163 2
17164 0
17165 1
17166 0
17167 1
17168 2
17169 1
17170 0
17171 1
17172 2
17173 0
17174 2
17175 0
17176 1
17177 2
17178 3
17179 1
17180 0
17181 3
17182 1
17183 2
17184 3
17185 0
17186 2
17187 1
17188 0
17189 1
17190 2
17191 3
17192 0
17193 2
17194 1
17195 2
17196 0
17197 1
17198 2
17199 0
17200 1
17201 0
17202 2
17203 1
17204 0
17205 1
17206 2
17207 0
17208 2
17209 1
17210 0
17211 1
17212 2
17213 1
17214 0
17215 2
17216 0
17217 2
17218 0
17219 2
17220 0
17221 2
17222 0
17223 1
17224 2
17225 0
17226 2
17227 1
17228 0
17229 1
17230 3
17231 2
17232 3
17233 2
17234 1
17235 0
17236 1
17237 0
17238 1
17239 0
17240 2
17241 0
17242 2
17243 3
17244 1
17245 2
17246 0
17247 1
17248 0
17249 1
17250 0
17251 1
17252 3
17253 0
17254 3
17255 1
17256 2
17257 0
17258 1
17259 0
17260 1
17261 0
17262 2
17263 0
17264 1
17265 2
17266 0
17267 3
17268 2
17269 0
17270 1
17271 0
17272 1
17273 2
17274 0
17275 2
17276 3
17277 1
17278 0
17279 1
17280 0
17281 2
17282 0
17283 2
17284 0
17285 1
17286 0
17287 2
17288 1
17289 2
17290 3
17291 0
17292 2
17293 1
17294 0
17295 1
17296 2
17297 0
17298 2
17299 0
17300 1
17301 0
17302 1
17303 0
17304 1
17305 0
17306 1
17307 2
17308 1
17309 2
17310 1
17311 0
17312 2
17313 0
17314 2
17315 1
17316 2
17317 3
17318 0
17319 1
17320 2
17321 1
17322 0
17323 2
17324 1
17325 0
17326 1
17327 2
17328 1
17329 0
17330 1
17331 0
17332 1
17333 3
17334 0
17335 1
17336 0
17337 1
17338 2
17339 0
17340 2
17341 1
17342 0
17343 2
17344 3
17345 1
17346 2
17347 1
17348 0
17349 2
17350 1
17351 0
17352 1
17353 2
17354 0
17355 2
17356 0
17357 2
17358 3
17359 0
17360 1
17361 2
17362 1
17363 2
17364 0
17365 1
17366 2
17367 1
17368 2
17369 0
17370 2
17371 1
17372 2
17373 1
17374 0
17375 1
17376 2
17377 0
17378 1
17379 0
17380 1
17381 2
17382 0
17383 2
17384 1
17385 0
17386 1
17387 0
17388 2
17389 1
17390 0
17391 3
17392 1
17393 2
17394 0
17395 1
17396 2
17397 0
17398 2
17399 1
17400 0
17401 2
17402 0
17403 1
17404 2
17405 0
17406 1
17407 2
17408 0
17409 2
17410 1
17411 0
17412 2
17413 3
17414 0
17415 2
17416 0
17417 2
17418 1
17419 2
17420 0
17421 1
17422 2
17423 0
17424 1
17425 2
17426 0
17427 1
17428 0
17429 1
17430 2
17431 1
17432 0
17433 1
17434 0
17435 2
17436 0
17437 2
17438 1
17439 0
17440 1
17441 0
17442 1
17443 0
17444 1
17445 0
17446 2
17447 0
17448 1
17449 0
17450 2
17451 1
17452 0
17453 3
17454 1
17455 0
17456 1
17457 0
17458 3
17459 2
17460 0
17461 2
17462 0
17463 2
17464 3
17465 0
17466 1
17467 2
17468 0
17469 1
17470 2
17471 1
17472 2
17473 0
17474 1
17475 0
17476 2
17477 1
17478 2
17479 3
17480 1
17481 2
17482 0
17483 1
17484 0
17485 1
17486 0
17487 2
17488 0
17489 1
17490 0
17491 2
17492 0
17493 1
17494 0
17495 1
17496 0
17497 1
17498 2
17499 0
17500 1
17501 3
17502 1
17503 0
17504 2
17505 1
17506 0
17507 1
17508 2
17509 1
17510 0
17511 1
17512 0
17513 1
17514 2
17515 1
17516 0
17517 1
17518 2
17519 0
17520 2
17521 1
17522 0
17523 1
17524 0
17525 2
17526 1
17527 0
17528 1
17529 0
17530 1
17531 3
17532 2
17533 1
17534 0
17535 2
17536 1
17537 0
17538 2
17539 1
17540 0
17541 1
17542 0
17543 1
17544 0
17545 1
17546 0
17547 1
17548 2
17549 0
17550 1
17551 0
17552 2
17553 1
17554 0
17555 1
17556 0
17557 3
17558 1
17559 0
17560 1
17561 2
17562 0
17563 3
17564 2
17565 1
17566 0
17567 1
17568 2
17569 0
17570 1
17571 0
17572 2
17573 1
17574 0
17575 1
17576 0
17577 2
17578 1
17579 0
17580 2
17581 1
17582 0
17583 2
17584 0
17585 2
17586 0
17587 1
17588 0
17589 1
17590 2
17591 0
17592 3
17593 1
17594 0
17595 2
17596 1
17597 0
17598 2
17599 0
17600 1
17601 0
17602 1
17603 0
17604 3
17605 0
17606 1
17607 0
17608 1
17609 0
17610 1
17611 0
17612 1
17613 0
17614 1
17615 0
17616 3
17617 2
17618 0
17619 1
17620 0
17621 2
17622 0
17623 1
17624 0
17625 1
17626 2
17627 0
17628 1
17629 2
17630 3
17631 0
17632 1
17633 2
17634 1
17635 2
17636 0
17637 1
17638 2
17639 0
17640 1
17641 2
17642 0
17643 1
17644 0
17645 1
17646 0
17647 1
17648 2
17649 3
17650 1
17651 0
17652 1
17653 0
17654 1
17655 0
17656 1
17657 2
17658 0
17659 1
17660 2
17661 3
17662 0
17663 1
17664 0
17665 1
17666 0
17667 1
17668 0
17669 2
17670 1
17671 0
17672 1
17673 0
17674 1
17675 0
17676 1
17677 2
17678 1
17679 2
17680 0
17681 1
17682 0
17683 1
17684 2
17685 1
17686 0
17687 1
17688 0
17689 1
17690 2
17691 1
17692 2
17693 0
17694 1
17695 0
17696 1
17697 2
17698 0
17699 1
17700 2
17701 1
17702 3
17703 2
17704 1
17705 0
17706 1
17707 0
17708 2
17709 1
17710 0
17711 2
17712 0
17713 1
17714 2
17715 0
17716 2
17717 1
17718 2
17719 0
17720 2
17721 0
17722 1
17723 2
17724 0
17725 3
17726 1
17727 2
17728 0
17729 2
17730 1
17731 2
17732 3
17733 1
17734 2
17735 0
17736 2
17737 0
17738 1
17739 0
17740 2
17741 1
17742 0
17743 1
17744 2
17745 0
17746 1
17747 0
17748 1
17749 0
17750 2
17751 0
17752 2
17753 1
17754 0
17755 1
17756 2
17757 0
17758 1
17759 0
17760 1
17761 0
17762 1
17763 0
17764 1
17765 0
17766 1
17767 0
17768 1
17769 0
17770 1
17771 0
17772 1
17773 0
17774 1
17775 0
17776 2
17777 0
17778 2
17779 1
17780 2
17781 1
17782 2
17783 0
17784 2
17785 1
17786 0
17787 2
17788 1
17789 2
17790 1
17791 0
17792 1
17793 0
17794 1
17795 0
17796 2
17797 0
17798 2
17799 1
17800 2
17801 0
17802 1
17803 0
17804 1
17805 2
17806 0
17807 1
17808 2
17809 0
17810 2
17811 1
17812 0
17813 1
17814 0
17815 1
17816 3
17817 2
17818 1
17819 3
17820 0
17821 1
17822 0
17823 2
17824 0
17825 2
17826 1
17827 0
17828 2
17829 3
17830 1
17831 2
17832 1
17833 0
17834 1
17835 2
17836 0
17837 1
17838 2
17839 0
17840 3
17841 2
17842 1
17843 2
17844 0
17845 1
17846 0
17847 1
17848 2
17849 1
17850 0
17851 1
17852 2
17853 1
17854 2
17855 1
17856 0
17857 2
17858 1
17859 0
17860 1
17861 2
17862 1
17863 0
17864 1
17865 0
17866 1
17867 0
17868 1
17869 2
17870 1
17871 0
17872 1
17873 0
17874 2
17875 0
17876 1
17877 2
17878 0
17879 2
17880 1
17881 0
17882 2
17883 1
17884 0
17885 1
17886 0
17887 3
17888 2
17889 0
17890 1
17891 0
17892 1
17893 3
17894 0
17895 2
17896 1
17897 2
17898 0
17899 1
17900 2
17901 1
17902 0
17903 1
17904 2
17905 0
17906 1
17907 0
17908 2
17909 1
17910 0
17911 2
17912 0
17913 1
17914 0
17915 2
17916 1
17917 0
17918 1
17919 0
17920 2
17921 0
17922 1
17923 0
17924 1
17925 2
17926 1
17927 2
17928 0
17929 2
17930 1
17931 0
17932 2
17933 1
17934 0
17935 1
17936 0
17937 1
17938 0
17939 2
17940 0
17941 2
17942 3
17943 0
17944 2
17945 3
17946 1
17947 2
17948 0
17949 1
17950 2
17951 1
17952 0
17953 1
17954 0
17955 2
17956 1
17957 2
17958 0
17959 1
17960 0
17961 1
17962 0
17963 3
17964 2
17965 0
17966 2
17967 0
17968 1
17969 0
17970 2
17971 0
17972 1
17973 3
17974 2
17975 1
17976 2
17977 1
17978 0
17979 1
17980 2
17981 0
17982 1
17983 0
17984 1
17985 0
17986 1
17987 2
17988 0
17989 2
17990 1
17991 0
17992 2
17993 3
17994 0
17995 3
17996 1
17997 0
17998 2
17999 1
18000 2
18001 1
18002 0
18003 1
18004 0
18005 2
18006 1
18007 0
18008 1
18009 2
18010 0
18011 1
18012 2
18013 0
18014 1
18015 0
18016 1
18017 2
18018 0
18019 1
18020 0
18021 1
18022 2
18023 1
18024 0
18025 1
18026 3
18027 2
18028 0
18029 1
18030 2
18031 1
18032 2
18033 0
18034 1
18035 2
18036 0
18037 1
18038 0
18039 3
18040 1
18041 0
18042 2
18043 1
18044 3
18045 0
18046 2
18047 0
18048 1
18049 0
18050 1
18051 3
18052 2
18053 0
18054 1
18055 0
18056 2
18057 0
18058 2
18059 0
18060 3
18061 0
18062 1
18063 0
18064 2
18065 1
18066 0
18067 1
18068 2
18069 0
18070 1
18071 0
18072 2
18073 1
18074 2
18075 0
18076 1
18077 2
18078 0
18079 1
18080 0
18081 2
18082 1
18083 2
18084 0
18085 2
18086 1
18087 0
18088 1
18089 0
18090 3
18091 2
18092 0
18093 1
18094 0
18095 2
18096 0
18097 2
18098 1
18099 2
18100 0
18101 2
18102 0
18103 2
18104 3
18105 1
18106 3
18107 2
18108 0
18109 2
18110 0
18111 2
18112 1
18113 0
18114 2
18115 1
18116 2
18117 0
18118 1
18119 2
18120 0
18121 2
18122 1
18123 2
18124 0
18125 1
18126 0
18127 2
18128 1
18129 0
18130 1
18131 0
18132 1
18133 0
18134 1
18135 2
18136 0
18137 2
18138 1
18139 2
18140 3
18141 1
18142 0
18143 1
18144 2
18145 1
18146 0
18147 1
18148 2
18149 1
18150 0
18151 1
18152 3
18153 2
18154 0
18155 2
18156 1
18157 0
18158 2
18159 1
18160 3
18161 0
18162 2
18163 1
18164 0
18165 1
18166 0
18167 1
18168 2
18169 1
18170 0
18171 1
18172 0
18173 1
18174 0
18175 1
18176 0
18177 3
18178 2
18179 0
18180 2
18181 1
18182 3
18183 1
18184 2
18185 1
18186 2
18187 0
18188 1
18189 0
18190 2
18191 1
18192 2
18193 0
18194 1
18195 0
18196 1
18197 0
18198 1
18199 2
18200 1
18201 2
18202 0
18203 1
18204 2
18205 0
18206 1
18207 0
18208 1
18209 2
18210 0
18211 2
18212 0
18213 2
18214 1
18215 0
18216 1
18217 2
18218 0
18219 1
18220 2
18221 0
18222 2
18223 0
18224 2
18225 1
18226 2
18227 0
18228 1
18229 2
18230 0
18231 1
18232 0
18233 1
18234 0
18235 1
18236 0
18237 1
18238 2
18239 1
18240 2
18241 0
18242 1
18243 2
18244 1
18245 0
18246 1
18247 0
18248 2
18249 1
18250 2
18251 1
18252 0
18253 2
18254 1
18255 0
18256 1
18257 3
18258 1
18259 2
18260 1
18261 2
18262 0
18263 2
18264 1
18265 0
18266 1
18267 0
18268 2
18269 3
18270 1
18271 0
18272 1
18273 0
18274 2
18275 1
18276 2
18277 1
18278 0
18279 2
18280 3
18281 1
18282 0
18283 1
18284 0
18285 2
18286 0
18287 1
18288 0
18289 2
18290 1
18291 0
18292 1
18293 0
18294 1
18295 2
18296 1
18297 0
18298 1
18299 0
18300 1
18301 2
18302 1
18303 0
18304 1
18305 2
18306 0
18307 2
18308 0
18309 1
18310 2
18311 0
18312 2
18313 0
18314 1
18315 0
18316 1
18317 0
18318 2
18319 3
18320 1
18321 2
18322 0
18323 1
18324 3
18325 2
18326 3
18327 1
18328 0
18329 1
18330 2
18331 0
18332 1
18333 2
18334 1
18335 0
18336 1
18337 0
18338 2
18339 1
18340 0
18341 2
18342 1
18343 0
18344 1
18345 0
18346 2
18347 0
18348 2
18349 1
18350 0
18351 1
18352 0
18353 2
18354 1
18355 2
18356 1
18357 0
18358 2
18359 1
18360 2
18361 1
18362 0
18363 2
18364 0
18365 1
18366 2
18367 0
18368 1
18369 2
18370 0
18371 1
18372 2
18373 0
18374 1
18375 2
18376 1
18377 0
18378 2
18379 1
18380 0
18381 2
18382 1
18383 2
18384 0
18385 2
18386 1
18387 2
18388 1
18389 0
18390 1
18391 0
18392 1
18393 2
18394 0
18395 1
18396 0
18397 2
18398 1
18399 0
18400 2
18401 1
18402 2
18403 0
18404 2
18405 1
18406 0
18407 1
18408 0
18409 2
18410 0
18411 3
18412 0
18413 1
18414 2
18415 0
18416 1
18417 0
18418 1
18419 0
18420 1
18421 2
18422 0
18423 1
18424 2
18425 0
18426 1
18427 2
18428 0
18429 1
18430 0
18431 1
18432 0
18433 2
18434 0
18435 1
18436 0
18437 1
18438 0
18439 2
18440 1
18441 0
18442 1
18443 2
18444 0
18445 1
18446 0
18447 1
18448 2
18449 1
18450 2
18451 3
18452 0
18453 1
18454 2
18455 3
18456 0
18457 1
18458 2
18459 0
18460 2
18461 1
18462 0
18463 1
18464 0
18465 1
18466 0
18467 1
18468 0
18469 1
18470 2
18471 1
18472 0
18473 2
18474 0
18475 3
18476 0
18477 3
18478 1
18479 2
18480 3
18481 0
18482 1
18483 2
18484 1
18485 2
18486 0
18487 1
18488 0
18489 1
18490 2
18491 1
18492 0
18493 2
18494 1
18495 0
18496 1
18497 2
18498 0
18499 1
18500 2
18501 0
18502 1
18503 2
18504 1
18505 2
18506 0
18507 1
18508 2
18509 0
18510 1
18511 0
18512 1
18513 2
18514 0
18515 2
18516 1
18517 2
18518 0
18519 1
18520 2
18521 1
18522 2
18523 3
18524 1
18525 2
18526 1
18527 2
18528 0
18529 1
18530 2
18531 0
18532 1
18533 2
18534 0
18535 2
18536 1
18537 2
18538 1
18539 0
18540 1
18541 0
18542 1
18543 0
18544 1
18545 2
18546 1
18547 0
18548 2
18549 0
18550 2
18551 1
18552 0
18553 1
18554 0
18555 2
18556 1
18557 2
18558 0
18559 1
18560 0
18561 2
18562 0
18563 2
18564 0
18565 3
18566 1
18567 0
18568 2
18569 3
18570 1
18571 0
18572 1
18573 0
18574 2
18575 1
18576 2
18577 0
18578 1
18579 0
18580 1
18581 0
18582 1
18583 2
18584 0
18585 1
18586 2
18587 0
18588 2
18589 1
18590 2
18591 3
18592 2
18593 1
18594 0
18595 1
18596 0
18597 1
18598 2
18599 0
18600 2
18601 1
18602 2
18603 0
18604 1
18605 2
18606 0
18607 1
18608 0
18609 2
18610 1
18611 0
18612 1
18613 0
18614 1
18615 0
18616 1
18617 0
18618 2
18619 0
18620 2
18621 0
18622 2
18623 1
18624 2
18625 1
18626 2
18627 0
18628 1
18629 0
18630 2
18631 0
18632 2
18633 0
18634 2
18635 0
18636 1
18637 0
18638 2
18639 0
18640 2
18641 0
18642 1
18643 2
18644 0
18645 1
18646 3
18647 0
18648 1
18649 0
18650 3
18651 2
18652 0
18653 2
18654 1
18655 0
18656 1
18657 0
18658 1
18659 2
18660 0
18661 1
18662 0
18663 1
18664 2
18665 0
18666 2
18667 1
18668 2
18669 0
18670 3
18671 2
18672 0
18673 1
18674 0
18675 2
18676 1
18677 0
18678 2
18679 0
18680 1
18681 0
18682 2
18683 0
18684 2
18685 1
18686 0
18687 1
18688 2
18689 1
18690 0
18691 1
18692 0
18693 1
18694 2
18695 0
18696 1
18697 2
18698 0
18699 1
18700 0
18701 2
18702 1
18703 0
18704 2
18705 1
18706 2
18707 0
18708 1
18709 2
18710 1
18711 0
18712 2
18713 1
18714 0
18715 2
18716 3
18717 0
18718 2
18719 1
18720 0
18721 1
18722 2
18723 3
18724 0
18725 3
18726 1
18727 0
18728 1
18729 3
18730 0
18731 1
18732 2
18733 0
18734 1
18735 0
18736 2
18737 1
18738 2
18739 0
18740 1
18741 0
18742 1
18743 3
18744 2
18745 0
18746 1
18747 0
18748 2
18749 0
18750 2
18751 0
18752 2
18753 1
18754 0
18755 1
18756 2
18757 1
18758 2
18759 0
18760 2
18761 3
18762 1
18763 0
18764 3
18765 1
18766 2
18767 0
18768 1
18769 0
18770 1
18771 2
18772 0
18773 1
18774 2
18775 1
18776 0
18777 2
18778 0
18779 1
18780 0
18781 1
18782 0
18783 1
18784 3
18785 2
18786 1
18787 0
18788 1
18789 0
18790 1
18791 0
18792 2
18793 0
18794 2
18795 1
18796 0
18797 2
18798 1
18799 2
18800 3
18801 1
18802 2
18803 1
18804 0
18805 1
18806 3
18807 2
18808 1
18809 0
18810 1
18811 0
18812 2
18813 1
18814 0
18815 1
18816 2
18817 1
18818 0
18819 1
18820 2
18821 0
18822 2
18823 1
18824 0
18825 1
18826 2
18827 1
18828 0
18829 2
18830 0
18831 2
18832 1
18833 0
18834 2
18835 1
18836 0
18837 2
18838 0
18839 2
18840 1
18841 2
18842 1
18843 2
18844 0
18845 1
18846 0
18847 2
18848 1
18849 2
18850 1
18851 0
18852 1
18853 2
18854 0
18855 2
18856 0
18857 2
18858 0
18859 3
18860 2
18861 1
18862 0
18863 1
18864 2
18865 0
18866 1
18867 0
18868 1
18869 2
18870 0
18871 1
18872 2
18873 1
18874 2
18875 0
18876 2
18877 1
18878 0
18879 1
18880 2
18881 0
18882 1
18883 0
18884 2
18885 1
18886 2
18887 0
18888 1
18889 0
18890 1
18891 0
18892 2
18893 1
18894 0
18895 2
18896 0
18897 1
18898 0
18899 3
18900 2
18901 1
18902 2
18903 3
18904 1
18905 0
18906 1
18907 0
18908 1
18909 0
18910 1
18911 2
18912 1
18913 2
18914 1
18915 0
18916 1
18917 2
18918 0
18919 1
18920 0
18921 2
18922 1
18923 0
18924 1
18925 2
18926 0
18927 1
18928 0
18929 1
18930 2
18931 0
18932 1
18933 2
18934 0
18935 2
18936 0
18937 3
18938 1
18939 0
18940 2
18941 1
18942 2
18943 0
18944 2
18945 0
18946 1
18947 3
18948 0
18949 1
18950 3
18951 2
18952 3
18953 1
18954 0
18955 1
18956 0
18957 2
18958 1
18959 2
18960 0
18961 1
18962 2
18963 0
18964 1
18965 0
18966 1
18967 0
18968 1
18969 0
18970 2
18971 0
18972 1
18973 0
18974 2
18975 0
18976 2
18977 1
18978 2
18979 0
18980 1
18981 0
18982 2
18983 0
18984 1
18985 0
18986 2
18987 1
18988 2
18989 0
18990 1
18991 2
18992 0
18993 1
18994 0
18995 1
18996 2
18997 0
18998 2
18999 1
19000 3
19001 1
19002 2
19003 1
19004 0
19005 1
19006 2
19007 1
19008 0
19009 2
19010 1
19011 0
19012 2
19013 1
19014 2
19015 1
19016 0
19017 1
19018 0
19019 2
19020 1
19021 2
19022 1
19023 0
19024 2
19025 1
19026 0
19027 2
19028 1
19029 0
19030 2
19031 1
19032 0
19033 1
19034 0
19035 1
19036 0
19037 1
19038 0
19039 1
19040 0
19041 1
19042 0
19043 1
19044 2
19045 0
19046 1
19047 0
19048 1
19049 0
19050 2
19051 0
19052 2
19053 1
19054 0
19055 1
19056 0
19057 1
19058 2
19059 0
19060 2
19061 1
19062 0
19063 1
19064 2
19065 0
19066 1
19067 0
19068 1
19069 0
19070 2
19071 1
19072 0
19073 2
19074 0
19075 1
19076 0
19077 1
19078 0
19079 1
19080 2
19081 1
19082 0
19083 1
19084 0
19085 1
19086 0
19087 3
19088 1
19089 0
19090 1
19091 0
19092 2
19093 0
19094 1
19095 2
19096 0
19097 3
19098 2
19099 1
19100 2
19101 0
19102 1
19103 3
19104 1
19105 0
19106 2
19107 1
19108 2
19109 1
19110 2
19111 0
19112 1
19113 2
19114 0
19115 2
19116 0
19117 1
19118 0
19119 1
19120 2
19121 0
19122 2
19123 3
19124 1
19125 2
19126 0
19127 2
19128 0
19129 2
19130 1
19131 2
19132 1
19133 0
19134 3
19135 1
19136 2
19137 1
19138 0
19139 2
19140 1
19141 2
19142 0
19143 1
19144 2
19145 1
19146 2
19147 3
19148 1
19149 2
19150 3
19151 0
19152 2
19153 1
19154 2
19155 1
19156 2
19157 1
19158 0
19159 1
19160 0
19161 3
19162 1
19163 0
19164 1
19165 2
19166 0
19167 2
19168 0
19169 1
19170 2
19171 0
19172 1
19173 0
19174 1
19175 2
19176 0
19177 2
19178 0
19179 2
19180 1
19181 0
19182 2
19183 1
19184 2
19185 0
19186 1
19187 2
19188 0
19189 2
19190 1
19191 2
19192 0
19193 2
19194 1
19195 0
19196 1
19197 0
19198 1
19199 2
19200 3
19201 0
19202 2
19203 1
19204 0
19205 2
19206 1
19207 2
19208 3
19209 1
19210 2
19211 0
19212 1
19213 0
19214 2
19215 1
19216 0
19217 1
19218 2
19219 1
19220 2
19221 1
19222 0
19223 1
19224 0
19225 2
19226 1
19227 3
19228 2
19229 1
19230 0
19231 2
19232 1
19233 2
19234 0
19235 1
19236 0
19237 2
19238 0
19239 1
19240 0
19241 3
19242 1
19243 0
19244 1
19245 2
19246 1
19247 0
19248 2
19249 1
19250 0
19251 3
19252 1
19253 2
19254 1
19255 2
19256 1
19257 0
19258 2
19259 0
19260 1
19261 2
19262 0
19263 2
19264 1
19265 0
19266 1
19267 3
19268 2
19269 1
19270 0
19271 1
19272 2
19273 1
19274 0
19275 2
19276 0
19277 1
19278 3
19279 0
19280 1
19281 2
19282 0
19283 1
19284 2
19285 1
19286 2
19287 0
19288 2
19289 1
19290 0
19291 3
19292 1
19293 0
19294 2
19295 1
19296 2
19297 3
19298 1
19299 0
19300 2
19301 1
19302 2
19303 0
19304 2
19305 1
19306 2
19307 0
19308 2
19309 0
19310 1
19311 0
19312 2
19313 0
19314 2
19315 0
19316 1
19317 2
19318 1
19319 0
19320 2
19321 0
19322 2
19323 0
19324 1
19325 0
19326 1
19327 2
19328 3
19329 0
19330 1
19331 0
19332 1
19333 2
19334 3
19335 2
19336 1
19337 0
19338 2
19339 1
19340 0
19341 1
19342 0
19343 2
19344 1
19345 0
19346 1
19347 2
19348 0
19349 1
19350 0
19351 1
19352 2
19353 0
19354 2
19355 1
19356 2
19357 0
19358 2
19359 1
19360 0
19361 2
19362 1
19363 0
19364 2
19365 0
19366 2
19367 0
19368 2
19369 0
19370 1
19371 0
19372 1
19373 2
19374 0
19375 2
19376 0
19377 1
19378 0
19379 1
19380 2
19381 1
19382 0
19383 1
19384 2
19385 1
19386 2
19387 0
19388 2
19389 0
19390 1
19391 0
19392 1
19393 0
19394 2
19395 1
19396 0
19397 1
19398 0
19399 1
19400 2
19401 0
19402 1
19403 0
19404 1
19405 0
19406 1
19407 2
19408 0
19409 1
19410 0
19411 1
19412 0
19413 1
19414 0
19415 1
19416 2
19417 1
19418 2
19419 0
19420 2
19421 1
19422 0
19423 1
19424 0
19425 2
19426 0
19427 1
19428 0
19429 1
19430 0
19431 2
19432 1
19433 0
19434 2
19435 1
19436 0
19437 1
19438 0
19439 1
19440 2
19441 0
19442 2
19443 1
19444 2
19445 0
19446 1
19447 2
19448 1
19449 2
19450 1
19451 0
19452 1
19453 0
19454 2
19455 0
19456 1
19457 2
19458 0
19459 1
19460 2
19461 3
19462 1
19463 0
19464 1
19465 2
19466 0
19467 1
19468 2
19469 0
19470 1
19471 0
19472 1
19473 0
19474 2
19475 1
19476 0
19477 1
19478 2
19479 1
19480 2
19481 1
19482 0
19483 2
19484 1
19485 0
19486 2
19487 0
19488 1
19489 2
19490 0
19491 1
19492 0
19493 3
19494 1
19495 0
19496 2
19497 0
19498 1
19499 2
19500 1
19501 0
19502 1
19503 2
19504 1
19505 0
19506 1
19507 0
19508 2
19509 1
19510 0
19511 2
19512 0
19513 1
19514 2
19515 1
19516 0
19517 1
19518 2
19519 0
19520 2
19521 1
19522 2
19523 0
19524 2
19525 1
19526 0
19527 2
19528 3
19529 0
19530 1
19531 2
19532 0
19533 1
19534 3
19535 2
19536 3
19537 1
19538 0
19539 1
19540 2
19541 1
19542 0
19543 1
19544 0
19545 1
19546 0
19547 1
19548 2
19549 0
19550 2
19551 0
19552 1
19553 2
19554 0
19555 2
19556 0
19557 2
19558 1
19559 2
19560 1
19561 2
19562 3
19563 0
19564 1
19565 2
19566 1
19567 0
19568 2
19569 0
19570 1
19571 3
19572 2
19573 1
19574 2
19575 1
19576 0
19577 2
19578 1
19579 0
19580 2
19581 1
19582 0
19583 2
19584 1
19585 0
19586 1
19587 2
19588 1
19589 0
19590 2
19591 1
19592 2
19593 0
19594 1
19595 2
19596 0
19597 1
19598 2
19599 0
19600 1
19601 3
19602 0
19603 1
19604 0
19605 1
19606 0
19607 1
19608 2
19609 0
19610 1
19611 0
19612 1
19613 2
19614 0
19615 1
19616 2
19617 1
19618 0
19619 2
19620 1
19621 0
19622 1
19623 2
19624 0
19625 3
19626 2
19627 0
19628 1
19629 2
19630 1
19631 0
19632 1
19633 2
19634 3
19635 1
19636 2
19637 1
19638 2
19639 0
19640 2
19641 1
19642 2
19643 0
19644 1
19645 0
19646 2
19647 0
19648 1
19649 0
19650 1
19651 2
19652 0
19653 2
19654 3
19655 0
19656 1
19657 0
19658 2
19659 1
19660 0
19661 1
19662 2
19663 0
19664 2
19665 1
19666 0
19667 1
19668 2
19669 0
19670 2
19671 1
19672 0
19673 1
19674 2
19675 1
19676 2
19677 1
19678 3
19679 2
19680 1
19681 0
19682 1
19683 0
19684 1
19685 3
19686 0
19687 1
19688 0
19689 2
19690 0
19691 2
19692 1
19693 2
19694 0
19695 1
19696 2
19697 0
19698 1
19699 2
19700 1
19701 2
19702 0
19703 2
19704 1
19705 2
19706 3
19707 0
19708 2
19709 1
19710 0
19711 2
19712 1
19713 0
19714 2
19715 0
19716 1
19717 0
19718 1
19719 0
19720 2
19721 0
19722 1
19723 0
19724 2
19725 1
19726 2
19727 1
19728 0
19729 1
19730 2
19731 0
19732 1
19733 2
19734 0
19735 1
19736 3
19737 2
19738 0
19739 1
19740 2
19741 1
19742 3
19743 0
19744 1
19745 0
19746 1
19747 0
19748 2
19749 0
19750 2
19751 1
19752 0
19753 2
19754 1
19755 0
19756 1
19757 2
19758 0
19759 2
19760 0
19761 2
19762 0
19763 1
19764 2
19765 3
19766 0
19767 2
19768 1
19769 2
19770 1
19771 0
19772 2
19773 3
19774 1
19775 2
19776 1
19777 0
19778 1
19779 2
19780 0
19781 1
19782 2
19783 1
19784 2
19785 0
19786 1
19787 2
19788 1
19789 2
19790 1
19791 0
19792 3
19793 2
19794 1
19795 2
19796 0
19797 2
19798 1
19799 2
19800 0
19801 2
19802 0
19803 1
19804 2
19805 0
19806 2
19807 0
19808 1
19809 2
19810 0
19811 1
19812 2
19813 1
19814 0
19815 2
19816 0
19817 2
19818 0
19819 2
19820 1
19821 2
19822 1
19823 2
19824 1
19825 2
19826 1
19827 0
19828 2
19829 1
19830 0
19831 2
19832 3
19833 0
19834 2
19835 1
19836 2
19837 1
19838 2
19839 0
19840 1
19841 2
19842 1
19843 0
19844 2
19845 0
19846 1
19847 2
19848 1
19849 0
19850 1
19851 0
19852 2
19853 0
19854 1
19855 0
19856 1
19857 0
19858 1
19859 0
19860 2
19861 0
19862 1
19863 2
19864 0
19865 1
19866 2
19867 0
19868 1
19869 2
19870 1
19871 0
19872 2
19873 1
19874 2
19875 1
19876 2
19877 1
19878 2
19879 1
19880 0
19881 1
19882 2
19883 1
19884 0
19885 2
19886 1
19887 2
19888 0
19889 2
19890 0
19891 2
19892 1
19893 2
19894 1
19895 0
19896 1
19897 0
19898 2
19899 1
19900 0
19901 2
19902 1
19903 0
19904 2
19905 1
19906 0
19907 2
19908 1
19909 0
19910 1
19911 0
19912 2
19913 1
19914 2
19915 1
19916 2
19917 0
19918 1
19919 0
19920 1
19921 0
19922 1
19923 2
19924 1
19925 0
19926 2
19927 1
19928 0
19929 1
19930 2
19931 0
19932 1
19933 0
19934 1
19935 0
19936 2
19937 0
19938 2
19939 0
19940 1
19941 0
19942 1
19943 2
19944 1
19945 0
19946 1
19947 0
19948 2
19949 1
19950 2
19951 0
19952 1
19953 0
19954 2
19955 0
19956 1
19957 0
19958 1
19959 0
19960 1
19961 0
19962 2
19963 0
19964 1
19965 0
19966 2
19967 0
19968 2
19969 0
19970 1
19971 2
19972 0
19973 1
19974 0
19975 2
19976 0
19977 3
19978 2
19979 1
19980 2
19981 0
19982 1
19983 2
19984 3
19985 0
19986 1
19987 2
19988 1
19989 0
19990 2
19991 3
19992 0
19993 2
19994 1
19995 2
19996 0
19997 1
19998 0
19999 2
20000 1
20001 0
20002 1
20003 2
20004 0
20005 2
20006 0
20007 1
20008 2
20009 0
20010 1
20011 0
20012 1
20013 2
20014 0
20015 1
20016 0
20017 1
20018 0
20019 2
20020 3
20021 0
20022 1
20023 2
20024 0
20025 2
20026 1
20027 0
20028 1
20029 2
20030 0
20031 2
20032 0
20033 1
20034 2
20035 0
20036 1
20037 0
20038 1
20039 2
20040 1
20041 0
20042 1
20043 2
20044 0
20045 1
20046 0
20047 2
20048 3
20049 1
20050 2
20051 0
20052 1
20053 0
20054 1
20055 0
20056 1
20057 2
20058 0
20059 1
20060 2
20061 1
20062 0
20063 1
20064 0
20065 1
20066 0
20067 1
20068 2
20069 3
20070 1
20071 2
20072 3
20073 1
20074 0
20075 1
20076 0
20077 2
20078 0
20079 1
20080 2
20081 0
20082 1
20083 0
20084 2
20085 1
20086 0
20087 2
20088 1
20089 2
20090 1
20091 2
20092 1
20093 0
20094 1
20095 0
20096 1
20097 2
20098 0
20099 1
20100 0
20101 1
20102 2
20103 3
20104 1
20105 0
20106 3
20107 1
20108 2
20109 0
20110 2
20111 3
20112 0
20113 1
20114 0
20115 2
20116 1
20117 0
20118 1
20119 0
20120 2
20121 1
20122 0
20123 2
20124 1
20125 0
20126 1
20127 0
20128 2
20129 1
20130 0
20131 2
20132 0
20133 1
20134 0
20135 1
20136 0
20137 1
20138 0
20139 1
20140 3
20141 0
20142 1
20143 2
20144 0
20145 2
20146 1
20147 0
20148 1
20149 0
20150 1
20151 0
20152 1
20153 2
20154 1
20155 0
20156 2
20157 0
20158 3
20159 1
20160 0
20161 2
20162 1
20163 3
20164 2
20165 1
20166 0
20167 1
20168 0
20169 1
20170 0
20171 1
20172 0
20173 1
20174 0
20175 1
20176 0
20177 2
20178 3
20179 1
20180 2
20181 1
20182 2
20183 3
20184 1
20185 0
20186 1
20187 2
20188 3
20189 1
20190 2
20191 1
20192 0
20193 2
20194 0
20195 1
20196 0
20197 2
20198 0
20199 1
20200 0
20201 1
20202 0
20203 2
20204 1
20205 3
20206 2
20207 1
20208 2
20209 0
20210 2
20211 0
20212 1
20213 0
20214 1
20215 2
20216 1
20217 0
20218 1
20219 2
20220 0
20221 1
20222 0
20223 1
20224 2
20225 1
20226 2
20227 1
20228 0
20229 1
20230 0
20231 1
20232 2
20233 0
20234 1
20235 0
20236 2
20237 1
20238 0
20239 1
20240 2
20241 1
20242 2
20243 0
20244 1
20245 2
20246 3
20247 1
20248 0
20249 1
20250 2
20251 0
20252 1
20253 0
20254 1
20255 0
20256 1
20257 2
20258 0
20259 1
20260 3
20261 0
20262 1
20263 2
20264 0
20265 1
20266 2
20267 0
20268 2
20269 0
20270 2
20271 3
20272 1
20273 0
20274 2
20275 3
20276 0
20277 2
20278 1
20279 0
20280 1
20281 2
20282 0
20283 2
20284 0
20285 2
20286 1
20287 2
20288 0
20289 1
20290 2
20291 0
20292 1
20293 2
20294 0
20295 1
20296 0
20297 2
20298 1
20299 0
20300 2
20301 1
20302 2
20303 1
20304 0
20305 2
20306 1
20307 0
20308 1
20309 0
20310 1
20311 2
20312 1
20313 0
20314 1
20315 0
20316 2
20317 1
20318 0
20319 1
20320 0
20321 2
20322 1
20323 0
20324 2
20325 3
20326 1
20327 0
20328 2
20329 1
20330 0
20331 2
20332 0
20333 1
20334 0
20335 2
20336 1
20337 0
20338 1
20339 2
20340 1
20341 0
20342 1
20343 2
20344 0
20345 1
20346 0
20347 1
20348 3
20349 2
20350 1
20351 0
20352 2
20353 1
20354 3
20355 0
20356 1
20357 2
20358 0
20359 3
20360 1
20361 2
20362 0
20363 1
20364 2
20365 0
20366 2
20367 3
20368 0
20369 2
20370 1
20371 2
20372 0
20373 1
20374 0
20375 1
20376 0
20377 2
20378 0
20379 2
20380 1
20381 0
20382 1
20383 2
20384 1
20385 2
20386 1
20387 0
20388 1
20389 0
20390 1
20391 3
20392 0
20393 1
20394 0
20395 2
20396 1
20397 2
20398 0
20399 1
20400 0
20401 1
20402 0
20403 2
20404 1
20405 2
20406 1
20407 0
20408 2
20409 0
20410 1
20411 2
20412 0
20413 1
20414 0
20415 2
20416 1
20417 3
20418 0
20419 1
20420 2
20421 0
20422 2
20423 1
20424 2
20425 3
20426 0
20427 2
20428 3
20429 2
20430 0
20431 2
20432 1
20433 0
20434 2
20435 0
20436 2
20437 0
20438 1
20439 2
20440 1
20441 2
20442 0
20443 1
20444 2
20445 0
20446 1
20447 0
20448 2
20449 1
20450 0
20451 2
20452 3
20453 0
20454 2
20455 1
20456 0
20457 1
20458 0
20459 2
20460 1
20461 2
20462 0
20463 2
20464 0
20465 1
20466 0
20467 2
20468 1
20469 0
20470 1
20471 2
20472 1
20473 0
20474 1
20475 0
20476 3
20477 2
20478 1
20479 0
20480 2
20481 1
20482 2
20483 1
20484 0
20485 1
20486 2
20487 0
20488 1
20489 2
20490 0
20491 1
20492 0
20493 1
20494 0
20495 1
20496 2
20497 0
20498 1
20499 0
20500 1
20501 0
20502 1
20503 0
20504 1
20505 0
20506 2
20507 1
20508 0
20509 2
20510 0
20511 1
20512 0
20513 1
20514 0
20515 2
20516 1
20517 2
20518 0
20519 1
20520 0
20521 1
20522 0
20523 2
20524 1
20525 0
20526 2
20527 1
20528 0
20529 1
20530 0
20531 1
20532 0
20533 1
20534 2
20535 3
20536 0
20537 1
20538 0
20539 2
20540 3
20541 1
20542 0
20543 1
20544 0
20545 1
20546 0
20547 2
20548 1
20549 0
20550 1
20551 2
20552 0
20553 1
20554 0
20555 1
20556 2
20557 0
20558 1
20559 0
20560 3
20561 2
20562 3
20563 1
20564 2
20565 0
20566 2
20567 1
20568 2
20569 0
20570 2
20571 0
20572 1
20573 0
20574 2
20575 0
20576 1
20577 2
20578 1
20579 0
20580 1
20581 2
20582 1
20583 0
20584 1
20585 2
20586 0
20587 2
20588 1
20589 2
20590 1
20591 0
20592 2
20593 1
20594 0
20595 2
20596 1
20597 0
20598 1
20599 0
20600 1
20601 0
20602 1
20603 0
20604 1
20605 3
20606 2
20607 1
20608 2
20609 1
20610 3
20611 0
20612 2
20613 1
20614 0
20615 2
20616 0
20617 2
20618 3
20619 1
20620 0
20621 1
20622 0
20623 1
20624 2
20625 1
20626 2
20627 1
20628 0
20629 2
20630 1
20631 0
20632 1
20633 0
20634 1
20635 0
20636 1
20637 0
20638 1
20639 2
20640 0
20641 2
20642 1
20643 0
20644 2
20645 0
20646 1
20647 0
20648 2
20649 1
20650 2
20651 3
20652 0
20653 1
20654 0
20655 2
20656 0
20657 1
20658 0
20659 1
20660 2
20661 0
20662 1
20663 0
20664 1
20665 0
20666 2
20667 0
20668 1
20669 0
20670 1
20671 3
20672 0
20673 1
20674 2
20675 0
20676 1
20677 2
20678 1
20679 2
20680 0
20681 2
20682 1
20683 0
20684 2
20685 1
20686 2
20687 0
20688 2
20689 3
20690 1
20691 2
20692 1
20693 2
20694 1
20695 0
20696 1
20697 2
20698 0
20699 1
20700 0
20701 1
20702 2
20703 3
20704 0
20705 1
20706 2
20707 0
20708 2
20709 0
20710 1
20711 0
20712 1
20713 2
20714 3
20715 0
20716 2
20717 0
20718 1
20719 2
20720 1
20721 0
20722 2
20723 1
20724 0
20725 2
20726 1
20727 0
20728 1
20729 2
20730 0
20731 1
20732 0
20733 1
20734 0
20735 2
20736 1
20737 3
20738 2
20739 1
20740 0
20741 2
20742 1
20743 2
20744 0
20745 1
20746 3
20747 0
20748 1
20749 0
20750 1
20751 2
20752 0
20753 1
20754 0
20755 1
20756 2
20757 0
20758 1
20759 2
20760 1
20761 0
20762 2
20763 0
20764 1
20765 0
20766 1
20767 2
20768 0
20769 1
20770 0
20771 1
20772 2
20773 0
20774 2
20775 1
20776 0
20777 1
20778 2
20779 1
20780 2
20781 1
20782 0
20783 2
20784 1
20785 2
20786 1
20787 0
20788 2
20789 1
20790 0
20791 1
20792 2
20793 3
20794 0
20795 1
20796 0
20797 1
20798 0
20799 1
20800 2
20801 0
20802 1
20803 0
20804 2
20805 1
20806 0
20807 1
20808 0
20809 2
20810 0
20811 1
20812 0
20813 1
20814 2
20815 0
20816 2
20817 3
20818 1
20819 0
20820 2
20821 0
20822 1
20823 3
20824 1
20825 0
20826 1
20827 0
20828 1
20829 0
20830 1
20831 2
20832 0
20833 1
20834 0
20835 1
20836 2
20837 0
20838 2
20839 1
20840 0
20841 1
20842 2
20843 0
20844 1
20845 2
20846 0
20847 1
20848 2
20849 0
20850 1
20851 0
20852 1
20853 0
20854 2
20855 1
20856 2
20857 0
20858 1
20859 0
20860 1
20861 2
20862 1
20863 0
20864 3
20865 2
20866 1
20867 0
20868 3
20869 1
20870 2
20871 1
20872 2
20873 0
20874 1
20875 2
20876 0
20877 1
20878 0
20879 2
20880 1
20881 2
20882 0
20883 2
20884 1
20885 2
20886 0
20887 2
20888 1
20889 0
20890 1
20891 0
20892 1
20893 0
20894 1
20895 0
20896 1
20897 0
20898 1
20899 2
20900 1
20901 2
20902 1
20903 0
20904 1
20905 2
20906 0
20907 1
20908 0
20909 1
20910 0
20911 1
20912 0
20913 2
20914 1
20915 2
20916 0
20917 2
20918 1
20919 3
20920 2
20921 0
20922 1
20923 0
20924 2
20925 0
20926 2
20927 1
20928 0
20929 1
20930 0
20931 1
20932 2
20933 1
20934 2
20935 0
20936 1
20937 0
20938 1
20939 0
20940 2
20941 1
20942 0
20943 1
20944 0
20945 1
20946 0
20947 2
20948 1
20949 2
20950 1
20951 0
20952 1
20953 0
20954 1
20955 0
20956 1
20957 0
20958 1
20959 2
20960 1
20961 0
20962 2
20963 0
20964 1
20965 0
20966 1
20967 0
20968 2
20969 1
20970 0
20971 2
20972 1
20973 2
20974 1
20975 2
20976 1
20977 0
20978 1
20979 0
20980 1
20981 0
20982 1
20983 0
20984 1
20985 0
20986 1
20987 2
20988 0
20989 1
20990 2
20991 3
20992 1
20993 0
20994 1
20995 2
20996 0
20997 2
20998 1
20999 2
21000 0
21001 2
21002 1
21003 2
21004 0
21005 1
21006 0
21007 1
21008 2
21009 1
21010 0
21011 2
21012 1
21013 2
21014 1
21015 0
21016 1
21017 0
21018 2
21019 0
21020 1
21021 0
21022 1
21023 0
21024 1
21025 2
21026 1
21027 2
21028 0
21029 2
21030 3
21031 1
21032 0
21033 1
21034 0
21035 2
21036 3
21037 1
21038 2
21039 0
21040 1
21041 0
21042 1
21043 0
21044 1
21045 0
21046 1
21047 2
21048 0
21049 1
21050 0
21051 2
21052 1
21053 0
21054 2
21055 3
21056 0
21057 1
21058 0
21059 1
21060 3
21061 2
21062 0
21063 1
21064 0
21065 1
21066 0
21067 2
21068 1
21069 2
21070 1
21071 0
21072 2
21073 1
21074 0
21075 1
21076 2
21077 0
21078 2
21079 1
21080 2
21081 1
21082 2
21083 0
21084 3
21085 1
21086 0
21087 1
21088 0
21089 3
21090 2
21091 1
21092 2
21093 0
21094 1
21095 0
21096 1
21097 0
21098 1
21099 2
21100 0
21101 1
21102 0
21103 1
21104 2
21105 3
21106 1
21107 2
21108 0
21109 1
21110 0
21111 3
21112 2
21113 1
21114 3
21115 1
21116 2
21117 0
21118 1
21119 2
21120 0
21121 1
21122 2
21123 0
21124 2
21125 1
21126 2
21127 1
21128 0
21129 2
21130 0
21131 1
21132 2
21133 0
21134 3
21135 2
21136 1
21137 2
21138 1
21139 2
21140 0
21141 1
21142 2
21143 3
21144 0
21145 1
21146 2
21147 1
21148 0
21149 1
21150 2
21151 0
21152 2
21153 3
21154 1
21155 2
21156 1
21157 0
21158 2
21159 3
21160 1
21161 0
21162 2
21163 1
21164 0
21165 1
21166 2
21167 0
21168 1
21169 0
21170 1
21171 0
21172 1
21173 3
21174 2
21175 1
21176 2
21177 0
21178 1
21179 2
21180 1
21181 2
21182 3
21183 0
21184 1
21185 2
21186 0
21187 1
21188 3
21189 2
21190 1
21191 0
21192 1
21193 0
21194 1
21195 0
21196 1
21197 0
21198 2
21199 0
21200 1
21201 0
21202 3
21203 0
21204 1
21205 2
21206 1
21207 2
21208 0
21209 2
21210 1
21211 0
21212 1
21213 2
21214 0
21215 1
21216 0
21217 2
21218 1
21219 0
21220 1
21221 0
21222 2
21223 0
21224 1
21225 0
21226 2
21227 1
21228 2
21229 1
21230 2
21231 1
21232 0
21233 2
21234 3
21235 0
21236 1
21237 0
21238 2
21239 0
21240 2
21241 1
21242 2
21243 1
21244 0
21245 1
21246 2
21247 1
21248 0
21249 2
21250 1
21251 2
21252 0
21253 1
21254 0
21255 1
21256 2
21257 0
21258 1
21259 0
21260 2
21261 1
21262 0
21263 1
21264 0
21265 2
21266 1
21267 0
21268 1
21269 0
21270 1
21271 0
21272 1
21273 2
21274 1
21275 0
21276 1
21277 2
21278 0
21279 1
21280 2
21281 0
21282 2
21283 1
21284 0
21285 1
21286 0
21287 2
21288 1
21289 3
21290 2
21291 0
21292 2
21293 0
21294 1
21295 0
21296 1
21297 0
21298 2
21299 1
21300 0
21301 1
21302 2
21303 0
21304 1
21305 2
21306 0
21307 2
21308 3
21309 0
21310 2
21311 3
21312 1
21313 0
21314 1
21315 2
21316 0
21317 1
21318 0
21319 1
21320 2
21321 3
21322 1
21323 0
21324 1
21325 2
21326 0
21327 1
21328 2
21329 1
21330 0
21331 1
21332 2
21333 1
21334 3
21335 0
21336 1
21337 0
21338 1
21339 0
21340 1
21341 2
21342 0
21343 2
21344 1
21345 0
21346 2
21347 1
21348 2
21349 0
21350 1
21351 0
21352 3
21353 1
21354 0
21355 2
21356 1
21357 0
21358 1
21359 0
21360 2
21361 0
21362 1
21363 0
21364 1
21365 2
21366 3
21367 0
21368 2
21369 0
21370 1
21371 0
21372 1
21373 0
21374 1
21375 2
21376 0
21377 1
21378 3
21379 0
21380 1
21381 2
21382 0
21383 1
21384 2
21385 1
21386 0
21387 1
21388 0
21389 1
21390 0
21391 1
21392 0
21393 1
21394 2
21395 0
21396 1
21397 2
21398 1
21399 2
21400 0
21401 1
21402 0
21403 1
21404 2
21405 0
21406 3
21407 0
21408 2
21409 1
21410 0
21411 2
21412 1
21413 2
21414 0
21415 1
21416 2
21417 1
21418 0
21419 2
21420 1
21421 0
21422 2
21423 3
21424 0
21425 1
21426 2
21427 0
21428 1
21429 0
21430 1
21431 2
21432 1
21433 0
21434 1
21435 0
21436 1
21437 2
21438 0
21439 1
21440 0
21441 2
21442 3
21443 1
21444 2
21445 0
21446 1
21447 2
21448 3
21449 0
21450 2
21451 1
21452 0
21453 1
21454 0
21455 3
21456 1
21457 2
21458 0
21459 1
21460 2
21461 0
21462 1
21463 0
21464 1
21465 0
21466 3
21467 2
21468 1
21469 2
21470 0
21471 1
21472 0
21473 1
21474 0
21475 2
21476 0
21477 1
21478 0
21479 2
21480 0
21481 2
21482 1
21483 2
21484 1
21485 2
21486 1
21487 2
21488 1
21489 2
21490 3
21491 0
21492 2
21493 0
21494 2
21495 0
21496 1
21497 0
21498 2
21499 1
21500 0
21501 1
21502 0
21503 1
21504 2
21505 1
21506 0
21507 2
21508 1
21509 2
21510 0
21511 1
21512 2
21513 1
21514 0
21515 1
21516 0
21517 2
21518 0
21519 2
21520 1
21521 0
21522 1
21523 0
21524 1
21525 0
21526 2
21527 0
21528 1
21529 2
21530 1
21531 2
21532 1
21533 0
21534 1
21535 2
21536 0
21537 1
21538 0
21539 1
21540 0
21541 2
21542 1
21543 0
21544 1
21545 0
21546 1
21547 2
21548 1
21549 0
21550 2
21551 1
21552 0
21553 1
21554 2
21555 1
21556 0
21557 1
21558 3
21559 0
21560 1
21561 0
21562 1
21563 0
21564 2
21565 1
21566 0
21567 2
21568 1
21569 0
21570 1
21571 0
21572 2
21573 1
21574 2
21575 0
21576 2
21577 1
21578 0
21579 2
21580 1
21581 2
21582 1
21583 0
21584 1
21585 0
21586 1
21587 0
21588 2
21589 1
21590 0
21591 1
21592 2
21593 0
21594 2
21595 1
21596 2
21597 1
21598 0
21599 1
21600 0
21601 1
21602 3
21603 1
21604 0
21605 2
21606 1
21607 2
21608 0
21609 2
21610 1
21611 2
21612 0
21613 1
21614 0
21615 2
21616 1
21617 2
21618 0
21619 1
21620 0
21621 1
21622 0
21623 1
21624 2
21625 3
21626 0
21627 1
21628 0
21629 1
21630 2
21631 1
21632 2
21633 1
21634 0
21635 2
21636 3
21637 0
21638 2
21639 1
21640 0
21641 1
21642 2
21643 0
21644 1
21645 2
21646 1
21647 2
21648 0
21649 1
21650 0
21651 2
21652 1
21653 2
21654 1
21655 2
21656 0
21657 1
21658 0
21659 1
21660 2
21661 0
21662 2
21663 1
21664 2
21665 0
21666 1
21667 2
21668 0
21669 2
21670 1
21671 0
21672 1
21673 0
21674 1
21675 0
21676 1
21677 2
21678 1
21679 0
21680 1
21681 0
21682 3
21683 1
21684 2
21685 1
21686 0
21687 2
21688 1
21689 0
21690 2
21691 1
21692 0
21693 1
21694 2
21695 0
21696 1
21697 0
21698 1
21699 2
21700 0
21701 1
21702 2
21703 0
21704 1
21705 2
21706 3
21707 0
21708 1
21709 0
21710 2
21711 1
21712 2
21713 0
21714 2
21715 0
21716 1
21717 0
21718 1
21719 2
21720 0
21721 1
21722 0
21723 2
21724 1
21725 2
21726 1
21727 0
21728 1
21729 2
21730 1
21731 2
21732 0
21733 1
21734 0
21735 1
21736 0
21737 1
21738 0
21739 1
21740 3
21741 4
21742 1
21743 2
21744 0
21745 2
21746 1
21747 0
21748 1
21749 0
21750 1
21751 2
21752 0
21753 1
21754 2
21755 0
21756 1
21757 2
21758 0
21759 1
21760 0
21761 2
21762 1
21763 3
21764 0
21765 2
21766 1
21767 2
21768 0
21769 1
21770 0
21771 2
21772 1
21773 0
21774 2
21775 1
21776 3
21777 2
21778 0
21779 1
21780 2
21781 0
21782 1
21783 2
21784 0
21785 1
21786 2
21787 1
21788 0
21789 1
21790 2
21791 0
21792 2
21793 1
21794 2
21795 1
21796 2
21797 1
21798 3
21799 1
21800 0
21801 1
21802 0
21803 2
21804 0
21805 1
21806 0
21807 1
21808 0
21809 1
21810 2
21811 1
21812 0
21813 2
21814 0
21815 1
21816 0
21817 2
21818 1
21819 0
21820 1
21821 2
21822 1
21823 0
21824 1
21825 3
21826 0
21827 2
21828 1
21829 2
21830 0
21831 1
21832 2
21833 1
21834 0
21835 1
21836 3
21837 1
21838 0
21839 2
21840 3
21841 1
21842 0
21843 1
21844 0
21845 1
21846 2
21847 1
21848 0
21849 2
21850 1
21851 2
21852 1
21853 0
21854 3
21855 2
21856 1
21857 2
21858 0
21859 1
21860 0
21861 1
21862 0
21863 2
21864 0
21865 2
21866 1
21867 0
21868 3
21869 2
21870 1
21871 2
21872 1
21873 2
21874 1
21875 0
21876 1
21877 0
21878 3
21879 1
21880 0
21881 1
21882 0
21883 1
21884 2
21885 0
21886 1
21887 0
21888 3
21889 1
21890 2
21891 0
21892 1
21893 2
21894 0
21895 2
21896 1
21897 0
21898 1
21899 2
21900 0
21901 2
21902 1
21903 2
21904 1
21905 0
21906 1
21907 2
21908 0
21909 2
21910 0
21911 1
21912 2
21913 1
21914 2
21915 1
21916 2
21917 0
21918 2
21919 1
21920 2
21921 1
21922 3
21923 2
21924 1
21925 0
21926 1
21927 0
21928 2
21929 0
21930 1
21931 0
21932 1
21933 3
21934 2
21935 0
21936 1
21937 0
21938 2
21939 3
21940 0
21941 1
21942 2
21943 1
21944 2
21945 0
21946 1
21947 2
21948 3
21949 0
21950 2
21951 0
21952 1
21953 0
21954 2
21955 3
21956 0
21957 1
21958 0
21959 1
21960 0
21961 1
21962 0
21963 1
21964 2
21965 0
21966 1
21967 0
21968 1
21969 2
21970 0
21971 1
21972 0
21973 2
21974 0
21975 1
21976 0
21977 2
21978 1
21979 2
21980 0
21981 2
21982 0
21983 1
21984 0
21985 2
21986 1
21987 0
21988 2
21989 0
21990 1
21991 2
21992 0
21993 1
21994 0
21995 1
21996 0
21997 1
21998 2
21999 0
22000 1
22001 2
22002 0
22003 1
22004 2
22005 3
22006 1
22007 0
22008 1
22009 2
22010 0
22011 2
22012 3
22013 1
22014 2
22015 1
22016 0
22017 1
22018 0
22019 1
22020 2
22021 1
22022 3
22023 0
22024 2
22025 1
22026 0
22027 2
22028 3
22029 0
22030 1
22031 2
22032 0
22033 1
22034 2
22035 0
22036 2
22037 1
22038 0
22039 1
22040 0
22041 1
22042 0
22043 1
22044 2
22045 1
22046 2
22047 0
22048 2
22049 1
22050 3
22051 2
22052 0
22053 2
22054 1
22055 0
22056 2
22057 1
22058 2
22059 1
22060 0
22061 1
22062 0
22063 1
22064 0
22065 2
22066 0
22067 2
22068 1
22069 0
22070 2
22071 1
22072 0
22073 2
22074 1
22075 0
22076 2
22077 0
22078 2
22079 3
22080 1
22081 0
22082 1
22083 0
22084 1
22085 0
22086 1
22087 0
22088 1
22089 2
22090 1
22091 0
22092 1
22093 2
22094 3
22095 1
22096 2
22097 0
22098 2
22099 1
22100 2
22101 0
22102 2
22103 3
22104 0
22105 2
22106 1
22107 2
22108 0
22109 2
22110 0
22111 1
22112 0
22113 1
22114 2
22115 0
22116 1
22117 2
22118 0
22119 2
22120 1
22121 0
22122 1
22123 0
22124 1
22125 0
22126 1
22127 0
22128 1
22129 0
22130 2
22131 1
22132 0
22133 2
22134 0
22135 1
22136 3
22137 2
22138 1
22139 0
22140 1
22141 2
22142 1
22143 2
22144 3
22145 0
22146 1
22147 2
22148 0
22149 1
22150 2
22151 0
22152 1
22153 0
22154 2
22155 1
22156 0
22157 2
22158 1
22159 0
22160 2
22161 0
22162 1
22163 2
22164 0
22165 2
22166 1
22167 0
22168 1
22169 0
22170 1
22171 0
22172 1
22173 0
22174 1
22175 0
22176 1
22177 2
22178 0
22179 1
22180 0
22181 1
22182 2
22183 0
22184 1
22185 2
22186 1
22187 0
22188 2
22189 0
22190 3
22191 2
22192 0
22193 2
22194 3
22195 1
22196 2
22197 1
22198 2
22199 0
22200 1
22201 0
22202 2
22203 1
22204 2
22205 1
22206 0
22207 1
22208 2
22209 0
22210 1
22211 0
22212 1
22213 3
22214 2
22215 1
22216 0
22217 2
22218 0
22219 1
22220 0
22221 1
22222 0
22223 2
22224 1
22225 0
22226 1
22227 0
22228 1
22229 0
22230 1
22231 2
22232 0
22233 2
22234 0
22235 2
22236 0
22237 1
22238 0
22239 1
22240 0
22241 1
22242 2
22243 0
22244 2
22245 1
22246 0
22247 2
22248 1
22249 0
22250 1
22251 2
22252 0
22253 1
22254 0
22255 1
22256 2
22257 3
22258 0
22259 2
22260 1
22261 0
22262 1
22263 2
22264 0
22265 2
22266 1
22267 0
22268 1
22269 0
22270 2
22271 1
22272 0
22273 1
22274 2
22275 0
22276 2
22277 0
22278 1
22279 2
22280 0
22281 1
22282 0
22283 2
22284 0
22285 2
22286 0
22287 1
22288 0
22289 1
22290 2
22291 0
22292 1
22293 0
22294 2
22295 3
22296 1
22297 0
22298 1
22299 0
22300 2
22301 1
22302 3
22303 1
22304 0
22305 1
22306 0
22307 1
22308 0
22309 3
22310 0
22311 2
22312 0
22313 1
22314 2
22315 0
22316 1
22317 0
22318 2
22319 1
22320 0
22321 1
22322 2
22323 1
22324 0
22325 1
22326 0
22327 1
22328 2
22329 3
22330 1
22331 2
22332 1
22333 2
22334 1
22335 3
22336 2
22337 1
22338 0
22339 2
22340 3
22341 2
22342 1
22343 2
22344 1
22345 0
22346 1
22347 0
22348 2
22349 0
22350 1
22351 0
22352 1
22353 0
22354 2
22355 0
22356 1
22357 3
22358 2
22359 0
22360 1
22361 2
22362 1
22363 3
22364 2
22365 0
22366 1
22367 0
22368 1
22369 0
22370 1
22371 2
22372 1
22373 2
22374 0
22375 2
22376 3
22377 0
22378 3
22379 0
22380 1
22381 2
22382 1
22383 0
22384 1
22385 0
22386 1
22387 0
22388 2
22389 1
22390 0
22391 1
22392 2
22393 0
22394 2
22395 1
22396 0
22397 1
22398 0
22399 1
22400 0
22401 2
22402 1
22403 2
22404 0
22405 2
22406 1
22407 2
22408 0
22409 1
22410 2
22411 1
22412 3
22413 0
22414 1
22415 0
22416 2
22417 1
22418 3
22419 0
22420 1
22421 0
22422 2
22423 1
22424 0
22425 2
22426 0
22427 2
22428 1
22429 0
22430 1
22431 2
22432 1
22433 0
22434 1
22435 2
22436 0
22437 1
22438 0
22439 1
22440 2
22441 1
22442 0
22443 2
22444 1
22445 0
22446 1
22447 2
22448 0
22449 1
22450 2
22451 0
22452 1
22453 3
22454 2
22455 0
22456 2
22457 0
22458 1
22459 0
22460 2
22461 3
22462 0
22463 1
22464 2
22465 1
22466 2
22467 0
22468 2
22469 3
22470 2
22471 0
22472 1
22473 2
22474 1
22475 0
22476 1
22477 0
22478 1
22479 2
22480 1
22481 2
22482 0
22483 1
22484 2
22485 0
22486 1
22487 0
22488 3
22489 0
22490 2
22491 3
22492 0
22493 2
22494 1
22495 0
22496 2
22497 0
22498 1
22499 0
22500 1
22501 3
22502 2
22503 0
22504 1
22505 0
22506 3
22507 2
22508 1
22509 0
22510 1
22511 0
22512 1
22513 2
22514 3
22515 1
22516 0
22517 2
22518 1
22519 0
22520 1
22521 2
22522 1
22523 0
22524 2
22525 0
22526 1
22527 0
22528 2
22529 0
22530 2
22531 1
22532 0
22533 2
22534 1
22535 3
22536 2
22537 3
22538 0
22539 2
22540 0
22541 2
22542 3
22543 0
22544 1
22545 0
22546 2
22547 1
22548 3
22549 0
22550 2
22551 0
22552 1
22553 2
22554 0
22555 1
22556 0
22557 1
22558 2
22559 0
22560 2
22561 1
22562 2
22563 0
22564 1
22565 3
22566 1
22567 0
22568 1
22569 0
22570 2
22571 0
22572 2
22573 0
22574 1
22575 2
22576 0
22577 1
22578 0
22579 3
22580 2
22581 1
22582 2
22583 0
22584 2
22585 0
22586 1
22587 0
22588 1
22589 0
22590 1
22591 0
22592 2
22593 1
22594 2
22595 1
22596 0
22597 1
22598 2
22599 3
22600 0
22601 1
22602 2
22603 1
22604 0
22605 2
22606 0
22607 2
22608 1
22609 0
22610 2
22611 1
22612 2
22613 1
22614 2
22615 0
22616 1
22617 0
22618 1
22619 0
22620 2
22621 1
22622 0
22623 1
22624 0
22625 2
22626 1
22627 2
22628 0
22629 1
22630 0
22631 2
22632 0
22633 2
22634 3
22635 1
22636 3
22637 0
22638 3
22639 0
22640 1
22641 0
22642 1
22643 0
22644 2
22645 0
22646 2
22647 0
22648 1
22649 0
22650 1
22651 0
22652 1
22653 0
22654 2
22655 1
22656 0
22657 1
22658 2
22659 1
22660 2
22661 3
22662 0
22663 1
22664 0
22665 2
22666 0
22667 2
22668 1
22669 0
22670 2
22671 1
22672 2
22673 0
22674 2
22675 1
22676 3
22677 0
22678 2
22679 1
22680 0
22681 1
22682 0
22683 3
22684 1
22685 0
22686 1
22687 0
22688 1
22689 2
22690 0
22691 1
22692 0
22693 3
22694 1
22695 0
22696 1
22697 2
22698 1
22699 0
22700 1
22701 0
22702 1
22703 2
22704 0
22705 1
22706 0
22707 1
22708 0
22709 2
22710 1
22711 2
22712 0
22713 1
22714 0
22715 1
22716 0
22717 2
22718 1
22719 0
22720 1
22721 0
22722 1
22723 0
22724 2
22725 1
22726 0
22727 1
22728 3
22729 2
22730 3
22731 2
22732 3
22733 1
22734 0
22735 2
22736 1
22737 0
22738 1
22739 3
22740 2
22741 0
22742 1
22743 2
22744 0
22745 1
22746 0
22747 1
22748 2
22749 0
22750 2
22751 0
22752 1
22753 0
22754 2
22755 1
22756 0
22757 2
22758 0
22759 2
22760 1
22761 2
22762 0
22763 1
22764 0
22765 2
22766 1
22767 3
22768 1
22769 2
22770 0
22771 1
22772 0
22773 2
22774 0
22775 1
22776 3
22777 2
22778 0
22779 1
22780 3
22781 2
22782 0
22783 1
22784 0
22785 2
22786 0
22787 1
22788 0
22789 1
22790 3
22791 0
22792 2
22793 1
22794 2
22795 0
22796 2
22797 3
22798 1
22799 3
22800 2
22801 1
22802 2
22803 1
22804 0
22805 2
22806 1
22807 2
22808 0
22809 1
22810 0
22811 1
22812 0
22813 3
22814 1
22815 2
22816 0
22817 1
22818 2
22819 3
22820 0
22821 2
22822 0
22823 1
22824 0
22825 2
22826 1
22827 0
22828 1
22829 0
22830 2
22831 0
22832 1
22833 0
22834 2
22835 0
22836 2
22837 1
22838 2
22839 0
22840 1
22841 0
22842 1
22843 0
22844 1
22845 0
22846 1
22847 2
22848 0
22849 1
22850 0
22851 2
22852 1
22853 3
22854 1
22855 2
22856 0
22857 2
22858 0
22859 2
22860 0
22861 1
22862 0
22863 1
22864 0
22865 1
22866 0
22867 2
22868 1
22869 2
22870 0
22871 1
22872 0
22873 1
22874 0
22875 2
22876 1
22877 0
22878 2
22879 0
22880 2
22881 1
22882 0
22883 1
22884 2
22885 0
22886 1
22887 3
22888 2
22889 0
22890 1
22891 0
22892 1
22893 3
22894 2
22895 1
22896 2
22897 0
22898 2
22899 1
22900 2
22901 0
22902 1
22903 0
22904 2
22905 1
22906 0
22907 1
22908 2
22909 1
22910 0
22911 1
22912 0
22913 1
22914 0
22915 1
22916 2
22917 1
22918 0
22919 2
22920 3
22921 1
22922 2
22923 1
22924 2
22925 0
22926 1
22927 0
22928 2
22929 0
22930 1
22931 2
22932 0
22933 2
22934 1
22935 0
22936 2
22937 1
22938 0
22939 2
22940 1
22941 0
22942 2
22943 1
22944 0
22945 1
22946 2
22947 0
22948 2
22949 1
22950 2
22951 0
22952 2
22953 1
22954 0
22955 2
22956 1
22957 2
22958 0
22959 2
22960 0
22961 1
22962 0
22963 2
22964 0
22965 2
22966 1
22967 2
22968 1
22969 2
22970 0
22971 1
22972 0
22973 1
22974 0
22975 2
22976 1
22977 0
22978 2
22979 1
22980 0
22981 1
22982 2
22983 0
22984 1
22985 0
22986 2
22987 0
22988 1
22989 2
22990 1
22991 0
22992 1
22993 0
22994 1
22995 0
22996 2
22997 1
22998 2
22999 0
23000 2
23001 0
23002 1
23003 2
23004 1
23005 2
23006 0
23007 2
23008 3
23009 1
23010 0
23011 1
23012 0
23013 2
23014 1
23015 0
23016 2
23017 0
23018 1
23019 2
23020 3
23021 1
23022 0
23023 1
23024 0
23025 1
23026 2
23027 1
23028 0
23029 1
23030 0
23031 1
23032 2
23033 0
23034 1
23035 0
23036 2
23037 1
23038 2
23039 0
23040 1
23041 2
23042 1
23043 0
23044 2
23045 1
23046 2
23047 0
23048 1
23049 0
23050 1
23051 2
23052 0
23053 3
23054 1
23055 2
23056 0
23057 1
23058 0
23059 1
23060 2
23061 0
23062 1
23063 2
23064 1
23065 2
23066 0
23067 2
23068 1
23069 2
23070 0
23071 1
23072 0
23073 1
23074 0
23075 3
23076 2
23077 0
23078 2
23079 1
23080 2
23081 1
23082 2
23083 0
23084 2
23085 0
23086 1
23087 0
23088 2
23089 1
23090 0
23091 2
23092 0
23093 1
23094 0
23095 1
23096 0
23097 2
23098 1
23099 0
23100 2
23101 1
23102 0
23103 1
23104 2
23105 0
23106 2
23107 1
23108 3
23109 0
23110 1
23111 0
23112 2
23113 1
23114 0
23115 1
23116 0
23117 1
23118 0
23119 1
23120 0
23121 2
23122 0
23123 1
23124 0
23125 1
23126 2
23127 0
23128 1
23129 2
23130 1
23131 2
23132 1
23133 0
23134 2
23135 3
23136 1
23137 0
23138 2
23139 0
23140 2
23141 0
23142 1
23143 0
23144 3
23145 2
23146 0
23147 1
23148 0
23149 1
23150 0
23151 2
23152 0
23153 1
23154 0
23155 2
23156 1
23157 0
23158 1
23159 2
23160 1
23161 3
23162 2
23163 0
23164 2
23165 1
23166 0
23167 1
23168 2
23169 3
23170 1
23171 0
23172 1
23173 0
23174 2
23175 0
23176 1
23177 2
23178 3
23179 0
23180 2
23181 1
23182 0
23183 1
23184 2
23185 1
23186 0
23187 2
23188 3
23189 0
23190 1
23191 2
23192 0
23193 3
23194 0
23195 1
23196 2
23197 0
23198 1
23199 2
23200 1
23201 2
23202 0
23203 1
23204 0
23205 1
23206 0
23207 1
23208 0
23209 2
23210 1
23211 2
23212 0
23213 1
23214 0
23215 3
23216 0
23217 2
23218 1
23219 0
23220 1
23221 2
23222 0
23223 1
23224 0
23225 2
23226 1
23227 2
23228 3
23229 0
23230 2
23231 0
23232 2
23233 1
23234 0
23235 2
23236 0
23237 2
23238 1
23239 2
23240 0
23241 1
23242 2
23243 0
23244 1
23245 0
23246 2
23247 1
23248 0
23249 2
23250 1
23251 0
23252 2
23253 1
23254 2
23255 1
23256 2
23257 0
23258 1
23259 2
23260 0
23261 2
23262 0
23263 2
23264 1
23265 0
23266 1
23267 0
23268 1
23269 0
23270 2
23271 1
23272 0
23273 2
23274 3
23275 1
23276 3
23277 0
23278 2
23279 0
23280 1
23281 0
23282 1
23283 3
23284 1
23285 2
23286 0
23287 1
23288 0
23289 2
23290 1
23291 2
23292 1
23293 0
23294 2
23295 1
23296 0
23297 1
23298 2
23299 1
23300 2
23301 0
23302 2
23303 0
23304 1
23305 2
23306 0
23307 2
23308 0
23309 1
23310 0
23311 1
23312 2
23313 1
23314 2
23315 0
23316 1
23317 0
23318 2
23319 3
23320 1
23321 0
23322 1
23323 0
23324 1
23325 2
23326 1
23327 0
23328 1
23329 2
23330 0
23331 1
23332 2
23333 1
23334 2
23335 0
23336 1
23337 0
23338 1
23339 0
23340 1
23341 2
23342 0
23343 2
23344 0
23345 2
23346 1
23347 0
23348 2
23349 1
23350 0
23351 1
23352 3
23353 1
23354 2
23355 0
23356 3
23357 0
23358 1
23359 2
23360 0
23361 1
23362 0
23363 2
23364 1
23365 2
23366 0
23367 2
23368 1
23369 0
23370 1
23371 3
23372 0
23373 1
23374 0
23375 1
23376 2
23377 1
23378 0
23379 2
23380 1
23381 2
23382 0
23383 1
23384 0
23385 1
23386 0
23387 2
23388 0
23389 1
23390 2
23391 0
23392 1
23393 0
23394 2
23395 3
23396 0
23397 1
23398 0
23399 1
23400 0
23401 1
23402 0
23403 1
23404 0
23405 2
23406 3
23407 1
23408 2
23409 1
23410 0
23411 1
23412 3
23413 2
23414 0
23415 1
23416 2
23417 1
23418 2
23419 1
23420 0
23421 2
23422 0
23423 2
23424 1
23425 0
23426 1
23427 0
23428 1
23429 3
23430 2
23431 0
23432 1
23433 2
23434 0
23435 2
23436 1
23437 0
23438 2
23439 0
23440 1
23441 0
23442 1
23443 2
23444 1
23445 0
23446 2
23447 1
23448 2
23449 0
23450 2
23451 1
23452 0
23453 3
23454 1
23455 0
23456 1
23457 2
23458 1
23459 0
23460 2
23461 0
23462 1
23463 0
23464 1
23465 0
23466 1
23467 3
23468 2
23469 1
23470 0
23471 2
23472 1
23473 2
23474 1
23475 0
23476 1
23477 0
23478 2
23479 1
23480 2
23481 3
23482 1
23483 0
23484 1
23485 0
23486 2
23487 0
23488 1
23489 0
23490 1
23491 0
23492 1
23493 0
23494 1
23495 0
23496 2
23497 1
23498 0
23499 1
23500 2
23501 1
23502 2
23503 1
23504 0
23505 2
23506 0
23507 2
23508 1
23509 0
23510 1
23511 0
23512 3
23513 1
23514 0
23515 1
23516 0
23517 1
23518 0
23519 1
23520 0
23521 1
23522 0
23523 2
23524 1
23525 2
23526 0
23527 1
23528 0
23529 1
23530 0
23531 1
23532 2
23533 0
23534 1
23535 0
23536 1
23537 0
23538 1
23539 0
23540 2
23541 1
23542 2
23543 1
23544 0
23545 2
23546 1
23547 0
23548 1
23549 0
23550 1
23551 2
23552 0
23553 2
23554 3
23555 1
23556 0
23557 1
23558 0
23559 2
23560 1
23561 0
23562 1
23563 0
23564 1
23565 2
23566 3
23567 0
23568 1
23569 0
23570 1
23571 0
23572 1
23573 2
23574 0
23575 2
23576 0
23577 1
23578 0
23579 2
23580 1
23581 2
23582 0
23583 2
23584 1
23585 2
23586 1
23587 0
23588 1
23589 2
23590 0
23591 2
23592 0
23593 2
23594 0
23595 1
23596 0
23597 1
23598 0
23599 3
23600 2
23601 0
23602 1
23603 0
23604 2
23605 0
23606 1
23607 0
23608 1
23609 2
23610 1
23611 0
23612 1
23613 2
23614 0
23615 1
23616 0
23617 2
23618 1
23619 0
23620 2
23621 1
23622 3
23623 2
23624 0
23625 2
23626 0
23627 1
23628 0
23629 1
23630 2
23631 0
23632 1
23633 2
23634 1
23635 0
23636 1
23637 0
23638 3
23639 0
23640 1
23641 0
23642 1
23643 2
23644 3
23645 1
23646 0
23647 1
23648 2
23649 0
23650 1
23651 0
23652 1
23653 0
23654 1
23655 2
23656 1
23657 2
23658 0
23659 1
23660 0
23661 1
23662 2
23663 1
23664 0
23665 1
23666 2
23667 3
23668 0
23669 2
23670 0
23671 1
23672 0
23673 2
23674 0
23675 1
23676 2
23677 1
23678 2
23679 3
23680 0
23681 2
23682 0
23683 1
23684 0
23685 2
23686 0
23687 1
23688 2
23689 1
23690 2
23691 3
23692 1
23693 2
23694 1
23695 2
23696 3
23697 0
23698 2
23699 0
23700 3
23701 1
23702 2
23703 0
23704 2
23705 1
23706 0
23707 2
23708 1
23709 2
23710 0
23711 3
23712 0
23713 1
23714 2
23715 0
23716 2
23717 0
23718 1
23719 0
23720 1
23721 0
23722 1
23723 3
23724 0
23725 1
23726 2
23727 3
23728 0
23729 1
23730 0
23731 1
23732 0
23733 2
23734 1
23735 3
23736 0
23737 1
23738 0
23739 1
23740 0
23741 2
23742 1
23743 0
23744 1
23745 0
23746 1
23747 2
23748 1
23749 2
23750 0
23751 1
23752 2
23753 0
23754 2
23755 0
23756 1
23757 0
23758 2
23759 0
23760 1
23761 2
23762 0
23763 1
23764 2
23765 0
23766 1
23767 0
23768 2
23769 1
23770 0
23771 2
23772 0
23773 3
23774 2
23775 1
23776 0
23777 2
23778 0
23779 2
23780 3
23781 2
23782 0
23783 2
23784 0
23785 1
23786 0
23787 2
23788 3
23789 1
23790 2
23791 1
23792 2
23793 0
23794 2
23795 1
23796 0
23797 2
23798 1
23799 0
23800 1
23801 2
23802 1
23803 0
23804 1
23805 2
23806 0
23807 1
23808 0
23809 1
23810 0
23811 2
23812 1
23813 0
23814 1
23815 0
23816 1
23817 0
23818 2
23819 0
23820 2
23821 1
23822 0
23823 2
23824 1
23825 0
23826 1
23827 0
23828 1
23829 2
23830 0
23831 1
23832 0
23833 1
23834 3
23835 2
23836 1
23837 2
23838 0
23839 2
23840 1
23841 2
23842 1
23843 0
23844 1
23845 0
23846 1
23847 0
23848 1
23849 2
23850 0
23851 1
23852 0
23853 2
23854 1
23855 2
23856 1
23857 2
23858 0
23859 3
23860 1
23861 0
23862 3
23863 0
23864 2
23865 1
23866 2
23867 1
23868 0
23869 1
23870 0
23871 2
23872 0
23873 2
23874 1
23875 0
23876 1
23877 2
23878 0
23879 1
23880 2
23881 0
23882 1
23883 0
23884 2
23885 0
23886 2
23887 1
23888 2
23889 0
23890 1
23891 0
23892 2
23893 1
23894 2
23895 0
23896 1
23897 3
23898 2
23899 1
23900 0
23901 2
23902 0
23903 3
23904 1
23905 2
23906 1
23907 0
23908 2
23909 1
23910 2
23911 1
23912 0
23913 2
23914 1
23915 2
23916 0
23917 2
23918 0
23919 2
23920 1
23921 2
23922 0
23923 2
23924 1
23925 2
23926 0
23927 1
23928 0
23929 1
23930 2
23931 1
23932 0
23933 2
23934 3
23935 0
23936 2
23937 1
23938 0
23939 1
23940 2
23941 1
23942 2
23943 1
23944 2
23945 0
23946 2
23947 0
23948 1
23949 2
23950 1
23951 2
23952 0
23953 2
23954 0
23955 1
23956 2
23957 1
23958 0
23959 1
23960 2
23961 0
23962 1
23963 0
23964 2
23965 1
23966 2
23967 0
23968 2
23969 3
23970 0
23971 2
23972 0
23973 3
23974 0
23975 1
23976 0
23977 2
23978 0
23979 2
23980 1
23981 0
23982 1
23983 2
23984 1
23985 2
23986 0
23987 2
23988 1
23989 3
23990 2
23991 1
23992 2
23993 0
23994 1
23995 0
23996 1
23997 2
23998 0
23999 2
24000 0
24001 2
24002 1
24003 0
24004 2
24005 0
24006 1
24007 0
24008 2
24009 0
24010 1
24011 2
24012 1
24013 0
24014 1
24015 2
24016 0
24017 1
24018 2
24019 0
24020 2
24021 1
24022 0
24023 1
24024 2
24025 1
24026 0
24027 1
24028 0
24029 1
24030 2
24031 3
24032 1
24033 0
24034 1
24035 0
24036 1
24037 3
24038 2
24039 1
24040 0
24041 1
24042 2
24043 1
24044 2
24045 1
24046 2
24047 1
24048 2
24049 1
24050 0
24051 1
24052 0
24053 2
24054 1
24055 2
24056 0
24057 2
24058 1
24059 2
24060 0
24061 1
24062 2
24063 0
24064 1
24065 2
24066 1
24067 0
24068 2
24069 1
24070 0
24071 1
24072 2
24073 0
24074 1
24075 0
24076 3
24077 2
24078 0
24079 2
24080 1
24081 2
24082 0
24083 2
24084 1
24085 0
24086 1
24087 0
24088 1
24089 0
24090 2
24091 0
24092 2
24093 0
24094 1
24095 0
24096 1
24097 2
24098 0
24099 1
24100 2
24101 3
24102 0
24103 2
24104 0
24105 1
24106 2
24107 3
24108 1
24109 2
24110 1
24111 0
24112 2
24113 0
24114 2
24115 1
24116 2
24117 0
24118 1
24119 0
24120 1
24121 0
24122 2
24123 1
24124 0
24125 1
24126 0
24127 1
24128 0
24129 2
24130 1
24131 2
24132 1
24133 0
24134 1
24135 0
24136 1
24137 0
24138 2
24139 1
24140 0
24141 1
24142 2
24143 3
24144 0
24145 2
24146 1
24147 0
24148 2
24149 1
24150 2
24151 1
24152 3
24153 2
24154 3
24155 1
24156 0
24157 2
24158 1
24159 2
24160 0
24161 1
24162 0
24163 1
24164 2
24165 0
24166 1
24167 0
24168 1
24169 2
24170 0
24171 2
24172 0
24173 1
24174 0
24175 2
24176 0
24177 2
24178 1
24179 2
24180 1
24181 0
24182 1
24183 2
24184 1
24185 0
24186 1
24187 0
24188 1
24189 2
24190 0
24191 2
24192 1
24193 0
24194 1
24195 0
24196 2
24197 3
24198 1
24199 0
24200 2
24201 1
24202 2
24203 0
24204 1
24205 3
24206 4
24207 2
24208 3
24209 1
24210 2
24211 1
24212 2
24213 0
24214 2
24215 0
24216 1
24217 0
24218 1
24219 0
24220 1
24221 0
24222 1
24223 0
24224 2
24225 1
24226 2
24227 1
24228 2
24229 0
24230 1
24231 0
24232 2
24233 1
24234 2
24235 3
24236 1
24237 0
24238 1
24239 2
24240 0
24241 1
24242 2
24243 1
24244 0
24245 1
24246 0
24247 2
24248 1
24249 0
24250 1
24251 2
24252 0
24253 1
24254 0
24255 2
24256 0
24257 2
24258 1
24259 0
24260 1
24261 0
24262 1
24263 0
24264 3
24265 2
24266 0
24267 1
24268 0
24269 1
24270 0
24271 2
24272 1
24273 0
24274 3
24275 0
24276 2
24277 1
24278 2
24279 1
24280 2
24281 0
24282 1
24283 2
24284 1
24285 0
24286 2
24287 1
24288 3
24289 2
24290 1
24291 0
24292 2
24293 3
24294 2
24295 0
24296 2
24297 1
24298 0
24299 1
24300 2
24301 1
24302 0
24303 2
24304 1
24305 2
24306 1
24307 2
24308 1
24309 0
24310 1
24311 3
24312 0
24313 1
24314 2
24315 3
24316 0
24317 2
24318 1
24319 2
24320 0
24321 1
24322 0
24323 2
24324 1
24325 3
24326 0
24327 2
24328 0
24329 2
24330 1
24331 0
24332 2
24333 3
24334 0
24335 1
24336 2
24337 3
24338 0
24339 2
24340 0
24341 1
24342 2
24343 0
24344 2
24345 0
24346 2
24347 1
24348 3
24349 0
24350 3
24351 1
24352 0
24353 2
24354 1
24355 0
24356 2
24357 0
24358 2
24359 1
24360 0
24361 2
24362 1
24363 2
24364 1
24365 2
24366 1
24367 2
24368 0
24369 1
24370 0
24371 2
24372 1
24373 2
24374 0
24375 1
24376 0
24377 1
24378 0
24379 2
24380 0
24381 1
24382 0
24383 2
24384 1
24385 0
24386 3
24387 2
24388 1
24389 2
24390 0
24391 1
24392 2
24393 0
24394 1
24395 2
24396 3
24397 1
24398 2
24399 0
24400 1
24401 0
24402 1
24403 2
24404 0
24405 1
24406 2
24407 0
24408 1
24409 2
24410 1
24411 0
24412 3
24413 1
24414 0
24415 1
24416 2
24417 0
24418 2
24419 3
24420 1
24421 0
24422 1
24423 2
24424 1
24425 0
24426 2
24427 3
24428 1
24429 2
24430 1
24431 3
24432 0
24433 2
24434 3
24435 1
24436 0
24437 2
24438 1
24439 0
24440 1
24441 2
24442 0
24443 2
24444 0
24445 1
24446 0
24447 1
24448 2
24449 1
24450 2
24451 0
24452 2
24453 0
24454 2
24455 0
24456 1
24457 2
24458 1
24459 2
24460 0
24461 1
24462 2
24463 0
24464 2
24465 1
24466 0
24467 3
24468 1
24469 2
24470 0
24471 2
24472 1
24473 0
24474 2
24475 1
24476 2
24477 0
24478 3
24479 1
24480 0
24481 1
24482 0
24483 1
24484 0
24485 1
24486 2
24487 1
24488 0
24489 1
24490 2
24491 0
24492 1
24493 0
24494 1
24495 0
24496 2
24497 1
24498 2
24499 0
24500 1
24501 2
24502 1
24503 2
24504 0
24505 1
24506 0
24507 1
24508 2
24509 1
24510 0
24511 1
24512 2
24513 0
24514 1
24515 2
24516 3
24517 1
24518 0
24519 2
24520 1
24521 3
24522 1
24523 2
24524 0
24525 1
24526 3
24527 2
24528 1
24529 2
24530 0
24531 1
24532 2
24533 3
24534 0
24535 1
24536 2
24537 1
24538 2
24539 0
24540 1
24541 0
24542 1
24543 0
24544 1
24545 0
24546 2
24547 1
24548 0
24549 1
24550 0
24551 2
24552 1
24553 0
24554 1
24555 0
24556 2
24557 1
24558 0
24559 1
24560 2
24561 0
24562 2
24563 1
24564 0
24565 1
24566 0
24567 2
24568 1
24569 2
24570 1
24571 2
24572 3
24573 1
24574 0
24575 1
24576 2
24577 1
24578 2
24579 0
24580 1
24581 0
24582 1
24583 0
24584 1
24585 0
24586 2
24587 3
24588 1
24589 0
24590 1
24591 2
24592 1
24593 0
24594 1
24595 0
24596 2
24597 1
24598 2
24599 1
24600 0
24601 1
24602 2
24603 1
24604 0
24605 1
24606 2
24607 1
24608 0
24609 1
24610 2
24611 3
24612 0
24613 1
24614 0
24615 2
24616 1
24617 0
24618 1
24619 0
24620 1
24621 2
24622 0
24623 1
24624 0
24625 1
24626 2
24627 1
24628 3
24629 0
24630 1
24631 0
24632 1
24633 0
24634 1
24635 0
24636 1
24637 2
24638 1
24639 0
24640 2
24641 1
24642 0
24643 1
24644 0
24645 1
24646 0
24647 1
24648 0
24649 2
24650 1
24651 0
24652 1
24653 0
24654 2
24655 1
24656 2
24657 0
24658 3
24659 1
24660 2
24661 0
24662 2
24663 1
24664 0
24665 2
24666 1
24667 2
24668 1
24669 0
24670 1
24671 0
24672 3
24673 0
24674 1
24675 2
24676 1
24677 2
24678 1
24679 3
24680 2
24681 0
24682 1
24683 2
24684 3
24685 1
24686 0
24687 1
24688 0
24689 1
24690 0
24691 1
24692 2
24693 0
24694 3
24695 0
24696 1
24697 2
24698 1
24699 3
24700 2
24701 0
24702 2
24703 0
24704 1
24705 0
24706 1
24707 0
24708 1
24709 0
24710 2
24711 1
24712 0
24713 2
24714 1
24715 2
24716 0
24717 2
24718 3
24719 0
24720 1
24721 0
24722 1
24723 0
24724 2
24725 1
24726 0
24727 1
24728 0
24729 1
24730 0
24731 2
24732 0
24733 1
24734 0
24735 1
24736 0
24737 1
24738 2
24739 1
24740 2
24741 0
24742 3
24743 1
24744 0
24745 1
24746 2
24747 0
24748 1
24749 2
24750 0
24751 1
24752 2
24753 1
24754 2
24755 1
24756 0
24757 1
24758 2
24759 1
24760 2
24761 0
24762 2
24763 0
24764 1
24765 2
24766 0
24767 1
24768 0
24769 2
24770 1
24771 3
24772 0
24773 1
24774 0
24775 1
24776 0
24777 2
24778 1
24779 0
24780 1
24781 0
24782 2
24783 0
24784 2
24785 1
24786 0
24787 2
24788 1
24789 0
24790 1
24791 0
24792 2
24793 0
24794 2
24795 1
24796 2
24797 0
24798 1
24799 0
24800 1
24801 2
24802 0
24803 1
24804 2
24805 0
24806 2
24807 0
24808 1
24809 2
24810 1
24811 0
24812 1
24813 0
24814 1
24815 2
24816 1
24817 3
24818 0
24819 2
24820 0
24821 2
24822 1
24823 2
24824 1
24825 2
24826 1
24827 2
24828 3
24829 1
24830 3
24831 2
24832 0
24833 1
24834 2
24835 0
24836 1
24837 0
24838 1
24839 0
24840 2
24841 1
24842 0
24843 1
24844 0
24845 2
24846 0
24847 1
24848 0
24849 2
24850 0
24851 2
24852 0
24853 1
24854 0
24855 2
24856 1
24857 0
24858 1
24859 0
24860 1
24861 0
24862 2
24863 0
24864 1
24865 0
24866 1
24867 2
24868 0
24869 1
24870 0
24871 1
24872 0
24873 2
24874 1
24875 2
24876 0
24877 2
24878 1
24879 3
24880 2
24881 0
24882 1
24883 0
24884 1
24885 0
24886 1
24887 0
24888 1
24889 0
24890 2
24891 0
24892 2
24893 0
24894 2
24895 0
24896 1
24897 0
24898 1
24899 2
24900 0
24901 1
24902 0
24903 2
24904 1
24905 0
24906 2
24907 3
24908 1
24909 2
24910 1
24911 2
24912 0
24913 1
24914 0
24915 2
24916 3
24917 0
24918 1
24919 2
24920 1
24921 0
24922 2
24923 1
24924 2
24925 0
24926 1
24927 0
24928 1
24929 0
24930 2
24931 1
24932 0
24933 1
24934 3
24935 0
24936 1
24937 0
24938 1
24939 0
24940 1
24941 2
24942 0
24943 2
24944 3
24945 1
24946 2
24947 1
24948 2
24949 0
24950 2
24951 0
24952 1
24953 2
24954 1
24955 2
24956 0
24957 1
24958 2
24959 0
24960 2
24961 0
24962 2
24963 1
24964 2
24965 0
24966 1
24967 0
24968 2
24969 0
24970 2
24971 0
24972 2
24973 1
24974 2
24975 1
24976 0
24977 2
24978 0
24979 2
24980 1
24981 2
24982 1
24983 0
24984 2
24985 1
24986 0
24987 1
24988 2
24989 0
24990 1
24991 0
24992 1
24993 0
24994 1
24995 0
24996 2
24997 3
24998 0
24999 1
25000 0
25001 1
25002 2
25003 0
25004 1
25005 2
25006 3
25007 0
25008 2
25009 1
25010 2
25011 1
25012 0
25013 1
25014 0
25015 1
25016 2
25017 0
25018 2
25019 0
25020 1
25021 0
25022 2
25023 1
25024 0
25025 1
25026 0
25027 1
25028 0
25029 1
25030 0
25031 1
25032 0
25033 1
25034 0
25035 1
25036 0
25037 1
25038 2
25039 0
25040 1
25041 0
25042 2
25043 1
25044 3
25045 0
25046 1
25047 2
25048 0
25049 2
25050 3
25051 0
25052 2
25053 0
25054 2
25055 1
25056 2
25057 0
25058 1
25059 2
25060 0
25061 2
25062 1
25063 2
25064 0
25065 2
25066 1
25067 0
25068 2
25069 1
25070 0
25071 2
25072 1
25073 0
25074 1
25075 0
25076 1
25077 0
25078 1
25079 2
25080 0
25081 2
25082 3
25083 1
25084 0
25085 1
25086 2
25087 1
25088 0
25089 1
25090 2
25091 0
25092 1
25093 2
25094 0
25095 2
25096 1
25097 0
25098 2
25099 1
25100 2
25101 1
25102 0
25103 2
25104 1
25105 0
25106 1
25107 0
25108 1
25109 0
25110 1
25111 0
25112 2
25113 1
25114 0
25115 2
25116 1
25117 0
25118 1
25119 2
25120 0
25121 2
25122 1
25123 0
25124 1
25125 0
25126 1
25127 0
25128 1
25129 0
25130 1
25131 0
25132 1
25133 2
25134 3
25135 1
25136 0
25137 2
25138 1
25139 0
25140 1
25141 0
25142 1
25143 0
25144 2
25145 3
25146 1
25147 2
25148 0
25149 1
25150 0
25151 2
25152 3
25153 1
25154 0
25155 2
25156 1
25157 0
25158 1
25159 0
25160 2
25161 0
25162 2
25163 1
25164 0
25165 1
25166 2
25167 0
25168 3
25169 1
25170 0
25171 2
25172 1
25173 0
25174 1
25175 0
25176 2
25177 3
25178 1
25179 0
25180 2
25181 1
25182 0
25183 1
25184 0
25185 1
25186 0
25187 1
25188 0
25189 2
25190 0
25191 1
25192 0
25193 1
25194 0
25195 1
25196 2
25197 3
25198 0
25199 1
25200 2
25201 0
25202 2
25203 3
25204 0
25205 2
25206 0
25207 1
25208 2
25209 0
25210 3
25211 0
25212 1
25213 0
25214 1
25215 0
25216 2
25217 0
25218 2
25219 3
25220 1
25221 2
25222 0
25223 1
25224 0
25225 1
25226 2
25227 0
25228 1
25229 2
25230 0
25231 2
25232 1
25233 0
25234 2
25235 0
25236 2
25237 1
25238 2
25239 0
25240 1
25241 0
25242 2
25243 0
25244 1
25245 0
25246 2
25247 0
25248 1
25249 2
25250 0
25251 1
25252 0
25253 2
25254 1
25255 0
25256 1
25257 3
25258 0
25259 1
25260 2
25261 0
25262 2
25263 3
25264 1
25265 0
25266 1
25267 2
25268 0
25269 1
25270 2
25271 0
25272 2
25273 0
25274 2
25275 1
25276 3
25277 0
25278 2
25279 3
25280 0
25281 2
25282 1
25283 0
25284 1
25285 2
25286 3
25287 1
25288 2
25289 0
25290 1
25291 0
25292 2
25293 1
25294 0
25295 2
25296 1
25297 0
25298 1
25299 2
25300 0
25301 2
25302 0
25303 1
25304 2
25305 0
25306 1
25307 0
25308 1
25309 0
25310 2
25311 1
25312 0
25313 2
25314 1
25315 0
25316 1
25317 0
25318 1
25319 0
25320 2
25321 1
25322 2
25323 0
25324 1
25325 0
25326 2
25327 4
25328 3
25329 2
25330 1
25331 0
25332 2
25333 1
25334 0
25335 1
25336 0
25337 1
25338 0
25339 1
25340 2
25341 1
25342 0
25343 2
25344 0
25345 2
25346 0
25347 1
25348 0
25349 1
25350 0
25351 1
25352 0
25353 1
25354 0
25355 1
25356 2
25357 0
25358 2
25359 1
25360 0
25361 2
25362 0
25363 1
25364 0
25365 2
25366 1
25367 2
25368 3
25369 1
25370 2
25371 1
25372 0
25373 1
25374 2
25375 0
25376 1
25377 2
25378 0
25379 1
25380 0
25381 2
25382 0
25383 1
25384 0
25385 1
25386 0
25387 1
25388 2
25389 1
25390 0
25391 1
25392 2
25393 0
25394 2
25395 1
25396 2
25397 0
25398 1
25399 0
25400 2
25401 0
25402 2
25403 1
25404 0
25405 1
25406 3
25407 2
25408 0
25409 2
25410 1
25411 0
25412 1
25413 2
25414 0
25415 1
25416 2
25417 0
25418 1
25419 0
25420 1
25421 0
25422 1
25423 0
25424 1
25425 0
25426 1
25427 0
25428 2
25429 0
25430 2
25431 1
25432 2
25433 0
25434 2
25435 0
25436 1
25437 0
25438 1
25439 2
25440 1
25441 0
25442 1
25443 0
25444 3
25445 1
25446 2
25447 1
25448 0
25449 1
25450 0
25451 2
25452 1
25453 2
25454 0
25455 1
25456 2
25457 0
25458 1
25459 0
25460 1
25461 2
25462 1
25463 0
25464 1
25465 0
25466 1
25467 2
25468 3
25469 1
25470 0
25471 2
25472 0
25473 2
25474 1
25475 2
25476 0
25477 1
25478 2
25479 0
25480 1
25481 2
25482 0
25483 2
25484 1
25485 3
25486 0
25487 1
25488 0
25489 2
25490 1
25491 2
25492 0
25493 1
25494 2
25495 0
25496 2
25497 0
25498 1
25499 0
25500 1
25501 0
25502 1
25503 0
25504 2
25505 0
25506 1
25507 0
25508 1
25509 0
25510 2
25511 1
25512 2
25513 0
25514 1
25515 2
25516 1
25517 2
25518 1
25519 2
25520 0
25521 2
25522 0
25523 1
25524 0
25525 1
25526 2
25527 0
25528 2
25529 1
25530 0
25531 2
25532 1
25533 0
25534 2
25535 1
25536 2
25537 0
25538 2
25539 0
25540 1
25541 0
25542 2
25543 0
25544 2
25545 1
25546 2
25547 1
25548 0
25549 1
25550 2
25551 1
25552 0
25553 2
25554 1
25555 0
25556 1
25557 2
25558 0
25559 2
25560 1
25561 2
25562 0
25563 1
25564 0
25565 1
25566 3
25567 0
25568 3
25569 1
25570 2
25571 1
25572 2
25573 0
25574 2
25575 0
25576 1
25577 0
25578 2
25579 1
25580 2
25581 1
25582 0
25583 1
25584 2
25585 1
25586 2
25587 1
25588 0
25589 1
25590 0
25591 2
25592 1
25593 0
25594 1
25595 0
25596 1
25597 3
25598 2
25599 1
25600 0
25601 1
25602 2
25603 0
25604 2
25605 1
25606 0
25607 2
25608 0
25609 2
25610 1
25611 2
25612 1
25613 0
25614 1
25615 2
25616 1
25617 0
25618 2
25619 0
25620 2
25621 3
25622 0
25623 1
25624 0
25625 1
25626 2
25627 3
25628 0
25629 1
25630 0
25631 1
25632 2
25633 0
25634 1
25635 2
25636 1
25637 2
25638 0
25639 1
25640 2
25641 0
25642 1
25643 0
25644 1
25645 0
25646 2
25647 0
25648 2
25649 1
25650 2
25651 1
25652 0
25653 2
25654 1
25655 2
25656 1
25657 2
25658 1
25659 0
25660 2
25661 3
25662 1
25663 2
25664 3
25665 1
25666 0
25667 2
25668 0
25669 1
25670 0
25671 1
25672 0
25673 1
25674 3
25675 2
25676 3
25677 2
25678 0
25679 1
25680 2
25681 0
25682 1
25683 2
25684 0
25685 2
25686 0
25687 1
25688 0
25689 1
25690 2
25691 0
25692 1
25693 0
25694 1
25695 0
25696 1
25697 0
25698 2
25699 0
25700 2
25701 0
25702 1
25703 0
25704 2
25705 1
25706 0
25707 1
25708 0
25709 1
25710 0
25711 1
25712 0
25713 1
25714 2
25715 1
25716 0
25717 1
25718 0
25719 1
25720 2
25721 1
25722 0
25723 2
25724 1
25725 0
25726 1
25727 0
25728 1
25729 2
25730 1
25731 2
25732 1
25733 0
25734 1
25735 2
25736 0
25737 2
25738 0
25739 1
25740 2
25741 1
25742 0
25743 1
25744 0
25745 2
25746 0
25747 2
25748 1
25749 2
25750 0
25751 2
25752 1
25753 0
25754 2
25755 1
25756 2
25757 1
25758 0
25759 2
25760 1
25761 2
25762 0
25763 3
25764 2
25765 0
25766 1
25767 2
25768 1
25769 2
25770 1
25771 2
25772 1
25773 0
25774 2
25775 0
25776 1
25777 0
25778 1
25779 0
25780 1
25781 3
25782 0
25783 1
25784 0
25785 2
25786 1
25787 0
25788 1
25789 0
25790 1
25791 2
25792 0
25793 1
25794 2
25795 0
25796 1
25797 0
25798 1
25799 0
25800 1
25801 0
25802 2
25803 0
25804 1
25805 0
25806 1
25807 0
25808 1
25809 0
25810 1
25811 2
25812 0
25813 1
25814 2
25815 0
25816 3
25817 1
25818 0
25819 2
25820 1
25821 2
25822 1
25823 2
25824 3
25825 1
25826 0
25827 1
25828 0
25829 2
25830 1
25831 2
25832 0
25833 1
25834 0
25835 1
25836 0
25837 2
25838 0
25839 1
25840 2
25841 1
25842 2
25843 0
25844 2
25845 1
25846 0
25847 1
25848 0
25849 1
25850 0
25851 1
25852 0
25853 1
25854 0
25855 2
25856 1
25857 0
25858 1
25859 0
25860 2
25861 1
25862 2
25863 3
25864 1
25865 2
25866 1
25867 2
25868 1
25869 2
25870 1
25871 2
25872 0
25873 1
25874 2
25875 0
25876 1
25877 2
25878 1
25879 0
25880 1
25881 0
25882 1
25883 0
25884 2
25885 0
25886 1
25887 2
25888 0
25889 2
25890 1
25891 2
25892 0
25893 1
25894 0
25895 3
25896 1
25897 0
25898 1
25899 2
25900 0
25901 1
25902 0
25903 2
25904 1
25905 0
25906 1
25907 0
25908 1
25909 0
25910 2
25911 0
25912 2
25913 1
25914 2
25915 1
25916 0
25917 1
25918 2
25919 0
25920 1
25921 0
25922 1
25923 2
25924 0
25925 1
25926 2
25927 1
25928 2
25929 1
25930 2
25931 1
25932 0
25933 2
25934 1
25935 3
25936 2
25937 1
25938 2
25939 1
25940 0
25941 2
25942 0
25943 1
25944 0
25945 1
25946 0
25947 1
25948 0
25949 1
25950 0
25951 1
25952 2
25953 1
25954 0
25955 2
25956 0
25957 2
25958 1
25959 2
25960 1
25961 0
25962 1
25963 2
25964 1
25965 2
25966 0
25967 1
25968 2
25969 0
25970 1
25971 2
25972 0
25973 2
25974 0
25975 1
25976 2
25977 0
25978 1
25979 0
25980 2
25981 1
25982 0
25983 2
25984 0
25985 1
25986 2
25987 1
25988 0
25989 1
25990 0
25991 1
25992 0
25993 1
25994 2
25995 1
25996 2
25997 1
25998 0
25999 2
26000 1
26001 2
26002 0
26003 3
26004 2
26005 3
26006 1
26007 2
26008 0
26009 1
26010 2
26011 0
26012 2
26013 1
26014 3
26015 2
26016 0
26017 1
26018 2
26019 0
26020 1
26021 0
26022 2
26023 0
26024 1
26025 0
26026 2
26027 1
26028 3
26029 0
26030 1
26031 0
26032 2
26033 0
26034 2
26035 1
26036 0
26037 1
26038 0
26039 1
26040 0
26041 2
26042 1
26043 0
26044 2
26045 1
26046 0
26047 2
26048 1
26049 0
26050 1
26051 2
26052 0
26053 2
26054 1
26055 0
26056 1
26057 0
26058 1
26059 0
26060 1
26061 0
26062 1
26063 0
26064 2
26065 1
26066 0
26067 1
26068 2
26069 1
26070 2
26071 0
26072 2
26073 1
26074 2
26075 0
26076 1
26077 2
26078 1
26079 0
26080 1
26081 0
26082 1
26083 0
26084 3
26085 2
26086 0
26087 2
26088 1
26089 0
26090 2
26091 1
26092 0
26093 2
26094 1
26095 0
26096 2
26097 1
26098 2
26099 3
26100 0
26101 1
26102 0
26103 1
26104 0
26105 1
26106 2
26107 0
26108 2
26109 0
26110 2
26111 1
26112 0
26113 1
26114 0
26115 1
26116 2
26117 0
26118 2
26119 0
26120 2
26121 0
26122 1
26123 0
26124 2
26125 1
26126 0
26127 2
26128 1
26129 0
26130 1
26131 3
26132 2
26133 0
26134 1
26135 0
26136 3
26137 1
26138 2
26139 0
26140 2
26141 1
26142 0
26143 1
26144 2
26145 0
26146 2
26147 1
26148 0
26149 2
26150 1
26151 2
26152 0
26153 1
26154 0
26155 2
26156 1
26157 3
26158 2
26159 0
26160 2
26161 0
26162 3
26163 1
26164 0
26165 3
26166 0
26167 2
26168 1
26169 2
26170 0
26171 2
26172 0
26173 2
26174 3
26175 1
26176 3
26177 0
26178 1
26179 0
26180 1
26181 2
26182 1
26183 2
26184 0
26185 1
26186 0
26187 2
26188 0
26189 2
26190 0
26191 2
26192 1
26193 0
26194 1
26195 2
26196 1
26197 0
26198 1
26199 2
26200 0
26201 1
26202 0
26203 1
26204 2
26205 0
26206 1
26207 2
26208 0
26209 1
26210 0
26211 1
26212 0
26213 2
26214 0
26215 1
26216 3
26217 1
26218 0
26219 1
26220 0
26221 1
26222 2
26223 0
26224 1
26225 2
26226 0
26227 1
26228 0
26229 1
26230 0
26231 2
26232 0
26233 1
26234 0
26235 2
26236 1
26237 0
26238 2
26239 3
26240 0
26241 1
26242 0
26243 1
26244 2
26245 1
26246 0
26247 1
26248 2
26249 0
26250 1
26251 2
26252 0
26253 1
26254 0
26255 1
26256 0
26257 2
26258 0
26259 1
26260 2
26261 0
26262 3
26263 1
26264 0
26265 1
26266 2
26267 3
26268 0
26269 1
26270 0
26271 3
26272 0
26273 2
26274 1
26275 2
26276 0
26277 1
26278 0
26279 1
26280 2
26281 0
26282 2
26283 3
26284 1
26285 0
26286 1
26287 2
26288 1
26289 2
26290 1
26291 3
26292 0
26293 3
26294 1
26295 2
26296 0
26297 1
26298 0
26299 3
26300 1
26301 0
26302 2
26303 1
26304 2
26305 1
26306 0
26307 2
26308 0
26309 1
26310 0
26311 1
26312 2
26313 0
26314 2
26315 1
26316 2
26317 0
26318 1
26319 0
26320 1
26321 2
26322 0
26323 2
26324 1
26325 0
26326 1
26327 0
26328 1
26329 0
26330 1
26331 2
26332 0
26333 1
26334 0
26335 1
26336 2
26337 3
26338 1
26339 2
26340 0
26341 2
26342 1
26343 2
26344 0
26345 2
26346 0
26347 3
26348 1
26349 2
26350 0
26351 1
26352 2
26353 1
26354 0
26355 1
26356 2
26357 0
26358 1
26359 0
26360 2
26361 1
26362 2
26363 3
26364 0
26365 2
26366 1
26367 2
26368 1
26369 3
26370 0
26371 2
26372 1
26373 2
26374 3
26375 0
26376 1
26377 0
26378 3
26379 2
26380 1
26381 2
26382 0
26383 2
26384 1
26385 3
26386 0
26387 1
26388 2
26389 0
26390 2
26391 1
26392 2
26393 0
26394 2
26395 1
26396 0
26397 1
26398 2
26399 0
26400 1
26401 0
26402 2
26403 0
26404 1
26405 0
26406 2
26407 1
26408 0
26409 2
26410 0
26411 1
26412 0
26413 2
26414 1
26415 0
26416 2
26417 0
26418 1
26419 2
26420 3
26421 1
26422 2
26423 1
26424 2
26425 1
26426 2
26427 0
26428 2
26429 1
26430 0
26431 2
26432 1
26433 2
26434 0
26435 1
26436 0
26437 1
26438 0
26439 2
26440 1
26441 2
26442 0
26443 2
26444 1
26445 0
26446 1
26447 2
26448 1
26449 0
26450 1
26451 0
26452 1
26453 2
26454 0
26455 1
26456 0
26457 1
26458 0
26459 1
26460 0
26461 1
26462 2
26463 1
26464 0
26465 1
26466 0
26467 1
26468 0
26469 1
26470 0
26471 1
26472 0
26473 1
26474 0
26475 2
26476 1
26477 2
26478 0
26479 1
26480 2
26481 0
26482 1
26483 2
26484 0
26485 1
26486 3
26487 1
26488 0
26489 2
26490 1
26491 0
26492 1
26493 2
26494 0
26495 2
26496 0
26497 1
26498 2
26499 1
26500 0
26501 1
26502 2
26503 3
26504 0
26505 2
26506 1
26507 2
26508 0
26509 1
26510 2
26511 1
26512 2
26513 0
26514 1
26515 0
26516 1
26517 0
26518 1
26519 0
26520 1
26521 0
26522 2
26523 0
26524 2
26525 3
26526 0
26527 2
26528 1
26529 2
26530 1
26531 0
26532 2
26533 1
26534 0
26535 1
26536 2
26537 1
26538 3
26539 2
26540 1
26541 0
26542 2
26543 0
26544 2
26545 1
26546 0
26547 2
26548 1
26549 2
26550 3
26551 1
26552 0
26553 2
26554 1
26555 0
26556 2
26557 1
26558 0
26559 1
26560 0
26561 3
26562 0
26563 2
26564 1
26565 2
26566 0
26567 3
26568 1
26569 2
26570 0
26571 1
26572 0
26573 2
26574 1
26575 0
26576 2
26577 1
26578 0
26579 1
26580 0
26581 1
26582 0
26583 1
26584 0
26585 1
26586 0
26587 1
26588 0
26589 2
26590 0
26591 1
26592 2
26593 1
26594 0
26595 1
26596 2
26597 1
26598 3
26599 1
26600 0
26601 2
26602 0
26603 1
26604 2
26605 0
26606 2
26607 0
26608 3
26609 1
26610 3
26611 2
26612 1
26613 2
26614 1
26615 2
26616 1
26617 0
26618 1
26619 0
26620 1
26621 2
26622 1
26623 0
26624 3
26625 2
26626 1
26627 0
26628 2
26629 0
26630 2
26631 0
26632 2
26633 0
26634 1
26635 2
26636 0
26637 2
26638 1
26639 0
26640 1
26641 0
26642 1
26643 0
26644 3
26645 2
26646 1
26647 2
26648 1
26649 0
26650 2
26651 1
26652 0
26653 1
26654 2
26655 1
26656 0
26657 1
26658 0
26659 2
26660 1
26661 2
26662 0
26663 3
26664 2
26665 1
26666 0
26667 2
26668 1
26669 0
26670 1
26671 0
26672 1
26673 0
26674 1
26675 0
26676 1
26677 3
26678 0
26679 1
26680 0
26681 2
26682 1
26683 0
26684 2
26685 1
26686 2
26687 3
26688 0
26689 1
26690 2
26691 1
26692 0
26693 1
26694 0
26695 1
26696 2
26697 1
26698 0
26699 1
26700 0
26701 1
26702 0
26703 1
26704 2
26705 1
26706 2
26707 1
26708 2
26709 0
26710 1
26711 0
26712 2
26713 0
26714 1
26715 0
26716 1
26717 0
26718 1
26719 2
26720 3
26721 1
26722 2
26723 0
26724 2
26725 0
26726 1
26727 0
26728 1
26729 0
26730 1
26731 0
26732 1
26733 2
26734 0
26735 1
26736 0
26737 3
26738 2
26739 0
26740 2
26741 3
26742 2
26743 1
26744 2
26745 0
26746 1
26747 0
26748 1
26749 0
26750 1
26751 2
26752 0
26753 2
26754 1
26755 2
26756 1
26757 0
26758 1
26759 2
26760 1
26761 0
26762 2
26763 1
26764 0
26765 1
26766 0
26767 2
26768 0
26769 2
26770 3
26771 1
26772 2
26773 0
26774 1
26775 0
26776 1
26777 2
26778 0
26779 1
26780 2
26781 1
26782 0
26783 1
26784 2
26785 1
26786 0
26787 2
26788 1
26789 2
26790 0
26791 2
26792 1
26793 2
26794 1
26795 3
26796 2
26797 0
26798 1
26799 0
26800 2
26801 1
26802 0
26803 3
26804 2
26805 0
26806 2
26807 1
26808 0
26809 1
26810 2
26811 0
26812 2
26813 0
26814 1
26815 0
26816 1
26817 2
26818 0
26819 1
26820 0
26821 1
26822 2
26823 1
26824 0
26825 1
26826 3
26827 2
26828 1
26829 0
26830 1
26831 2
26832 1
26833 2
26834 0
26835 1
26836 2
26837 0
26838 1
26839 2
26840 1
26841 0
26842 2
26843 1
26844 0
26845 1
26846 0
26847 1
26848 0
26849 2
26850 0
26851 2
26852 3
26853 1
26854 2
26855 1
26856 2
26857 0
26858 1
26859 2
26860 1
26861 2
26862 1
26863 2
26864 1
26865 0
26866 2
26867 0
26868 1
26869 2
26870 1
26871 2
26872 0
26873 1
26874 3
26875 1
26876 0
26877 2
26878 1
26879 0
26880 3
26881 1
26882 2
26883 0
26884 2
26885 3
26886 1
26887 2
26888 0
26889 1
26890 2
26891 0
26892 1
26893 2
26894 0
26895 1
26896 0
26897 2
26898 1
26899 2
26900 0
26901 3
26902 0
26903 1
26904 0
26905 2
26906 1
26907 0
26908 1
26909 0
26910 2
26911 1
26912 0
26913 2
26914 1
26915 3
26916 0
26917 1
26918 0
26919 1
26920 0
26921 2
26922 1
26923 2
26924 1
26925 2
26926 0
26927 3
26928 2
26929 0
26930 1
26931 0
26932 1
26933 0
26934 1
26935 2
26936 1
26937 0
26938 1
26939 2
26940 0
26941 1
26942 2
26943 3
26944 1
26945 0
26946 1
26947 0
26948 1
26949 0
26950 1
26951 0
26952 2
26953 1
26954 2
26955 0
26956 2
26957 0
26958 1
26959 0
26960 1
26961 0
26962 3
26963 1
26964 0
26965 2
26966 1
26967 2
26968 3
26969 1
26970 0
26971 2
26972 1
26973 2
26974 1
26975 2
26976 0
26977 1
26978 2
26979 1
26980 2
26981 0
26982 1
26983 2
26984 0
26985 1
26986 0
26987 2
26988 3
26989 1
26990 2
26991 0
26992 1
26993 0
26994 1
26995 0
26996 1
26997 0
26998 2
26999 1
27000 2
27001 0
27002 1
27003 2
27004 3
27005 1
27006 0
27007 1
27008 0
27009 1
27010 2
27011 0
27012 2
27013 1
27014 0
27015 1
27016 2
27017 3
27018 0
27019 2
27020 0
27021 1
27022 0
27023 2
27024 1
27025 2
27026 1
27027 2
27028 0
27029 2
27030 1
27031 2
27032 1
27033 2
27034 0
27035 2
27036 1
27037 0
27038 2
27039 1
27040 0
27041 2
27042 1
27043 0
27044 2
27045 1
27046 3
27047 0
27048 1
27049 0
27050 1
27051 2
27052 0
27053 1
27054 0
27055 1
27056 0
27057 1
27058 2
27059 1
27060 2
27061 0
27062 3
27063 0
27064 1
27065 0
27066 2
27067 1
27068 2
27069 0
27070 2
27071 1
27072 2
27073 0
27074 1
27075 2
27076 0
27077 2
27078 1
27079 0
27080 2
27081 1
27082 2
27083 0
27084 2
27085 3
27086 0
27087 1
27088 2
27089 0
27090 1
27091 2
27092 0
27093 1
27094 2
27095 0
27096 1
27097 2
27098 3
27099 1
27100 2
27101 0
27102 1
27103 2
27104 0
27105 1
27106 0
27107 1
27108 2
27109 3
27110 2
27111 0
27112 1
27113 2
27114 1
27115 0
27116 1
27117 0
27118 1
27119 2
27120 3
27121 1
27122 0
27123 2
27124 1
27125 0
27126 1
27127 2
27128 1
27129 2
27130 1
27131 2
27132 0
27133 1
27134 2
27135 1
27136 2
27137 1
27138 2
27139 1
27140 2
27141 0
27142 2
27143 1
27144 2
27145 0
27146 1
27147 2
27148 0
27149 1
27150 0
27151 1
27152 0
27153 1
27154 0
27155 1
27156 2
27157 0
27158 1
27159 2
27160 0
27161 1
27162 0
27163 1
27164 2
27165 1
27166 2
27167 0
27168 1
27169 0
27170 1
27171 0
27172 1
27173 0
27174 1
27175 2
27176 0
27177 2
27178 1
27179 0
27180 1
27181 0
27182 1
27183 2
27184 0
27185 2
27186 1
27187 0
27188 1
27189 2
27190 0
27191 1
27192 0
27193 2
27194 1
27195 0
27196 1
27197 0
27198 1
27199 2
27200 0
27201 2
27202 1
27203 2
27204 3
27205 0
27206 1
27207 0
27208 1
27209 0
27210 2
27211 0
27212 2
27213 1
27214 0
27215 1
27216 0
27217 1
27218 3
27219 0
27220 1
27221 2
27222 0
27223 1
27224 0
27225 2
27226 0
27227 1
27228 2
27229 0
27230 1
27231 0
27232 2
27233 1
27234 0
27235 2
27236 1
27237 2
27238 0
27239 1
27240 0
27241 1
27242 0
27243 1
27244 2
27245 1
27246 2
27247 0
27248 1
27249 0
27250 1
27251 0
27252 2
27253 1
27254 2
27255 1
27256 2
27257 1
27258 0
27259 1
27260 2
27261 0
27262 2
27263 1
27264 0
27265 1
27266 0
27267 2
27268 0
27269 2
27270 0
27271 1
27272 0
27273 1
27274 0
27275 1
27276 2
27277 0
27278 2
27279 1
27280 0
27281 2
27282 1
27283 0
27284 2
27285 1
27286 2
27287 0
27288 2
27289 0
27290 2
27291 1
27292 0
27293 2
27294 1
27295 2
27296 3
27297 2
27298 0
27299 1
27300 0
27301 1
27302 0
27303 1
27304 2
27305 1
27306 2
27307 0
27308 2
27309 1
27310 2
27311 1
27312 0
27313 1
27314 0
27315 1
27316 0
27317 1
27318 0
27319 2
27320 1
27321 0
27322 2
27323 1
27324 0
27325 2
27326 1
27327 2
27328 1
27329 2
27330 1
27331 2
27332 1
27333 0
27334 3
27335 0
27336 1
27337 0
27338 1
27339 0
27340 1
27341 2
27342 0
27343 2
27344 0
27345 2
27346 1
27347 2
27348 3
27349 1
27350 4
27351 2
27352 1
27353 0
27354 1
27355 0
27356 1
27357 2
27358 1
27359 0
27360 1
27361 2
27362 0
27363 3
27364 2
27365 1
27366 0
27367 1
27368 3
27369 0
27370 2
27371 0
27372 2
27373 1
27374 2
27375 0
27376 2
27377 1
27378 2
27379 0
27380 1
27381 0
27382 1
27383 0
27384 3
27385 0
27386 1
27387 0
27388 1
27389 2
27390 1
27391 0
27392 3
27393 0
27394 1
27395 0
27396 1
27397 0
27398 2
27399 0
27400 2
27401 1
27402 0
27403 2
27404 1
27405 2
27406 0
27407 2
27408 1
27409 2
27410 1
27411 2
27412 1
27413 0
27414 1
27415 2
27416 0
27417 1
27418 0
27419 1
27420 0
27421 2
27422 0
27423 2
27424 0
27425 2
27426 0
27427 1
27428 0
27429 3
27430 0
27431 1
27432 0
27433 2
27434 1
27435 0
27436 1
27437 0
27438 2
27439 1
27440 2
27441 0
27442 1
27443 2
27444 0
27445 1
27446 2
27447 0
27448 1
27449 0
27450 2
27451 1
27452 0
27453 1
27454 0
27455 1
27456 2
27457 0
27458 1
27459 2
27460 0
27461 1
27462 0
27463 2
27464 0
27465 1
27466 2
27467 0
27468 2
27469 1
27470 2
27471 0
27472 1
27473 0
27474 1
27475 0
27476 1
27477 2
27478 0
27479 2
27480 0
27481 2
27482 1
27483 0
27484 2
27485 0
27486 1
27487 0
27488 2
27489 1
27490 2
27491 0
27492 1
27493 2
27494 0
27495 2
27496 3
27497 0
27498 2
27499 0
27500 1
27501 0
27502 1
27503 3
27504 2
27505 1
27506 0
27507 1
27508 2
27509 0
27510 2
27511 0
27512 1
27513 2
27514 0
27515 1
27516 0
27517 2
27518 1
27519 2
27520 1
27521 2
27522 0
27523 1
27524 0
27525 1
27526 0
27527 2
27528 3
27529 0
27530 2
27531 1
27532 2
27533 1
27534 2
27535 3
27536 1
27537 2
27538 1
27539 0
27540 1
27541 0
27542 1
27543 2
27544 1
27545 0
27546 1
27547 2
27548 0
27549 1
27550 0
27551 2
27552 1
27553 2
27554 1
27555 0
27556 1
27557 2
27558 0
27559 1
27560 2
27561 0
27562 2
27563 1
27564 0
27565 2
27566 1
27567 2
27568 0
27569 1
27570 0
27571 2
27572 0
27573 1
27574 2
27575 1
27576 2
27577 1
27578 2
27579 1
27580 0
27581 1
27582 2
27583 0
27584 1
27585 0
27586 2
27587 0
27588 3
27589 2
27590 0
27591 2
27592 1
27593 2
27594 1
27595 2
27596 1
27597 3
27598 1
27599 0
27600 1
27601 2
27602 0
27603 1
27604 0
27605 1
27606 2
27607 1
27608 0
27609 2
27610 1
27611 2
27612 0
27613 3
27614 2
27615 3
27616 1
27617 2
27618 0
27619 2
27620 1
27621 3
27622 2
27623 1
27624 2
27625 0
27626 2
27627 3
27628 0
27629 1
27630 0
27631 2
27632 3
27633 1
27634 3
27635 1
27636 0
27637 1
27638 0
27639 1
27640 0
27641 1
27642 0
27643 2
27644 1
27645 0
27646 1
27647 0
27648 2
27649 0
27650 1
27651 2
27652 1
27653 0
27654 1
27655 2
27656 1
27657 2
27658 3
27659 1
27660 2
27661 1
27662 2
27663 0
27664 1
27665 2
27666 0
27667 1
27668 2
27669 0
27670 2
27671 1
27672 2
27673 1
27674 2
27675 0
27676 1
27677 2
27678 1
27679 0
27680 1
27681 0
27682 1
27683 2
27684 1
27685 0
27686 1
27687 0
27688 2
27689 1
27690 2
27691 0
27692 2
27693 1
27694 0
27695 1
27696 0
27697 1
27698 0
27699 2
27700 0
27701 1
27702 0
27703 2
27704 0
27705 2
27706 1
27707 2
27708 0
27709 1
27710 2
27711 0
27712 1
27713 0
27714 1
27715 2
27716 0
27717 1
27718 0
27719 1
27720 0
27721 1
27722 0
27723 2
27724 1
27725 2
27726 1
27727 2
27728 0
27729 1
27730 0
27731 2
27732 0
27733 1
27734 0
27735 2
27736 0
27737 1
27738 0
27739 2
27740 1
27741 2
27742 3
27743 0
27744 1
27745 2
27746 1
27747 0
27748 1
27749 0
27750 3
27751 2
27752 3
27753 0
27754 2
27755 1
27756 0
27757 2
27758 1
27759 2
27760 1
27761 2
27762 1
27763 0
27764 2
27765 1
27766 0
27767 1
27768 2
27769 1
27770 2
27771 1
27772 0
27773 1
27774 0
27775 2
27776 1
27777 2
27778 0
27779 2
27780 0
27781 1
27782 2
27783 1
27784 2
27785 0
27786 1
27787 0
27788 1
27789 2
27790 0
27791 1
27792 0
27793 2
27794 1
27795 2
27796 0
27797 1
27798 3
27799 2
27800 1
27801 2
27802 1
27803 0
27804 2
27805 1
27806 2
27807 1
27808 2
27809 1
27810 2
27811 0
27812 1
27813 0
27814 2
27815 1
27816 0
27817 1
27818 0
27819 1
27820 2
27821 0
27822 1
27823 2
27824 1
27825 0
27826 1
27827 0
27828 1
27829 0
27830 1
27831 0
27832 1
27833 0
27834 1
27835 2
27836 1
27837 2
27838 0
27839 1
27840 0
27841 1
27842 0
27843 2
27844 1
27845 0
27846 1
27847 2
27848 1
27849 0
27850 2
27851 0
27852 2
27853 0
27854 2
27855 0
27856 1
27857 0
27858 1
27859 0
27860 1
27861 0
27862 2
27863 1
27864 2
27865 1
27866 0
27867 1
27868 0
27869 1
27870 2
27871 1
27872 0
27873 2
27874 0
27875 1
27876 2
27877 1
27878 0
27879 1
27880 0
27881 2
27882 1
27883 2
27884 0
27885 2
27886 1
27887 2
27888 1
27889 0
27890 1
27891 0
27892 1
27893 0
27894 1
27895 0
27896 2
27897 1
27898 0
27899 1
27900 0
27901 1
27902 0
27903 1
27904 0
27905 2
27906 1
27907 2
27908 1
27909 0
27910 1
27911 3
27912 2
27913 3
27914 1
27915 2
27916 0
27917 2
27918 1
27919 0
27920 1
27921 0
27922 1
27923 0
27924 3
27925 2
27926 1
27927 0
27928 1
27929 0
27930 1
27931 0
27932 1
27933 0
27934 1
27935 2
27936 3
27937 1
27938 0
27939 1
27940 2
27941 0
27942 1
27943 0
27944 1
27945 0
27946 1
27947 2
27948 1
27949 0
27950 1
27951 2
27952 0
27953 2
27954 1
27955 0
27956 1
27957 2
27958 0
27959 2
27960 0
27961 1
27962 2
27963 0
27964 2
27965 1
27966 2
27967 0
27968 2
27969 0
27970 2
27971 1
27972 2
27973 1
27974 2
27975 1
27976 2
27977 0
27978 2
27979 0
27980 1
27981 2
27982 3
27983 1
27984 2
27985 1
27986 2
27987 0
27988 1
27989 0
27990 1
27991 0
27992 1
27993 0
27994 2
27995 1
27996 2
27997 0
27998 2
27999 1
28000 0
28001 1
28002 2
28003 3
28004 0
28005 2
28006 1
28007 2
28008 1
28009 0
28010 1
28011 2
28012 0
28013 1
28014 0
28015 1
28016 2
28017 1
28018 2
28019 0
28020 1
28021 3
28022 2
28023 0
28024 2
28025 0
28026 1
28027 0
28028 1
28029 2
28030 0
28031 1
28032 0
28033 2
28034 1
28035 2
28036 3
28037 1
28038 2
28039 0
28040 2
28041 1
28042 2
28043 0
28044 1
28045 0
28046 1
28047 0
28048 2
28049 0
28050 1
28051 2
28052 0
28053 1
28054 0
28055 1
28056 0
28057 2
28058 0
28059 1
28060 0
28061 1
28062 2
28063 1
28064 2
28065 1
28066 2
28067 1
28068 2
28069 0
28070 2
28071 1
28072 0
28073 1
28074 2
28075 1
28076 2
28077 1
28078 0
28079 1
28080 0
28081 2
28082 0
28083 2
28084 0
28085 1
28086 2
28087 1
28088 0
28089 2
28090 0
28091 1
28092 2
28093 1
28094 0
28095 1
28096 2
28097 1
28098 0
28099 3
28100 2
28101 0
28102 1
28103 0
28104 1
28105 2
28106 1
28107 2
28108 1
28109 0
28110 1
28111 0
28112 1
28113 2
28114 1
28115 0
28116 1
28117 0
28118 1
28119 0
28120 1
28121 3
28122 0
28123 1
28124 0
28125 3
28126 0
28127 2
28128 1
28129 2
28130 0
28131 1
28132 0
28133 1
28134 2
28135 1
28136 0
28137 2
28138 0
28139 3
28140 2
28141 0
28142 1
28143 2
28144 1
28145 0
28146 1
28147 0
28148 1
28149 0
28150 2
28151 1
28152 0
28153 2
28154 1
28155 2
28156 1
28157 0
28158 1
28159 2
28160 0
28161 1
28162 3
28163 1
28164 0
28165 1
28166 0
28167 1
28168 0
28169 2
28170 1
28171 0
28172 2
28173 0
28174 1
28175 2
28176 0
28177 1
28178 0
28179 2
28180 1
28181 3
28182 2
28183 1
28184 2
28185 0
28186 1
28187 2
28188 0
28189 1
28190 2
28191 1
28192 2
28193 0
28194 1
28195 2
28196 1
28197 0
28198 1
28199 2
28200 1
28201 2
28202 1
28203 0
28204 2
28205 0
28206 1
28207 2
28208 0
28209 1
28210 0
28211 1
28212 2
28213 0
28214 2
28215 1
28216 2
28217 1
28218 0
28219 2
28220 1
28221 0
28222 3
28223 1
28224 2
28225 0
28226 2
28227 0
28228 2
28229 3
28230 1
28231 2
28232 1
28233 2
28234 1
28235 0
28236 3
28237 2
28238 3
28239 1
28240 2
28241 0
28242 2
28243 1
28244 0
28245 2
28246 0
28247 1
28248 2
28249 1
28250 0
28251 2
28252 1
28253 3
28254 0
28255 2
28256 0
28257 2
28258 1
28259 2
28260 1
28261 0
28262 1
28263 0
28264 1
28265 0
28266 1
28267 2
28268 1
28269 2
28270 0
28271 1
28272 2
28273 0
28274 1
28275 0
28276 1
28277 2
28278 0
28279 2
28280 1
28281 0
28282 1
28283 0
28284 1
28285 2
28286 0
28287 2
28288 1
28289 0
28290 1
28291 0
28292 1
28293 2
28294 3
28295 0
28296 2
28297 1
28298 0
28299 2
28300 1
28301 2
28302 1
28303 3
28304 2
28305 3
28306 0
28307 2
28308 0
28309 1
28310 3
28311 0
28312 1
28313 0
28314 1
28315 2
28316 1
28317 2
28318 1
28319 2
28320 0
28321 2
28322 3
28323 1
28324 0
28325 1
28326 0
28327 1
28328 2
28329 1
28330 0
28331 1
28332 0
28333 1
28334 0
28335 2
28336 0
28337 2
28338 1
28339 0
28340 3
28341 2
28342 1
28343 2
28344 1
28345 2
28346 3
28347 1
28348 0
28349 1
28350 3
28351 1
28352 2
28353 0
28354 1
28355 2
28356 1
28357 0
28358 1
28359 2
28360 0
28361 1
28362 0
28363 1
28364 0
28365 2
28366 3
28367 1
28368 0
28369 2
28370 1
28371 2
28372 0
28373 1
28374 0
28375 2
28376 1
28377 0
28378 1
28379 2
28380 1
28381 2
28382 0
28383 1
28384 2
28385 0
28386 1
28387 2
28388 0
28389 1
28390 2
28391 0
28392 1
28393 2
28394 0
28395 2
28396 1
28397 2
28398 1
28399 0
28400 1
28401 3
28402 1
28403 0
28404 3
28405 1
28406 2
28407 0
28408 2
28409 0
28410 2
28411 3
28412 0
28413 1
28414 2
28415 1
28416 0
28417 2
28418 1
28419 0
28420 1
28421 2
28422 0
28423 2
28424 3
28425 1
28426 2
28427 0
28428 1
28429 2
28430 0
28431 2
28432 1
28433 2
28434 0
28435 1
28436 2
28437 0
28438 2
28439 1
28440 2
28441 0
28442 1
28443 0
28444 1
28445 3
28446 1
28447 0
28448 2
28449 1
28450 0
28451 1
28452 0
28453 1
28454 0
28455 1
28456 0
28457 1
28458 3
28459 2
28460 0
28461 1
28462 3
28463 0
28464 1
28465 0
28466 1
28467 2
28468 0
28469 1
28470 2
28471 0
28472 1
28473 3
28474 1
28475 0
28476 1
28477 2
28478 1
28479 0
28480 1
28481 2
28482 0
28483 1
28484 0
28485 1
28486 0
28487 2
28488 1
28489 0
28490 2
28491 3
28492 2
28493 1
28494 0
28495 1
28496 0
28497 2
28498 1
28499 0
28500 1
28501 2
28502 0
28503 1
28504 0
28505 2
28506 1
28507 0
28508 1
28509 0
28510 1
28511 2
28512 0
28513 1
28514 2
28515 0
28516 2
28517 1
28518 0
28519 2
28520 1
28521 2
28522 3
28523 2
28524 0
28525 2
28526 0
28527 1
28528 3
28529 2
28530 0
28531 2
28532 1
28533 0
28534 3
28535 2
28536 0
28537 2
28538 0
28539 2
28540 1
28541 0
28542 2
28543 0
28544 2
28545 1
28546 0
28547 2
28548 0
28549 2
28550 1
28551 0
28552 1
28553 0
28554 2
28555 1
28556 0
28557 1
28558 2
28559 0
28560 1
28561 0
28562 1
28563 0
28564 1
28565 0
28566 2
28567 1
28568 2
28569 1
28570 0
28571 1
28572 0
28573 2
28574 1
28575 2
28576 1
28577 0
28578 1
28579 3
28580 1
28581 0
28582 2
28583 1
28584 2
28585 0
28586 1
28587 0
28588 2
28589 1
28590 0
28591 1
28592 0
28593 1
28594 2
28595 0
28596 1
28597 0
28598 1
28599 0
28600 1
28601 0
28602 2
28603 0
28604 2
28605 1
28606 2
28607 1
28608 2
28609 0
28610 1
28611 0
28612 1
28613 0
28614 1
28615 2
28616 0
28617 1
28618 0
28619 2
28620 3
28621 0
28622 1
28623 0
28624 1
28625 2
28626 0
28627 1
28628 0
28629 2
28630 1
28631 2
28632 0
28633 1
28634 0
28635 1
28636 0
28637 2
28638 1
28639 2
28640 0
28641 1
28642 2
28643 3
28644 1
28645 2
28646 0
28647 2
28648 1
28649 2
28650 1
28651 0
28652 1
28653 0
28654 1
28655 0
28656 2
28657 0
28658 3
28659 1
28660 2
28661 0
28662 1
28663 3
28664 0
28665 2
28666 0
28667 1
28668 2
28669 0
28670 2
28671 1
28672 2
28673 0
28674 3
28675 2
28676 1
28677 0
28678 1
28679 0
28680 2
28681 1
28682 0
28683 3
28684 0
28685 2
28686 0
28687 2
28688 1
28689 3
28690 0
28691 2
28692 0
28693 2
28694 1
28695 2
28696 0
28697 2
28698 0
28699 1
28700 3
28701 2
28702 0
28703 1
28704 2
28705 1
28706 0
28707 3
28708 2
28709 0
28710 1
28711 0
28712 2
28713 0
28714 2
28715 1
28716 0
28717 2
28718 0
28719 2
28720 1
28721 0
28722 1
28723 3
28724 0
28725 1
28726 0
28727 3
28728 1
28729 2
28730 1
28731 0
28732 1
28733 2
28734 1
28735 0
28736 2
28737 1
28738 0
28739 1
28740 2
28741 0
28742 2
28743 0
28744 1
28745 0
28746 2
28747 1
28748 0
28749 1
28750 2
28751 0
28752 3
28753 0
28754 1
28755 0
28756 1
28757 0
28758 2
28759 0
28760 2
28761 3
28762 1
28763 2
28764 0
28765 1
28766 0
28767 1
28768 2
28769 1
28770 0
28771 1
28772 2
28773 0
28774 2
28775 1
28776 2
28777 0
28778 2
28779 0
28780 1
28781 2
28782 1
28783 2
28784 0
28785 1
28786 0
28787 1
28788 2
28789 0
28790 2
28791 1
28792 0
28793 2
28794 0
28795 1
28796 0
28797 2
28798 1
28799 2
28800 1
28801 0
28802 1
28803 0
28804 1
28805 2
28806 1
28807 2
28808 0
28809 3
28810 1
28811 2
28812 0
28813 2
28814 1
28815 2
28816 1
28817 0
28818 1
28819 0
28820 1
28821 0
28822 1
28823 0
28824 1
28825 3
28826 0
28827 1
28828 0
28829 2
28830 1
28831 2
28832 0
28833 1
28834 0
28835 2
28836 0
28837 1
28838 0
28839 1
28840 0
28841 2
28842 1
28843 0
28844 1
28845 0
28846 1
28847 2
28848 1
28849 0
28850 1
28851 3
28852 0
28853 2
28854 0
28855 1
28856 2
28857 0
28858 2
28859 0
28860 1
28861 0
28862 3
28863 2
28864 0
28865 2
28866 1
28867 2
28868 0
28869 1
28870 3
28871 0
28872 1
28873 2
28874 1
28875 0
28876 1
28877 0
28878 1
28879 3
28880 1
28881 2
28882 0
28883 2
28884 3
28885 2
28886 1
28887 2
28888 0
28889 2
28890 1
28891 2
28892 0
28893 1
28894 2
28895 1
28896 0
28897 1
28898 0
28899 2
28900 1
28901 0
28902 2
28903 1
28904 0
28905 2
28906 3
28907 1
28908 0
28909 1
28910 0
28911 1
28912 0
28913 3
28914 2
28915 0
28916 2
28917 3
28918 1
28919 2
28920 1
28921 2
28922 1
28923 0
28924 1
28925 2
28926 1
28927 2
28928 3
28929 1
28930 0
28931 2
28932 0
28933 1
28934 3
28935 0
28936 2
28937 0
28938 2
28939 0
28940 1
28941 0
28942 1
28943 2
28944 0
28945 1
28946 3
28947 2
28948 3
28949 1
28950 0
28951 1
28952 3
28953 2
28954 1
28955 2
28956 1
28957 0
28958 1
28959 0
28960 3
28961 1
28962 0
28963 1
28964 0
28965 1
28966 0
28967 2
28968 1
28969 0
28970 2
28971 0
28972 1
28973 0
28974 1
28975 0
28976 1
28977 2
28978 0
28979 1
28980 2
28981 0
28982 1
28983 2
28984 1
28985 2
28986 1
28987 0
28988 1
28989 2
28990 1
28991 0
28992 2
28993 1
28994 0
28995 1
28996 0
28997 1
28998 2
28999 1
29000 0
29001 1
29002 2
29003 1
29004 0
29005 1
29006 0
29007 2
29008 0
29009 1
29010 0
29011 1
29012 2
29013 1
29014 0
29015 1
29016 2
29017 1
29018 2
29019 1
29020 2
29021 0
29022 1
29023 0
29024 1
29025 2
29026 0
29027 2
29028 0
29029 3
29030 2
29031 0
29032 1
29033 0
29034 1
29035 0
29036 1
29037 2
29038 0
29039 2
29040 1
29041 0
29042 2
29043 1
29044 0
29045 2
29046 1
29047 0
29048 1
29049 2
29050 0
29051 1
29052 2
29053 0
29054 2
29055 1
29056 2
29057 0
29058 2
29059 1
29060 2
29061 0
29062 2
29063 1
29064 0
29065 1
29066 0
29067 2
29068 1
29069 2
29070 0
29071 2
29072 1
29073 2
29074 0
29075 2
29076 1
29077 2
29078 1
29079 0
29080 1
29081 0
29082 2
29083 0
29084 2
29085 0
29086 2
29087 1
29088 0
29089 2
29090 1
29091 3
29092 1
29093 2
29094 0
29095 1
29096 3
29097 0
29098 2
29099 0
29100 2
29101 0
29102 1
29103 0
29104 1
29105 2
29106 1
29107 0
29108 2
29109 0
29110 1
29111 2
29112 1
29113 0
29114 2
29115 1
29116 0
29117 2
29118 0
29119 1
29120 0
29121 1
29122 2
29123 0
29124 1
29125 2
29126 1
29127 3
29128 1
29129 0
29130 2
29131 1
29132 2
29133 1
29134 0
29135 2
29136 0
29137 2
29138 1
29139 2
29140 1
29141 3
29142 2
29143 0
29144 1
29145 0
29146 1
29147 2
29148 0
29149 2
29150 0
29151 1
29152 2
29153 0
29154 2
29155 1
29156 0
29157 1
29158 0
29159 2
29160 1
29161 0
29162 1
29163 0
29164 2
29165 0
29166 2
29167 1
29168 0
29169 1
29170 2
29171 0
29172 1
29173 0
29174 1
29175 0
29176 2
29177 1
29178 2
29179 0
29180 2
29181 3
29182 0
29183 1
29184 2
29185 0
29186 2
29187 1
29188 0
29189 2
29190 1
29191 2
29192 0
29193 2
29194 1
29195 0
29196 2
29197 1
29198 3
29199 2
29200 0
29201 1
29202 0
29203 1
29204 0
29205 1
29206 2
29207 1
29208 2
29209 0
29210 1
29211 3
29212 2
29213 1
29214 0
29215 1
29216 2
29217 0
29218 1
29219 0
29220 1
29221 0
29222 1
29223 2
29224 1
29225 2
29226 1
29227 0
29228 1
29229 0
29230 2
29231 0
29232 2
29233 1
29234 0
29235 3
29236 1
29237 2
29238 3
29239 2
29240 1
29241 0
29242 1
29243 2
29244 0
29245 1
29246 2
29247 0
29248 2
29249 1
29250 0
29251 1
29252 0
29253 2
29254 0
29255 1
29256 0
29257 1
29258 2
29259 0
29260 2
29261 1
29262 0
29263 1
29264 2
29265 1
29266 2
29267 0
29268 2
29269 1
29270 0
29271 1
29272 0
29273 1
29274 2
29275 0
29276 2
29277 1
29278 0
29279 1
29280 0
29281 1
29282 2
29283 1
29284 2
29285 0
29286 1
29287 3
29288 2
29289 1
29290 2
29291 0
29292 1
29293 0
29294 1
29295 0
29296 2
29297 1
29298 0
29299 1
29300 2
29301 1
29302 0
29303 1
29304 0
29305 1
29306 2
29307 1
29308 3
29309 1
29310 0
29311 2
29312 1
29313 2
29314 0
29315 3
29316 1
29317 0
29318 2
29319 1
29320 3
29321 0
29322 1
29323 0
29324 1
29325 0
29326 2
29327 0
29328 1
29329 2
29330 1
29331 0
29332 2
29333 1
29334 2
29335 0
29336 1
29337 0
29338 2
29339 1
29340 2
29341 3
29342 0
29343 1
29344 2
29345 0
29346 2
29347 0
29348 2
29349 1
29350 3
29351 0
29352 1
29353 2
29354 0
29355 1
29356 2
29357 0
29358 2
29359 1
29360 2
29361 0
29362 1
29363 0
29364 2
29365 1
29366 2
29367 0
29368 2
29369 1
29370 2
29371 1
29372 0
29373 1
29374 0
29375 2
29376 0
29377 3
29378 0
29379 1
29380 0
29381 2
29382 1
29383 0
29384 3
29385 1
29386 0
29387 2
29388 1
29389 0
29390 1
29391 0
29392 2
29393 0
29394 2
29395 1
29396 3
29397 0
29398 2
29399 1
29400 0
29401 1
29402 2
29403 0
29404 2
29405 1
29406 0
29407 3
29408 2
29409 1
29410 0
29411 2
29412 1
29413 0
29414 1
29415 2
29416 1
29417 0
29418 1
29419 2
29420 0
29421 1
29422 2
29423 1
29424 0
29425 1
29426 3
29427 2
29428 4
29429 1
29430 0
29431 2
29432 3
29433 0
29434 1
29435 2
29436 0
29437 1
29438 0
29439 1
29440 0
29441 1
29442 2
29443 0
29444 1
29445 0
29446 1
29447 0
29448 1
29449 2
29450 1
29451 2
29452 0
29453 1
29454 0
29455 1
29456 2
29457 1
29458 0
29459 1
29460 0
29461 2
29462 0
29463 1
29464 2
29465 0
29466 2
29467 0
29468 2
29469 1
29470 0
29471 1
29472 0
29473 1
29474 0
29475 1
29476 2
29477 0
29478 2
29479 0
29480 1
29481 0
29482 2
29483 1
29484 0
29485 2
29486 1
29487 0
29488 2
29489 1
29490 2
29491 0
29492 1
29493 0
29494 3
29495 1
29496 0
29497 1
29498 2
29499 0
29500 1
29501 0
29502 1
29503 2
29504 3
29505 0
29506 1
29507 2
29508 3
29509 2
29510 0
29511 3
29512 1
29513 2
29514 1
29515 0
29516 1
29517 0
29518 1
29519 2
29520 1
29521 0
29522 2
29523 0
29524 2
29525 1
29526 2
29527 1
29528 0
29529 1
29530 0
29531 1
29532 2
29533 1
29534 0
29535 1
29536 0
29537 1
29538 2
29539 0
29540 2
29541 3
29542 2
29543 1
29544 0
29545 1
29546 2
29547 0
29548 2
29549 1
29550 0
29551 1
29552 2
29553 3
29554 1
29555 0
29556 2
29557 0
29558 2
29559 3
29560 2
29561 0
29562 1
29563 0
29564 2
29565 1
29566 0
29567 2
29568 1
29569 3
29570 2
29571 1
29572 0
29573 1
29574 0
29575 2
29576 0
29577 1
29578 0
29579 1
29580 0
29581 1
29582 2
29583 1
29584 0
29585 1
29586 2
29587 3
29588 1
29589 2
29590 1
29591 0
29592 1
29593 0
29594 1
29595 0
29596 2
29597 0
29598 1
29599 0
29600 2
29601 1
29602 0
29603 1
29604 0
29605 1
29606 2
29607 1
29608 2
29609 3
29610 1
29611 0
29612 2
29613 0
29614 2
29615 1
29616 2
29617 0
29618 1
29619 0
29620 3
29621 2
29622 0
29623 2
29624 0
29625 1
29626 2
29627 0
29628 2
29629 1
29630 2
29631 3
29632 0
29633 2
29634 3
29635 1
29636 0
29637 1
29638 2
29639 1
29640 2
29641 1
29642 2
29643 0
29644 1
29645 2
29646 0
29647 2
29648 3
29649 1
29650 2
29651 1
29652 2
29653 0
29654 1
29655 2
29656 0
29657 1
29658 2
29659 1
29660 2
29661 1
29662 0
29663 2
29664 0
29665 1
29666 2
29667 0
29668 3
29669 2
29670 0
29671 1
29672 3
29673 1
29674 0
29675 2
29676 0
29677 2
29678 0
29679 2
29680 1
29681 0
29682 3
29683 1
29684 3
29685 2
29686 1
29687 2
29688 3
29689 1
29690 2
29691 0
29692 1
29693 0
29694 1
29695 2
29696 0
29697 2
29698 1
29699 3
29700 1
29701 2
29702 0
29703 1
29704 0
29705 1
29706 0
29707 2
29708 1
29709 2
29710 0
29711 1
29712 0
29713 1
29714 0
29715 1
29716 0
29717 1
29718 0
29719 2
29720 1
29721 0
29722 1
29723 2
29724 0
29725 2
29726 0
29727 1
29728 0
29729 2
29730 1
29731 0
29732 1
29733 0
29734 1
29735 0
29736 2
29737 0
29738 2
29739 1
29740 2
29741 0
29742 1
29743 2
29744 0
29745 1
29746 2
29747 0
29748 2
29749 1
29750 0
29751 1
29752 2
29753 0
29754 1
29755 2
29756 1
29757 0
29758 1
29759 2
29760 0
29761 2
29762 0
29763 2
29764 1
29765 0
29766 1
29767 0
29768 2
29769 1
29770 0
29771 3
29772 2
29773 1
29774 0
29775 2
29776 1
29777 0
29778 1
29779 2
29780 3
29781 0
29782 2
29783 1
29784 0
29785 2
29786 0
29787 1
29788 0
29789 2
29790 1
29791 2
29792 1
29793 3
29794 0
29795 1
29796 2
29797 0
29798 3
29799 1
29800 0
29801 1
29802 2
29803 1
29804 0
29805 1
29806 0
29807 2
29808 1
29809 2
29810 3
29811 1
29812 0
29813 2
29814 3
29815 0
29816 1
29817 2
29818 0
29819 1
29820 0
29821 1
29822 2
29823 1
29824 3
29825 2
29826 1
29827 2
29828 0
29829 1
29830 0
29831 1
29832 0
29833 1
29834 0
29835 1
29836 0
29837 1
29838 2
29839 0
29840 2
29841 0
29842 2
29843 1
29844 0
29845 1
29846 2
29847 1
29848 0
29849 2
29850 0
29851 1
29852 2
29853 0
29854 1
29855 2
29856 1
29857 2
29858 0
29859 2
29860 0
29861 1
29862 0
29863 1
29864 2
29865 1
29866 2
29867 0
29868 1
29869 0
29870 3
29871 2
29872 0
29873 1
29874 0
29875 1
29876 0
29877 1
29878 0
29879 1
29880 2
29881 0
29882 1
29883 0
29884 1
29885 2
29886 0
29887 3
29888 1
29889 0
29890 2
29891 0
29892 1
29893 2
29894 0
29895 1
29896 2
29897 0
29898 3
29899 0
29900 3
29901 2
29902 1
29903 0
29904 1
29905 2
29906 0
29907 2
29908 0
29909 1
29910 2
29911 0
29912 1
29913 0
29914 2
29915 1
29916 2
29917 1
29918 2
29919 0
29920 1
29921 0
29922 1
29923 3
29924 2
29925 1
29926 2
29927 0
29928 1
29929 0
29930 1
29931 2
29932 0
29933 2
29934 1
29935 0
29936 1
29937 0
29938 3
29939 0
29940 1
29941 2
29942 0
29943 3
29944 0
29945 2
29946 1
29947 0
29948 1
29949 0
29950 2
29951 0
29952 1
29953 0
29954 2
29955 0
29956 1
29957 0
29958 2
29959 1
29960 2
29961 1
29962 0
29963 2
29964 1
29965 0
29966 1
29967 0
29968 2
29969 0
29970 1
29971 0
29972 2
29973 0
29974 2
29975 1
29976 0
29977 2
29978 3
29979 0
29980 1
29981 0
29982 1
29983 0
29984 1
29985 0
29986 1
29987 2
29988 1
29989 0
29990 2
29991 1
29992 0
29993 1
29994 0
29995 1
29996 2
29997 3
29998 1
29999 0
30000 2
30001 1
30002 0
30003 2
30004 1
30005 3
30006 0
30007 2
30008 3
30009 0
30010 2
30011 1
30012 2
30013 1
30014 2
30015 0
30016 1
30017 0
30018 3
30019 0
30020 2
30021 3
30022 0
30023 2
30024 1
30025 2
30026 0
30027 2
30028 0
30029 1
30030 2
30031 0
30032 1
30033 2
30034 0
30035 2
30036 1
30037 2
30038 1
30039 0
30040 1
30041 3
30042 1
30043 0
30044 1
30045 2
30046 0
30047 2
30048 1
30049 2
30050 1
30051 0
30052 1
30053 2
30054 0
30055 1
30056 0
30057 1
30058 0
30059 2
30060 0
30061 1
30062 0
30063 2
30064 0
30065 1
30066 2
30067 1
30068 2
30069 0
30070 2
30071 1
30072 0
30073 1
30074 2
30075 1
30076 3
30077 0
30078 1
30079 2
30080 0
30081 1
30082 2
30083 0
30084 2
30085 1
30086 0
30087 1
30088 0
30089 1
30090 2
30091 0
30092 2
30093 1
30094 2
30095 0
30096 2
30097 1
30098 2
30099 0
30100 2
30101 1
30102 0
30103 1
30104 3
30105 0
30106 3
30107 1
30108 0
30109 1
30110 0
30111 1
30112 0
30113 2
30114 1
30115 0
30116 1
30117 0
30118 2
30119 1
30120 0
30121 1
30122 0
30123 2
30124 1
30125 2
30126 3
30127 1
30128 0
30129 1
30130 0
30131 2
30132 1
30133 0
30134 1
30135 2
30136 1
30137 2
30138 1
30139 0
30140 1
30141 2
30142 0
30143 1
30144 0
30145 2
30146 1
30147 0
30148 1
30149 2
30150 0
30151 2
30152 0
30153 1
30154 2
30155 1
30156 0
30157 1
30158 0
30159 2
30160 0
30161 1
30162 0
30163 2
30164 1
30165 2
30166 0
30167 2
30168 1
30169 2
30170 0
30171 1
30172 0
30173 2
30174 1
30175 0
30176 2
30177 1
30178 0
30179 2
30180 0
30181 1
30182 2
30183 0
30184 1
30185 0
30186 2
30187 3
30188 1
30189 2
30190 1
30191 0
30192 2
30193 1
30194 2
30195 0
30196 1
30197 2
30198 0
30199 3
30200 1
30201 2
30202 1
30203 0
30204 2
30205 0
30206 3
30207 1
30208 2
30209 0
30210 1
30211 0
30212 2
30213 1
30214 3
30215 0
30216 1
30217 2
30218 0
30219 1
30220 0
30221 1
30222 2
30223 0
30224 3
30225 2
30226 0
30227 1
30228 0
30229 3
30230 1
30231 0
30232 2
30233 3
30234 1
30235 0
30236 2
30237 0
30238 1
30239 2
30240 0
30241 1
30242 0
30243 2
30244 0
30245 2
30246 3
30247 2
30248 1
30249 2
30250 3
30251 1
30252 0
30253 3
30254 2
30255 3
30256 2
30257 1
30258 0
30259 1
30260 0
30261 1
30262 2
30263 0
30264 1
30265 2
30266 0
30267 1
30268 0
30269 1
30270 0
30271 3
30272 0
30273 1
30274 2
30275 0
30276 1
30277 0
30278 1
30279 2
30280 0
30281 2
30282 1
30283 0
30284 1
30285 3
30286 0
30287 1
30288 2
30289 3
30290 0
30291 2
30292 0
30293 2
30294 0
30295 1
30296 3
30297 2
30298 0
30299 1
30300 2
30301 1
30302 2
30303 1
30304 2
30305 0
30306 1
30307 0
30308 3
30309 1
30310 0
30311 1
30312 0
30313 1
30314 2
30315 0
30316 1
30317 3
30318 2
30319 1
30320 2
30321 1
30322 2
30323 0
30324 1
30325 2
30326 1
30327 0
30328 2
30329 1
30330 2
30331 1
30332 2
30333 1
30334 2
30335 0
30336 1
30337 0
30338 1
30339 3
30340 0
30341 3
30342 0
30343 2
30344 0
30345 1
30346 0
30347 2
30348 1
30349 3
30350 2
30351 0
30352 2
30353 1
30354 0
30355 1
30356 0
30357 1
30358 2
30359 0
30360 2
30361 0
30362 2
30363 1
30364 0
30365 2
30366 1
30367 0
30368 2
30369 1
30370 0
30371 1
30372 0
30373 1
30374 2
30375 1
30376 0
30377 1
30378 0
30379 2
30380 1
30381 2
30382 0
30383 1
30384 0
30385 1
30386 0
30387 2
30388 1
30389 0
30390 1
30391 0
30392 2
30393 0
30394 2
30395 1
30396 0
30397 1
30398 2
30399 0
30400 1
30401 2
30402 1
30403 0
30404 2
30405 0
30406 2
30407 1
30408 2
30409 0
30410 2
30411 3
30412 2
30413 0
30414 2
30415 0
30416 1
30417 2
30418 0
30419 3
30420 0
30421 2
30422 1
30423 0
30424 1
30425 0
30426 2
30427 1
30428 0
30429 1
30430 3
30431 1
30432 2
30433 1
30434 3
30435 0
30436 2
30437 1
30438 2
30439 0
30440 1
30441 2
30442 1
30443 2
30444 1
30445 0
30446 1
30447 2
30448 0
30449 1
30450 0
30451 2
30452 1
30453 2
30454 0
30455 1
30456 0
30457 1
30458 0
30459 1
30460 0
30461 1
30462 2
30463 1
30464 2
30465 0
30466 2
30467 1
30468 2
30469 1
30470 0
30471 2
30472 1
30473 2
30474 1
30475 0
30476 2
30477 1
30478 2
30479 0
30480 1
30481 2
30482 0
30483 2
30484 0
30485 3
30486 2
30487 1
30488 2
30489 0
30490 1
30491 2
30492 1
30493 0
30494 1
30495 3
30496 2
30497 0
30498 1
30499 0
30500 1
30501 2
30502 3
30503 1
30504 2
30505 1
30506 2
30507 0
30508 2
30509 1
30510 0
30511 1
30512 2
30513 0
30514 1
30515 2
30516 1
30517 0
30518 1
30519 0
30520 1
30521 3
30522 2
30523 1
30524 2
30525 0
30526 2
30527 0
30528 2
30529 1
30530 0
30531 1
30532 2
30533 0
30534 2
30535 0
30536 2
30537 0
30538 2
30539 1
30540 0
30541 2
30542 1
30543 3
30544 0
30545 2
30546 1
30547 0
30548 2
30549 0
30550 1
30551 3
30552 0
30553 1
30554 0
30555 2
30556 0
30557 1
30558 0
30559 1
30560 2
30561 3
30562 1
30563 0
30564 1
30565 0
30566 1
30567 2
30568 1
30569 0
30570 1
30571 2
30572 1
30573 2
30574 1
30575 2
30576 0
30577 2
30578 1
30579 2
30580 1
30581 0
30582 2
30583 0
30584 1
30585 0
30586 2
30587 3
30588 1
30589 2
30590 0
30591 2
30592 1
30593 2
30594 3
30595 1
30596 2
30597 1
30598 0
30599 2
30600 1
30601 2
30602 1
30603 2
30604 0
30605 2
30606 1
30607 2
30608 0
30609 1
30610 0
30611 2
30612 0
30613 2
30614 0
30615 1
30616 2
30617 1
30618 0
30619 1
30620 0
30621 2
30622 1
30623 0
30624 1
30625 2
30626 3
30627 0
30628 2
30629 3
30630 1
30631 0
30632 1
30633 0
30634 2
30635 1
30636 2
30637 0
30638 1
30639 2
30640 1
30641 2
30642 0
30643 2
30644 3
30645 0
30646 1
30647 2
30648 0
30649 2
30650 0
30651 2
30652 0
30653 1
30654 2
30655 0
30656 1
30657 2
30658 1
30659 2
30660 0
30661 1
30662 0
30663 1
30664 2
30665 3
30666 1
30667 0
30668 2
30669 1
30670 0
30671 2
30672 0
30673 2
30674 3
30675 2
30676 0
30677 1
30678 0
30679 1
30680 0
30681 1
30682 0
30683 3
30684 1
30685 0
30686 1
30687 0
30688 1
30689 0
30690 1
30691 0
30692 2
30693 1
30694 2
30695 1
30696 0
30697 1
30698 2
30699 3
30700 1
30701 0
30702 2
30703 0
30704 1
30705 0
30706 2
30707 1
30708 2
30709 0
30710 1
30711 2
30712 0
30713 2
30714 1
30715 2
30716 0
30717 3
30718 1
30719 0
30720 1
30721 0
30722 2
30723 1
30724 3
30725 0
30726 1
30727 2
30728 1
30729 0
30730 1
30731 2
30732 0
30733 1
30734 0
30735 1
30736 0
30737 1
30738 0
30739 2
30740 1
30741 0
30742 1
30743 0
30744 1
30745 2
30746 3
30747 1
30748 0
30749 1
30750 2
30751 0
30752 2
30753 1
30754 0
30755 1
30756 0
30757 2
30758 1
30759 2
30760 0
30761 1
30762 0
30763 1
30764 2
30765 0
30766 3
30767 1
30768 0
30769 1
30770 3
30771 0
30772 2
30773 1
30774 2
30775 1
30776 2
30777 1
30778 0
30779 1
30780 0
30781 2
30782 1
30783 0
30784 2
30785 1
30786 0
30787 1
30788 2
30789 0
30790 2
30791 1
30792 0
30793 1
30794 0
30795 2
30796 3
30797 1
30798 0
30799 1
30800 2
30801 3
30802 1
30803 2
30804 0
30805 2
30806 1
30807 0
30808 1
30809 2
30810 1
30811 0
30812 1
30813 0
30814 2
30815 1
30816 0
30817 2
30818 0
30819 2
30820 0
30821 1
30822 3
30823 2
30824 3
30825 0
30826 2
30827 0
30828 1
30829 0
30830 1
30831 0
30832 1
30833 2
30834 1
30835 2
30836 0
30837 1
30838 2
30839 0
30840 2
30841 1
30842 0
30843 1
30844 0
30845 2
30846 1
30847 2
30848 1
30849 3
30850 2
30851 1
30852 0
30853 1
30854 0
30855 2
30856 3
30857 0
30858 1
30859 0
30860 2
30861 0
30862 1
30863 2
30864 1
30865 0
30866 1
30867 2
30868 3
30869 0
30870 2
30871 0
30872 1
30873 2
30874 0
30875 1
30876 0
30877 1
30878 2
30879 1
30880 2
30881 1
30882 0
30883 1
30884 0
30885 1
30886 0
30887 2
30888 1
30889 0
30890 1
30891 2
30892 3
30893 1
30894 0
30895 1
30896 2
30897 0
30898 1
30899 2
30900 1
30901 2
30902 1
30903 2
30904 3
30905 1
30906 2
30907 1
30908 0
30909 1
30910 0
30911 2
30912 1
30913 2
30914 1
30915 0
30916 1
30917 0
30918 1
30919 0
30920 1
30921 2
30922 3
30923 1
30924 0
30925 2
30926 1
30927 0
30928 2
30929 1
30930 2
30931 0
30932 2
30933 1
30934 2
30935 1
30936 2
30937 0
30938 2
30939 0
30940 1
30941 2
30942 1
30943 2
30944 3
30945 1
30946 0
30947 1
30948 2
30949 0
30950 2
30951 0
30952 3
30953 0
30954 1
30955 0
30956 1
30957 2
30958 0
30959 1
30960 0
30961 1
30962 0
30963 2
30964 1
30965 2
30966 3
30967 1
30968 0
30969 2
30970 1
30971 0
30972 1
30973 0
30974 1
30975 2
30976 1
30977 0
30978 1
30979 2
30980 0
30981 2
30982 1
30983 2
30984 1
30985 0
30986 2
30987 1
30988 0
30989 1
30990 0
30991 1
30992 2
30993 0
30994 1
30995 0
30996 2
30997 1
30998 3
30999 0
31000 2
31001 0
31002 2
31003 0
31004 1
31005 0
31006 1
31007 0
31008 1
31009 2
31010 0
31011 1
31012 2
31013 0
31014 2
31015 1
31016 2
31017 0
31018 2
31019 3
31020 1
31021 0
31022 1
31023 2
31024 0
31025 2
31026 1
31027 2
31028 1
31029 0
31030 1
31031 0
31032 2
31033 0
31034 2
31035 0
31036 1
31037 0
31038 2
31039 1
31040 0
31041 1
31042 2
31043 0
31044 2
31045 3
31046 1
31047 2
31048 3
31049 0
31050 1
31051 2
31052 1
31053 0
31054 2
31055 1
31056 3
31057 0
31058 2
31059 1
31060 0
31061 2
31062 1
31063 2
31064 0
31065 2
31066 1
31067 2
31068 3
31069 2
31070 1
31071 0
31072 1
31073 0
31074 1
31075 0
31076 2
31077 1
31078 2
31079 1
31080 2
31081 0
31082 2
31083 1
31084 0
31085 2
31086 1
31087 0
31088 1
31089 0
31090 1
31091 2
31092 0
31093 1
31094 0
31095 1
31096 2
31097 1
31098 0
31099 2
31100 1
31101 0
31102 1
31103 2
31104 1
31105 0
31106 1
31107 2
31108 0
31109 1
31110 0
31111 3
31112 2
31113 0
31114 1
31115 2
31116 0
31117 1
31118 2
31119 1
31120 2
31121 0
31122 1
31123 2
31124 1
31125 2
31126 1
31127 0
31128 1
31129 2
31130 0
31131 1
31132 0
31133 2
31134 0
31135 1
31136 2
31137 0
31138 1
31139 2
31140 1
31141 2
31142 0
31143 2
31144 3
31145 0
31146 1
31147 2
31148 0
31149 2
31150 0
31151 1
31152 2
31153 0
31154 2
31155 0
31156 2
31157 1
31158 2
31159 1
31160 2
31161 1
31162 0
31163 1
31164 0
31165 2
31166 1
31167 0
31168 1
31169 2
31170 0
31171 1
31172 0
31173 2
31174 0
31175 1
31176 0
31177 2
31178 3
31179 0
31180 2
31181 3
31182 1
31183 2
31184 1
31185 0
31186 1
31187 0
31188 2
31189 1
31190 0
31191 2
31192 0
31193 1
31194 2
31195 0
31196 1
31197 0
31198 3
31199 0
31200 1
31201 2
31202 0
31203 1
31204 2
31205 1
31206 2
31207 0
31208 2
31209 1
31210 0
31211 3
31212 1
31213 0
31214 1
31215 0
31216 1
31217 0
31218 2
31219 1
31220 2
31221 0
31222 1
31223 0
31224 2
31225 1
31226 0
31227 2
31228 1
31229 2
31230 1
31231 0
31232 1
31233 0
31234 2
31235 0
31236 1
31237 2
31238 1
31239 2
31240 1
31241 0
31242 1
31243 0
31244 2
31245 0
31246 1
31247 2
31248 3
31249 1
31250 0
31251 1
31252 0
31253 2
31254 0
31255 2
31256 0
31257 2
31258 0
31259 1
31260 0
31261 1
31262 2
31263 0
31264 1
31265 2
31266 1
31267 2
31268 0
31269 1
31270 2
31271 3
31272 0
31273 2
31274 1
31275 2
31276 1
31277 0
31278 1
31279 0
31280 2
31281 0
31282 1
31283 2
31284 1
31285 0
31286 1
31287 0
31288 1
31289 0
31290 1
31291 0
31292 2
31293 1
31294 2
31295 0
31296 1
31297 2
31298 0
31299 2
31300 1
31301 0
31302 1
31303 0
31304 1
31305 0
31306 1
31307 0
31308 1
31309 2
31310 1
31311 3
31312 2
31313 0
31314 1
31315 0
31316 1
31317 0
31318 1
31319 2
31320 1
31321 0
31322 2
31323 1
31324 0
31325 2
31326 0
31327 1
31328 2
31329 3
31330 1
31331 2
31332 1
31333 0
31334 1
31335 2
31336 1
31337 0
31338 1
31339 2
31340 0
31341 1
31342 0
31343 2
31344 0
31345 1
31346 3
31347 0
31348 1
31349 0
31350 1
31351 0
31352 2
31353 1
31354 2
31355 1
31356 0
31357 1
31358 3
31359 0
31360 1
31361 2
31362 3
31363 1
31364 2
31365 0
31366 2
31367 1
31368 0
31369 2
31370 1
31371 3
31372 0
31373 1
31374 0
31375 1
31376 0
31377 2
31378 1
31379 2
31380 0
31381 1
31382 0
31383 1
31384 2
31385 1
31386 0
31387 1
31388 0
31389 1
31390 0
31391 1
31392 2
31393 0
31394 2
31395 1
31396 0
31397 1
31398 0
31399 2
31400 1
31401 2
31402 1
31403 0
31404 2
31405 1
31406 0
31407 3
31408 1
31409 2
31410 0
31411 2
31412 1
31413 0
31414 2
31415 0
31416 2
31417 1
31418 2
31419 0
31420 1
31421 2
31422 0
31423 1
31424 0
31425 2
31426 1
31427 2
31428 0
31429 1
31430 0
31431 1
31432 2
31433 0
31434 1
31435 0
31436 1
31437 0
31438 1
31439 0
31440 1
31441 2
31442 1
31443 2
31444 3
31445 0
31446 1
31447 2
31448 0
31449 1
31450 0
31451 2
31452 3
31453 2
31454 0
31455 3
31456 1
31457 0
31458 2
31459 0
31460 1
31461 2
31462 0
31463 1
31464 0
31465 3
31466 0
31467 1
31468 0
31469 1
31470 0
31471 1
31472 0
31473 2
31474 1
31475 0
31476 1
31477 2
31478 1
31479 0
31480 1
31481 0
31482 1
31483 3
31484 2
31485 1
31486 2
31487 0
31488 1
31489 0
31490 1
31491 0
31492 2
31493 1
31494 0
31495 2
31496 1
31497 2
31498 1
31499 0
31500 2
31501 1
31502 2
31503 0
31504 1
31505 0
31506 3
31507 1
31508 0
31509 1
31510 2
31511 1
31512 0
31513 2
31514 1
31515 0
31516 3
31517 2
31518 1
31519 0
31520 1
31521 0
31522 1
31523 0
31524 1
31525 2
31526 0
31527 1
31528 2
31529 1
31530 2
31531 0
31532 3
31533 0
31534 2
31535 1
31536 2
31537 3
31538 0
31539 1
31540 2
31541 1
31542 0
31543 1
31544 2
31545 1
31546 0
31547 2
31548 1
31549 0
31550 2
31551 0
31552 2
31553 1
31554 2
31555 0
31556 1
31557 0
31558 2
31559 0
31560 2
31561 1
31562 0
31563 2
31564 3
31565 1
31566 2
31567 0
31568 2
31569 0
31570 1
31571 0
31572 1
31573 2
31574 0
31575 1
31576 0
31577 1
31578 2
31579 1
31580 2
31581 0
31582 2
31583 1
31584 3
31585 2
31586 0
31587 1
31588 2
31589 0
31590 1
31591 2
31592 1
31593 0
31594 1
31595 0
31596 2
31597 0
31598 3
31599 2
31600 1
31601 0
31602 2
31603 1
31604 0
31605 1
31606 0
31607 3
31608 2
31609 1
31610 2
31611 0
31612 1
31613 0
31614 1
31615 0
31616 1
31617 0
31618 1
31619 2
31620 3
31621 1
31622 2
31623 0
31624 1
31625 2
31626 0
31627 1
31628 2
31629 0
31630 1
31631 0
31632 2
31633 1
31634 2
31635 0
31636 1
31637 0
31638 1
31639 0
31640 1
31641 0
31642 1
31643 0
31644 1
31645 2
31646 1
31647 2
31648 1
31649 0
31650 1
31651 0
31652 1
31653 0
31654 1
31655 0
31656 2
31657 1
31658 2
31659 0
31660 1
31661 0
31662 1
31663 0
31664 1
31665 0
31666 2
31667 1
31668 2
31669 0
31670 1
31671 0
31672 1
31673 0
31674 1
31675 2
31676 0
31677 1
31678 2
31679 3
31680 1
31681 4
31682 2
31683 1
31684 3
31685 0
31686 2
31687 1
31688 2
31689 0
31690 2
31691 1
31692 0
31693 1
31694 0
31695 1
31696 0
31697 1
31698 2
31699 0
31700 1
31701 0
31702 1
31703 0
31704 2
31705 1
31706 0
31707 2
31708 1
31709 0
31710 2
31711 1
31712 0
31713 1
31714 0
31715 1
31716 0
31717 1
31718 0
31719 1
31720 0
31721 3
31722 0
31723 1
31724 0
31725 1
31726 0
31727 2
31728 0
31729 2
31730 3
31731 0
31732 2
31733 1
31734 0
31735 1
31736 0
31737 2
31738 0
31739 1
31740 2
31741 0
31742 1
31743 2
31744 3
31745 1
31746 0
31747 2
31748 1
31749 2
31750 0
31751 2
31752 1
31753 2
31754 1
31755 3
31756 2
31757 1
31758 2
31759 1
31760 0
31761 1
31762 0
31763 2
31764 0
31765 2
31766 1
31767 0
31768 2
31769 1
31770 3
31771 0
31772 1
31773 2
31774 0
31775 1
31776 0
31777 2
31778 1
31779 2
31780 1
31781 2
31782 0
31783 1
31784 2
31785 1
31786 0
31787 2
31788 1
31789 0
31790 2
31791 0
31792 1
31793 2
31794 0
31795 1
31796 0
31797 1
31798 0
31799 1
31800 2
31801 0
31802 1
31803 0
31804 2
31805 1
31806 2
31807 1
31808 2
31809 0
31810 1
31811 0
31812 1
31813 0
31814 1
31815 2
31816 1
31817 0
31818 2
31819 0
31820 1
31821 0
31822 2
31823 3
31824 1
31825 0
31826 2
31827 0
31828 1
31829 2
31830 0
31831 1
31832 2
31833 3
31834 0
31835 2
31836 1
31837 0
31838 1
31839 0
31840 1
31841 0
31842 1
31843 2
31844 1
31845 0
31846 2
31847 1
31848 0
31849 1
31850 2
31851 1
31852 2
31853 1
31854 2
31855 0
31856 3
31857 0
31858 1
31859 2
31860 0
31861 3
31862 1
31863 2
31864 0
31865 1
31866 0
31867 1
31868 2
31869 0
31870 2
31871 1
31872 2
31873 0
31874 2
31875 1
31876 0
31877 2
31878 3
31879 0
31880 2
31881 1
31882 3
31883 1
31884 0
31885 1
31886 0
31887 1
31888 0
31889 2
31890 1
31891 0
31892 1
31893 0
31894 1
31895 0
31896 2
31897 1
31898 0
31899 1
31900 2
31901 1
31902 0
31903 2
31904 0
31905 2
31906 1
31907 2
31908 1
31909 2
31910 0
31911 1
31912 0
31913 1
31914 0
31915 1
31916 0
31917 2
31918 1
31919 0
31920 1
31921 0
31922 2
31923 1
31924 2
31925 1
31926 0
31927 2
31928 0
31929 1
31930 0
31931 1
31932 2
31933 0
31934 2
31935 1
31936 2
31937 1
31938 2
31939 3
31940 1
31941 0
31942 1
31943 2
31944 1
31945 0
31946 2
31947 0
31948 2
31949 1
31950 2
31951 0
31952 2
31953 0
31954 2
31955 1
31956 2
31957 0
31958 2
31959 1
31960 2
31961 0
31962 2
31963 1
31964 2
31965 1
31966 0
31967 2
31968 1
31969 2
31970 3
31971 0
31972 1
31973 0
31974 2
31975 1
31976 0
31977 2
31978 1
31979 0
31980 1
31981 2
31982 1
31983 2
31984 1
31985 0
31986 1
31987 0
31988 2
31989 3
31990 0
31991 2
31992 1
31993 2
31994 1
31995 0
31996 1
31997 2
31998 0
31999 2
32000 1
32001 2
32002 0
32003 2
32004 0
32005 1
32006 0
32007 1
32008 0
32009 1
32010 0
32011 1
32012 3
32013 2
32014 3
32015 1
32016 0
32017 1
32018 3
32019 0
32020 1
32021 2
32022 0
32023 2
32024 1
32025 2
32026 0
32027 2
32028 0
32029 1
32030 2
32031 3
32032 1
32033 0
32034 2
32035 1
32036 0
32037 3
32038 2
32039 0
32040 2
32041 1
32042 0
32043 1
32044 2
32045 1
32046 0
32047 1
32048 2
32049 0
32050 3
32051 1
32052 2
32053 1
32054 0
32055 1
32056 2
32057 1
32058 2
32059 0
32060 2
32061 0
32062 1
32063 0
32064 1
32065 0
32066 1
32067 2
32068 0
32069 1
32070 2
32071 0
32072 2
32073 1
32074 0
32075 1
32076 0
32077 2
32078 3
32079 0
32080 1
32081 0
32082 2
32083 1
32084 0
32085 2
32086 1
32087 0
32088 2
32089 1
32090 0
32091 2
32092 1
32093 0
32094 1
32095 2
32096 0
32097 1
32098 2
32099 0
32100 1
32101 3
32102 2
32103 3
32104 2
32105 0
32106 1
32107 0
32108 2
32109 1
32110 2
32111 1
32112 2
32113 1
32114 2
32115 3
32116 1
32117 0
32118 3
32119 2
32120 3
32121 0
32122 2
32123 1
32124 2
32125 0
32126 1
32127 2
32128 0
32129 1
32130 0
32131 2
32132 1
32133 0
32134 2
32135 0
32136 1
32137 2
32138 0
32139 2
32140 1
32141 2
32142 0
32143 2
32144 1
32145 2
32146 0
32147 1
32148 0
32149 1
32150 0
32151 1
32152 0
32153 1
32154 0
32155 2
32156 3
32157 1
32158 2
32159 0
32160 1
32161 2
32162 0
32163 2
32164 1
32165 2
32166 0
32167 1
32168 0
32169 2
32170 1
32171 0
32172 2
32173 1
32174 0
32175 2
32176 0
32177 1
32178 2
32179 1
32180 0
32181 1
32182 0
32183 2
32184 0
32185 2
32186 1
32187 2
32188 0
32189 1
32190 2
32191 1
32192 0
32193 2
32194 1
32195 2
32196 0
32197 1
32198 0
32199 2
32200 3
32201 0
32202 3
32203 0
32204 2
32205 1
32206 0
32207 1
32208 0
32209 1
32210 0
32211 2
32212 1
32213 2
32214 0
32215 2
32216 3
32217 1
32218 0
32219 1
32220 0
32221 1
32222 2
32223 0
32224 2
32225 0
32226 1
32227 2
32228 0
32229 1
32230 0
32231 1
32232 0
32233 1
32234 0
32235 2
32236 1
32237 2
32238 1
32239 0
32240 1
32241 0
32242 1
32243 2
32244 0
32245 2
32246 1
32247 2
32248 0
32249 1
32250 0
32251 2
32252 1
32253 0
32254 2
32255 1
32256 0
32257 1
32258 0
32259 2
32260 1
32261 3
32262 0
32263 2
32264 1
32265 2
32266 1
32267 0
32268 1
32269 0
32270 2
32271 3
32272 0
32273 3
32274 2
32275 3
32276 1
32277 2
32278 1
32279 0
32280 1
32281 2
32282 0
32283 1
32284 2
32285 0
32286 2
32287 0
32288 2
32289 1
32290 0
32291 1
32292 0
32293 1
32294 0
32295 1
32296 0
32297 2
32298 0
32299 2
32300 0
32301 1
32302 0
32303 2
32304 1
32305 0
32306 1
32307 0
32308 1
32309 0
32310 1
32311 0
32312 1
32313 0
32314 1
32315 0
32316 2
32317 3
32318 1
32319 2
32320 1
32321 0
32322 3
32323 2
32324 1
32325 0
32326 1
32327 2
32328 0
32329 3
32330 0
32331 2
32332 0
32333 2
32334 0
32335 1
32336 2
32337 0
32338 1
32339 0
32340 1
32341 3
32342 0
32343 2
32344 1
32345 0
32346 1
32347 2
32348 1
32349 0
32350 1
32351 0
32352 1
32353 0
32354 1
32355 0
32356 1
32357 2
32358 1
32359 2
32360 1
32361 2
32362 0
32363 2
32364 1
32365 2
32366 1
32367 0
32368 1
32369 0
32370 1
32371 2
32372 0
32373 2
32374 1
32375 0
32376 1
32377 2
32378 0
32379 1
32380 2
32381 0
32382 2
32383 1
32384 2
32385 0
32386 1
32387 0
32388 1
32389 0
32390 2
32391 1
32392 0
32393 1
32394 2
32395 3
32396 1
32397 2
32398 0
32399 1
32400 0
32401 1
32402 2
32403 0
32404 2
32405 1
32406 2
32407 0
32408 1
32409 2
32410 3
32411 0
32412 1
32413 2
32414 1
32415 0
32416 1
32417 2
32418 0
32419 1
32420 3
32421 0
32422 3
32423 2
32424 0
32425 1
32426 0
32427 1
32428 2
32429 0
32430 1
32431 0
32432 2
32433 1
32434 0
32435 1
32436 0
32437 1
32438 0
32439 2
32440 0
32441 1
32442 2
32443 0
32444 1
32445 2
32446 0
32447 1
32448 2
32449 3
32450 1
32451 0
32452 1
32453 0
32454 1
32455 0
32456 1
32457 2
32458 0
32459 1
32460 2
32461 1
32462 2
32463 0
32464 1
32465 2
32466 1
32467 0
32468 2
32469 1
32470 2
32471 0
32472 2
32473 0
32474 2
32475 1
32476 3
32477 2
32478 1
32479 0
32480 1
32481 2
32482 3
32483 1
32484 0
32485 1
32486 0
32487 2
32488 1
32489 0
32490 1
32491 0
32492 2
32493 0
32494 1
32495 2
32496 1
32497 0
32498 2
32499 1
32500 2
32501 3
32502 0
32503 1
32504 2
32505 1
32506 3
32507 1
32508 2
32509 1
32510 0
32511 1
32512 2
32513 3
32514 0
32515 1
32516 3
32517 2
32518 0
32519 1
32520 0
32521 1
32522 2
32523 1
32524 0
32525 2
32526 1
32527 0
32528 1
32529 0
32530 1
32531 2
32532 0
32533 2
32534 0
32535 1
32536 0
32537 2
32538 1
32539 0
32540 1
32541 0
32542 2
32543 3
32544 1
32545 2
32546 1
32547 2
32548 0
32549 1
32550 2
32551 1
32552 2
32553 0
32554 1
32555 0
32556 1
32557 2
32558 1
32559 0
32560 2
32561 1
32562 3
32563 1
32564 0
32565 1
32566 0
32567 1
32568 3
32569 0
32570 1
32571 3
32572 0
32573 1
32574 0
32575 2
32576 0
32577 2
32578 0
32579 1
32580 0
32581 3
32582 0
32583 2
32584 1
32585 0
32586 2
32587 0
32588 2
32589 1
32590 0
32591 1
32592 2
32593 3
32594 0
32595 2
32596 0
32597 1
32598 2
32599 0
32600 1
32601 0
32602 1
32603 0
32604 1
32605 2
32606 0
32607 2
32608 1
32609 2
32610 0
32611 1
32612 3
32613 2
32614 0
32615 1
32616 3
32617 2
32618 1
32619 2
32620 0
32621 3
32622 2
32623 0
32624 1
32625 0
32626 1
32627 2
32628 1
32629 0
32630 1
32631 3
32632 1
32633 0
32634 2
32635 0
32636 2
32637 0
32638 2
32639 3
32640 0
32641 3
32642 1
32643 0
32644 2
32645 0
32646 1
32647 0
32648 1
32649 2
32650 1
32651 0
32652 1
32653 0
32654 1
32655 2
32656 1
32657 0
32658 1
32659 0
32660 1
32661 2
32662 0
32663 1
32664 0
32665 2
32666 1
32667 2
32668 1
32669 2
32670 3
32671 0
32672 2
32673 1
32674 0
32675 2
32676 1
32677 2
32678 1
32679 0
32680 1
32681 0
32682 2
32683 0
32684 2
32685 3
32686 1
32687 0
32688 1
32689 0
32690 1
32691 2
32692 0
32693 1
32694 3
32695 2
32696 1
32697 0
32698 1
32699 2
32700 0
32701 1
32702 0
32703 1
32704 0
32705 1
32706 2
32707 0
32708 1
32709 0
32710 1
32711 2
32712 1
32713 2
32714 0
32715 2
32716 3
32717 1
32718 0
32719 2
32720 1
32721 0
32722 2
32723 1
32724 2
32725 0
32726 1
32727 2
32728 0
32729 2
32730 0
32731 1
32732 2
32733 3
32734 1
32735 0
32736 1
32737 0
32738 2
32739 1
32740 0
32741 2
32742 0
32743 1
32744 2
32745 1
32746 0
32747 2
32748 3
32749 1
32750 2
32751 0
32752 1
32753 0
32754 1
32755 2
32756 0
32757 2
32758 0
32759 2
32760 1
32761 2
32762 3
32763 1
32764 0
32765 2
32766 0
32767 2
32768 3
32769 0
32770 1
32771 2
32772 0
32773 1
32774 2
32775 0
32776 1
32777 2
32778 0
32779 1
32780 2
32781 0
32782 2
32783 1
32784 0
32785 1
32786 2
32787 1
32788 0
32789 1
32790 0
32791 1
32792 0
32793 1
32794 0
32795 2
32796 1
32797 2
32798 0
32799 1
32800 0
32801 2
32802 0
32803 1
32804 3
32805 2
32806 3
32807 0
32808 2
32809 0
32810 1
32811 2
32812 1
32813 2
32814 0
32815 2
32816 1
32817 2
32818 0
32819 2
32820 1
32821 0
32822 2
32823 1
32824 0
32825 1
32826 2
32827 0
32828 2
32829 1
32830 0
32831 2
32832 3
32833 1
32834 2
32835 0
32836 1
32837 2
32838 0
32839 2
32840 3
32841 1
32842 2
32843 0
32844 1
32845 0
32846 1
32847 0
32848 2
32849 1
32850 2
32851 0
32852 1
32853 2
32854 1
32855 0
32856 1
32857 2
32858 0
32859 1
32860 0
32861 2
32862 0
32863 2
32864 1
32865 0
32866 1
32867 0
32868 1
32869 2
32870 1
32871 0
32872 1
32873 2
32874 3
32875 1
32876 2
32877 1
32878 2
32879 1
32880 2
32881 0
32882 2
32883 1
32884 0
32885 1
32886 0
32887 1
32888 2
32889 3
32890 1
32891 0
32892 2
32893 1
32894 0
32895 1
32896 2
32897 0
32898 2
32899 0
32900 1
32901 0
32902 1
32903 0
32904 2
32905 1
32906 0
32907 1
32908 0
32909 2
32910 1
32911 0
32912 1
32913 0
32914 1
32915 0
32916 2
32917 1
32918 0
32919 1
32920 0
32921 1
32922 2
32923 1
32924 2
32925 1
32926 2
32927 0
32928 2
32929 3
32930 1
32931 0
32932 2
32933 1
32934 0
32935 1
32936 2
32937 1
32938 0
32939 2
32940 0
32941 2
32942 1
32943 2
32944 3
32945 1
32946 2
32947 0
32948 1
32949 0
32950 1
32951 2
32952 1
32953 0
32954 1
32955 0
32956 3
32957 2
32958 3
32959 2
32960 0
32961 2
32962 1
32963 0
32964 2
32965 1
32966 2
32967 0
32968 1
32969 0
32970 1
32971 0
32972 1
32973 0
32974 1
32975 0
32976 1
32977 3
32978 1
32979 2
32980 3
32981 2
32982 0
32983 1
32984 2
32985 0
32986 2
32987 0
32988 1
32989 0
32990 2
32991 0
32992 1
32993 0
32994 2
32995 0
32996 1
32997 0
32998 1
32999 0
33000 2
33001 0
33002 1
33003 0
33004 1
33005 0
33006 1
33007 0
33008 2
33009 3
33010 1
33011 0
33012 2
33013 1
33014 0
33015 1
33016 2
33017 0
33018 1
33019 2
33020 3
33021 1
33022 2
33023 1
33024 2
33025 1
33026 2
33027 0
33028 1
33029 2
33030 1
33031 0
33032 2
33033 1
33034 0
33035 1
33036 2
33037 0
33038 2
33039 0
33040 2
33041 1
33042 0
33043 1
33044 0
33045 1
33046 2
33047 3
33048 1
33049 0
33050 1
33051 2
33052 3
33053 2
33054 0
33055 2
33056 0
33057 2
33058 0
33059 1
33060 2
33061 1
33062 2
33063 1
33064 2
33065 0
33066 1
33067 0
33068 2
33069 1
33070 0
33071 2
33072 1
33073 0
33074 1
33075 2
33076 0
33077 1
33078 2
33079 0
33080 2
33081 1
33082 2
33083 0
33084 1
33085 0
33086 1
33087 2
33088 0
33089 1
33090 2
33091 3
33092 1
33093 2
33094 0
33095 1
33096 0
33097 2
33098 1
33099 0
33100 2
33101 0
33102 1
33103 2
33104 3
33105 2
33106 1
33107 2
33108 0
33109 1
33110 2
33111 1
33112 0
33113 2
33114 0
33115 1
33116 0
33117 2
33118 1
33119 2
33120 1
33121 2
33122 3
33123 0
33124 2
33125 0
33126 1
33127 3
33128 2
33129 0
33130 2
33131 1
33132 2
33133 0
33134 1
33135 0
33136 2
33137 0
33138 1
33139 2
33140 1
33141 2
33142 0
33143 1
33144 0
33145 1
33146 2
33147 0
33148 1
33149 0
33150 1
33151 0
33152 2
33153 1
33154 0
33155 1
33156 2
33157 1
33158 0
33159 1
33160 2
33161 0
33162 2
33163 1
33164 0
33165 1
33166 0
33167 1
33168 0
33169 2
33170 0
33171 1
33172 2
33173 0
33174 2
33175 1
33176 2
33177 0
33178 2
33179 1
33180 3
33181 2
33182 0
33183 3
33184 0
33185 1
33186 2
33187 1
33188 3
33189 1
33190 2
33191 0
33192 1
33193 2
33194 1
33195 0
33196 1
33197 0
33198 2
33199 1
33200 0
33201 1
33202 0
33203 1
33204 2
33205 0
33206 3
33207 2
33208 0
33209 2
33210 3
33211 0
33212 2
33213 1
33214 0
33215 2
33216 1
33217 2
33218 0
33219 2
33220 1
33221 2
33222 3
33223 0
33224 2
33225 1
33226 0
33227 1
33228 0
33229 1
33230 0
33231 1
33232 2
33233 0
33234 1
33235 0
33236 2
33237 0
33238 2
33239 0
33240 1
33241 2
33242 1
33243 2
33244 1
33245 2
33246 1
33247 2
33248 3
33249 0
33250 1
33251 2
33252 0
33253 1
33254 2
33255 1
33256 2
33257 0
33258 1
33259 0
33260 1
33261 2
33262 0
33263 1
33264 2
33265 0
33266 1
33267 2
33268 0
33269 1
33270 2
33271 0
33272 2
33273 1
33274 2
33275 0
33276 1
33277 2
33278 0
33279 2
33280 1
33281 0
33282 2
33283 0
33284 2
33285 0
33286 1
33287 0
33288 2
33289 1
33290 0
33291 1
33292 0
33293 1
33294 0
33295 2
33296 3
33297 0
33298 1
33299 0
33300 1
33301 0
33302 1
33303 0
33304 1
33305 0
33306 2
33307 1
33308 2
33309 1
33310 0
33311 2
33312 1
33313 0
33314 1
33315 3
33316 1
33317 0
33318 2
33319 1
33320 0
33321 2
33322 1
33323 0
33324 1
33325 2
33326 1
33327 0
33328 1
33329 0
33330 2
33331 1
33332 3
33333 2
33334 1
33335 0
33336 1
33337 2
33338 0
33339 2
33340 1
33341 0
33342 1
33343 2
33344 0
33345 1
33346 2
33347 1
33348 2
33349 1
33350 0
33351 1
33352 2
33353 1
33354 0
33355 1
33356 0
33357 2
33358 0
33359 1
33360 0
33361 2
33362 1
33363 2
33364 0
33365 1
33366 2
33367 0
33368 2
33369 0
33370 1
33371 2
33372 0
33373 1
33374 2
33375 1
33376 2
33377 0
33378 1
33379 0
33380 1
33381 0
33382 2
33383 1
33384 0
33385 2
33386 0
33387 2
33388 1
33389 2
33390 1
33391 0
33392 1
33393 0
33394 2
33395 1
33396 2
33397 1
33398 2
33399 1
33400 3
33401 2
33402 3
33403 0
33404 1
33405 0
33406 1
33407 0
33408 1
33409 2
33410 1
33411 0
33412 1
33413 2
33414 0
33415 2
33416 0
33417 2
33418 1
33419 2
33420 0
33421 1
33422 0
33423 1
33424 0
33425 1
33426 2
33427 1
33428 2
33429 3
33430 2
33431 0
33432 1
33433 0
33434 2
33435 1
33436 2
33437 1
33438 2
33439 0
33440 2
33441 0
33442 1
33443 0
33444 2
33445 0
33446 2
33447 1
33448 2
33449 1
33450 2
33451 0
33452 2
33453 1
33454 2
33455 3
33456 1
33457 2
33458 1
33459 0
33460 1
33461 2
33462 1
33463 3
33464 2
33465 0
33466 2
33467 1
33468 2
33469 0
33470 1
33471 2
33472 1
33473 0
33474 1
33475 2
33476 0
33477 1
33478 2
33479 1
33480 0
33481 2
33482 1
33483 2
33484 1
33485 0
33486 2
33487 1
33488 2
33489 0
33490 1
33491 3
33492 0
33493 1
33494 2
33495 1
33496 0
33497 1
33498 0
33499 1
33500 0
33501 3
33502 1
33503 0
33504 1
33505 0
33506 1
33507 2
33508 0
33509 1
33510 0
33511 1
33512 2
33513 3
33514 1
33515 2
33516 0
33517 2
33518 1
33519 0
33520 2
33521 1
33522 0
33523 1
33524 0
33525 1
33526 0
33527 1
33528 2
33529 0
33530 1
33531 0
33532 1
33533 0
33534 2
33535 1
33536 0
33537 1
33538 0
33539 2
33540 1
33541 0
33542 1
33543 2
33544 0
33545 2
33546 1
33547 0
33548 2
33549 1
33550 2
33551 1
33552 2
33553 0
33554 1
33555 2
33556 1
33557 0
33558 2
33559 0
33560 3
33561 0
33562 1
33563 2
33564 0
33565 1
33566 0
33567 1
33568 0
33569 2
33570 1
33571 2
33572 1
33573 0
33574 1
33575 2
33576 0
33577 1
33578 3
33579 0
33580 2
33581 1
33582 0
33583 1
33584 0
33585 2
33586 1
33587 2
33588 0
33589 1
33590 0
33591 2
33592 0
33593 1
33594 2
33595 1
33596 2
33597 0
33598 2
33599 1
33600 0
33601 1
33602 0
33603 1
33604 0
33605 1
33606 0
33607 1
33608 2
33609 0
33610 1
33611 2
33612 0
33613 2
33614 1
33615 2
33616 1
33617 2
33618 0
33619 2
33620 3
33621 1
33622 0
33623 1
33624 2
33625 3
33626 0
33627 1
33628 0
33629 2
33630 1
33631 0
33632 1
33633 0
33634 1
33635 0
33636 1
33637 2
33638 1
33639 0
33640 2
33641 0
33642 1
33643 2
33644 0
33645 2
33646 1
33647 2
33648 0
33649 2
33650 1
33651 0
33652 3
33653 1
33654 2
33655 0
33656 1
33657 0
33658 1
33659 0
33660 1
33661 0
33662 2
33663 1
33664 2
33665 1
33666 0
33667 1
33668 2
33669 0
33670 2
33671 0
33672 2
33673 1
33674 0
33675 2
33676 1
33677 0
33678 1
33679 2
33680 1
33681 0
33682 1
33683 0
33684 1
33685 2
33686 1
33687 2
33688 0
33689 1
33690 0
33691 1
33692 0
33693 2
33694 1
33695 0
33696 1
33697 2
33698 1
33699 0
33700 1
33701 0
33702 1
33703 2
33704 0
33705 1
33706 0
33707 1
33708 2
33709 0
33710 1
33711 0
33712 2
33713 0
33714 1
33715 0
33716 1
33717 2
33718 1
33719 2
33720 0
33721 2
33722 1
33723 0
33724 1
33725 0
33726 1
33727 2
33728 1
33729 0
33730 2
33731 3
33732 1
33733 0
33734 1
33735 0
33736 1
33737 0
33738 1
33739 2
33740 0
33741 2
33742 0
33743 2
33744 1
33745 0
33746 1
33747 2
33748 0
33749 2
33750 1
33751 0
33752 2
33753 0
33754 1
33755 2
33756 0
33757 1
33758 2
33759 1
33760 0
33761 2
33762 1
33763 2
33764 0
33765 1
33766 2
33767 0
33768 2
33769 0
33770 1
33771 0
33772 1
33773 2
33774 1
33775 2
33776 0
33777 2
33778 1
33779 2
33780 0
33781 3
33782 2
33783 0
33784 1
33785 2
33786 0
33787 1
33788 0
33789 1
33790 2
33791 0
33792 1
33793 0
33794 2
33795 1
33796 0
33797 1
33798 2
33799 0
33800 1
33801 0
33802 2
33803 1
33804 0
33805 1
33806 0
33807 1
33808 0
33809 2
33810 1
33811 2
33812 0
33813 2
33814 1
33815 2
33816 1
33817 2
33818 3
33819 1
33820 0
33821 1
33822 0
33823 1
33824 0
33825 1
33826 3
33827 2
33828 1
33829 0
33830 1
33831 0
33832 1
33833 0
33834 1
33835 0
33836 3
33837 0
33838 2
33839 1
33840 0
33841 1
33842 2
33843 1
33844 2
33845 1
33846 0
33847 2
33848 3
33849 1
33850 0
33851 1
33852 2
33853 0
33854 1
33855 0
33856 3
33857 1
33858 2
33859 0
33860 1
33861 2
33862 1
33863 0
33864 1
33865 0
33866 2
33867 0
33868 1
33869 2
33870 0
33871 2
33872 1
33873 0
33874 1
33875 0
33876 1
33877 0
33878 3
33879 2
33880 0
33881 2
33882 0
33883 3
33884 1
33885 2
33886 0
33887 2
33888 0
33889 1
33890 2
33891 1
33892 0
33893 1
33894 3
33895 0
33896 1
33897 2
33898 1
33899 2
33900 0
33901 2
33902 1
33903 2
33904 0
33905 1
33906 2
33907 1
33908 0
33909 1
33910 0
33911 2
33912 0
33913 2
33914 1
33915 2
33916 1
33917 2
33918 0
33919 2
33920 1
33921 0
33922 1
33923 2
33924 1
33925 2
33926 1
33927 2
33928 1
33929 0
33930 1
33931 2
33932 0
33933 1
33934 2
33935 0
33936 1
33937 0
33938 1
33939 3
33940 2
33941 0
33942 1
33943 0
33944 1
33945 2
33946 1
33947 0
33948 2
33949 0
33950 2
33951 0
33952 1
33953 2
33954 3
33955 2
33956 1
33957 2
33958 0
33959 1
33960 0
33961 1
33962 3
33963 2
33964 0
33965 1
33966 2
33967 0
33968 1
33969 0
33970 1
33971 0
33972 2
33973 0
33974 1
33975 0
33976 1
33977 0
33978 2
33979 1
33980 0
33981 3
33982 1
33983 0
33984 1
33985 0
33986 1
33987 0
33988 2
33989 1
33990 0
33991 1
33992 2
33993 0
33994 1
33995 2
33996 1
33997 0
33998 1
33999 2
34000 0
34001 1
34002 2
34003 1
34004 2
34005 3
34006 1
34007 2
34008 0
34009 2
34010 1
34011 0
34012 1
34013 2
34014 1
34015 2
34016 0
34017 1
34018 2
34019 1
34020 0
34021 2
34022 3
34023 0
34024 2
34025 1
34026 2
34027 0
34028 1
34029 0
34030 2
34031 3
34032 1
34033 0
34034 1
34035 2
34036 0
34037 2
34038 1
34039 0
34040 1
34041 2
34042 0
34043 2
34044 1
34045 2
34046 0
34047 1
34048 0
34049 1
34050 0
34051 1
34052 0
34053 1
34054 2
34055 0
34056 2
34057 1
34058 0
34059 1
34060 2
34061 0
34062 2
34063 3
34064 1
34065 0
34066 3
34067 2
34068 1
34069 0
34070 1
34071 0
34072 2
34073 1
34074 2
34075 1
34076 0
34077 1
34078 2
34079 1
34080 0
34081 2
34082 1
34083 0
34084 1
34085 0
34086 3
34087 2
34088 0
34089 1
34090 2
34091 0
34092 1
34093 2
34094 1
34095 2
34096 1
34097 0
34098 2
34099 1
34100 3
34101 2
34102 0
34103 2
34104 3
34105 1
34106 3
34107 2
34108 1
34109 0
34110 1
34111 0
34112 2
34113 1
34114 2
34115 0
34116 1
34117 0
34118 1
34119 2
34120 0
34121 1
34122 0
34123 2
34124 0
34125 1
34126 3
34127 0
34128 1
34129 0
34130 1
34131 2
34132 1
34133 0
34134 1
34135 2
34136 3
34137 0
34138 2
34139 0
34140 1
34141 0
34142 2
34143 1
34144 2
34145 3
34146 1
34147 3
34148 2
34149 1
34150 0
34151 1
34152 3
34153 1
34154 0
34155 2
34156 1
34157 2
34158 1
34159 2
34160 1
34161 2
34162 0
34163 1
34164 2
34165 1
34166 0
34167 1
34168 0
34169 1
34170 0
34171 1
34172 0
34173 2
34174 0
34175 2
34176 0
34177 2
34178 1
34179 2
34180 0
34181 2
34182 1
34183 0
34184 2
34185 1
34186 0
34187 1
34188 2
34189 1
34190 0
34191 2
34192 1
34193 2
34194 0
34195 2
34196 1
34197 0
34198 2
34199 0
34200 2
34201 1
34202 2
34203 3
34204 1
34205 0
34206 2
34207 1
34208 2
34209 1
34210 0
34211 1
34212 2
34213 1
34214 2
34215 0
34216 1
34217 2
34218 4
34219 1
34220 2
34221 0
34222 2
34223 3
34224 0
34225 2
34226 1
34227 0
34228 1
34229 2
34230 0
34231 2
34232 1
34233 0
34234 2
34235 1
34236 0
34237 1
34238 2
34239 1
34240 0
34241 1
34242 0
34243 1
34244 0
34245 2
34246 3
34247 1
34248 0
34249 2
34250 1
34251 0
34252 1
34253 2
34254 1
34255 2
34256 0
34257 1
34258 0
34259 2
34260 3
34261 0
34262 1
34263 0
34264 1
34265 2
34266 0
34267 1
34268 2
34269 0
34270 2
34271 0
34272 1
34273 0
34274 1
34275 2
34276 0
34277 1
34278 2
34279 0
34280 2
34281 1
34282 0
34283 2
34284 1
34285 2
34286 0
34287 2
34288 0
34289 1
34290 2
34291 1
34292 0
34293 1
34294 2
34295 0
34296 1
34297 0
34298 1
34299 2
34300 0
34301 2
34302 0
34303 1
34304 2
34305 0
34306 1
34307 0
34308 1
34309 0
34310 1
34311 0
34312 1
34313 3
34314 2
34315 0
34316 1
34317 2
34318 3
34319 2
34320 1
34321 2
34322 0
34323 2
34324 0
34325 1
34326 3
34327 2
34328 1
34329 2
34330 0
34331 2
34332 1
34333 2
34334 0
34335 2
34336 1
34337 2
34338 3
34339 2
34340 0
34341 1
34342 2
34343 1
34344 0
34345 1
34346 2
34347 1
34348 2
34349 3
34350 1
34351 0
34352 2
34353 0
34354 2
34355 1
34356 0
34357 1
34358 0
34359 1
34360 2
34361 1
34362 2
34363 0
34364 3
34365 4
34366 1
34367 0
34368 1
34369 2
34370 1
34371 2
34372 1
34373 2
34374 0
34375 3
34376 2
34377 1
34378 2
34379 0
34380 2
34381 0
34382 2
34383 0
34384 1
34385 0
34386 1
34387 2
34388 3
34389 1
34390 0
34391 1
34392 2
34393 0
34394 2
34395 0
34396 1
34397 0
34398 1
34399 2
34400 3
34401 0
34402 1
34403 0
34404 2
34405 1
34406 0
34407 1
34408 2
34409 3
34410 1
34411 2
34412 1
34413 0
34414 1
34415 2
34416 0
34417 1
34418 2
34419 1
34420 0
34421 2
34422 1
34423 2
34424 1
34425 0
34426 1
34427 0
34428 2
34429 0
34430 1
34431 0
34432 2
34433 1
34434 2
34435 1
34436 0
34437 2
34438 1
34439 0
34440 1
34441 2
34442 1
34443 0
34444 2
34445 1
34446 0
34447 2
34448 3
34449 0
34450 2
34451 1
34452 3
34453 2
34454 1
34455 3
34456 0
34457 2
34458 1
34459 2
34460 1
34461 0
34462 1
34463 0
34464 1
34465 0
34466 1
34467 2
34468 0
34469 3
34470 1
34471 2
34472 1
34473 2
34474 1
34475 2
34476 0
34477 3
34478 1
34479 2
34480 0
34481 2
34482 1
34483 3
34484 1
34485 0
34486 2
34487 1
34488 2
34489 0
34490 1
34491 2
34492 0
34493 1
34494 0
34495 2
34496 1
34497 0
34498 2
34499 1
34500 0
34501 2
34502 1
34503 3
34504 2
34505 1
34506 2
34507 0
34508 1
34509 2
34510 1
34511 0
34512 1
34513 2
34514 1
34515 0
34516 2
34517 1
34518 0
34519 1
34520 0
34521 1
34522 2
34523 0
34524 2
34525 0
34526 1
34527 3
34528 2
34529 0
34530 2
34531 0
34532 1
34533 0
34534 1
34535 2
34536 1
34537 2
34538 1
34539 0
34540 1
34541 2
34542 1
34543 0
34544 1
34545 2
34546 0
34547 2
34548 1
34549 2
34550 0
34551 1
34552 3
34553 2
34554 0
34555 1
34556 0
34557 2
34558 0
34559 1
34560 0
34561 2
34562 1
34563 0
34564 2
34565 1
34566 0
34567 1
34568 3
34569 0
34570 1
34571 2
34572 0
34573 2
34574 1
34575 2
34576 3
34577 1
34578 2
34579 0
34580 1
34581 0
34582 3
34583 2
34584 0
34585 1
34586 2
34587 0
34588 2
34589 0
34590 1
34591 2
34592 0
34593 1
34594 0
34595 1
34596 0
34597 2
34598 0
34599 1
34600 3
34601 0
34602 1
34603 0
34604 1
34605 0
34606 1
34607 2
34608 0
34609 1
34610 0
34611 2
34612 1
34613 0
34614 1
34615 2
34616 0
34617 2
34618 1
34619 2
34620 0
34621 1
34622 0
34623 2
34624 1
34625 2
34626 1
34627 2
34628 1
34629 2
34630 0
34631 3
34632 1
34633 2
34634 0
34635 3
34636 1
34637 2
34638 0
34639 2
34640 1
34641 2
34642 0
34643 1
34644 3
34645 0
34646 1
34647 0
34648 1
34649 0
34650 1
34651 0
34652 3
34653 1
34654 0
34655 2
34656 3
34657 1
34658 2
34659 3
34660 0
34661 1
34662 3
34663 2
34664 0
34665 2
34666 0
34667 1
34668 0
34669 1
34670 2
34671 1
34672 2
34673 0
34674 2
34675 0
34676 1
34677 2
34678 0
34679 2
34680 0
34681 2
34682 0
34683 1
34684 3
34685 1
34686 0
34687 1
34688 2
34689 0
34690 1
34691 2
34692 0
34693 1
34694 0
34695 2
34696 1
34697 0
34698 1
34699 0
34700 1
34701 0
34702 1
34703 3
34704 2
34705 3
34706 1
34707 0
34708 2
34709 1
34710 0
34711 2
34712 1
34713 2
34714 0
34715 2
34716 1
34717 0
34718 1
34719 0
34720 1
34721 2
34722 0
34723 1
34724 2
34725 1
34726 0
34727 1
34728 0
34729 1
34730 0
34731 2
34732 1
34733 2
34734 1
34735 2
34736 1
34737 0
34738 1
34739 2
34740 0
34741 2
34742 1
34743 2
34744 1
34745 0
34746 2
34747 1
34748 0
34749 2
34750 1
34751 0
34752 1
34753 0
34754 2
34755 1
34756 2
34757 0
34758 1
34759 0
34760 1
34761 0
34762 2
34763 3
34764 0
34765 1
34766 2
34767 0
34768 1
34769 0
34770 2
34771 1
34772 0
34773 1
34774 0
34775 2
34776 1
34777 0
34778 1
34779 0
34780 1
34781 2
34782 0
34783 1
34784 0
34785 1
34786 2
34787 0
34788 2
34789 1
34790 0
34791 1
34792 3
34793 0
34794 1
34795 2
34796 0
34797 1
34798 0
34799 1
34800 0
34801 2
34802 0
34803 1
34804 2
34805 1
34806 0
34807 2
34808 1
34809 0
34810 1
34811 0
34812 1
34813 2
34814 0
34815 1
34816 0
34817 1
34818 2
34819 3
34820 0
34821 1
34822 2
34823 3
34824 0
34825 2
34826 1
34827 0
34828 2
34829 0
34830 1
34831 0
34832 2
34833 1
34834 0
34835 1
34836 2
34837 1
34838 0
34839 2
34840 1
34841 2
34842 1
34843 0
34844 1
34845 3
34846 1
34847 0
34848 2
34849 1
34850 0
34851 3
34852 1
34853 2
34854 0
34855 1
34856 2
34857 0
34858 1
34859 2
34860 1
34861 0
34862 2
34863 1
34864 2
34865 0
34866 2
34867 1
34868 0
34869 1
34870 2
34871 3
34872 0
34873 1
34874 0
34875 1
34876 3
34877 1
34878 2
34879 0
34880 1
34881 0
34882 1
34883 0
34884 1
34885 2
34886 0
34887 1
34888 0
34889 1
34890 0
34891 2
34892 1
34893 0
34894 3
34895 2
34896 0
34897 1
34898 2
34899 0
34900 1
34901 0
34902 2
34903 1
34904 0
34905 1
34906 2
34907 1
34908 2
34909 0
34910 1
34911 0
34912 2
34913 1
34914 0
34915 2
34916 0
34917 1
34918 0
34919 2
34920 0
34921 1
34922 2
34923 0
34924 1
34925 3
34926 2
34927 0
34928 1
34929 2
34930 0
34931 3
34932 1
34933 0
34934 1
34935 0
34936 2
34937 3
34938 1
34939 0
34940 3
34941 1
34942 3
34943 0
34944 2
34945 0
34946 1
34947 0
34948 1
34949 0
34950 2
34951 1
34952 0
34953 1
34954 2
34955 0
34956 1
34957 0
34958 1
34959 2
34960 3
34961 1
34962 2
34963 0
34964 2
34965 3
34966 1
34967 3
34968 1
34969 2
34970 1
34971 0
34972 1
34973 2
34974 0
34975 1
34976 2
34977 0
34978 1
34979 0
34980 2
34981 1
34982 2
34983 3
34984 1
34985 2
34986 1
34987 2
34988 0
34989 2
34990 0
34991 2
34992 1
34993 2
34994 1
34995 2
34996 0
34997 2
34998 1
34999 2
35000 0
35001 2
35002 0
35003 1
35004 2
35005 1
35006 0
35007 2
35008 1
35009 0
35010 1
35011 3
35012 0
35013 1
35014 0
35015 2
35016 1
35017 2
35018 0
35019 2
35020 1
35021 0
35022 1
35023 2
35024 0
35025 2
35026 1
35027 0
35028 1
35029 0
35030 1
35031 0
35032 2
35033 0
35034 2
35035 0
35036 2
35037 1
35038 3
35039 1
35040 0
35041 1
35042 0
35043 1
35044 2
35045 0
35046 1
35047 2
35048 3
35049 2
35050 0
35051 2
35052 1
35053 0
35054 2
35055 3
35056 0
35057 2
35058 1
35059 2
35060 0
35061 1
35062 0
35063 1
35064 0
35065 2
35066 1
35067 0
35068 1
35069 2
35070 1
35071 2
35072 0
35073 2
35074 1
35075 0
35076 2
35077 3
35078 1
35079 0
35080 1
35081 0
35082 1
35083 2
35084 3
35085 1
35086 0
35087 2
35088 0
35089 1
35090 3
35091 2
35092 1
35093 0
35094 2
35095 1
35096 2
35097 1
35098 0
35099 1
35100 0
35101 1
35102 0
35103 1
35104 2
35105 0
35106 1
35107 2
35108 0
35109 2
35110 0
35111 1
35112 3
35113 0
35114 3
35115 2
35116 0
35117 1
35118 0
35119 1
35120 0
35121 1
35122 2
35123 0
35124 1
35125 2
35126 1
35127 0
35128 2
35129 1
35130 2
35131 1
35132 2
35133 0
35134 2
35135 1
35136 2
35137 1
35138 0
35139 2
35140 1
35141 2
35142 0
35143 1
35144 3
35145 2
35146 1
35147 0
35148 1
35149 0
35150 2
35151 0
35152 3
35153 2
35154 0
35155 1
35156 0
35157 1
35158 0
35159 3
35160 2
35161 0
35162 1
35163 3
35164 2
35165 0
35166 2
35167 1
35168 2
35169 0
35170 2
35171 1
35172 2
35173 0
35174 2
35175 0
35176 1
35177 0
35178 1
35179 0
35180 1
35181 2
35182 0
35183 1
35184 0
35185 1
35186 0
35187 2
35188 0
35189 2
35190 1
35191 2
35192 0
35193 2
35194 1
35195 2
35196 0
35197 2
35198 0
35199 1
35200 2
35201 0
35202 1
35203 3
35204 1
35205 2
35206 0
35207 1
35208 0
35209 2
35210 1
35211 0
35212 1
35213 2
35214 0
35215 2
35216 0
35217 1
35218 0
35219 3
35220 2
35221 0
35222 2
35223 3
35224 0
35225 1
35226 0
35227 1
35228 0
35229 1
35230 2
35231 0
35232 1
35233 2
35234 1
35235 0
35236 2
35237 1
35238 2
35239 0
35240 2
35241 1
35242 0
35243 1
35244 2
35245 1
35246 2
35247 3
35248 1
35249 0
35250 1
35251 0
35252 2
35253 1
35254 0
35255 2
35256 1
35257 0
35258 3
35259 2
35260 1
35261 0
35262 1
35263 3
35264 1
35265 2
35266 1
35267 2
35268 3
35269 0
35270 1
35271 0
35272 1
35273 2
35274 0
35275 2
35276 3
35277 0
35278 1
35279 2
35280 3
35281 1
35282 2
35283 0
35284 3
35285 2
35286 1
35287 2
35288 0
35289 2
35290 1
35291 2
35292 0
35293 2
35294 1
35295 2
35296 0
35297 1
35298 2
35299 0
35300 1
35301 2
35302 0
35303 1
35304 0
35305 1
35306 0
35307 1
35308 0
35309 2
35310 0
35311 1
35312 3
35313 2
35314 1
35315 2
35316 1
35317 0
35318 2
35319 0
35320 2
35321 0
35322 2
35323 1
35324 0
35325 1
35326 0
35327 2
35328 1
35329 0
35330 1
35331 2
35332 0
35333 2
35334 1
35335 2
35336 1
35337 0
35338 1
35339 2
35340 0
35341 1
35342 0
35343 1
35344 0
35345 2
35346 3
35347 1
35348 2
35349 0
35350 1
35351 0
35352 2
35353 1
35354 0
35355 1
35356 2
35357 1
35358 2
35359 3
35360 1
35361 0
35362 1
35363 0
35364 1
35365 0
35366 1
35367 2
35368 1
35369 0
35370 2
35371 0
35372 1
35373 2
35374 3
35375 2
35376 1
35377 2
35378 3
35379 0
35380 1
35381 0
35382 3
35383 2
35384 1
35385 2
35386 0
35387 2
35388 3
35389 1
35390 0
35391 1
35392 0
35393 1
35394 2
35395 1
35396 0
35397 2
35398 1
35399 2
35400 0
35401 1
35402 2
35403 0
35404 1
35405 0
35406 1
35407 0
35408 1
35409 0
35410 1
35411 2
35412 0
35413 2
35414 3
35415 1
35416 0
35417 2
35418 0
35419 1
35420 2
35421 0
35422 2
35423 1
35424 0
35425 2
35426 1
35427 2
35428 0
35429 1
35430 2
35431 1
35432 0
35433 1
35434 0
35435 1
35436 2
35437 0
35438 2
35439 1
35440 0
35441 1
35442 2
35443 0
35444 1
35445 2
35446 0
35447 2
35448 0
35449 1
35450 2
35451 0
35452 1
35453 3
35454 2
35455 0
35456 2
35457 1
35458 2
35459 0
35460 1
35461 0
35462 1
35463 0
35464 1
35465 0
35466 2
35467 1
35468 0
35469 1
35470 2
35471 1
35472 0
35473 2
35474 1
35475 0
35476 2
35477 1
35478 2
35479 1
35480 0
35481 1
35482 2
35483 1
35484 0
35485 2
35486 1
35487 2
35488 0
35489 1
35490 0
35491 2
35492 1
35493 3
35494 2
35495 1
35496 2
35497 0
35498 2
35499 1
35500 0
35501 1
35502 2
35503 0
35504 2
35505 3
35506 0
35507 1
35508 0
35509 1
35510 2
35511 0
35512 1
35513 2
35514 1
35515 0
35516 1
35517 0
35518 3
35519 1
35520 2
35521 0
35522 1
35523 0
35524 1
35525 2
35526 1
35527 0
35528 2
35529 1
35530 2
35531 0
35532 2
35533 0
35534 2
35535 1
35536 0
35537 1
35538 0
35539 2
35540 0
35541 1
35542 2
35543 0
35544 1
35545 0
35546 1
35547 2
35548 0
35549 1
35550 3
35551 0
35552 1
35553 0
35554 3
35555 2
35556 1
35557 2
35558 3
35559 2
35560 1
35561 2
35562 1
35563 0
35564 2
35565 0
35566 3
35567 2
35568 1
35569 2
35570 0
35571 1
35572 0
35573 2
35574 1
35575 0
35576 1
35577 0
35578 1
35579 0
35580 2
35581 1
35582 0
35583 1
35584 0
35585 1
35586 2
35587 0
35588 1
35589 0
35590 2
35591 1
35592 0
35593 1
35594 0
35595 3
35596 0
35597 1
35598 3
35599 2
35600 1
35601 0
35602 1
35603 2
35604 0
35605 2
35606 1
35607 2
35608 1
35609 2
35610 1
35611 0
35612 1
35613 0
35614 2
35615 1
35616 0
35617 1
35618 2
35619 0
35620 2
35621 0
35622 2
35623 1
35624 3
35625 2
35626 0
35627 2
35628 1
35629 0
35630 3
35631 2
35632 0
35633 2
35634 0
35635 1
35636 0
35637 1
35638 0
35639 2
35640 1
35641 0
35642 2
35643 1
35644 2
35645 3
35646 0
35647 2
35648 0
35649 1
35650 0
35651 3
35652 1
35653 2
35654 0
35655 1
35656 0
35657 1
35658 0
35659 2
35660 0
35661 1
35662 0
35663 1
35664 3
35665 1
35666 2
35667 0
35668 1
35669 0
35670 1
35671 2
35672 0
35673 2
35674 1
35675 2
35676 0
35677 1
35678 0
35679 2
35680 0
35681 2
35682 1
35683 2
35684 1
35685 2
35686 1
35687 2
35688 1
35689 0
35690 1
35691 0
35692 1
35693 0
35694 1
35695 0
35696 1
35697 2
35698 0
35699 1
35700 2
35701 1
35702 0
35703 1
35704 2
35705 1
35706 0
35707 1
35708 2
35709 1
35710 3
35711 0
35712 1
35713 0
35714 2
35715 3
35716 2
35717 1
35718 2
35719 1
35720 3
35721 2
35722 1
35723 0
35724 2
35725 1
35726 0
35727 2
35728 0
35729 2
35730 0
35731 1
35732 2
35733 0
35734 1
35735 2
35736 3
35737 0
35738 2
35739 1
35740 2
35741 0
35742 3
35743 1
35744 2
35745 1
35746 2
35747 3
35748 0
35749 1
35750 0
35751 1
35752 0
35753 1
35754 0
35755 1
35756 0
35757 1
35758 0
35759 1
35760 0
35761 1
35762 2
35763 0
35764 2
35765 0
35766 2
35767 0
35768 2
35769 0
35770 2
35771 0
35772 2
35773 3
35774 0
35775 2
35776 0
35777 1
35778 2
35779 0
35780 1
35781 0
35782 2
35783 0
35784 2
35785 1
35786 0
35787 2
35788 0
35789 2
35790 1
35791 0
35792 1
35793 0
35794 1
35795 0
35796 2
35797 1
35798 0
35799 2
35800 1
35801 2
35802 0
35803 2
35804 1
35805 2
35806 1
35807 2
35808 0
35809 2
35810 1
35811 0
35812 2
35813 0
35814 2
35815 0
35816 2
35817 1
35818 0
35819 2
35820 1
35821 0
35822 1
35823 0
35824 2
35825 0
35826 2
35827 3
35828 0
35829 1
35830 2
35831 0
35832 1
35833 2
35834 1
35835 0
35836 1
35837 0
35838 1
35839 0
35840 1
35841 0
35842 1
35843 0
35844 2
35845 1
35846 2
35847 0
35848 1
35849 2
35850 1
35851 0
35852 1
35853 0
35854 1
35855 0
35856 1
35857 0
35858 1
35859 3
35860 0
35861 2
35862 1
35863 2
35864 0
35865 1
35866 3
35867 0
35868 2
35869 1
35870 2
35871 1
35872 2
35873 3
35874 0
35875 1
35876 0
35877 2
35878 1
35879 2
35880 0
35881 2
35882 1
35883 0
35884 2
35885 1
35886 2
35887 0
35888 1
35889 2
35890 1
35891 0
35892 2
35893 3
35894 0
35895 2
35896 1
35897 2
35898 0
35899 1
35900 0
35901 1
35902 0
35903 3
35904 2
35905 1
35906 2
35907 0
35908 2
35909 3
35910 1
35911 2
35912 1
35913 0
35914 1
35915 2
35916 0
35917 2
35918 1
35919 2
35920 0
35921 1
35922 0
35923 3
35924 2
35925 1
35926 0
35927 2
35928 0
35929 1
35930 0
35931 2
35932 0
35933 2
35934 1
35935 2
35936 0
35937 2
35938 0
35939 1
35940 0
35941 1
35942 0
35943 1
35944 2
35945 0
35946 1
35947 3
35948 2
35949 0
35950 1
35951 2
35952 3
35953 1
35954 2
35955 0
35956 1
35957 3
35958 1
35959 2
35960 0
35961 1
35962 0
35963 1
35964 0
35965 2
35966 0
35967 1
35968 0
35969 2
35970 3
35971 1
35972 0
35973 1
35974 0
35975 2
35976 1
35977 3
35978 2
35979 1
35980 2
35981 3
35982 0
35983 1
35984 0
35985 1
35986 2
35987 0
35988 1
35989 0
35990 1
35991 0
35992 1
35993 0
35994 1
35995 0
35996 1
35997 0
35998 1
35999 2
36000 0
36001 1
36002 2
36003 0
36004 1
36005 0
36006 2
36007 0
36008 1
36009 0
36010 1
36011 2
36012 0
36013 1
36014 2
36015 0
36016 1
36017 0
36018 1
36019 0
36020 2
36021 1
36022 3
36023 0
36024 1
36025 0
36026 1
36027 0
36028 2
36029 0
36030 1
36031 0
36032 2
36033 1
36034 0
36035 1
36036 2
36037 0
36038 1
36039 2
36040 3
36041 0
36042 3
36043 1
36044 0
36045 1
36046 2
36047 0
36048 2
36049 0
36050 1
36051 0
36052 1
36053 0
36054 1
36055 0
36056 1
36057 3
36058 2
36059 0
36060 1
36061 0
36062 1
36063 0
36064 1
36065 2
36066 0
36067 3
36068 0
36069 2
36070 0
36071 1
36072 0
36073 2
36074 1
36075 0
36076 2
36077 0
36078 1
36079 2
36080 0
36081 2
36082 1
36083 2
36084 0
36085 2
36086 1
36087 0
36088 2
36089 1
36090 2
36091 0
36092 1
36093 2
36094 0
36095 1
36096 2
36097 0
36098 1
36099 0
36100 1
36101 2
36102 0
36103 1
36104 0
36105 1
36106 0
36107 3
36108 2
36109 0
36110 2
36111 0
36112 1
36113 0
36114 1
36115 2
36116 0
36117 1
36118 0
36119 1
36120 0
36121 1
36122 3
36123 2
36124 1
36125 2
36126 0
36127 1
36128 2
36129 1
36130 2
36131 1
36132 2
36133 1
36134 0
36135 1
36136 0
36137 1
36138 0
36139 1
36140 2
36141 0
36142 1
36143 0
36144 2
36145 1
36146 0
36147 1
36148 3
36149 2
36150 3
36151 1
36152 0
36153 1
36154 0
36155 2
36156 1
36157 3
36158 0
36159 1
36160 2
36161 1
36162 0
36163 1
36164 3
36165 2
36166 1
36167 0
36168 2
36169 0
36170 2
36171 0
36172 1
36173 0
36174 2
36175 1
36176 2
36177 1
36178 2
36179 0
36180 2
36181 3
36182 1
36183 0
36184 1
36185 0
36186 2
36187 0
36188 1
36189 2
36190 0
36191 2
36192 1
36193 2
36194 0
36195 2
36196 1
36197 0
36198 1
36199 2
36200 0
36201 2
36202 1
36203 3
36204 2
36205 0
36206 1
36207 0
36208 2
36209 1
36210 0
36211 1
36212 0
36213 1
36214 0
36215 2
36216 3
36217 0
36218 1
36219 2
36220 1
36221 0
36222 2
36223 3
36224 1
36225 2
36226 0
36227 2
36228 0
36229 2
36230 1
36231 0
36232 1
36233 2
36234 0
36235 1
36236 0
36237 2
36238 1
36239 2
36240 0
36241 2
36242 1
36243 2
36244 1
36245 0
36246 1
36247 0
36248 2
36249 1
36250 2
36251 0
36252 2
36253 1
36254 0
36255 2
36256 1
36257 0
36258 1
36259 0
36260 2
36261 1
36262 0
36263 1
36264 2
36265 0
36266 1
36267 2
36268 0
36269 1
36270 2
36271 1
36272 3
36273 0
36274 2
36275 0
36276 1
36277 0
36278 1
36279 2
36280 0
36281 1
36282 2
36283 3
36284 1
36285 2
36286 3
36287 0
36288 2
36289 1
36290 0
36291 1
36292 2
36293 0
36294 2
36295 1
36296 2
36297 0
36298 1
36299 2
36300 0
36301 1
36302 2
36303 3
36304 0
36305 1
36306 2
36307 0
36308 2
36309 1
36310 0
36311 1
36312 2
36313 0
36314 1
36315 2
36316 0
36317 1
36318 3
36319 1
36320 0
36321 1
36322 2
36323 0
36324 1
36325 0
36326 1
36327 2
36328 1
36329 0
36330 1
36331 2
36332 3
36333 0
36334 1
36335 2
36336 1
36337 2
36338 0
36339 1
36340 0
36341 1
36342 2
36343 1
36344 0
36345 1
36346 0
36347 1
36348 3
36349 0
36350 2
36351 3
36352 0
36353 1
36354 0
36355 2
36356 1
36357 0
36358 1
36359 0
36360 2
36361 1
36362 2
36363 0
36364 2
36365 0
36366 1
36367 3
36368 0
36369 1
36370 2
36371 1
36372 0
36373 1
36374 2
36375 0
36376 3
36377 2
36378 0
36379 1
36380 0
36381 2
36382 1
36383 2
36384 0
36385 1
36386 2
36387 1
36388 2
36389 1
36390 0
36391 2
36392 0
36393 2
36394 1
36395 0
36396 1
36397 0
36398 3
36399 2
36400 3
36401 1
36402 0
36403 2
36404 3
36405 0
36406 1
36407 0
36408 1
36409 0
36410 3
36411 2
36412 0
36413 1
36414 0
36415 1
36416 2
36417 0
36418 2
36419 3
36420 1
36421 3
36422 2
36423 1
36424 2
36425 1
36426 0
36427 1
36428 2
36429 0
36430 2
36431 1
36432 2
36433 1
36434 0
36435 2
36436 0
36437 1
36438 0
36439 1
36440 0
36441 2
36442 3
36443 1
36444 0
36445 2
36446 1
36447 2
36448 1
36449 2
36450 1
36451 2
36452 1
36453 2
36454 0
36455 1
36456 2
36457 1
36458 0
36459 1
36460 0
36461 1
36462 2
36463 3
36464 0
36465 2
36466 0
36467 2
36468 1
36469 2
36470 1
36471 0
36472 1
36473 0
36474 1
36475 0
36476 1
36477 0
36478 2
36479 1
36480 2
36481 1
36482 0
36483 1
36484 2
36485 0
36486 1
36487 0
36488 1
36489 0
36490 1
36491 2
36492 0
36493 1
36494 2
36495 1
36496 0
36497 1
36498 2
36499 0
36500 1
36501 0
36502 1
36503 0
36504 1
36505 2
36506 0
36507 1
36508 2
36509 1
36510 0
36511 1
36512 0
36513 2
36514 1
36515 3
36516 0
36517 1
36518 0
36519 1
36520 2
36521 1
36522 2
36523 1
36524 0
36525 1
36526 2
36527 0
36528 1
36529 2
36530 1
36531 0
36532 2
36533 1
36534 0
36535 2
36536 1
36537 0
36538 1
36539 2
36540 1
36541 0
36542 2
36543 1
36544 2
36545 0
36546 2
36547 1
36548 0
36549 2
36550 0
36551 2
36552 0
36553 2
36554 0
36555 1
36556 0
36557 2
36558 1
36559 0
36560 1
36561 0
36562 1
36563 0
36564 2
36565 1
36566 2
36567 0
36568 2
36569 1
36570 2
36571 0
36572 2
36573 1
36574 0
36575 1
36576 0
36577 1
36578 0
36579 2
36580 1
36581 2
36582 1
36583 2
36584 0
36585 2
36586 1
36587 2
36588 1
36589 0
36590 1
36591 2
36592 0
36593 3
36594 0
36595 1
36596 0
36597 1
36598 0
36599 1
36600 0
36601 2
36602 1
36603 3
36604 2
36605 0
36606 1
36607 2
36608 0
36609 2
36610 0
36611 1
36612 0
36613 2
36614 0
36615 2
36616 3
36617 0
36618 1
36619 0
36620 2
36621 3
36622 1
36623 2
36624 0
36625 1
36626 0
36627 1
36628 2
36629 3
36630 1
36631 0
36632 2
36633 0
36634 2
36635 0
36636 1
36637 0
36638 2
36639 3
36640 0
36641 1
36642 0
36643 1
36644 0
36645 1
36646 0
36647 2
36648 3
36649 2
36650 3
36651 1
36652 0
36653 1
36654 2
36655 0
36656 2
36657 1
36658 3
36659 0
36660 1
36661 2
36662 0
36663 2
36664 1
36665 2
36666 1
36667 0
36668 2
36669 1
36670 0
36671 1
36672 0
36673 1
36674 2
36675 1
36676 2
36677 3
36678 0
36679 2
36680 1
36681 0
36682 1
36683 0
36684 2
36685 3
36686 0
36687 1
36688 2
36689 0
36690 2
36691 0
36692 2
36693 0
36694 1
36695 0
36696 1
36697 3
36698 1
36699 2
36700 3
36701 0
36702 1
36703 0
36704 2
36705 0
36706 2
36707 1
36708 2
36709 0
36710 1
36711 0
36712 1
36713 2
36714 1
36715 0
36716 1
36717 3
36718 1
36719 0
36720 2
36721 1
36722 2
36723 0
36724 1
36725 0
36726 1
36727 2
36728 0
36729 2
36730 1
36731 2
36732 0
36733 1
36734 2
36735 0
36736 2
36737 1
36738 0
36739 2
36740 1
36741 2
36742 1
36743 0
36744 1
36745 0
36746 2
36747 0
36748 2
36749 1
36750 2
36751 1
36752 0
36753 1
36754 2
36755 0
36756 2
36757 1
36758 2
36759 1
36760 0
36761 1
36762 3
36763 2
36764 0
36765 1
36766 0
36767 1
36768 2
36769 1
36770 2
36771 0
36772 2
36773 1
36774 0
36775 1
36776 0
36777 2
36778 1
36779 0
36780 1
36781 3
36782 1
36783 2
36784 3
36785 0
36786 2
36787 1
36788 2
36789 0
36790 1
36791 0
36792 2
36793 1
36794 2
36795 1
36796 0
36797 2
36798 1
36799 2
36800 0
36801 2
36802 3
36803 2
36804 1
36805 0
36806 2
36807 1
36808 2
36809 1
36810 0
36811 1
36812 0
36813 1
36814 0
36815 1
36816 0
36817 2
36818 1
36819 2
36820 1
36821 2
36822 0
36823 1
36824 2
36825 1
36826 0
36827 1
36828 0
36829 1
36830 0
36831 1
36832 0
36833 2
36834 1
36835 0
36836 1
36837 2
36838 0
36839 2
36840 1
36841 2
36842 1
36843 0
36844 1
36845 0
36846 1
36847 2
36848 1
36849 0
36850 2
36851 0
36852 2
36853 0
36854 2
36855 0
36856 1
36857 0
36858 2
36859 1
36860 2
36861 1
36862 2
36863 0
36864 1
36865 2
36866 0
36867 2
36868 3
36869 1
36870 2
36871 1
36872 0
36873 2
36874 0
36875 2
36876 1
36877 3
36878 0
36879 2
36880 0
36881 1
36882 2
36883 1
36884 2
36885 0
36886 2
36887 1
36888 2
36889 1
36890 2
36891 0
36892 1
36893 2
36894 0
36895 1
36896 2
36897 0
36898 1
36899 0
36900 2
36901 3
36902 1
36903 2
36904 3
36905 1
36906 2
36907 3
36908 0
36909 3
36910 2
36911 0
36912 1
36913 0
36914 3
36915 0
36916 2
36917 1
36918 0
36919 1
36920 2
36921 3
36922 1
36923 2
36924 0
36925 1
36926 0
36927 1
36928 3
36929 2
36930 1
36931 0
36932 1
36933 0
36934 1
36935 0
36936 2
36937 1
36938 2
36939 0
36940 1
36941 0
36942 2
36943 1
36944 2
36945 1
36946 0
36947 2
36948 0
36949 2
36950 0
36951 1
36952 0
36953 2
36954 1
36955 0
36956 2
36957 1
36958 2
36959 1
36960 0
36961 1
36962 0
36963 1
36964 0
36965 1
36966 0
36967 2
36968 1
36969 2
36970 0
36971 1
36972 2
36973 0
36974 1
36975 3
36976 0
36977 2
36978 3
36979 0
36980 1
36981 0
36982 1
36983 3
36984 2
36985 1
36986 0
36987 1
36988 2
36989 1
36990 2
36991 0
36992 1
36993 0
36994 2
36995 1
36996 2
36997 0
36998 1
36999 3
37000 0
37001 1
37002 0
37003 1
37004 2
37005 3
37006 1
37007 0
37008 1
37009 2
37010 0
37011 1
37012 0
37013 2
37014 0
37015 2
37016 1
37017 0
37018 1
37019 0
37020 2
37021 1
37022 3
37023 2
37024 0
37025 1
37026 0
37027 2
37028 1
37029 0
37030 2
37031 1
37032 0
37033 3
37034 2
37035 1
37036 0
37037 1
37038 2
37039 0
37040 1
37041 2
37042 0
37043 2
37044 1
37045 0
37046 2
37047 0
37048 2
37049 0
37050 2
37051 1
37052 2
37053 1
37054 2
37055 0
37056 2
37057 0
37058 2
37059 0
37060 1
37061 2
37062 1
37063 2
37064 0
37065 2
37066 3
37067 1
37068 2
37069 0
37070 3
37071 2
37072 3
37073 0
37074 1
37075 2
37076 1
37077 0
37078 1
37079 2
37080 0
37081 2
37082 3
37083 1
37084 0
37085 1
37086 3
37087 2
37088 1
37089 2
37090 0
37091 1
37092 2
37093 1
37094 0
37095 2
37096 1
37097 0
37098 1
37099 2
37100 0
37101 2
37102 1
37103 2
37104 1
37105 0
37106 2
37107 0
37108 1
37109 0
37110 1
37111 3
37112 1
37113 0
37114 1
37115 0
37116 2
37117 0
37118 1
37119 2
37120 1
37121 0
37122 2
37123 0
37124 1
37125 0
37126 2
37127 1
37128 0
37129 1
37130 2
37131 1
37132 0
37133 2
37134 1
37135 2
37136 0
37137 2
37138 1
37139 2
37140 0
37141 2
37142 1
37143 0
37144 1
37145 2
37146 0
37147 1
37148 0
37149 1
37150 0
37151 2
37152 1
37153 2
37154 0
37155 1
37156 2
37157 0
37158 2
37159 1
37160 2
37161 0
37162 1
37163 0
37164 2
37165 1
37166 2
37167 0
37168 2
37169 1
37170 0
37171 1
37172 3
37173 1
37174 0
37175 1
37176 2
37177 0
37178 1
37179 0
37180 1
37181 0
37182 2
37183 0
37184 1
37185 0
37186 3
37187 2
37188 3
37189 0
37190 1
37191 2
37192 1
37193 0
37194 2
37195 0
37196 1
37197 0
37198 2
37199 0
37200 1
37201 3
37202 2
37203 1
37204 2
37205 3
37206 1
37207 2
37208 3
37209 2
37210 0
37211 2
37212 1
37213 2
37214 0
37215 1
37216 0
37217 1
37218 0
37219 1
37220 2
37221 1
37222 2
37223 0
37224 1
37225 0
37226 1
37227 2
37228 0
37229 1
37230 2
37231 1
37232 2
37233 0
37234 1
37235 2
37236 0
37237 2
37238 3
37239 1
37240 2
37241 1
37242 0
37243 2
37244 3
37245 0
37246 2
37247 0
37248 1
37249 0
37250 2
37251 1
37252 0
37253 2
37254 0
37255 1
37256 0
37257 1
37258 0
37259 2
37260 0
37261 2
37262 3
37263 1
37264 2
37265 0
37266 1
37267 4
37268 2
37269 1
37270 0
37271 1
37272 2
37273 1
37274 2
37275 0
37276 1
37277 2
37278 0
37279 2
37280 0
37281 1
37282 0
37283 1
37284 0
37285 1
37286 2
37287 1
37288 2
37289 1
37290 0
37291 2
37292 1
37293 2
37294 0
37295 2
37296 0
37297 2
37298 1
37299 0
37300 1
37301 0
37302 1
37303 2
37304 0
37305 2
37306 1
37307 2
37308 0
37309 2
37310 0
37311 2
37312 0
37313 2
37314 3
37315 2
37316 1
37317 2
37318 1
37319 0
37320 1
37321 0
37322 3
37323 0
37324 1
37325 0
37326 1
37327 0
37328 2
37329 3
37330 1
37331 0
37332 1
37333 0
37334 1
37335 2
37336 0
37337 2
37338 1
37339 2
37340 1
37341 0
37342 1
37343 2
37344 1
37345 0
37346 2
37347 1
37348 2
37349 1
37350 2
37351 3
37352 1
37353 0
37354 1
37355 2
37356 0
37357 1
37358 0
37359 2
37360 1
37361 0
37362 3
37363 1
37364 2
37365 1
37366 0
37367 2
37368 1
37369 0
37370 1
37371 2
37372 1
37373 2
37374 0
37375 1
37376 2
37377 0
37378 3
37379 2
37380 0
37381 2
37382 1
37383 2
37384 0
37385 1
37386 2
37387 0
37388 1
37389 2
37390 0
37391 2
37392 1
37393 2
37394 1
37395 0
37396 3
37397 1
37398 0
37399 3
37400 1
37401 0
37402 1
37403 0
37404 3
37405 2
37406 3
37407 1
37408 2
37409 0
37410 1
37411 2
37412 3
37413 0
37414 1
37415 0
37416 1
37417 0
37418 2
37419 3
37420 1
37421 0
37422 1
37423 2
37424 0
37425 2
37426 0
37427 1
37428 2
37429 1
37430 0
37431 2
37432 1
37433 2
37434 1
37435 2
37436 0
37437 3
37438 1
37439 0
37440 1
37441 2
37442 3
37443 1
37444 0
37445 1
37446 2
37447 0
37448 1
37449 2
37450 1
37451 0
37452 2
37453 0
37454 2
37455 0
37456 1
37457 2
37458 0
37459 1
37460 2
37461 1
37462 3
37463 0
37464 1
37465 2
37466 0
37467 3
37468 2
37469 0
37470 1
37471 0
37472 1
37473 2
37474 0
37475 2
37476 1
37477 2
37478 3
37479 1
37480 2
37481 1
37482 2
37483 0
37484 1
37485 2
37486 3
37487 2
37488 1
37489 2
37490 0
37491 1
37492 0
37493 1
37494 3
37495 2
37496 1
37497 0
37498 2
37499 0
37500 2
37501 1
37502 0
37503 2
37504 0
37505 1
37506 0
37507 2
37508 1
37509 2
37510 1
37511 0
37512 1
37513 2
37514 3
37515 1
37516 0
37517 1
37518 2
37519 0
37520 1
37521 0
37522 2
37523 0
37524 1
37525 0
37526 2
37527 0
37528 1
37529 2
37530 0
37531 1
37532 2
37533 0
37534 2
37535 0
37536 2
37537 1
37538 0
37539 1
37540 2
37541 1
37542 0
37543 3
37544 2
37545 1
37546 0
37547 1
37548 2
37549 0
37550 2
37551 0
37552 2
37553 3
37554 2
37555 1
37556 0
37557 1
37558 2
37559 0
37560 1
37561 0
37562 1
37563 0
37564 1
37565 0
37566 1
37567 3
37568 1
37569 2
37570 1
37571 2
37572 1
37573 0
37574 1
37575 0
37576 1
37577 0
37578 1
37579 0
37580 1
37581 0
37582 2
37583 1
37584 2
37585 0
37586 3
37587 2
37588 1
37589 0
37590 1
37591 0
37592 1
37593 0
37594 2
37595 0
37596 1
37597 0
37598 2
37599 1
37600 0
37601 2
37602 1
37603 2
37604 1
37605 0
37606 1
37607 0
37608 1
37609 2
37610 0
37611 1
37612 2
37613 1
37614 2
37615 1
37616 2
37617 0
37618 2
37619 0
37620 2
37621 1
37622 0
37623 1
37624 2
37625 0
37626 1
37627 0
37628 1
37629 0
37630 2
37631 1
37632 2
37633 0
37634 1
37635 0
37636 2
37637 1
37638 2
37639 0
37640 3
37641 2
37642 0
37643 1
37644 0
37645 1
37646 2
37647 0
37648 1
37649 0
37650 2
37651 1
37652 0
37653 1
37654 0
37655 1
37656 0
37657 2
37658 1
37659 0
37660 1
37661 0
37662 1
37663 2
37664 0
37665 2
37666 0
37667 1
37668 2
37669 1
37670 0
37671 2
37672 1
37673 2
37674 1
37675 0
37676 1
37677 0
37678 1
37679 2
37680 0
37681 1
37682 0
37683 1
37684 0
37685 1
37686 2
37687 3
37688 0
37689 2
37690 1
37691 2
37692 0
37693 2
37694 1
37695 2
37696 0
37697 1
37698 0
37699 1
37700 2
37701 0
37702 1
37703 2
37704 1
37705 2
37706 0
37707 1
37708 0
37709 2
37710 1
37711 0
37712 1
37713 0
37714 1
37715 0
37716 2
37717 1
37718 0
37719 2
37720 3
37721 1
37722 0
37723 1
37724 0
37725 1
37726 0
37727 1
37728 2
37729 0
37730 1
37731 2
37732 3
37733 1
37734 0
37735 1
37736 2
37737 1
37738 0
37739 2
37740 1
37741 0
37742 1
37743 0
37744 2
37745 1
37746 2
37747 0
37748 2
37749 3
37750 1
37751 2
37752 0
37753 2
37754 0
37755 2
37756 0
37757 1
37758 0
37759 1
37760 2
37761 1
37762 2
37763 0
37764 1
37765 0
37766 2
37767 0
37768 1
37769 2
37770 1
37771 0
37772 1
37773 2
37774 1
37775 2
37776 1
37777 0
37778 2
37779 1
37780 0
37781 1
37782 3
37783 1
37784 2
37785 0
37786 2
37787 1
37788 0
37789 2
37790 1
37791 0
37792 1
37793 0
37794 2
37795 1
37796 2
37797 1
37798 2
37799 0
37800 1
37801 2
37802 0
37803 2
37804 1
37805 0
37806 1
37807 0
37808 1
37809 2
37810 3
37811 0
37812 1
37813 0
37814 1
37815 2
37816 1
37817 0
37818 2
37819 1
37820 2
37821 0
37822 2
37823 0
37824 1
37825 2
37826 0
37827 1
37828 2
37829 0
37830 2
37831 1
37832 0
37833 2
37834 1
37835 2
37836 0
37837 2
37838 1
37839 0
37840 1
37841 3
37842 2
37843 0
37844 1
37845 0
37846 2
37847 1
37848 0
37849 2
37850 0
37851 1
37852 0
37853 2
37854 1
37855 0
37856 1
37857 2
37858 3
37859 0
37860 1
37861 2
37862 0
37863 1
37864 0
37865 1
37866 2
37867 0
37868 3
37869 0
37870 1
37871 2
37872 1
37873 0
37874 1
37875 2
37876 0
37877 2
37878 3
37879 1
37880 2
37881 0
37882 2
37883 0
37884 2
37885 1
37886 0
37887 2
37888 3
37889 0
37890 1
37891 2
37892 1
37893 2
37894 1
37895 2
37896 1
37897 0
37898 2
37899 0
37900 1
37901 2
37902 0
37903 2
37904 0
37905 2
37906 1
37907 0
37908 3
37909 0
37910 1
37911 0
37912 2
37913 1
37914 0
37915 2
37916 0
37917 2
37918 0
37919 1
37920 0
37921 3
37922 0
37923 1
37924 2
37925 0
37926 3
37927 1
37928 2
37929 0
37930 2
37931 1
37932 0
37933 1
37934 0
37935 1
37936 0
37937 2
37938 0
37939 2
37940 0
37941 1
37942 2
37943 1
37944 0
37945 1
37946 2
37947 0
37948 2
37949 1
37950 0
37951 1
37952 2
37953 0
37954 3
37955 2
37956 0
37957 2
37958 0
37959 2
37960 1
37961 0
37962 2
37963 1
37964 0
37965 2
37966 0
37967 2
37968 1
37969 2
37970 0
37971 2
37972 1
37973 0
37974 2
37975 1
37976 3
37977 0
37978 2
37979 0
37980 1
37981 0
37982 2
37983 1
37984 2
37985 1
37986 0
37987 3
37988 2
37989 1
37990 0
37991 1
37992 2
37993 1
37994 0
37995 1
37996 0
37997 1
37998 0
37999 2
38000 1
38001 0
38002 1
38003 0
38004 1
38005 0
38006 2
38007 0
38008 1
38009 2
38010 0
38011 1
38012 0
38013 1
38014 2
38015 0
38016 2
38017 1
38018 0
38019 1
38020 0
38021 1
38022 2
38023 1
38024 0
38025 1
38026 3
38027 0
38028 2
38029 1
38030 0
38031 1
38032 3
38033 2
38034 1
38035 2
38036 0
38037 2
38038 3
38039 0
38040 1
38041 2
38042 0
38043 1
38044 2
38045 0
38046 2
38047 0
38048 1
38049 2
38050 0
38051 2
38052 1
38053 0
38054 1
38055 2
38056 0
38057 1
38058 0
38059 1
38060 0
38061 2
38062 0
38063 1
38064 2
38065 0
38066 2
38067 0
38068 3
38069 1
38070 0
38071 1
38072 3
38073 0
38074 1
38075 2
38076 0
38077 2
38078 3
38079 0
38080 3
38081 2
38082 1
38083 0
38084 2
38085 0
38086 2
38087 1
38088 2
38089 3
38090 0
38091 3
38092 2
38093 1
38094 2
38095 0
38096 1
38097 0
38098 2
38099 1
38100 0
38101 2
38102 0
38103 3
38104 0
38105 1
38106 0
38107 1
38108 0
38109 1
38110 2
38111 0
38112 1
38113 2
38114 1
38115 0
38116 1
38117 2
38118 0
38119 1
38120 2
38121 1
38122 2
38123 0
38124 1
38125 0
38126 2
38127 0
38128 1
38129 2
38130 1
38131 2
38132 3
38133 2
38134 1
38135 0
38136 2
38137 1
38138 0
38139 1
38140 2
38141 0
38142 1
38143 2
38144 0
38145 3
38146 2
38147 0
38148 1
38149 2
38150 0
38151 2
38152 1
38153 2
38154 1
38155 2
38156 3
38157 1
38158 0
38159 2
38160 3
38161 1
38162 3
38163 2
38164 1
38165 0
38166 1
38167 2
38168 0
38169 2
38170 1
38171 2
38172 0
38173 1
38174 2
38175 1
38176 0
38177 1
38178 2
38179 0
38180 2
38181 1
38182 0
38183 2
38184 1
38185 2
38186 0
38187 1
38188 0
38189 3
38190 1
38191 2
38192 1
38193 0
38194 1
38195 2
38196 3
38197 2
38198 1
38199 0
38200 2
38201 0
38202 1
38203 2
38204 0
38205 1
38206 2
38207 0
38208 2
38209 1
38210 2
38211 0
38212 2
38213 0
38214 1
38215 0
38216 3
38217 2
38218 0
38219 1
38220 0
38221 1
38222 0
38223 1
38224 0
38225 1
38226 2
38227 0
38228 2
38229 1
38230 0
38231 2
38232 0
38233 2
38234 1
38235 3
38236 0
38237 2
38238 0
38239 1
38240 0
38241 1
38242 2
38243 1
38244 0
38245 1
38246 0
38247 1
38248 2
38249 3
38250 1
38251 3
38252 2
38253 3
38254 1
38255 0
38256 2
38257 0
38258 1
38259 2
38260 1
38261 2
38262 0
38263 1
38264 2
38265 0
38266 2
38267 0
38268 1
38269 2
38270 0
38271 1
38272 2
38273 0
38274 2
38275 1
38276 0
38277 2
38278 1
38279 0
38280 1
38281 2
38282 0
38283 2
38284 1
38285 0
38286 1
38287 0
38288 2
38289 0
38290 2
38291 1
38292 0
38293 2
38294 0
38295 1
38296 2
38297 1
38298 2
38299 0
38300 2
38301 0
38302 2
38303 3
38304 1
38305 2
38306 1
38307 0
38308 1
38309 0
38310 2
38311 0
38312 1
38313 2
38314 1
38315 3
38316 2
38317 3
38318 0
38319 1
38320 0
38321 2
38322 1
38323 3
38324 2
38325 1
38326 0
38327 2
38328 1
38329 3
38330 2
38331 1
38332 2
38333 0
38334 1
38335 2
38336 1
38337 2
38338 0
38339 1
38340 0
38341 2
38342 0
38343 1
38344 0
38345 1
38346 0
38347 1
38348 0
38349 1
38350 0
38351 2
38352 1
38353 0
38354 1
38355 0
38356 2
38357 1
38358 0
38359 1
38360 0
38361 2
38362 1
38363 0
38364 1
38365 0
38366 1
38367 2
38368 0
38369 1
38370 0
38371 2
38372 0
38373 1
38374 2
38375 1
38376 2
38377 1
38378 0
38379 3
38380 1
38381 2
38382 3
38383 0
38384 1
38385 2
38386 3
38387 0
38388 1
38389 0
38390 1
38391 0
38392 2
38393 0
38394 2
38395 0
38396 2
38397 0
38398 1
38399 2
38400 3
38401 1
38402 0
38403 1
38404 0
38405 2
38406 0
38407 2
38408 0
38409 1
38410 0
38411 2
38412 1
38413 2
38414 0
38415 1
38416 2
38417 1
38418 0
38419 1
38420 0
38421 1
38422 0
38423 1
38424 0
38425 1
38426 0
38427 1
38428 2
38429 0
38430 1
38431 0
38432 2
38433 0
38434 3
38435 2
38436 1
38437 2
38438 0
38439 1
38440 0
38441 1
38442 3
38443 2
38444 1
38445 0
38446 1
38447 0
38448 1
38449 0
38450 1
38451 0
38452 2
38453 1
38454 2
38455 1
38456 0
38457 1
38458 0
38459 1
38460 2
38461 0
38462 1
38463 3
38464 1
38465 2
38466 0
38467 2
38468 0
38469 1
38470 0
38471 1
38472 0
38473 1
38474 0
38475 1
38476 2
38477 1
38478 0
38479 2
38480 1
38481 2
38482 0
38483 1
38484 0
38485 1
38486 2
38487 0
38488 1
38489 2
38490 3
38491 2
38492 3
38493 1
38494 0
38495 2
38496 1
38497 0
38498 1
38499 2
38500 1
38501 2
38502 0
38503 2
38504 0
38505 2
38506 1
38507 0
38508 1
38509 0
38510 1
38511 2
38512 0
38513 3
38514 1
38515 2
38516 0
38517 1
38518 2
38519 0
38520 1
38521 0
38522 1
38523 0
38524 1
38525 0
38526 1
38527 2
38528 1
38529 2
38530 0
38531 2
38532 1
38533 2
38534 1
38535 0
38536 1
38537 3
38538 1
38539 0
38540 1
38541 0
38542 1
38543 0
38544 1
38545 0
38546 2
38547 1
38548 2
38549 1
38550 2
38551 0
38552 2
38553 0
38554 1
38555 0
38556 1
38557 2
38558 0
38559 1
38560 0
38561 2
38562 1
38563 2
38564 3
38565 1
38566 0
38567 1
38568 0
38569 2
38570 1
38571 2
38572 1
38573 2
38574 3
38575 1
38576 2
38577 0
38578 1
38579 0
38580 2
38581 1
38582 0
38583 2
38584 3
38585 1
38586 2
38587 0
38588 2
38589 1
38590 0
38591 1
38592 3
38593 2
38594 0
38595 1
38596 2
38597 1
38598 0
38599 1
38600 0
38601 2
38602 1
38603 0
38604 2
38605 1
38606 0
38607 1
38608 3
38609 1
38610 0
38611 1
38612 0
38613 1
38614 2
38615 0
38616 1
38617 0
38618 1
38619 0
38620 1
38621 2
38622 1
38623 2
38624 0
38625 2
38626 1
38627 0
38628 1
38629 2
38630 0
38631 2
38632 1
38633 0
38634 1
38635 2
38636 1
38637 2
38638 0
38639 1
38640 2
38641 1
38642 2
38643 0
38644 2
38645 0
38646 1
38647 0
38648 1
38649 0
38650 2
38651 1
38652 0
38653 1
38654 0
38655 1
38656 0
38657 1
38658 0
38659 1
38660 2
38661 0
38662 2
38663 1
38664 0
38665 1
38666 0
38667 2
38668 1
38669 0
38670 1
38671 2
38672 0
38673 1
38674 0
38675 2
38676 1
38677 0
38678 1
38679 0
38680 3
38681 2
38682 0
38683 1
38684 0
38685 2
38686 1
38687 0
38688 1
38689 2
38690 3
38691 1
38692 2
38693 1
38694 0
38695 1
38696 2
38697 1
38698 0
38699 2
38700 1
38701 2
38702 0
38703 1
38704 0
38705 1
38706 0
38707 1
38708 3
38709 2
38710 1
38711 0
38712 1
38713 2
38714 0
38715 1
38716 0
38717 1
38718 2
38719 0
38720 2
38721 0
38722 2
38723 0
38724 2
38725 1
38726 2
38727 0
38728 2
38729 0
38730 1
38731 2
38732 0
38733 1
38734 2
38735 1
38736 0
38737 2
38738 1
38739 0
38740 2
38741 0
38742 1
38743 0
38744 1
38745 0
38746 1
38747 0
38748 1
38749 0
38750 1
38751 0
38752 2
38753 3
38754 0
38755 1
38756 2
38757 0
38758 2
38759 1
38760 2
38761 3
38762 0
38763 1
38764 2
38765 1
38766 3
38767 2
38768 1
38769 2
38770 3
38771 1
38772 0
38773 1
38774 0
38775 1
38776 2
38777 0
38778 2
38779 0
38780 2
38781 1
38782 0
38783 1
38784 2
38785 1
38786 2
38787 1
38788 0
38789 2
38790 1
38791 0
38792 1
38793 0
38794 1
38795 2
38796 0
38797 1
38798 2
38799 0
38800 1
38801 2
38802 0
38803 1
38804 0
38805 3
38806 1
38807 2
38808 1
38809 0
38810 3
38811 1
38812 2
38813 1
38814 0
38815 1
38816 0
38817 1
38818 2
38819 0
38820 2
38821 0
38822 1
38823 2
38824 0
38825 2
38826 1
38827 0
38828 1
38829 0
38830 1
38831 0
38832 2
38833 1
38834 0
38835 1
38836 0
38837 2
38838 1
38839 2
38840 0
38841 1
38842 0
38843 3
38844 1
38845 2
38846 0
38847 1
38848 0
38849 1
38850 0
38851 1
38852 0
38853 1
38854 2
38855 1
38856 0
38857 2
38858 0
38859 1
38860 2
38861 1
38862 0
38863 1
38864 2
38865 0
38866 2
38867 0
38868 2
38869 0
38870 1
38871 2
38872 1
38873 0
38874 3
38875 1
38876 2
38877 0
38878 2
38879 1
38880 0
38881 1
38882 2
38883 3
38884 1
38885 2
38886 3
38887 0
38888 1
38889 2
38890 1
38891 0
38892 1
38893 0
38894 2
38895 0
38896 2
38897 1
38898 3
38899 2
38900 1
38901 2
38902 1
38903 2
38904 0
38905 1
38906 3
38907 0
38908 1
38909 0
38910 1
38911 0
38912 1
38913 2
38914 0
38915 2
38916 0
38917 1
38918 2
38919 1
38920 2
38921 1
38922 2
38923 0
38924 1
38925 0
38926 1
38927 0
38928 2
38929 3
38930 0
38931 3
38932 1
38933 2
38934 0
38935 1
38936 0
38937 1
38938 2
38939 0
38940 2
38941 1
38942 0
38943 1
38944 0
38945 2
38946 1
38947 0
38948 1
38949 0
38950 2
38951 3
38952 2
38953 0
38954 2
38955 0
38956 1
38957 2
38958 0
38959 2
38960 1
38961 2
38962 0
38963 3
38964 2
38965 0
38966 3
38967 2
38968 1
38969 2
38970 0
38971 2
38972 1
38973 0
38974 2
38975 1
38976 2
38977 0
38978 1
38979 2
38980 0
38981 1
38982 2
38983 0
38984 1
38985 2
38986 1
38987 0
38988 1
38989 0
38990 1
38991 3
38992 2
38993 1
38994 0
38995 1
38996 0
38997 1
38998 0
38999 1
39000 0
39001 2
39002 1
39003 2
39004 1
39005 2
39006 0
39007 2
39008 3
39009 1
39010 2
39011 0
39012 2
39013 1
39014 0
39015 1
39016 2
39017 0
39018 1
39019 0
39020 1
39021 0
39022 1
39023 0
39024 2
39025 1
39026 0
39027 1
39028 2
39029 0
39030 1
39031 2
39032 0
39033 2
39034 1
39035 2
39036 0
39037 1
39038 0
39039 1
39040 2
39041 1
39042 0
39043 2
39044 0
39045 1
39046 2
39047 0
39048 1
39049 0
39050 1
39051 3
39052 2
39053 1
39054 0
39055 2
39056 1
39057 2
39058 1
39059 2
39060 0
39061 1
39062 2
39063 1
39064 0
39065 1
39066 0
39067 1
39068 0
39069 1
39070 2
39071 1
39072 0
39073 2
39074 1
39075 3
39076 2
39077 0
39078 1
39079 0
39080 1
39081 0
39082 2
39083 3
39084 0
39085 1
39086 3
39087 0
39088 1
39089 0
39090 1
39091 2
39092 0
39093 1
39094 2
39095 0
39096 1
39097 2
39098 0
39099 2
39100 1
39101 2
39102 1
39103 0
39104 1
39105 2
39106 0
39107 2
39108 1
39109 2
39110 0
39111 1
39112 0
39113 2
39114 1
39115 2
39116 1
39117 0
39118 1
39119 2
39120 1
39121 0
39122 1
39123 0
39124 1
39125 0
39126 2
39127 1
39128 2
39129 1
39130 0
39131 1
39132 2
39133 0
39134 3
39135 0
39136 2
39137 1
39138 0
39139 1
39140 0
39141 2
39142 1
39143 0
39144 2
39145 1
39146 3
39147 1
39148 0
39149 3
39150 2
39151 1
39152 0
39153 2
39154 1
39155 0
39156 2
39157 3
39158 1
39159 2
39160 0
39161 1
39162 2
39163 1
39164 3
39165 2
39166 0
39167 3
39168 0
39169 2
39170 0
39171 1
39172 2
39173 3
39174 1
39175 3
39176 2
39177 0
39178 2
39179 3
39180 1
39181 0
39182 1
39183 2
39184 1
39185 2
39186 1
39187 2
39188 0
39189 2
39190 1
39191 0
39192 1
39193 2
39194 1
39195 2
39196 0
39197 2
39198 3
39199 1
39200 0
39201 1
39202 0
39203 1
39204 3
39205 0
39206 2
39207 0
39208 1
39209 0
39210 2
39211 0
39212 2
39213 0
39214 2
39215 1
39216 0
39217 1
39218 0
39219 1
39220 0
39221 1
39222 2
39223 0
39224 2
39225 1
39226 2
39227 0
39228 2
39229 1
39230 2
39231 3
39232 0
39233 1
39234 2
39235 1
39236 2
39237 1
39238 0
39239 1
39240 3
39241 2
39242 0
39243 1
39244 3
39245 2
39246 0
39247 1
39248 2
39249 1
39250 2
39251 1
39252 0
39253 1
39254 2
39255 1
39256 2
39257 0
39258 1
39259 0
39260 1
39261 0
39262 1
39263 2
39264 1
39265 2
39266 1
39267 2
39268 0
39269 1
39270 3
39271 1
39272 0
39273 1
39274 0
39275 2
39276 1
39277 2
39278 3
39279 0
39280 2
39281 0
39282 1
39283 2
39284 0
39285 1
39286 2
39287 0
39288 1
39289 2
39290 0
39291 2
39292 0
39293 1
39294 2
39295 0
39296 1
39297 2
39298 1
39299 2
39300 0
39301 2
39302 1
39303 0
39304 1
39305 0
39306 1
39307 0
39308 2
39309 1
39310 2
39311 1
39312 2
39313 0
39314 1
39315 2
39316 0
39317 2
39318 1
39319 0
39320 2
39321 1
39322 2
39323 1
39324 0
39325 1
39326 0
39327 1
39328 0
39329 1
39330 0
39331 2
39332 1
39333 3
39334 2
39335 0
39336 1
39337 2
39338 1
39339 0
39340 2
39341 1
39342 2
39343 1
39344 2
39345 0
39346 2
39347 1
39348 2
39349 1
39350 0
39351 1
39352 0
39353 1
39354 0
39355 3
39356 2
39357 3
39358 2
39359 0
39360 2
39361 3
39362 1
39363 0
39364 2
39365 1
39366 2
39367 0
39368 2
39369 0
39370 2
39371 0
39372 1
39373 0
39374 1
39375 2
39376 0
39377 3
39378 1
39379 2
39380 0
39381 2
39382 3
39383 0
39384 2
39385 1
39386 2
39387 0
39388 2
39389 1
39390 0
39391 2
39392 1
39393 2
39394 0
39395 1
39396 0
39397 2
39398 1
39399 0
39400 2
39401 0
39402 1
39403 0
39404 1
39405 2
39406 1
39407 2
39408 0
39409 1
39410 0
39411 2
39412 1
39413 0
39414 1
39415 2
39416 3
39417 0
39418 1
39419 2
39420 1
39421 0
39422 1
39423 0
39424 2
39425 1
39426 2
39427 1
39428 2
39429 1
39430 3
39431 1
39432 2
39433 1
39434 0
39435 3
39436 0
39437 1
39438 2
39439 0
39440 1
39441 0
39442 1
39443 0
39444 2
39445 1
39446 2
39447 0
39448 2
39449 1
39450 2
39451 0
39452 1
39453 0
39454 1
39455 0
39456 1
39457 0
39458 1
39459 3
39460 1
39461 0
39462 1
39463 2
39464 1
39465 0
39466 2
39467 1
39468 2
39469 1
39470 0
39471 2
39472 0
39473 1
39474 0
39475 1
39476 2
39477 0
39478 1
39479 0
39480 1
39481 2
39482 1
39483 0
39484 1
39485 0
39486 1
39487 0
39488 1
39489 0
39490 1
39491 2
39492 0
39493 1
39494 0
39495 1
39496 0
39497 2
39498 1
39499 0
39500 2
39501 0
39502 1
39503 0
39504 2
39505 3
39506 1
39507 0
39508 1
39509 0
39510 1
39511 0
39512 2
39513 1
39514 0
39515 1
39516 2
39517 0
39518 1
39519 0
39520 1
39521 0
39522 2
39523 1
39524 0
39525 1
39526 0
39527 2
39528 3
39529 1
39530 2
39531 3
39532 0
39533 1
39534 0
39535 2
39536 1
39537 2
39538 1
39539 2
39540 0
39541 1
39542 0
39543 3
39544 2
39545 0
39546 2
39547 0
39548 2
39549 3
39550 1
39551 3
39552 0
39553 2
39554 3
39555 1
39556 2
39557 1
39558 0
39559 2
39560 1
39561 2
39562 1
39563 2
39564 1
39565 0
39566 2
39567 1
39568 2
39569 0
39570 1
39571 2
39572 1
39573 2
39574 0
39575 1
39576 0
39577 2
39578 1
39579 2
39580 0
39581 2
39582 1
39583 2
39584 0
39585 1
39586 2
39587 1
39588 0
39589 1
39590 2
39591 0
39592 2
39593 1
39594 0
39595 2
39596 0
39597 1
39598 2
39599 3
39600 1
39601 0
39602 1
39603 0
39604 1
39605 3
39606 1
39607 2
39608 0
39609 1
39610 2
39611 0
39612 2
39613 0
39614 1
39615 3
39616 2
39617 0
39618 1
39619 0
39620 2
39621 1
39622 0
39623 2
39624 1
39625 3
39626 0
39627 1
39628 0
39629 2
39630 0
39631 1
39632 2
39633 1
39634 0
39635 2
39636 0
39637 1
39638 2
39639 1
39640 2
39641 0
39642 1
39643 0
39644 2
39645 0
39646 2
39647 1
39648 3
39649 0
39650 1
39651 0
39652 1
39653 2
39654 3
39655 2
39656 0
39657 1
39658 0
39659 1
39660 2
39661 0
39662 2
39663 1
39664 2
39665 0
39666 2
39667 0
39668 2
39669 0
39670 1
39671 2
39672 1
39673 2
39674 1
39675 0
39676 2
39677 3
39678 1
39679 3
39680 2
39681 3
39682 0
39683 1
39684 0
39685 1
39686 0
39687 1
39688 2
39689 1
39690 2
39691 3
39692 0
39693 1
39694 0
39695 1
39696 0
39697 1
39698 0
39699 1
39700 2
39701 1
39702 0
39703 2
39704 0
39705 2
39706 3
39707 1
39708 0
39709 2
39710 1
39711 0
39712 1
39713 2
39714 0
39715 2
39716 1
39717 2
39718 0
39719 2
39720 0
39721 2
39722 0
39723 2
39724 0
39725 1
39726 2
39727 0
39728 1
39729 0
39730 2
39731 1
39732 0
39733 1
39734 2
39735 1
39736 2
39737 0
39738 1
39739 0
39740 1
39741 0
39742 1
39743 2
39744 0
39745 3
39746 1
39747 0
39748 1
39749 2
39750 0
39751 1
39752 0
39753 2
39754 1
39755 0
39756 2
39757 1
39758 0
39759 1
39760 0
39761 1
39762 2
39763 1
39764 2
39765 0
39766 1
39767 0
39768 2
39769 1
39770 2
39771 1
39772 0
39773 1
39774 2
39775 0
39776 1
39777 0
39778 1
39779 0
39780 1
39781 0
39782 1
39783 2
39784 1
39785 0
39786 1
39787 2
39788 1
39789 0
39790 2
39791 0
39792 2
39793 0
39794 2
39795 1
39796 2
39797 1
39798 0
39799 3
39800 2
39801 0
39802 1
39803 3
39804 2
39805 3
39806 0
39807 1
39808 3
39809 0
39810 2
39811 1
39812 3
39813 2
39814 0
39815 2
39816 1
39817 3
39818 0
39819 1
39820 2
39821 0
39822 2
39823 1
39824 0
39825 1
39826 2
39827 0
39828 1
39829 0
39830 1
39831 0
39832 2
39833 1
39834 0
39835 1
39836 2
39837 0
39838 1
39839 0
39840 2
39841 0
39842 1
39843 0
39844 1
39845 3
39846 0
39847 1
39848 0
39849 2
39850 3
39851 0
39852 1
39853 2
39854 1
39855 0
39856 3
39857 1
39858 0
39859 2
39860 0
39861 1
39862 2
39863 0
39864 1
39865 3
39866 0
39867 1
39868 0
39869 2
39870 1
39871 2
39872 1
39873 0
39874 1
39875 2
39876 0
39877 3
39878 2
39879 1
39880 2
39881 1
39882 0
39883 2
39884 1
39885 2
39886 0
39887 1
39888 0
39889 2
39890 0
39891 1
39892 2
39893 1
39894 2
39895 1
39896 0
39897 2
39898 1
39899 3
39900 0
39901 1
39902 0
39903 1
39904 0
39905 3
39906 1
39907 2
39908 1
39909 0
39910 3
39911 1
39912 2
39913 0
39914 2
39915 1
39916 0
39917 3
39918 2
39919 0
39920 1
39921 0
39922 2
39923 3
39924 1
39925 0
39926 2
39927 1
39928 0
39929 2
39930 1
39931 2
39932 0
39933 2
39934 1
39935 0
39936 2
39937 1
39938 2
39939 0
39940 2
39941 1
39942 0
39943 2
39944 0
39945 2
39946 1
39947 2
39948 0
39949 3
39950 2
39951 3
39952 1
39953 3
39954 0
39955 1
39956 3
39957 2
39958 1
39959 2
39960 1
39961 0
39962 2
39963 3
39964 2
39965 1
39966 0
39967 2
39968 0
39969 2
39970 1
39971 2
39972 0
39973 2
39974 1
39975 2
39976 0
39977 1
39978 2
39979 1
39980 2
39981 0
39982 1
39983 0
39984 2
39985 1
39986 3
39987 0
39988 1
39989 0
39990 1
39991 0
39992 1
39993 3
39994 2
39995 1
39996 2
39997 1
39998 0
39999 2
40000 1
40001 0
40002 1
40003 2
40004 0
40005 2
40006 1
40007 0
40008 2
40009 0
40010 1
40011 2
40012 1
40013 3
40014 2
40015 0
40016 1
40017 2
40018 0
40019 1
40020 2
40021 3
40022 1
40023 0
40024 2
40025 1
40026 0
40027 2
40028 0
40029 1
40030 2
40031 1
40032 2
40033 0
40034 1
40035 3
40036 1
40037 0
40038 1
40039 3
40040 1
40041 0
40042 2
40043 3
40044 1
40045 2
40046 1
40047 0
40048 1
40049 0
40050 1
40051 0
40052 1
40053 0
40054 1
40055 0
40056 2
40057 0
40058 1
40059 3
40060 2
40061 0
40062 1
40063 0
40064 1
40065 2
40066 1
40067 0
40068 2
40069 3
40070 0
40071 1
40072 2
40073 0
40074 2
40075 1
40076 0
40077 3
40078 1
40079 2
40080 0
40081 1
40082 3
40083 0
40084 1
40085 2
40086 1
40087 2
40088 3
40089 1
40090 2
40091 0
40092 2
40093 1
40094 0
40095 3
40096 2
40097 1
40098 0
40099 1
40100 0
40101 2
40102 1
40103 0
40104 1
40105 0
40106 1
40107 2
40108 3
40109 0
40110 1
40111 0
40112 1
40113 0
40114 1
40115 0
40116 1
40117 2
40118 0
40119 1
40120 0
40121 2
40122 0
40123 1
40124 2
40125 0
40126 2
40127 1
40128 2
40129 0
40130 1
40131 2
40132 0
40133 2
40134 1
40135 2
40136 1
40137 0
40138 2
40139 1
40140 0
40141 2
40142 0
40143 1
40144 0
40145 1
40146 0
40147 3
40148 2
40149 0
40150 1
40151 2
40152 0
40153 1
40154 2
40155 0
40156 2
40157 0
40158 1
40159 0
40160 1
40161 2
40162 3
40163 1
40164 0
40165 1
40166 2
40167 1
40168 0
40169 1
40170 0
40171 1
40172 0
40173 1
40174 0
40175 1
40176 0
40177 1
40178 0
40179 1
40180 2
40181 1
40182 0
40183 1
40184 0
40185 1
40186 2
40187 1
40188 2
40189 1
40190 2
40191 1
40192 3
40193 0
40194 2
40195 0
40196 1
40197 2
40198 1
40199 0
40200 1
40201 0
40202 1
40203 0
40204 1
40205 3
40206 0
40207 1
40208 2
40209 1
40210 2
40211 1
40212 2
40213 3
40214 0
40215 1
40216 2
40217 1
40218 2
40219 0
40220 2
40221 1
40222 2
40223 0
40224 2
40225 1
40226 0
40227 2
40228 1
40229 0
40230 1
40231 2
40232 0
40233 1
40234 0
40235 1
40236 0
40237 1
40238 0
40239 1
40240 0
40241 1
40242 0
40243 1
40244 0
40245 1
40246 0
40247 2
40248 0
40249 1
40250 2
40251 0
40252 1
40253 2
40254 1
40255 2
40256 1
40257 0
40258 2
40259 0
40260 3
40261 2
40262 0
40263 1
40264 2
40265 1
40266 0
40267 1
40268 0
40269 1
40270 2
40271 0
40272 1
40273 0
40274 2
40275 1
40276 0
40277 2
40278 1
40279 0
40280 1
40281 0
40282 1
40283 0
40284 2
40285 0
40286 1
40287 0
40288 2
40289 0
40290 1
40291 2
40292 1
40293 3
40294 2
40295 0
40296 1
40297 2
40298 0
40299 2
40300 1
40301 2
40302 1
40303 2
40304 0
40305 2
40306 3
40307 2
40308 0
40309 1
40310 0
40311 2
40312 0
40313 1
40314 0
40315 3
40316 2
40317 0
40318 1
40319 0
40320 1
40321 0
40322 1
40323 0
40324 2
40325 1
40326 0
40327 2
40328 0
40329 2
40330 1
40331 2
40332 3
40333 1
40334 0
40335 1
40336 2
40337 1
40338 2
40339 3
40340 0
40341 1
40342 2
40343 1
40344 0
40345 2
40346 1
40347 2
40348 1
40349 0
40350 2
40351 1
40352 2
40353 0
40354 1
40355 2
40356 0
40357 1
40358 2
40359 1
40360 0
40361 1
40362 2
40363 1
40364 2
40365 0
40366 1
40367 0
40368 1
40369 2
40370 1
40371 0
40372 1
40373 0
40374 3
40375 1
40376 2
40377 0
40378 2
40379 1
40380 3
40381 2
40382 1
40383 0
40384 1
40385 0
40386 3
40387 1
40388 2
40389 0
40390 1
40391 2
40392 0
40393 1
40394 0
40395 2
40396 1
40397 0
40398 3
40399 1
40400 2
40401 0
40402 1
40403 0
40404 1
40405 0
40406 1
40407 2
40408 0
40409 1
40410 2
40411 3
40412 1
40413 3
40414 2
40415 0
40416 2
40417 0
40418 1
40419 0
40420 2
40421 0
40422 2
40423 0
40424 1
40425 2
40426 0
40427 2
40428 3
40429 2
40430 0
40431 1
40432 3
40433 2
40434 3
40435 0
40436 2
40437 1
40438 0
40439 2
40440 1
40441 0
40442 1
40443 2
40444 0
40445 1
40446 0
40447 1
40448 2
40449 0
40450 3
40451 1
40452 2
40453 0
40454 2
40455 1
40456 3
40457 0
40458 1
40459 0
40460 1
40461 0
40462 1
40463 0
40464 1
40465 0
40466 1
40467 0
40468 1
40469 2
40470 0
40471 2
40472 1
40473 2
40474 1
40475 2
40476 0
40477 2
40478 0
40479 1
40480 3
40481 0
40482 1
40483 2
40484 1
40485 0
40486 1
40487 0
40488 1
40489 2
40490 0
40491 2
40492 1
40493 0
40494 1
40495 0
40496 1
40497 0
40498 2
40499 0
40500 1
40501 0
40502 1
40503 2
40504 1
40505 0
40506 1
40507 2
40508 1
40509 0
40510 2
40511 1
40512 0
40513 2
40514 0
40515 3
40516 2
40517 0
40518 2
40519 1
40520 0
40521 1
40522 2
40523 0
40524 2
40525 1
40526 0
40527 1
40528 3
40529 0
40530 1
40531 2
40532 0
40533 1
40534 2
40535 3
40536 1
40537 0
40538 2
40539 1
40540 0
40541 1
40542 0
40543 1
40544 0
40545 1
40546 0
40547 1
40548 0
40549 1
40550 0
40551 1
40552 0
40553 2
40554 1
40555 0
40556 1
40557 0
40558 2
40559 0
40560 2
40561 1
40562 0
40563 1
40564 2
40565 0
40566 1
40567 0
40568 2
40569 1
40570 0
40571 1
40572 0
40573 1
40574 2
40575 3
40576 1
40577 0
40578 1
40579 0
40580 2
40581 0
40582 1
40583 0
40584 2
40585 3
40586 1
40587 0
40588 3
40589 1
40590 3
40591 2
40592 3
40593 2
40594 3
40595 0
40596 1
40597 0
40598 1
40599 3
40600 0
40601 1
40602 0
40603 1
40604 0
40605 2
40606 0
40607 3
40608 2
40609 0
40610 2
40611 0
40612 1
40613 2
40614 0
40615 1
40616 2
40617 3
40618 1
40619 2
40620 0
40621 2
40622 1
40623 2
40624 0
40625 1
40626 2
40627 0
40628 1
40629 2
40630 0
40631 2
40632 1
40633 2
40634 1
40635 0
40636 1
40637 2
40638 0
40639 2
40640 0
40641 2
40642 0
40643 1
40644 0
40645 2
40646 0
40647 2
40648 1
40649 2
40650 1
40651 2
40652 0
40653 1
40654 0
40655 2
40656 0
40657 1
40658 0
40659 1
40660 0
40661 2
40662 0
40663 1
40664 0
40665 1
40666 3
40667 2
40668 3
40669 2
40670 0
40671 1
40672 0
40673 1
40674 2
40675 0
40676 2
40677 0
40678 1
40679 0
40680 1
40681 0
40682 2
40683 1
40684 0
40685 1
40686 0
40687 1
40688 0
40689 1
40690 0
40691 1
40692 2
40693 0
40694 2
40695 1
40696 2
40697 0
40698 1
40699 0
40700 1
40701 0
40702 1
40703 0
40704 2
40705 1
40706 2
40707 1
40708 2
40709 0
40710 2
40711 1
40712 0
40713 2
40714 1
40715 0
40716 1
40717 0
40718 2
40719 1
40720 0
40721 2
40722 0
40723 2
40724 0
40725 1
40726 0
40727 1
40728 2
40729 0
40730 1
40731 2
40732 1
40733 0
40734 1
40735 2
40736 3
40737 1
40738 2
40739 0
40740 1
40741 0
40742 3
40743 2
40744 0
40745 2
40746 0
40747 1
40748 2
40749 0
40750 1
40751 0
40752 2
40753 0
40754 1
40755 0
40756 2
40757 1
40758 2
40759 0
40760 3
40761 2
40762 3
40763 0
40764 1
40765 0
40766 2
40767 0
40768 1
40769 2
40770 1
40771 2
40772 3
40773 1
40774 0
40775 1
40776 0
40777 1
40778 0
40779 3
40780 2
40781 0
40782 2
40783 0
40784 2
40785 1
40786 0
40787 1
40788 0
40789 1
40790 0
40791 1
40792 0
40793 2
40794 1
40795 0
40796 1
40797 0
40798 2
40799 1
40800 2
40801 3
40802 1
40803 0
40804 1
40805 0
40806 2
40807 1
40808 2
40809 1
40810 0
40811 1
40812 2
40813 0
40814 1
40815 2
40816 3
40817 0
40818 1
40819 0
40820 1
40821 0
40822 2
40823 0
40824 2
40825 1
40826 0
40827 2
40828 1
40829 2
40830 0
40831 1
40832 0
40833 2
40834 3
40835 1
40836 0
40837 2
40838 0
40839 2
40840 1
40841 0
40842 2
40843 0
40844 2
40845 0
40846 2
40847 1
40848 0
40849 1
40850 0
40851 1
40852 0
40853 2
40854 3
40855 2
40856 3
40857 1
40858 2
40859 0
40860 1
40861 0
40862 2
40863 1
40864 0
40865 1
40866 0
40867 1
40868 0
40869 1
40870 2
40871 0
40872 1
40873 0
40874 3
40875 1
40876 3
40877 0
40878 3
40879 1
40880 0
40881 2
40882 1
40883 0
40884 1
40885 0
40886 2
40887 1
40888 0
40889 1
40890 2
40891 0
40892 2
40893 0
40894 2
40895 1
40896 2
40897 0
40898 2
40899 1
40900 3
40901 0
40902 1
40903 0
40904 1
40905 2
40906 0
40907 1
40908 2
40909 0
40910 1
40911 0
40912 2
40913 1
40914 0
40915 2
40916 1
40917 2
40918 0
40919 3
40920 0
40921 1
40922 2
40923 0
40924 1
40925 0
40926 2
40927 1
40928 0
40929 2
40930 1
40931 0
40932 1
40933 2
40934 0
40935 1
40936 0
40937 1
40938 2
40939 0
40940 1
40941 2
40942 0
40943 1
40944 0
40945 1
40946 2
40947 1
40948 3
40949 0
40950 2
40951 1
40952 0
40953 1
40954 0
40955 2
40956 0
40957 2
40958 1
40959 2
40960 1
40961 0
40962 2
40963 1
40964 2
40965 1
40966 0
40967 2
40968 1
40969 2
40970 3
40971 0
40972 2
40973 0
40974 2
40975 0
40976 2
40977 1
40978 0
40979 1
40980 2
40981 0
40982 1
40983 2
40984 0
40985 2
40986 1
40987 2
40988 1
40989 2
40990 1
40991 2
40992 1
40993 0
40994 1
40995 2
40996 1
40997 0
40998 2
40999 1
41000 0
41001 1
41002 0
41003 1
41004 3
41005 1
41006 0
41007 2
41008 1
41009 0
41010 1
41011 2
41012 0
41013 2
41014 0
41015 1
41016 0
41017 1
41018 2
41019 1
41020 0
41021 2
41022 1
41023 3
41024 0
41025 1
41026 2
41027 1
41028 0
41029 2
41030 1
41031 2
41032 0
41033 1
41034 0
41035 1
41036 2
41037 0
41038 1
41039 0
41040 2
41041 1
41042 2
41043 1
41044 3
41045 0
41046 1
41047 0
41048 2
41049 1
41050 0
41051 1
41052 0
41053 2
41054 1
41055 0
41056 1
41057 2
41058 0
41059 1
41060 0
41061 1
41062 0
41063 1
41064 2
41065 3
41066 0
41067 1
41068 2
41069 0
41070 1
41071 0
41072 2
41073 0
41074 2
41075 1
41076 0
41077 1
41078 0
41079 1
41080 0
41081 2
41082 3
41083 1
41084 2
41085 0
41086 1
41087 0
41088 2
41089 1
41090 2
41091 1
41092 0
41093 1
41094 0
41095 1
41096 0
41097 2
41098 1
41099 2
41100 1
41101 0
41102 2
41103 1
41104 0
41105 2
41106 0
41107 3
41108 1
41109 2
41110 1
41111 3
41112 0
41113 2
41114 0
41115 2
41116 1
41117 0
41118 3
41119 1
41120 3
41121 2
41122 0
41123 2
41124 0
41125 1
41126 3
41127 0
41128 1
41129 0
41130 2
41131 3
41132 1
41133 0
41134 2
41135 1
41136 2
41137 0
41138 1
41139 0
41140 2
41141 0
41142 1
41143 2
41144 0
41145 2
41146 1
41147 0
41148 1
41149 2
41150 1
41151 2
41152 0
41153 2
41154 0
41155 2
41156 0
41157 2
41158 1
41159 2
41160 1
41161 0
41162 1
41163 0
41164 2
41165 0
41166 2
41167 1
41168 0
41169 1
41170 2
41171 0
41172 1
41173 2
41174 1
41175 0
41176 2
41177 0
41178 1
41179 2
41180 1
41181 2
41182 0
41183 2
41184 1
41185 2
41186 1
41187 0
41188 1
41189 0
41190 2
41191 1
41192 0
41193 2
41194 3
41195 1
41196 0
41197 2
41198 0
41199 2
41200 0
41201 1
41202 0
41203 3
41204 2
41205 0
41206 2
41207 1
41208 2
41209 1
41210 2
41211 1
41212 3
41213 2
41214 1
41215 2
41216 0
41217 2
41218 1
41219 0
41220 1
41221 0
41222 1
41223 3
41224 1
41225 0
41226 2
41227 1
41228 0
41229 1
41230 0
41231 3
41232 1
41233 0
41234 1
41235 2
41236 0
41237 1
41238 2
41239 1
41240 0
41241 2
41242 1
41243 0
41244 1
41245 0
41246 1
41247 2
41248 0
41249 1
41250 2
41251 0
41252 1
41253 0
41254 1
41255 0
41256 2
41257 0
41258 1
41259 3
41260 1
41261 2
41262 1
41263 3
41264 2
41265 0
41266 2
41267 0
41268 2
41269 0
41270 2
41271 1
41272 0
41273 2
41274 3
41275 1
41276 2
41277 1
41278 2
41279 0
41280 1
41281 2
41282 0
41283 1
41284 0
41285 1
41286 2
41287 0
41288 2
41289 1
41290 0
41291 2
41292 1
41293 2
41294 1
41295 2
41296 0
41297 1
41298 0
41299 1
41300 0
41301 1
41302 3
41303 0
41304 1
41305 3
41306 0
41307 1
41308 3
41309 2
41310 1
41311 0
41312 2
41313 1
41314 2
41315 3
41316 1
41317 0
41318 1
41319 2
41320 1
41321 2
41322 0
41323 1
41324 2
41325 0
41326 1
41327 2
41328 1
41329 0
41330 2
41331 0
41332 3
41333 2
41334 1
41335 0
41336 1
41337 2
41338 0
41339 1
41340 0
41341 1
41342 0
41343 1
41344 2
41345 1
41346 2
41347 0
41348 1
41349 0
41350 1
41351 0
41352 1
41353 0
41354 1
41355 0
41356 2
41357 0
41358 2
41359 1
41360 2
41361 3
41362 0
41363 1
41364 3
41365 0
41366 1
41367 0
41368 3
41369 2
41370 3
41371 1
41372 2
41373 1
41374 0
41375 2
41376 1
41377 0
41378 1
41379 0
41380 1
41381 2
41382 0
41383 2
41384 1
41385 2
41386 0
41387 1
41388 2
41389 1
41390 2
41391 3
41392 1
41393 0
41394 1
41395 0
41396 1
41397 0
41398 1
41399 0
41400 2
41401 0
41402 1
41403 3
41404 0
41405 2
41406 0
41407 1
41408 2
41409 0
41410 1
41411 2
41412 1
41413 2
41414 3
41415 1
41416 0
41417 1
41418 0
41419 2
41420 0
41421 1
41422 2
41423 0
41424 2
41425 0
41426 1
41427 0
41428 1
41429 0
41430 1
41431 0
41432 1
41433 0
41434 2
41435 3
41436 0
41437 1
41438 0
41439 2
41440 0
41441 2
41442 3
41443 0
41444 2
41445 3
41446 1
41447 0
41448 1
41449 0
41450 2
41451 0
41452 1
41453 3
41454 2
41455 0
41456 1
41457 0
41458 1
41459 0
41460 2
41461 1
41462 0
41463 1
41464 2
41465 1
41466 2
41467 1
41468 3
41469 0
41470 2
41471 1
41472 3
41473 0
41474 2
41475 3
41476 1
41477 0
41478 2
41479 1
41480 0
41481 1
41482 0
41483 1
41484 2
41485 1
41486 0
41487 2
41488 0
41489 2
41490 1
41491 0
41492 1
41493 2
41494 0
41495 1
41496 2
41497 1
41498 2
41499 1
41500 2
41501 3
41502 2
41503 1
41504 2
41505 0
41506 2
41507 1
41508 0
41509 1
41510 0
41511 1
41512 0
41513 2
41514 1
41515 0
41516 2
41517 0
41518 1
41519 0
41520 1
41521 2
41522 1
41523 2
41524 0
41525 1
41526 0
41527 1
41528 0
41529 1
41530 0
41531 1
41532 2
41533 1
41534 0
41535 1
41536 0
41537 1
41538 2
41539 0
41540 2
41541 1
41542 2
41543 0
41544 1
41545 0
41546 1
41547 2
41548 3
41549 0
41550 1
41551 3
41552 2
41553 3
41554 1
41555 2
41556 1
41557 0
41558 2
41559 1
41560 2
41561 1
41562 2
41563 0
41564 1
41565 0
41566 1
41567 2
41568 0
41569 2
41570 1
41571 2
41572 0
41573 2
41574 1
41575 2
41576 0
41577 2
41578 3
41579 1
41580 2
41581 3
41582 1
41583 2
41584 1
41585 2
41586 3
41587 1
41588 2
41589 0
41590 2
41591 1
41592 0
41593 2
41594 1
41595 2
41596 1
41597 0
41598 1
41599 0
41600 1
41601 0
41602 2
41603 1
41604 2
41605 0
41606 1
41607 2
41608 0
41609 1
41610 0
41611 2
41612 1
41613 0
41614 1
41615 0
41616 1
41617 2
41618 0
41619 1
41620 2
41621 1
41622 0
41623 1
41624 2
41625 1
41626 0
41627 1
41628 2
41629 1
41630 0
41631 1
41632 0
41633 1
41634 0
41635 2
41636 1
41637 0
41638 1
41639 0
41640 1
41641 0
41642 1
41643 0
41644 1
41645 0
41646 1
41647 0
41648 2
41649 0
41650 1
41651 0
41652 2
41653 0
41654 1
41655 2
41656 0
41657 2
41658 1
41659 3
41660 0
41661 2
41662 1
41663 0
41664 1
41665 2
41666 1
41667 0
41668 2
41669 0
41670 3
41671 2
41672 0
41673 1
41674 2
41675 0
41676 2
41677 1
41678 2
41679 1
41680 0
41681 2
41682 1
41683 0
41684 2
41685 0
41686 1
41687 2
41688 3
41689 2
41690 0
41691 2
41692 0
41693 1
41694 2
41695 1
41696 0
41697 1
41698 0
41699 1
41700 0
41701 1
41702 0
41703 1
41704 3
41705 0
41706 1
41707 2
41708 0
41709 1
41710 2
41711 0
41712 1
41713 0
41714 1
41715 0
41716 1
41717 0
41718 1
41719 0
41720 2
41721 1
41722 0
41723 2
41724 1
41725 2
41726 0
41727 2
41728 3
41729 0
41730 1
41731 0
41732 1
41733 0
41734 1
41735 0
41736 2
41737 1
41738 0
41739 2
41740 1
41741 2
41742 0
41743 2
41744 0
41745 3
41746 2
41747 0
41748 2
41749 1
41750 0
41751 2
41752 3
41753 0
41754 1
41755 0
41756 1
41757 2
41758 0
41759 1
41760 2
41761 1
41762 0
41763 1
41764 2
41765 0
41766 1
41767 2
41768 1
41769 0
41770 1
41771 0
41772 2
41773 1
41774 2
41775 1
41776 0
41777 1
41778 0
41779 2
41780 1
41781 2
41782 1
41783 0
41784 1
41785 2
41786 0
41787 1
41788 0
41789 1
41790 0
41791 2
41792 1
41793 0
41794 1
41795 3
41796 0
41797 2
41798 1
41799 2
41800 1
41801 0
41802 1
41803 0
41804 2
41805 1
41806 3
41807 0
41808 1
41809 2
41810 0
41811 2
41812 1
41813 2
41814 0
41815 2
41816 0
41817 2
41818 1
41819 2
41820 0
41821 2
41822 0
41823 1
41824 0
41825 2
41826 0
41827 1
41828 2
41829 3
41830 0
41831 2
41832 0
41833 1
41834 0
41835 1
41836 0
41837 2
41838 0
41839 1
41840 0
41841 1
41842 2
41843 0
41844 2
41845 1
41846 2
41847 0
41848 1
41849 2
41850 1
41851 2
41852 3
41853 0
41854 2
41855 0
41856 2
41857 1
41858 0
41859 2
41860 1
41861 2
41862 1
41863 0
41864 1
41865 2
41866 0
41867 1
41868 0
41869 2
41870 1
41871 0
41872 1
41873 0
41874 2
41875 0
41876 2
41877 1
41878 0
41879 2
41880 3
41881 1
41882 2
41883 1
41884 2
41885 0
41886 1
41887 3
41888 0
41889 3
41890 1
41891 2
41892 1
41893 2
41894 1
41895 0
41896 1
41897 2
41898 1
41899 3
41900 0
41901 2
41902 0
41903 1
41904 2
41905 0
41906 3
41907 1
41908 0
41909 1
41910 2
41911 0
41912 1
41913 0
41914 1
41915 0
41916 1
41917 0
41918 1
41919 0
41920 1
41921 2
41922 0
41923 2
41924 0
41925 2
41926 1
41927 2
41928 1
41929 2
41930 0
41931 1
41932 2
41933 0
41934 1
41935 0
41936 2
41937 3
41938 0
41939 2
41940 1
41941 2
41942 0
41943 2
41944 1
41945 2
41946 0
41947 2
41948 0
41949 1
41950 2
41951 0
41952 1
41953 0
41954 3
41955 2
41956 1
41957 2
41958 0
41959 1
41960 2
41961 0
41962 1
41963 2
41964 0
41965 1
41966 0
41967 1
41968 0
41969 2
41970 0
41971 1
41972 2
41973 1
41974 0
41975 2
41976 0
41977 3
41978 2
41979 0
41980 2
41981 1
41982 0
41983 2
41984 1
41985 2
41986 1
41987 0
41988 2
41989 3
41990 0
41991 2
41992 0
41993 1
41994 0
41995 1
41996 2
41997 1
41998 3
41999 2
42000 0
42001 1
42002 2
42003 0
42004 2
42005 0
42006 1
42007 0
42008 1
42009 2
42010 0
42011 1
42012 0
42013 1
42014 2
42015 0
42016 1
42017 2
42018 0
42019 1
42020 3
42021 2
42022 0
42023 1
42024 0
42025 1
42026 0
42027 1
42028 0
42029 1
42030 0
42031 1
42032 0
42033 2
42034 1
42035 0
42036 2
42037 1
42038 2
42039 1
42040 2
42041 0
42042 1
42043 0
42044 1
42045 0
42046 1
42047 2
42048 1
42049 2
42050 0
42051 2
42052 1
42053 0
42054 1
42055 2
42056 3
42057 1
42058 2
42059 0
42060 2
42061 0
42062 2
42063 0
42064 2
42065 1
42066 3
42067 2
42068 1
42069 2
42070 0
42071 2
42072 1
42073 3
42074 2
42075 1
42076 2
42077 1
42078 0
42079 1
42080 0
42081 3
42082 2
42083 1
42084 0
42085 3
42086 2
42087 0
42088 1
42089 0
42090 2
42091 0
42092 1
42093 2
42094 1
42095 2
42096 1
42097 0
42098 1
42099 0
42100 1
42101 2
42102 1
42103 2
42104 0
42105 2
42106 1
42107 2
42108 0
42109 2
42110 1
42111 0
42112 2
42113 3
42114 0
42115 2
42116 1
42117 0
42118 2
42119 3
42120 1
42121 2
42122 0
42123 1
42124 0
42125 1
42126 2
42127 0
42128 1
42129 0
42130 1
42131 2
42132 1
42133 2
42134 0
42135 1
42136 0
42137 1
42138 2
42139 0
42140 1
42141 2
42142 0
42143 2
42144 1
42145 0
42146 1
42147 2
42148 0
42149 1
42150 2
42151 0
42152 3
42153 1
42154 0
42155 1
42156 2
42157 1
42158 0
42159 2
42160 0
42161 1
42162 0
42163 1
42164 0
42165 3
42166 1
42167 0
42168 1
42169 0
42170 1
42171 0
42172 1
42173 0
42174 2
42175 0
42176 3
42177 0
42178 1
42179 0
42180 1
42181 0
42182 1
42183 3
42184 2
42185 1
42186 0
42187 1
42188 0
42189 2
42190 0
42191 2
42192 1
42193 2
42194 1
42195 0
42196 1
42197 0
42198 2
42199 0
42200 1
42201 0
42202 2
42203 1
42204 2
42205 0
42206 1
42207 2
42208 1
42209 2
42210 0
42211 2
42212 0
42213 2
42214 0
42215 2
42216 1
42217 0
42218 1
42219 0
42220 3
42221 2
42222 1
42223 2
42224 3
42225 0
42226 1
42227 3
42228 2
42229 1
42230 0
42231 1
42232 0
42233 2
42234 0
42235 3
42236 0
42237 1
42238 2
42239 3
42240 1
42241 2
42242 0
42243 2
42244 3
42245 1
42246 0
42247 1
42248 0
42249 1
42250 0
42251 2
42252 0
42253 1
42254 0
42255 1
42256 0
42257 1
42258 0
42259 2
42260 0
42261 2
42262 1
42263 2
42264 1
42265 2
42266 0
42267 1
42268 0
42269 1
42270 0
42271 1
42272 2
42273 1
42274 2
42275 1
42276 0
42277 1
42278 3
42279 2
42280 1
42281 0
42282 2
42283 3
42284 1
42285 2
42286 0
42287 2
42288 3
42289 2
42290 0
42291 1
42292 0
42293 1
42294 0
42295 2
42296 0
42297 2
42298 3
42299 0
42300 2
42301 1
42302 2
42303 3
42304 2
42305 0
42306 2
42307 3
42308 1
42309 0
42310 3
42311 1
42312 0
42313 1
42314 0
42315 1
42316 2
42317 0
42318 2
42319 1
42320 0
42321 2
42322 1
42323 2
42324 0
42325 3
42326 0
42327 1
42328 0
42329 2
42330 0
42331 1
42332 0
42333 1
42334 0
42335 1
42336 3
42337 2
42338 0
42339 1
42340 2
42341 0
42342 2
42343 0
42344 3
42345 0
42346 1
42347 2
42348 0
42349 3
42350 1
42351 2
42352 0
42353 1
42354 2
42355 1
42356 0
42357 1
42358 0
42359 2
42360 1
42361 0
42362 2
42363 3
42364 1
42365 2
42366 0
42367 1
42368 2
42369 0
42370 1
42371 0
42372 1
42373 0
42374 2
42375 1
42376 3
42377 2
42378 0
42379 1
42380 3
42381 1
42382 0
42383 2
42384 0
42385 1
42386 0
42387 2
42388 0
42389 1
42390 0
42391 1
42392 2
42393 0
42394 1
42395 0
42396 1
42397 0
42398 1
42399 0
42400 1
42401 0
42402 2
42403 1
42404 2
42405 0
42406 1
42407 0
42408 1
42409 3
42410 1
42411 2
42412 0
42413 1
42414 0
42415 1
42416 0
42417 2
42418 0
42419 1
42420 0
42421 2
42422 1
42423 2
42424 1
42425 0
42426 2
42427 1
42428 0
42429 1
42430 0
42431 2
42432 0
42433 1
42434 2
42435 1
42436 2
42437 3
42438 0
42439 2
42440 1
42441 2
42442 0
42443 1
42444 2
42445 0
42446 2
42447 0
42448 1
42449 0
42450 1
42451 0
42452 1
42453 2
42454 0
42455 1
42456 0
42457 1
42458 0
42459 2
42460 1
42461 0
42462 1
42463 2
42464 0
42465 2
42466 1
42467 0
42468 2
42469 1
42470 2
42471 0
42472 2
42473 0
42474 2
42475 0
42476 2
42477 1
42478 2
42479 3
42480 0
42481 2
42482 3
42483 0
42484 1
42485 2
42486 0
42487 1
42488 2
42489 3
42490 1
42491 0
42492 2
42493 0
42494 1
42495 0
42496 1
42497 2
42498 0
42499 2
42500 1
42501 0
42502 1
42503 2
42504 0
42505 1
42506 0
42507 3
42508 0
42509 1
42510 0
42511 2
42512 3
42513 1
42514 2
42515 3
42516 0
42517 2
42518 1
42519 2
42520 1
42521 0
42522 2
42523 3
42524 0
42525 1
42526 0
42527 1
42528 0
42529 2
42530 0
42531 1
42532 2
42533 0
42534 2
42535 1
42536 0
42537 1
42538 0
42539 1
42540 2
42541 0
42542 1
42543 0
42544 1
42545 0
42546 2
42547 0
42548 2
42549 1
42550 0
42551 2
42552 1
42553 0
42554 1
42555 2
42556 3
42557 0
42558 1
42559 2
42560 0
42561 1
42562 2
42563 1
42564 2
42565 0
42566 1
42567 0
42568 1
42569 2
42570 1
42571 0
42572 2
42573 1
42574 0
42575 2
42576 0
42577 1
42578 0
42579 2
42580 1
42581 0
42582 2
42583 0
42584 1
42585 0
42586 1
42587 0
42588 3
42589 1
42590 2
42591 3
42592 0
42593 1
42594 0
42595 1
42596 0
42597 2
42598 1
42599 0
42600 1
42601 0
42602 1
42603 0
42604 1
42605 0
42606 1
42607 2
42608 3
42609 2
42610 3
42611 0
42612 2
42613 0
42614 1
42615 2
42616 0
42617 1
42618 0
42619 1
42620 0
42621 2
42622 1
42623 2
42624 0
42625 1
42626 0
42627 1
42628 0
42629 2
42630 0
42631 1
42632 2
42633 1
42634 2
42635 0
42636 2
42637 1
42638 0
42639 2
42640 1
42641 0
42642 1
42643 0
42644 3
42645 0
42646 1
42647 0
42648 2
42649 1
42650 2
42651 1
42652 0
42653 1
42654 0
42655 2
42656 1
42657 2
42658 0
42659 1
42660 0
42661 2
42662 0
42663 2
42664 1
42665 2
42666 1
42667 2
42668 0
42669 2
42670 3
42671 1
42672 0
42673 1
42674 0
42675 1
42676 2
42677 1
42678 0
42679 2
42680 1
42681 0
42682 2
42683 3
42684 1
42685 2
42686 0
42687 1
42688 0
42689 1
42690 0
42691 1
42692 0
42693 1
42694 0
42695 1
42696 0
42697 2
42698 0
42699 1
42700 0
42701 1
42702 2
42703 1
42704 0
42705 3
42706 1
42707 0
42708 2
42709 1
42710 2
42711 1
42712 2
42713 1
42714 0
42715 1
42716 0
42717 1
42718 3
42719 1
42720 2
42721 0
42722 2
42723 3
42724 1
42725 2
42726 0
42727 1
42728 3
42729 2
42730 0
42731 2
42732 1
42733 2
42734 0
42735 2
42736 3
42737 1
42738 0
42739 1
42740 2
42741 1
42742 3
42743 2
42744 0
42745 2
42746 1
42747 0
42748 2
42749 1
42750 0
42751 1
42752 0
42753 2
42754 1
42755 2
42756 0
42757 1
42758 3
42759 1
42760 0
42761 1
42762 2
42763 1
42764 2
42765 0
42766 1
42767 0
42768 1
42769 2
42770 0
42771 2
42772 1
42773 2
42774 0
42775 1
42776 2
42777 1
42778 2
42779 0
42780 2
42781 1
42782 0
42783 1
42784 2
42785 3
42786 0
42787 1
42788 2
42789 1
42790 2
42791 0
42792 1
42793 0
42794 1
42795 2
42796 1
42797 0
42798 1
42799 0
42800 2
42801 1
42802 0
42803 1
42804 2
42805 1
42806 0
42807 2
42808 1
42809 0
42810 1
42811 2
42812 0
42813 2
42814 0
42815 1
42816 0
42817 1
42818 0
42819 2
42820 0
42821 1
42822 0
42823 2
42824 1
42825 2
42826 0
42827 2
42828 3
42829 0
42830 2
42831 0
42832 2
42833 1
42834 2
42835 1
42836 0
42837 1
42838 0
42839 2
42840 1
42841 0
42842 1
42843 2
42844 1
42845 0
42846 1
42847 0
42848 1
42849 0
42850 2
42851 1
42852 2
42853 0
42854 1
42855 2
42856 0
42857 1
42858 0
42859 1
42860 0
42861 1
42862 0
42863 1
42864 0
42865 2
42866 1
42867 2
42868 0
42869 1
42870 0
42871 2
42872 1
42873 2
42874 3
42875 0
42876 2
42877 1
42878 0
42879 2
42880 1
42881 0
42882 1
42883 3
42884 2
42885 0
42886 1
42887 2
42888 1
42889 2
42890 0
42891 1
42892 2
42893 1
42894 0
42895 1
42896 2
42897 0
42898 1
42899 0
42900 1
42901 2
42902 0
42903 1
42904 0
42905 3
42906 1
42907 2
42908 0
42909 1
42910 0
42911 1
42912 0
42913 1
42914 2
42915 0
42916 2
42917 1
42918 2
42919 0
42920 1
42921 0
42922 1
42923 2
42924 3
42925 0
42926 1
42927 2
42928 0
42929 2
42930 0
42931 3
42932 2
42933 1
42934 2
42935 0
42936 1
42937 0
42938 2
42939 0
42940 2
42941 1
42942 0
42943 1
42944 0
42945 2
42946 0
42947 2
42948 0
42949 3
42950 2
42951 3
42952 0
42953 1
42954 0
42955 2
42956 0
42957 1
42958 2
42959 3
42960 1
42961 2
42962 1
42963 0
42964 1
42965 0
42966 1
42967 0
42968 2
42969 1
42970 0
42971 1
42972 0
42973 1
42974 2
42975 0
42976 2
42977 1
42978 0
42979 1
42980 2
42981 3
42982 1
42983 3
42984 0
42985 1
42986 3
42987 2
42988 0
42989 1
42990 2
42991 1
42992 2
42993 0
42994 2
42995 0
42996 2
42997 0
42998 2
42999 1
43000 2
43001 1
43002 0
43003 2
43004 3
43005 1
43006 3
43007 0
43008 1
43009 2
43010 0
43011 1
43012 0
43013 1
43014 0
43015 2
43016 1
43017 3
43018 0
43019 1
43020 2
43021 1
43022 3
43023 0
43024 1
43025 2
43026 0
43027 2
43028 0
43029 1
43030 0
43031 1
43032 2
43033 0
43034 1
43035 2
43036 1
43037 0
43038 2
43039 0
43040 1
43041 0
43042 1
43043 0
43044 2
43045 1
43046 0
43047 3
43048 2
43049 1
43050 0
43051 1
43052 0
43053 1
43054 0
43055 1
43056 0
43057 1
43058 2
43059 0
43060 1
43061 2
43062 0
43063 1
43064 2
43065 0
43066 1
43067 0
43068 1
43069 3
43070 0
43071 2
43072 0
43073 2
43074 1
43075 0
43076 2
43077 1
43078 0
43079 2
43080 1
43081 0
43082 2
43083 1
43084 2
43085 0
43086 1
43087 2
43088 1
43089 0
43090 1
43091 2
43092 0
43093 1
43094 2
43095 0
43096 1
43097 0
43098 2
43099 1
43100 0
43101 1
43102 2
43103 0
43104 2
43105 0
43106 2
43107 1
43108 0
43109 2
43110 0
43111 2
43112 0
43113 3
43114 1
43115 2
43116 1
43117 0
43118 1
43119 2
43120 1
43121 2
43122 0
43123 2
43124 0
43125 1
43126 0
43127 1
43128 0
43129 1
43130 2
43131 0
43132 1
43133 0
43134 1
43135 0
43136 1
43137 2
43138 0
43139 1
43140 0
43141 3
43142 0
43143 1
43144 2
43145 1
43146 2
43147 0
43148 2
43149 1
43150 0
43151 2
43152 0
43153 2
43154 1
43155 2
43156 1
43157 0
43158 1
43159 0
43160 1
43161 2
43162 0
43163 1
43164 0
43165 2
43166 1
43167 2
43168 1
43169 2
43170 0
43171 1
43172 2
43173 1
43174 0
43175 1
43176 0
43177 2
43178 0
43179 1
43180 0
43181 3
43182 2
43183 1
43184 2
43185 1
43186 2
43187 0
43188 1
43189 0
43190 1
43191 0
43192 1
43193 0
43194 2
43195 1
43196 0
43197 1
43198 3
43199 0
43200 2
43201 0
43202 2
43203 1
43204 0
43205 1
43206 3
43207 0
43208 1
43209 0
43210 3
43211 1
43212 0
43213 1
43214 2
43215 0
43216 1
43217 0
43218 2
43219 1
43220 0
43221 1
43222 0
43223 1
43224 2
43225 1
43226 2
43227 0
43228 2
43229 1
43230 2
43231 0
43232 2
43233 0
43234 1
43235 2
43236 0
43237 1
43238 3
43239 2
43240 3
43241 0
43242 1
43243 2
43244 1
43245 0
43246 2
43247 0
43248 2
43249 1
43250 0
43251 2
43252 0
43253 3
43254 1
43255 2
43256 0
43257 1
43258 2
43259 0
43260 2
43261 1
43262 2
43263 0
43264 2
43265 1
43266 2
43267 1
43268 2
43269 0
43270 1
43271 0
43272 1
43273 0
43274 2
43275 0
43276 1
43277 3
43278 1
43279 0
43280 2
43281 1
43282 3
43283 0
43284 1
43285 2
43286 0
43287 1
43288 2
43289 0
43290 1
43291 2
43292 1
43293 2
43294 1
43295 0
43296 1
43297 0
43298 1
43299 0
43300 1
43301 0
43302 1
43303 0
43304 2
43305 3
43306 1
43307 0
43308 2
43309 1
43310 0
43311 1
43312 0
43313 2
43314 1
43315 2
43316 0
43317 1
43318 2
43319 1
43320 0
43321 2
43322 3
43323 0
43324 1
43325 2
43326 1
43327 0
43328 1
43329 0
43330 1
43331 0
43332 1
43333 0
43334 2
43335 0
43336 1
43337 2
43338 0
43339 2
43340 0
43341 1
43342 2
43343 3
43344 0
43345 2
43346 1
43347 0
43348 2
43349 1
43350 2
43351 1
43352 0
43353 2
43354 1
43355 0
43356 1
43357 0
43358 1
43359 2
43360 0
43361 1
43362 2
43363 1
43364 2
43365 0
43366 3
43367 1
43368 0
43369 2
43370 0
43371 2
43372 0
43373 1
43374 2
43375 1
43376 0
43377 1
43378 0
43379 1
43380 0
43381 2
43382 0
43383 1
43384 0
43385 1
43386 0
43387 1
43388 2
43389 1
43390 0
43391 1
43392 3
43393 0
43394 2
43395 0
43396 2
43397 1
43398 0
43399 2
43400 1
43401 2
43402 1
43403 0
43404 2
43405 1
43406 0
43407 1
43408 0
43409 1
43410 0
43411 2
43412 0
43413 1
43414 0
43415 1
43416 0
43417 1
43418 2
43419 1
43420 2
43421 0
43422 2
43423 0
43424 2
43425 0
43426 1
43427 0
43428 2
43429 0
43430 2
43431 1
43432 2
43433 3
43434 0
43435 3
43436 1
43437 0
43438 2
43439 0
43440 2
43441 1
43442 3
43443 2
43444 0
43445 1
43446 0
43447 1
43448 2
43449 0
43450 1
43451 2
43452 1
43453 0
43454 2
43455 1
43456 2
43457 0
43458 2
43459 0
43460 1
43461 2
43462 0
43463 2
43464 1
43465 2
43466 0
43467 1
43468 2
43469 1
43470 2
43471 1
43472 0
43473 1
43474 2
43475 0
43476 1
43477 0
43478 2
43479 1
43480 0
43481 1
43482 3
43483 2
43484 0
43485 1
43486 2
43487 0
43488 1
43489 0
43490 1
43491 0
43492 2
43493 1
43494 2
43495 3
43496 0
43497 1
43498 0
43499 1
43500 2
43501 0
43502 2
43503 1
43504 2
43505 1
43506 2
43507 3
43508 0
43509 2
43510 0
43511 2
43512 3
43513 1
43514 2
43515 1
43516 0
43517 1
43518 0
43519 1
43520 2
43521 0
43522 2
43523 1
43524 0
43525 2
43526 1
43527 2
43528 1
43529 2
43530 1
43531 0
43532 2
43533 1
43534 2
43535 0
43536 2
43537 3
43538 1
43539 0
43540 1
43541 0
43542 1
43543 2
43544 1
43545 0
43546 1
43547 3
43548 0
43549 2
43550 1
43551 0
43552 2
43553 1
43554 0
43555 2
43556 1
43557 2
43558 0
43559 2
43560 1
43561 0
43562 1
43563 0
43564 1
43565 0
43566 1
43567 3
43568 0
43569 2
43570 1
43571 0
43572 2
43573 0
43574 1
43575 2
43576 0
43577 1
43578 0
43579 3
43580 0
43581 2
43582 0
43583 1
43584 2
43585 0
43586 3
43587 1
43588 3
43589 0
43590 2
43591 0
43592 1
43593 0
43594 2
43595 1
43596 0
43597 2
43598 0
43599 2
43600 1
43601 2
43602 3
43603 1
43604 0
43605 1
43606 2
43607 0
43608 1
43609 2
43610 0
43611 1
43612 2
43613 0
43614 3
43615 1
43616 0
43617 2
43618 3
43619 0
43620 1
43621 2
43622 0
43623 1
43624 2
43625 0
43626 1
43627 0
43628 2
43629 1
43630 2
43631 1
43632 2
43633 3
43634 0
43635 1
43636 0
43637 1
43638 2
43639 0
43640 1
43641 2
43642 0
43643 1
43644 0
43645 1
43646 0
43647 2
43648 1
43649 0
43650 2
43651 1
43652 2
43653 1
43654 2
43655 1
43656 2
43657 3
43658 1
43659 0
43660 2
43661 0
43662 1
43663 0
43664 2
43665 0
43666 1
43667 2
43668 1
43669 2
43670 1
43671 0
43672 1
43673 2
43674 0
43675 2
43676 1
43677 2
43678 1
43679 0
43680 2
43681 0
43682 1
43683 0
43684 1
43685 0
43686 2
43687 0
43688 2
43689 0
43690 2
43691 1
43692 2
43693 0
43694 2
43695 1
43696 0
43697 1
43698 2
43699 0
43700 3
43701 2
43702 1
43703 2
43704 1
43705 0
43706 1
43707 2
43708 0
43709 3
43710 1
43711 0
43712 2
43713 3
43714 1
43715 2
43716 1
43717 2
43718 3
43719 2
43720 0
43721 1
43722 2
43723 1
43724 2
43725 3
43726 2
43727 1
43728 0
43729 3
43730 1
43731 2
43732 0
43733 2
43734 1
43735 0
43736 1
43737 0
43738 2
43739 1
43740 2
43741 0
43742 1
43743 2
43744 3
43745 1
43746 2
43747 0
43748 2
43749 0
43750 1
43751 0
43752 2
43753 1
43754 0
43755 1
43756 2
43757 1
43758 2
43759 0
43760 1
43761 0
43762 2
43763 1
43764 0
43765 2
43766 1
43767 0
43768 1
43769 0
43770 3
43771 0
43772 2
43773 1
43774 0
43775 2
43776 0
43777 1
43778 0
43779 3
43780 1
43781 0
43782 2
43783 1
43784 2
43785 1
43786 0
43787 3
43788 0
43789 1
43790 0
43791 2
43792 3
43793 0
43794 3
43795 2
43796 0
43797 1
43798 2
43799 0
43800 1
43801 0
43802 1
43803 0
43804 1
43805 3
43806 2
43807 0
43808 2
43809 1
43810 0
43811 3
43812 1
43813 2
43814 0
43815 2
43816 1
43817 0
43818 3
43819 1
43820 2
43821 0
43822 1
43823 0
43824 2
43825 1
43826 0
43827 3
43828 0
43829 2
43830 1
43831 0
43832 1
43833 0
43834 2
43835 1
43836 0
43837 1
43838 2
43839 0
43840 2
43841 1
43842 0
43843 1
43844 2
43845 0
43846 2
43847 1
43848 3
43849 2
43850 1
43851 0
43852 2
43853 1
43854 0
43855 1
43856 2
43857 0
43858 1
43859 2
43860 0
43861 1
43862 2
43863 0
43864 1
43865 2
43866 0
43867 1
43868 0
43869 2
43870 0
43871 1
43872 2
43873 0
43874 2
43875 3
43876 0
43877 1
43878 2
43879 1
43880 3
43881 2
43882 1
43883 3
43884 1
43885 0
43886 1
43887 2
43888 1
43889 0
43890 1
43891 0
43892 2
43893 1
43894 2
43895 0
43896 1
43897 0
43898 1
43899 0
43900 2
43901 1
43902 2
43903 0
43904 2
43905 1
43906 2
43907 0
43908 2
43909 3
43910 1
43911 2
43912 1
43913 0
43914 3
43915 1
43916 2
43917 3
43918 0
43919 3
43920 2
43921 0
43922 3
43923 1
43924 2
43925 0
43926 1
43927 3
43928 2
43929 1
43930 0
43931 1
43932 0
43933 1
43934 0
43935 1
43936 2
43937 0
43938 2
43939 0
43940 1
43941 2
43942 3
43943 1
43944 0
43945 1
43946 0
43947 1
43948 2
43949 1
43950 0
43951 1
43952 0
43953 2
43954 0
43955 3
43956 2
43957 0
43958 2
43959 0
43960 2
43961 0
43962 1
43963 2
43964 1
43965 0
43966 1
43967 0
43968 3
43969 2
43970 3
43971 0
43972 2
43973 1
43974 2
43975 3
43976 1
43977 0
43978 1
43979 2
43980 0
43981 1
43982 2
43983 1
43984 0
43985 3
43986 2
43987 0
43988 2
43989 1
43990 0
43991 1
43992 2
43993 3
43994 1
43995 2
43996 0
43997 1
43998 0
43999 1
44000 3
44001 0
44002 1
44003 0
44004 1
44005 0
44006 1
44007 0
44008 1
44009 0
44010 1
44011 0
44012 2
44013 1
44014 0
44015 1
44016 0
44017 2
44018 0
44019 2
44020 1
44021 2
44022 0
44023 2
44024 0
44025 2
44026 0
44027 1
44028 0
44029 1
44030 2
44031 3
44032 0
44033 1
44034 2
44035 0
44036 1
44037 0
44038 1
44039 2
44040 0
44041 1
44042 0
44043 1
44044 0
44045 1
44046 2
44047 0
44048 2
44049 1
44050 3
44051 2
44052 3
44053 1
44054 0
44055 2
44056 1
44057 3
44058 0
44059 2
44060 1
44061 2
44062 3
44063 0
44064 1
44065 2
44066 0
44067 1
44068 0
44069 1
44070 0
44071 1
44072 3
44073 2
44074 1
44075 0
44076 1
44077 0
44078 2
44079 1
44080 2
44081 0
44082 1
44083 2
44084 1
44085 0
44086 2
44087 1
44088 2
44089 3
44090 1
44091 0
44092 2
44093 1
44094 2
44095 0
44096 1
44097 0
44098 2
44099 0
44100 2
44101 0
44102 1
44103 2
44104 1
44105 2
44106 1
44107 3
44108 0
44109 1
44110 0
44111 2
44112 0
44113 2
44114 1
44115 0
44116 1
44117 0
44118 1
44119 2
44120 0
44121 1
44122 0
44123 2
44124 1
44125 0
44126 3
44127 0
44128 1
44129 0
44130 1
44131 2
44132 0
44133 2
44134 1
44135 2
44136 3
44137 0
44138 1
44139 0
44140 2
44141 1
44142 0
44143 1
44144 0
44145 1
44146 0
44147 2
44148 1
44149 0
44150 1
44151 0
44152 2
44153 1
44154 0
44155 1
44156 2
44157 1
44158 0
44159 2
44160 0
44161 1
44162 0
44163 2
44164 1
44165 0
44166 1
44167 0
44168 1
44169 0
44170 1
44171 2
44172 0
44173 2
44174 1
44175 0
44176 1
44177 2
44178 1
44179 0
44180 1
44181 2
44182 1
44183 2
44184 0
44185 1
44186 2
44187 3
44188 1
44189 0
44190 2
44191 3
44192 1
44193 0
44194 1
44195 0
44196 1
44197 2
44198 0
44199 1
44200 2
44201 0
44202 1
44203 2
44204 0
44205 1
44206 2
44207 0
44208 1
44209 0
44210 2
44211 1
44212 2
44213 0
44214 1
44215 2
44216 0
44217 2
44218 0
44219 2
44220 0
44221 2
44222 0
44223 1
44224 2
44225 0
44226 2
44227 0
44228 1
44229 2
44230 0
44231 2
44232 0
44233 3
44234 1
44235 2
44236 0
44237 1
44238 0
44239 2
44240 1
44241 0
44242 2
44243 0
44244 1
44245 0
44246 1
44247 2
44248 0
44249 2
44250 1
44251 0
44252 2
44253 1
44254 0
44255 2
44256 0
44257 1
44258 2
44259 1
44260 0
44261 1
44262 0
44263 1
44264 0
44265 1
44266 2
44267 1
44268 2
44269 3
44270 1
44271 2
44272 0
44273 1
44274 0
44275 1
44276 2
44277 1
44278 0
44279 3
44280 1
44281 0
44282 3
44283 1
44284 2
44285 1
44286 0
44287 1
44288 2
44289 1
44290 0
44291 1
44292 0
44293 2
44294 1
44295 0
44296 2
44297 0
44298 2
44299 0
44300 1
44301 3
44302 0
44303 3
44304 2
44305 3
44306 1
44307 2
44308 1
44309 0
44310 1
44311 2
44312 1
44313 0
44314 2
44315 1
44316 2
44317 0
44318 1
44319 0
44320 1
44321 0
44322 1
44323 2
44324 1
44325 0
44326 1
44327 0
44328 2
44329 0
44330 2
44331 1
44332 0
44333 2
44334 0
44335 3
44336 1
44337 0
44338 2
44339 3
44340 1
44341 0
44342 2
44343 1
44344 2
44345 1
44346 2
44347 1
44348 0
44349 3
44350 1
44351 0
44352 2
44353 1
44354 0
44355 2
44356 1
44357 2
44358 0
44359 1
44360 0
44361 1
44362 3
44363 2
44364 1
44365 0
44366 2
44367 1
44368 2
44369 1
44370 0
44371 1
44372 2
44373 1
44374 0
44375 1
44376 0
44377 1
44378 0
44379 1
44380 0
44381 1
44382 3
44383 2
44384 0
44385 1
44386 0
44387 1
44388 0
44389 2
44390 0
44391 1
44392 2
44393 0
44394 1
44395 0
44396 1
44397 0
44398 1
44399 0
44400 1
44401 2
44402 1
44403 0
44404 1
44405 2
44406 1
44407 0
44408 2
44409 1
44410 2
44411 0
44412 2
44413 1
44414 3
44415 0
44416 1
44417 3
44418 1
44419 2
44420 1
44421 2
44422 1
44423 0
44424 2
44425 0
44426 2
44427 1
44428 2
44429 0
44430 1
44431 2
44432 1
44433 2
44434 0
44435 1
44436 0
44437 2
44438 1
44439 2
44440 1
44441 0
44442 2
44443 1
44444 0
44445 1
44446 2
44447 0
44448 1
44449 2
44450 0
44451 1
44452 2
44453 3
44454 1
44455 0
44456 2
44457 1
44458 0
44459 2
44460 0
44461 1
44462 2
44463 3
44464 1
44465 0
44466 1
44467 0
44468 2
44469 0
44470 1
44471 0
44472 1
44473 0
44474 1
44475 0
44476 1
44477 0
44478 1
44479 2
44480 0
44481 1
44482 2
44483 0
44484 3
44485 2
44486 1
44487 2
44488 1
44489 2
44490 0
44491 2
44492 1
44493 0
44494 1
44495 0
44496 1
44497 0
44498 1
44499 0
44500 2
44501 1
44502 0
44503 1
44504 2
44505 0
44506 1
44507 0
44508 1
44509 2
44510 3
44511 1
44512 0
44513 1
44514 2
44515 1
44516 2
44517 3
44518 1
44519 3
44520 2
44521 0
44522 2
44523 1
44524 0
44525 2
44526 1
44527 2
44528 1
44529 0
44530 2
44531 0
44532 2
44533 1
44534 2
44535 0
44536 1
44537 0
44538 2
44539 1
44540 0
44541 2
44542 1
44543 0
44544 2
44545 1
44546 3
44547 2
44548 0
44549 1
44550 2
44551 0
44552 2
44553 0
44554 1
44555 2
44556 0
44557 2
44558 3
44559 0
44560 2
44561 1
44562 3
44563 2
44564 0
44565 1
44566 0
44567 1
44568 2
44569 1
44570 2
44571 0
44572 1
44573 0
44574 1
44575 0
44576 1
44577 0
44578 1
44579 2
44580 1
44581 0
44582 2
44583 1
44584 2
44585 1
44586 2
44587 0
44588 2
44589 1
44590 0
44591 1
44592 3
44593 2
44594 0
44595 1
44596 0
44597 2
44598 1
44599 0
44600 1
44601 0
44602 2
44603 1
44604 0
44605 1
44606 2
44607 0
44608 2
44609 1
44610 0
44611 2
44612 0
44613 1
44614 2
44615 0
44616 2
44617 3
44618 0
44619 2
44620 0
44621 1
44622 2
44623 1
44624 3
44625 1
44626 0
44627 2
44628 1
44629 2
44630 3
44631 1
44632 0
44633 1
44634 0
44635 2
44636 0
44637 1
44638 2
44639 1
44640 3
44641 0
44642 3
44643 2
44644 0
44645 1
44646 2
44647 1
44648 0
44649 2
44650 0
44651 1
44652 0
44653 1
44654 2
44655 1
44656 0
44657 1
44658 0
44659 2
44660 0
44661 2
44662 0
44663 1
44664 0
44665 1
44666 0
44667 2
44668 1
44669 2
44670 1
44671 0
44672 2
44673 1
44674 2
44675 1
44676 2
44677 0
44678 2
44679 0
44680 1
44681 2
44682 1
44683 2
44684 1
44685 0
44686 1
44687 2
44688 1
44689 2
44690 0
44691 1
44692 0
44693 1
44694 0
44695 2
44696 0
44697 2
44698 3
44699 0
44700 1
44701 0
44702 1
44703 2
44704 3
44705 1
44706 2
44707 0
44708 2
44709 1
44710 0
44711 1
44712 2
44713 1
44714 0
44715 2
44716 1
44717 0
44718 1
44719 0
44720 1
44721 0
44722 1
44723 0
44724 1
44725 0
44726 1
44727 2
44728 0
44729 2
44730 1
44731 0
44732 1
44733 2
44734 0
44735 1
44736 0
44737 1
44738 0
44739 2
44740 3
44741 1
44742 2
44743 0
44744 1
44745 2
44746 3
44747 2
44748 1
44749 0
44750 1
44751 2
44752 0
44753 1
44754 0
44755 1
44756 2
44757 0
44758 1
44759 3
44760 2
44761 0
44762 2
44763 1
44764 0
44765 2
44766 1
44767 0
44768 2
44769 0
44770 1
44771 0
44772 2
44773 0
44774 2
44775 1
44776 2
44777 0
44778 2
44779 1
44780 0
44781 1
44782 0
44783 2
44784 1
44785 0
44786 1
44787 0
44788 2
44789 1
44790 0
44791 1
44792 0
44793 1
44794 2
44795 0
44796 2
44797 0
44798 1
44799 0
44800 1
44801 3
44802 2
44803 1
44804 2
44805 0
44806 1
44807 0
44808 2
44809 0
44810 2
44811 0
44812 2
44813 1
44814 2
44815 1
44816 0
44817 1
44818 0
44819 2
44820 4
44821 1
44822 0
44823 2
44824 0
44825 2
44826 0
44827 2
44828 1
44829 2
44830 0
44831 1
44832 3
44833 2
44834 0
44835 1
44836 2
44837 0
44838 2
44839 3
44840 0
44841 1
44842 2
44843 1
44844 2
44845 0
44846 2
44847 1
44848 3
44849 1
44850 2
44851 0
44852 1
44853 0
44854 2
44855 1
44856 2
44857 0
44858 1
44859 2
44860 3
44861 1
44862 2
44863 0
44864 2
44865 0
44866 2
44867 1
44868 0
44869 1
44870 0
44871 1
44872 0
44873 1
44874 2
44875 3
44876 2
44877 3
44878 0
44879 1
44880 0
44881 2
44882 1
44883 2
44884 0
44885 1
44886 3
44887 1
44888 0
44889 1
44890 2
44891 0
44892 2
44893 3
44894 2
44895 0
44896 1
44897 0
44898 1
44899 0
44900 1
44901 0
44902 2
44903 1
44904 2
44905 1
44906 0
44907 1
44908 0
44909 1
44910 2
44911 3
44912 0
44913 2
44914 3
44915 0
44916 2
44917 3
44918 0
44919 2
44920 1
44921 2
44922 1
44923 2
44924 0
44925 2
44926 3
44927 1
44928 0
44929 2
44930 1
44931 2
44932 0
44933 1
44934 0
44935 1
44936 2
44937 0
44938 1
44939 0
44940 1
44941 0
44942 2
44943 3
44944 0
44945 1
44946 0
44947 2
44948 1
44949 2
44950 0
44951 2
44952 1
44953 0
44954 1
44955 0
44956 1
44957 0
44958 2
44959 0
44960 3
44961 1
44962 0
44963 2
44964 1
44965 0
44966 1
44967 3
44968 2
44969 1
44970 0
44971 2
44972 0
44973 2
44974 0
44975 1
44976 0
44977 1
44978 2
44979 0
44980 1
44981 0
44982 1
44983 0
44984 2
44985 1
44986 0
44987 1
44988 2
44989 0
44990 1
44991 2
44992 1
44993 0
44994 2
44995 1
44996 0
44997 1
44998 0
44999 1
45000 2
45001 0
45002 3
45003 2
45004 0
45005 1
45006 2
45007 0
45008 2
45009 0
45010 1
45011 0
45012 1
45013 2
45014 0
45015 2
45016 3
45017 0
45018 1
45019 2
45020 1
45021 2
45022 1
45023 0
45024 2
45025 3
45026 1
45027 3
45028 1
45029 0
45030 2
45031 0
45032 1
45033 0
45034 1
45035 2
45036 0
45037 2
45038 1
45039 2
45040 1
45041 0
45042 1
45043 0
45044 1
45045 0
45046 1
45047 0
45048 2
45049 0
45050 1
45051 0
45052 1
45053 2
45054 0
45055 1
45056 0
45057 1
45058 0
45059 1
45060 0
45061 1
45062 0
45063 2
45064 1
45065 0
45066 1
45067 2
45068 3
45069 0
45070 1
45071 2
45072 0
45073 1
45074 2
45075 0
45076 2
45077 0
45078 1
45079 2
45080 0
45081 2
45082 1
45083 2
45084 3
45085 0
45086 1
45087 0
45088 2
45089 3
45090 1
45091 0
45092 1
45093 0
45094 2
45095 0
45096 2
45097 1
45098 2
45099 0
45100 3
45101 1
45102 0
45103 1
45104 0
45105 1
45106 2
45107 0
45108 2
45109 1
45110 2
45111 3
45112 0
45113 2
45114 1
45115 0
45116 2
45117 1
45118 0
45119 1
45120 2
45121 0
45122 1
45123 2
45124 0
45125 1
45126 0
45127 2
45128 1
45129 3
45130 0
45131 2
45132 0
45133 1
45134 2
45135 0
45136 1
45137 0
45138 1
45139 0
45140 1
45141 2
45142 3
45143 1
45144 0
45145 2
45146 1
45147 2
45148 0
45149 2
45150 1
45151 2
45152 0
45153 1
45154 0
45155 1
45156 2
45157 0
45158 1
45159 0
45160 2
45161 0
45162 1
45163 0
45164 3
45165 2
45166 1
45167 2
45168 1
45169 0
45170 1
45171 0
45172 2
45173 0
45174 1
45175 0
45176 2
45177 1
45178 2
45179 1
45180 2
45181 0
45182 2
45183 3
45184 0
45185 1
45186 0
45187 1
45188 0
45189 1
45190 0
45191 1
45192 0
45193 1
45194 0
45195 1
45196 0
45197 1
45198 2
45199 1
45200 0
45201 1
45202 2
45203 0
45204 1
45205 2
45206 0
45207 1
45208 2
45209 0
45210 1
45211 2
45212 1
45213 2
45214 0
45215 2
45216 1
45217 2
45218 0
45219 1
45220 0
45221 1
45222 2
45223 1
45224 0
45225 2
45226 0
45227 2
45228 0
45229 1
45230 0
45231 1
45232 0
45233 2
45234 1
45235 2
45236 3
45237 0
45238 2
45239 1
45240 2
45241 0
45242 1
45243 2
45244 0
45245 1
45246 0
45247 2
45248 1
45249 0
45250 1
45251 2
45252 0
45253 1
45254 3
45255 2
45256 0
45257 1
45258 2
45259 1
45260 2
45261 1
45262 0
45263 1
45264 0
45265 1
45266 2
45267 0
45268 1
45269 0
45270 3
45271 1
45272 2
45273 1
45274 2
45275 0
45276 2
45277 1
45278 0
45279 2
45280 1
45281 2
45282 0
45283 1
45284 2
45285 1
45286 2
45287 3
45288 2
45289 1
45290 0
45291 2
45292 1
45293 2
45294 0
45295 1
45296 2
45297 0
45298 1
45299 0
45300 1
45301 2
45302 0
45303 2
45304 1
45305 0
45306 1
45307 2
45308 0
45309 3
45310 0
45311 2
45312 0
45313 2
45314 0
45315 1
45316 2
45317 1
45318 2
45319 1
45320 0
45321 1
45322 0
45323 1
45324 2
45325 1
45326 0
45327 1
45328 2
45329 3
45330 1
45331 0
45332 3
45333 2
45334 0
45335 2
45336 3
45337 1
45338 2
45339 1
45340 0
45341 2
45342 1
45343 2
45344 0
45345 2
45346 1
45347 0
45348 1
45349 3
45350 0
45351 2
45352 1
45353 0
45354 1
45355 2
45356 0
45357 3
45358 1
45359 0
45360 2
45361 0
45362 1
45363 2
45364 1
45365 0
45366 1
45367 2
45368 0
45369 1
45370 2
45371 0
45372 2
45373 1
45374 0
45375 1
45376 0
45377 1
45378 2
45379 1
45380 0
45381 1
45382 0
45383 1
45384 0
45385 1
45386 0
45387 1
45388 0
45389 2
45390 1
45391 0
45392 1
45393 0
45394 2
45395 1
45396 2
45397 1
45398 0
45399 2
45400 0
45401 1
45402 2
45403 0
45404 1
45405 2
45406 1
45407 0
45408 1
45409 2
45410 0
45411 1
45412 0
45413 1
45414 2
45415 1
45416 0
45417 1
45418 2
45419 3
45420 1
45421 0
45422 1
45423 2
45424 0
45425 2
45426 1
45427 2
45428 1
45429 2
45430 1
45431 3
45432 2
45433 0
45434 1
45435 0
45436 1
45437 2
45438 0
45439 2
45440 1
45441 2
45442 1
45443 2
45444 3
45445 1
45446 0
45447 2
45448 1
45449 2
45450 1
45451 2
45452 1
45453 2
45454 0
45455 1
45456 0
45457 1
45458 0
45459 1
45460 2
45461 3
45462 1
45463 2
45464 0
45465 2
45466 3
45467 0
45468 1
45469 3
45470 2
45471 3
45472 0
45473 1
45474 3
45475 2
45476 0
45477 1
45478 0
45479 1
45480 0
45481 1
45482 2
45483 1
45484 0
45485 1
45486 2
45487 1
45488 2
45489 0
45490 1
45491 2
45492 1
45493 2
45494 1
45495 2
45496 0
45497 1
45498 0
45499 2
45500 1
45501 2
45502 0
45503 1
45504 0
45505 1
45506 2
45507 3
45508 1
45509 2
45510 0
45511 2
45512 3
45513 1
45514 3
45515 2
45516 0
45517 1
45518 2
45519 0
45520 2
45521 1
45522 0
45523 1
45524 0
45525 1
45526 0
45527 2
45528 1
45529 0
45530 2
45531 0
45532 1
45533 3
45534 2
45535 3
45536 0
45537 2
45538 1
45539 2
45540 1
45541 0
45542 2
45543 1
45544 0
45545 2
45546 1
45547 0
45548 1
45549 0
45550 1
45551 2
45552 0
45553 2
45554 0
45555 1
45556 2
45557 1
45558 0
45559 2
45560 0
45561 1
45562 2
45563 0
45564 2
45565 1
45566 2
45567 0
45568 1
45569 0
45570 1
45571 0
45572 1
45573 0
45574 1
45575 2
45576 0
45577 2
45578 1
45579 0
45580 2
45581 1
45582 0
45583 1
45584 0
45585 1
45586 2
45587 3
45588 0
45589 1
45590 2
45591 1
45592 2
45593 0
45594 2
45595 1
45596 0
45597 1
45598 0
45599 1
45600 0
45601 1
45602 3
45603 2
45604 0
45605 1
45606 0
45607 3
45608 1
45609 0
45610 1
45611 0
45612 2
45613 1
45614 0
45615 1
45616 0
45617 1
45618 0
45619 2
45620 0
45621 1
45622 2
45623 0
45624 2
45625 1
45626 0
45627 2
45628 3
45629 1
45630 0
45631 3
45632 2
45633 1
45634 3
45635 2
45636 0
45637 1
45638 2
45639 1
45640 2
45641 1
45642 2
45643 0
45644 1
45645 0
45646 2
45647 3
45648 1
45649 0
45650 2
45651 1
45652 0
45653 1
45654 0
45655 2
45656 0
45657 2
45658 1
45659 0
45660 3
45661 2
45662 0
45663 1
45664 0
45665 1
45666 2
45667 1
45668 3
45669 2
45670 0
45671 1
45672 0
45673 1
45674 0
45675 1
45676 0
45677 2
45678 0
45679 1
45680 0
45681 1
45682 2
45683 0
45684 2
45685 1
45686 2
45687 0
45688 2
45689 1
45690 2
45691 1
45692 0
45693 1
45694 0
45695 1
45696 2
45697 0
45698 1
45699 0
45700 2
45701 0
45702 1
45703 2
45704 0
45705 3
45706 0
45707 1
45708 2
45709 1
45710 0
45711 1
45712 2
45713 0
45714 1
45715 0
45716 1
45717 0
45718 2
45719 1
45720 2
45721 0
45722 1
45723 3
45724 2
45725 1
45726 0
45727 1
45728 3
45729 2
45730 1
45731 2
45732 0
45733 1
45734 0
45735 1
45736 2
45737 1
45738 2
45739 1
45740 3
45741 0
45742 2
45743 1
45744 2
45745 1
45746 0
45747 1
45748 3
45749 1
45750 2
45751 3
45752 2
45753 1
45754 3
45755 0
45756 1
45757 0
45758 2
45759 3
45760 0
45761 1
45762 3
45763 2
45764 1
45765 0
45766 2
45767 1
45768 2
45769 0
45770 2
45771 3
45772 1
45773 2
45774 0
45775 2
45776 1
45777 0
45778 1
45779 2
45780 1
45781 0
45782 2
45783 1
45784 2
45785 0
45786 2
45787 0
45788 2
45789 1
45790 0
45791 1
45792 0
45793 1
45794 0
45795 2
45796 1
45797 0
45798 1
45799 0
45800 1
45801 0
45802 1
45803 0
45804 1
45805 0
45806 2
45807 1
45808 2
45809 3
45810 1
45811 2
45812 1
45813 0
45814 2
45815 1
45816 0
45817 2
45818 1
45819 2
45820 0
45821 1
45822 2
45823 3
45824 1
45825 2
45826 0
45827 1
45828 0
45829 1
45830 2
45831 1
45832 0
45833 1
45834 0
45835 1
45836 0
45837 1
45838 2
45839 1
45840 0
45841 1
45842 2
45843 0
45844 1
45845 0
45846 1
45847 0
45848 1
45849 0
45850 1
45851 0
45852 1
45853 2
45854 1
45855 2
45856 0
45857 1
45858 3
45859 2
45860 1
45861 0
45862 2
45863 3
45864 0
45865 1
45866 2
45867 0
45868 1
45869 0
45870 1
45871 2
45872 1
45873 0
45874 1
45875 2
45876 3
45877 1
45878 2
45879 0
45880 1
45881 2
45882 0
45883 2
45884 1
45885 0
45886 2
45887 1
45888 0
45889 1
45890 0
45891 2
45892 0
45893 1
45894 2
45895 1
45896 0
45897 2
45898 1
45899 2
45900 1
45901 0
45902 1
45903 2
45904 0
45905 1
45906 3
45907 2
45908 1
45909 2
45910 1
45911 0
45912 3
45913 2
45914 1
45915 0
45916 1
45917 0
45918 2
45919 0
45920 2
45921 3
45922 1
45923 0
45924 1
45925 2
45926 3
45927 1
45928 0
45929 1
45930 2
45931 3
45932 1
45933 0
45934 1
45935 0
45936 1
45937 0
45938 3
45939 2
45940 0
45941 2
45942 1
45943 2
45944 1
45945 0
45946 3
45947 2
45948 0
45949 2
45950 1
45951 2
45952 1
45953 0
45954 2
45955 1
45956 0
45957 1
45958 0
45959 1
45960 0
45961 1
45962 2
45963 0
45964 1
45965 0
45966 2
45967 1
45968 2
45969 1
45970 2
45971 0
45972 2
45973 3
45974 0
45975 1
45976 0
45977 1
45978 2
45979 0
45980 2
45981 1
45982 0
45983 1
45984 2
45985 1
45986 2
45987 0
45988 1
45989 3
45990 2
45991 0
45992 3
45993 0
45994 1
45995 0
45996 2
45997 1
45998 0
45999 1
46000 0
46001 1
46002 2
46003 0
46004 1
46005 2
46006 3
46007 1
46008 3
46009 2
46010 1
46011 0
46012 2
46013 0
46014 2
46015 1
46016 2
46017 0
46018 1
46019 0
46020 1
46021 2
46022 0
46023 1
46024 0
46025 3
46026 2
46027 3
46028 1
46029 2
46030 1
46031 2
46032 1
46033 2
46034 0
46035 2
46036 1
46037 3
46038 0
46039 1
46040 0
46041 2
46042 0
46043 2
46044 1
46045 0
46046 2
46047 0
46048 3
46049 0
46050 2
46051 1
46052 2
46053 0
46054 2
46055 1
46056 0
46057 1
46058 2
46059 0
46060 3
46061 2
46062 1
46063 0
46064 2
46065 3
46066 0
46067 2
46068 0
46069 1
46070 2
46071 0
46072 1
46073 2
46074 1
46075 0
46076 2
46077 1
46078 0
46079 3
46080 2
46081 1
46082 2
46083 3
46084 1
46085 2
46086 1
46087 2
46088 0
46089 1
46090 0
46091 1
46092 2
46093 0
46094 2
46095 0
46096 1
46097 0
46098 3
46099 2
46100 3
46101 1
46102 2
46103 0
46104 3
46105 2
46106 3
46107 1
46108 0
46109 1
46110 2
46111 1
46112 3
46113 2
46114 3
46115 1
46116 2
46117 0
46118 2
46119 3
46120 0
46121 2
46122 0
46123 2
46124 0
46125 1
46126 0
46127 2
46128 0
46129 2
46130 1
46131 0
46132 2
46133 0
46134 2
46135 1
46136 0
46137 2
46138 0
46139 1
46140 0
46141 1
46142 3
46143 1
46144 0
46145 1
46146 2
46147 0
46148 2
46149 1
46150 2
46151 3
46152 0
46153 2
46154 1
46155 0
46156 2
46157 1
46158 2
46159 0
46160 1
46161 0
46162 1
46163 0
46164 1
46165 2
46166 0
46167 3
46168 1
46169 0
46170 1
46171 2
46172 0
46173 3
46174 2
46175 1
46176 0
46177 1
46178 3
46179 2
46180 3
46181 1
46182 2
46183 1
46184 2
46185 0
46186 1
46187 2
46188 1
46189 2
46190 0
46191 1
46192 2
46193 0
46194 2
46195 0
46196 2
46197 0
46198 1
46199 0
46200 2
46201 3
46202 1
46203 3
46204 0
46205 1
46206 0
46207 2
46208 0
46209 1
46210 2
46211 0
46212 1
46213 0
46214 1
46215 0
46216 1
46217 0
46218 1
46219 2
46220 3
46221 4
46222 2
46223 0
46224 2
46225 0
46226 1
46227 0
46228 1
46229 0
46230 1
46231 0
46232 3
46233 1
46234 0
46235 1
46236 2
46237 0
46238 1
46239 2
46240 1
46241 2
46242 0
46243 1
46244 0
46245 2
46246 0
46247 2
46248 0
46249 1
46250 2
46251 1
46252 2
46253 0
46254 3
46255 2
46256 1
46257 0
46258 1
46259 2
46260 1
46261 2
46262 0
46263 1
46264 0
46265 1
46266 2
46267 0
46268 1
46269 2
46270 0
46271 2
46272 1
46273 0
46274 2
46275 1
46276 0
46277 2
46278 1
46279 0
46280 1
46281 0
46282 1
46283 2
46284 0
46285 1
46286 0
46287 1
46288 2
46289 1
46290 2
46291 0
46292 1
46293 0
46294 2
46295 1
46296 2
46297 0
46298 1
46299 3
46300 1
46301 2
46302 0
46303 1
46304 2
46305 3
46306 2
46307 0
46308 1
46309 0
46310 2
46311 0
46312 1
46313 0
46314 1
46315 2
46316 0
46317 2
46318 1
46319 2
46320 0
46321 2
46322 1
46323 0
46324 1
46325 2
46326 3
46327 0
46328 1
46329 2
46330 1
46331 2
46332 0
46333 1
46334 0
46335 1
46336 0
46337 2
46338 0
46339 1
46340 0
46341 1
46342 0
46343 2
46344 1
46345 2
46346 0
46347 3
46348 2
46349 1
46350 0
46351 2
46352 0
46353 1
46354 3
46355 1
46356 2
46357 1
46358 2
46359 1
46360 2
46361 0
46362 2
46363 1
46364 0
46365 2
46366 1
46367 2
46368 0
46369 1
46370 2
46371 1
46372 0
46373 2
46374 0
46375 1
46376 0
46377 3
46378 2
46379 1
46380 2
46381 0
46382 1
46383 0
46384 1
46385 0
46386 1
46387 2
46388 1
46389 2
46390 1
46391 2
46392 1
46393 2
46394 0
46395 2
46396 1
46397 0
46398 2
46399 1
46400 0
46401 2
46402 1
46403 2
46404 0
46405 1
46406 0
46407 2
46408 3
46409 2
46410 1
46411 2
46412 1
46413 2
46414 3
46415 1
46416 0
46417 2
46418 1
46419 0
46420 2
46421 1
46422 0
46423 2
46424 0
46425 2
46426 1
46427 2
46428 3
46429 2
46430 0
46431 2
46432 0
46433 1
46434 0
46435 1
46436 2
46437 0
46438 1
46439 0
46440 2
46441 1
46442 2
46443 0
46444 2
46445 0
46446 2
46447 0
46448 2
46449 3
46450 1
46451 0
46452 1
46453 2
46454 0
46455 1
46456 2
46457 0
46458 1
46459 2
46460 0
46461 1
46462 0
46463 1
46464 0
46465 1
46466 0
46467 2
46468 1
46469 0
46470 1
46471 0
46472 2
46473 1
46474 2
46475 0
46476 2
46477 1
46478 0
46479 2
46480 1
46481 2
46482 0
46483 2
46484 1
46485 2
46486 1
46487 3
46488 0
46489 1
46490 0
46491 1
46492 2
46493 0
46494 1
46495 2
46496 1
46497 0
46498 1
46499 0
46500 1
46501 0
46502 2
46503 1
46504 2
46505 0
46506 2
46507 0
46508 1
46509 2
46510 0
46511 1
46512 0
46513 1
46514 3
46515 2
46516 3
46517 0
46518 1
46519 2
46520 1
46521 0
46522 1
46523 3
46524 2
46525 0
46526 1
46527 2
46528 1
46529 0
46530 2
46531 0
46532 2
46533 0
46534 2
46535 1
46536 0
46537 1
46538 0
46539 2
46540 1
46541 2
46542 3
46543 1
46544 2
46545 0
46546 1
46547 2
46548 1
46549 0
46550 1
46551 2
46552 1
46553 2
46554 1
46555 0
46556 2
46557 0
46558 2
46559 1
46560 2
46561 1
46562 2
46563 3
46564 1
46565 2
46566 0
46567 2
46568 1
46569 2
46570 1
46571 0
46572 2
46573 1
46574 3
46575 2
46576 3
46577 0
46578 1
46579 0
46580 1
46581 2
46582 1
46583 2
46584 1
46585 0
46586 1
46587 0
46588 2
46589 1
46590 2
46591 0
46592 1
46593 0
46594 1
46595 2
46596 0
46597 1
46598 0
46599 1
46600 2
46601 0
46602 1
46603 3
46604 2
46605 1
46606 0
46607 2
46608 0
46609 1
46610 2
46611 1
46612 0
46613 3
46614 2
46615 3
46616 0
46617 3
46618 2
46619 1
46620 0
46621 1
46622 2
46623 1
46624 4
46625 3
46626 1
46627 2
46628 0
46629 1
46630 0
46631 1
46632 2
46633 0
46634 1
46635 0
46636 1
46637 2
46638 0
46639 2
46640 1
46641 2
46642 0
46643 3
46644 1
46645 3
46646 1
46647 3
46648 2
46649 0
46650 1
46651 2
46652 1
46653 2
46654 0
46655 3
46656 2
46657 1
46658 2
46659 1
46660 3
46661 0
46662 2
46663 0
46664 1
46665 0
46666 1
46667 2
46668 0
46669 3
46670 1
46671 0
46672 2
46673 1
46674 0
46675 2
46676 1
46677 2
46678 0
46679 1
46680 2
46681 0
46682 1
46683 0
46684 2
46685 1
46686 0
46687 2
46688 1
46689 2
46690 1
46691 0
46692 1
46693 0
46694 1
46695 0
46696 1
46697 0
46698 3
46699 1
46700 2
46701 0
46702 2
46703 1
46704 3
46705 1
46706 0
46707 2
46708 1
46709 0
46710 1
46711 0
46712 2
46713 1
46714 0
46715 1
46716 2
46717 0
46718 1
46719 0
46720 2
46721 0
46722 2
46723 1
46724 0
46725 1
46726 0
46727 1
46728 2
46729 1
46730 2
46731 1
46732 2
46733 1
46734 0
46735 1
46736 2
46737 0
46738 2
46739 0
46740 1
46741 2
46742 0
46743 1
46744 0
46745 2
46746 1
46747 0
46748 1
46749 2
46750 3
46751 0
46752 1
46753 2
46754 0
46755 2
46756 1
46757 0
46758 3
46759 2
46760 4
46761 1
46762 0
46763 2
46764 0
46765 1
46766 2
46767 1
46768 3
46769 2
46770 1
46771 2
46772 0
46773 2
46774 0
46775 1
46776 0
46777 2
46778 3
46779 4
46780 2
46781 3
46782 1
46783 0
46784 2
46785 1
46786 0
46787 1
46788 3
46789 2
46790 1
46791 2
46792 1
46793 0
46794 1
46795 0
46796 3
46797 2
46798 1
46799 2
46800 0
46801 2
46802 1
46803 2
46804 0
46805 2
46806 1
46807 0
46808 1
46809 2
46810 0
46811 1
46812 0
46813 2
46814 1
46815 2
46816 1
46817 2
46818 1
46819 0
46820 2
46821 1
46822 0
46823 1
46824 0
46825 2
46826 3
46827 0
46828 2
46829 3
46830 2
46831 1
46832 3
46833 0
46834 2
46835 1
46836 2
46837 0
46838 1
46839 0
46840 1
46841 0
46842 1
46843 2
46844 1
46845 0
46846 1
46847 3
46848 2
46849 0
46850 3
46851 2
46852 0
46853 2
46854 0
46855 2
46856 0
46857 1
46858 2
46859 3
46860 1
46861 2
46862 3
46863 2
46864 3
46865 1
46866 2
46867 3
46868 0
46869 1
46870 3
46871 2
46872 0
46873 2
46874 3
46875 0
46876 1
46877 0
46878 1
46879 0
46880 1
46881 0
46882 1
46883 0
46884 2
46885 0
46886 1
46887 0
46888 1
46889 0
46890 2
46891 3
46892 1
46893 0
46894 1
46895 2
46896 0
46897 2
46898 1
46899 0
46900 2
46901 1
46902 2
46903 0
46904 4
46905 1
46906 0
46907 2
46908 1
46909 2
46910 0
46911 3
46912 1
46913 3
46914 2
46915 1
46916 2
46917 0
46918 1
46919 2
46920 0
46921 2
46922 1
46923 2
46924 1
46925 0
46926 1
46927 0
46928 1
46929 0
46930 2
46931 3
46932 0
46933 1
46934 2
46935 1
46936 0
46937 1
46938 2
46939 1
46940 0
46941 2
46942 1
46943 3
46944 1
46945 0
46946 2
46947 0
46948 2
46949 0
46950 1
46951 0
46952 2
46953 0
46954 1
46955 0
46956 1
46957 0
46958 1
46959 0
46960 2
46961 1
46962 0
46963 1
46964 2
46965 1
46966 3
46967 0
46968 1
46969 2
46970 0
46971 1
46972 2
46973 1
46974 0
46975 1
46976 0
46977 2
46978 0
46979 2
46980 1
46981 2
46982 1
46983 2
46984 1
46985 2
46986 0
46987 1
46988 0
46989 2
46990 0
46991 1
46992 0
46993 1
46994 0
46995 3
46996 2
46997 1
46998 2
46999 0
47000 2
47001 1
47002 0
47003 2
47004 1
47005 2
47006 0
47007 1
47008 0
47009 1
47010 3
47011 1
47012 0
47013 1
47014 3
47015 1
47016 0
47017 1
47018 2
47019 1
47020 0
47021 2
47022 3
47023 0
47024 1
47025 2
47026 0
47027 3
47028 2
47029 1
47030 0
47031 1
47032 0
47033 1
47034 2
47035 0
47036 1
47037 0
47038 1
47039 0
47040 1
47041 0
47042 1
47043 0
47044 1
47045 0
47046 1
47047 2
47048 0
47049 2
47050 1
47051 3
47052 1
47053 0
47054 2
47055 1
47056 0
47057 2
47058 0
47059 1
47060 0
47061 2
47062 1
47063 0
47064 2
47065 0
47066 2
47067 1
47068 0
47069 2
47070 0
47071 1
47072 0
47073 2
47074 0
47075 1
47076 2
47077 0
47078 2
47079 0
47080 1
47081 0
47082 1
47083 0
47084 1
47085 0
47086 2
47087 1
47088 0
47089 2
47090 1
47091 2
47092 0
47093 1
47094 0
47095 2
47096 0
47097 2
47098 1
47099 0
47100 2
47101 1
47102 0
47103 1
47104 2
47105 1
47106 0
47107 1
47108 2
47109 0
47110 1
47111 0
47112 1
47113 0
47114 2
47115 1
47116 2
47117 0
47118 1
47119 2
47120 0
47121 2
47122 1
47123 2
47124 3
47125 1
47126 2
47127 1
47128 2
47129 1
47130 2
47131 0
47132 2
47133 1
47134 0
47135 1
47136 2
47137 0
47138 2
47139 0
47140 2
47141 1
47142 3
47143 2
47144 0
47145 2
47146 0
47147 1
47148 2
47149 0
47150 2
47151 1
47152 0
47153 1
47154 0
47155 2
47156 0
47157 1
47158 2
47159 1
47160 0
47161 3
47162 2
47163 1
47164 0
47165 2
47166 1
47167 2
47168 0
47169 1
47170 2
47171 0
47172 1
47173 0
47174 1
47175 2
47176 0
47177 1
47178 2
47179 1
47180 2
47181 1
47182 0
47183 2
47184 1
47185 0
47186 1
47187 0
47188 2
47189 0
47190 1
47191 0
47192 2
47193 1
47194 0
47195 2
47196 1
47197 0
47198 2
47199 3
47200 0
47201 2
47202 0
47203 1
47204 0
47205 1
47206 0
47207 2
47208 1
47209 0
47210 2
47211 0
47212 1
47213 0
47214 1
47215 0
47216 2
47217 0
47218 1
47219 0
47220 2
47221 1
47222 2
47223 1
47224 0
47225 1
47226 2
47227 0
47228 1
47229 2
47230 0
47231 1
47232 2
47233 3
47234 0
47235 2
47236 1
47237 2
47238 3
47239 1
47240 2
47241 3
47242 0
47243 2
47244 1
47245 0
47246 1
47247 0
47248 1
47249 2
47250 3
47251 1
47252 0
47253 2
47254 1
47255 2
47256 0
47257 3
47258 2
47259 0
47260 1
47261 2
47262 0
47263 3
47264 1
47265 2
47266 1
47267 0
47268 1
47269 2
47270 3
47271 1
47272 3
47273 2
47274 1
47275 2
47276 0
47277 1
47278 0
47279 1
47280 0
47281 2
47282 1
47283 0
47284 1
47285 0
47286 3
47287 2
47288 0
47289 1
47290 0
47291 1
47292 2
47293 0
47294 1
47295 2
47296 0
47297 2
47298 1
47299 0
47300 1
47301 2
47302 0
47303 1
47304 2
47305 3
47306 0
47307 1
47308 2
47309 3
47310 1
47311 3
47312 0
47313 1
47314 0
47315 3
47316 2
47317 0
47318 2
47319 1
47320 2
47321 0
47322 1
47323 0
47324 2
47325 1
47326 0
47327 1
47328 0
47329 1
47330 3
47331 0
47332 2
47333 0
47334 2
47335 1
47336 0
47337 2
47338 0
47339 1
47340 0
47341 2
47342 1
47343 0
47344 1
47345 0
47346 2
47347 0
47348 3
47349 1
47350 2
47351 1
47352 0
47353 1
47354 2
47355 3
47356 1
47357 0
47358 2
47359 1
47360 0
47361 2
47362 0
47363 1
47364 2
47365 1
47366 0
47367 2
47368 1
47369 2
47370 3
47371 0
47372 1
47373 2
47374 0
47375 2
47376 0
47377 2
47378 0
47379 1
47380 2
47381 0
47382 2
47383 1
47384 0
47385 2
47386 3
47387 1
47388 2
47389 1
47390 2
47391 1
47392 0
47393 1
47394 0
47395 1
47396 0
47397 2
47398 1
47399 2
47400 0
47401 1
47402 0
47403 1
47404 0
47405 2
47406 0
47407 1
47408 0
47409 1
47410 0
47411 1
47412 2
47413 1
47414 2
47415 1
47416 0
47417 3
47418 2
47419 0
47420 1
47421 2
47422 1
47423 2
47424 0
47425 1
47426 0
47427 1
47428 3
47429 2
47430 1
47431 0
47432 1
47433 0
47434 2
47435 0
47436 1
47437 2
47438 1
47439 0
47440 3
47441 0
47442 1
47443 0
47444 2
47445 1
47446 0
47447 2
47448 3
47449 1
47450 0
47451 3
47452 2
47453 1
47454 0
47455 1
47456 0
47457 2
47458 0
47459 2
47460 1
47461 3
47462 0
47463 2
47464 1
47465 0
47466 2
47467 1
47468 0
47469 1
47470 0
47471 1
47472 2
47473 0
47474 2
47475 1
47476 2
47477 0
47478 2
47479 1
47480 2
47481 1
47482 0
47483 1
47484 0
47485 2
47486 1
47487 2
47488 0
47489 1
47490 0
47491 2
47492 1
47493 0
47494 2
47495 3
47496 0
47497 1
47498 0
47499 1
47500 3
47501 2
47502 1
47503 0
47504 2
47505 1
47506 3
47507 0
47508 2
47509 1
47510 3
47511 0
47512 2
47513 3
47514 1
47515 2
47516 1
47517 3
47518 0
47519 2
47520 3
47521 1
47522 0
47523 1
47524 0
47525 2
47526 3
47527 1
47528 2
47529 0
47530 1
47531 2
47532 0
47533 2
47534 0
47535 1
47536 2
47537 0
47538 2
47539 1
47540 3
47541 2
47542 0
47543 2
47544 1
47545 0
47546 1
47547 0
47548 1
47549 0
47550 1
47551 2
47552 0
47553 1
47554 0
47555 2
47556 0
47557 1
47558 0
47559 2
47560 1
47561 2
47562 0
47563 2
47564 1
47565 2
47566 1
47567 2
47568 0
47569 2
47570 1
47571 0
47572 1
47573 2
47574 0
47575 1
47576 3
47577 0
47578 2
47579 1
47580 2
47581 0
47582 2
47583 1
47584 0
47585 1
47586 2
47587 0
47588 1
47589 2
47590 1
47591 2
47592 3
47593 1
47594 0
47595 1
47596 0
47597 1
47598 0
47599 1
47600 2
47601 1
47602 0
47603 2
47604 1
47605 3
47606 2
47607 1
47608 2
47609 0
47610 2
47611 0
47612 1
47613 2
47614 1
47615 0
47616 1
47617 3
47618 0
47619 1
47620 0
47621 2
47622 0
47623 2
47624 3
47625 1
47626 0
47627 1
47628 2
47629 0
47630 1
47631 0
47632 1
47633 2
47634 0
47635 1
47636 0
47637 2
47638 1
47639 2
47640 0
47641 2
47642 1
47643 0
47644 1
47645 0
47646 2
47647 1
47648 0
47649 1
47650 2
47651 3
47652 0
47653 2
47654 0
47655 1
47656 0
47657 2
47658 1
47659 0
47660 2
47661 1
47662 0
47663 1
47664 0
47665 2
47666 1
47667 2
47668 1
47669 0
47670 1
47671 0
47672 1
47673 0
47674 1
47675 0
47676 1
47677 0
47678 2
47679 1
47680 2
47681 3
47682 0
47683 2
47684 1
47685 0
47686 2
47687 1
47688 2
47689 0
47690 1
47691 0
47692 1
47693 0
47694 2
47695 1
47696 2
47697 0
47698 1
47699 2
47700 0
47701 1
47702 0
47703 2
47704 1
47705 0
47706 2
47707 1
47708 2
47709 0
47710 1
47711 0
47712 2
47713 0
47714 1
47715 2
47716 1
47717 0
47718 2
47719 1
47720 2
47721 1
47722 2
47723 0
47724 2
47725 0
47726 2
47727 1
47728 0
47729 2
47730 1
47731 0
47732 2
47733 0
47734 1
47735 0
47736 2
47737 1
47738 0
47739 2
47740 1
47741 0
47742 2
47743 1
47744 0
47745 1
47746 2
47747 0
47748 1
47749 0
47750 1
47751 2
47752 1
47753 0
47754 1
47755 0
47756 1
47757 2
47758 1
47759 0
47760 1
47761 2
47762 3
47763 0
47764 3
47765 1
47766 0
47767 2
47768 1
47769 0
47770 2
47771 3
47772 0
47773 1
47774 0
47775 1
47776 0
47777 1
47778 2
47779 1
47780 2
47781 0
47782 1
47783 2
47784 0
47785 1
47786 0
47787 1
47788 3
47789 2
47790 0
47791 1
47792 2
47793 1
47794 2
47795 1
47796 2
47797 0
47798 2
47799 0
47800 1
47801 0
47802 1
47803 0
47804 1
47805 0
47806 1
47807 0
47808 1
47809 0
47810 1
47811 0
47812 1
47813 0
47814 3
47815 0
47816 1
47817 0
47818 2
47819 1
47820 2
47821 1
47822 2
47823 1
47824 0
47825 1
47826 2
47827 1
47828 0
47829 2
47830 0
47831 3
47832 1
47833 2
47834 0
47835 2
47836 0
47837 2
47838 3
47839 1
47840 0
47841 2
47842 3
47843 1
47844 2
47845 0
47846 1
47847 2
47848 1
47849 2
47850 1
47851 3
47852 2
47853 1
47854 2
47855 1
47856 0
47857 1
47858 0
47859 1
47860 2
47861 0
47862 2
47863 1
47864 0
47865 1
47866 3
47867 2
47868 3
47869 2
47870 1
47871 2
47872 0
47873 1
47874 3
47875 2
47876 1
47877 2
47878 1
47879 2
47880 1
47881 2
47882 0
47883 1
47884 0
47885 2
47886 1
47887 0
47888 1
47889 0
47890 1
47891 0
47892 1
47893 0
47894 2
47895 1
47896 2
47897 0
47898 2
47899 1
47900 0
47901 1
47902 0
47903 1
47904 0
47905 1
47906 0
47907 3
47908 2
47909 0
47910 1
47911 2
47912 0
47913 2
47914 1
47915 2
47916 0
47917 1
47918 2
47919 1
47920 2
47921 0
47922 2
47923 0
47924 1
47925 0
47926 3
47927 2
47928 3
47929 2
47930 0
47931 2
47932 1
47933 0
47934 1
47935 2
47936 0
47937 2
47938 1
47939 2
47940 3
47941 0
47942 2
47943 3
47944 1
47945 0
47946 1
47947 0
47948 2
47949 1
47950 0
47951 2
47952 1
47953 3
47954 2
47955 0
47956 1
47957 0
47958 2
47959 0
47960 2
47961 1
47962 0
47963 2
47964 1
47965 0
47966 1
47967 0
47968 2
47969 1
47970 3
47971 2
47972 0
47973 1
47974 0
47975 1
47976 3
47977 0
47978 1
47979 0
47980 1
47981 2
47982 3
47983 1
47984 2
47985 3
47986 0
47987 2
47988 1
47989 0
47990 2
47991 0
47992 2
47993 1
47994 0
47995 1
47996 0
47997 1
47998 2
47999 1
48000 2
48001 3
48002 1
48003 0
48004 1
48005 0
48006 2
48007 0
48008 1
48009 0
48010 1
48011 0
48012 2
48013 1
48014 0
48015 1
48016 0
48017 1
48018 0
48019 1
48020 2
48021 1
48022 2
48023 0
48024 1
48025 0
48026 1
48027 0
48028 1
48029 0
48030 1
48031 2
48032 1
48033 0
48034 1
48035 0
48036 1
48037 3
48038 2
48039 1
48040 0
48041 1
48042 0
48043 1
48044 2
48045 1
48046 0
48047 1
48048 2
48049 0
48050 2
48051 1
48052 3
48053 2
48054 1
48055 2
48056 0
48057 1
48058 3
48059 2
48060 0
48061 2
48062 1
48063 0
48064 1
48065 2
48066 0
48067 2
48068 1
48069 3
48070 2
48071 1
48072 0
48073 2
48074 0
48075 1
48076 0
48077 2
48078 1
48079 0
48080 2
48081 0
48082 1
48083 0
48084 2
48085 0
48086 2
48087 1
48088 0
48089 2
48090 0
48091 1
48092 0
48093 2
48094 1
48095 0
48096 2
48097 1
48098 0
48099 2
48100 1
48101 0
48102 1
48103 0
48104 2
48105 0
48106 1
48107 0
48108 2
48109 3
48110 1
48111 0
48112 1
48113 0
48114 1
48115 0
48116 1
48117 0
48118 1
48119 2
48120 1
48121 2
48122 0
48123 1
48124 0
48125 1
48126 0
48127 1
48128 0
48129 2
48130 0
48131 1
48132 0
48133 2
48134 0
48135 1
48136 3
48137 2
48138 0
48139 2
48140 1
48141 2
48142 1
48143 0
48144 3
48145 1
48146 0
48147 2
48148 1
48149 0
48150 2
48151 0
48152 2
48153 0
48154 2
48155 1
48156 2
48157 0
48158 2
48159 1
48160 2
48161 1
48162 0
48163 1
48164 0
48165 2
48166 1
48167 0
48168 1
48169 0
48170 2
48171 0
48172 2
48173 1
48174 2
48175 1
48176 0
48177 1
48178 2
48179 0
48180 2
48181 1
48182 0
48183 2
48184 1
48185 0
48186 1
48187 2
48188 1
48189 0
48190 2
48191 1
48192 2
48193 3
48194 1
48195 0
48196 1
48197 2
48198 3
48199 1
48200 0
48201 1
48202 0
48203 1
48204 2
48205 0
48206 2
48207 1
48208 0
48209 2
48210 1
48211 0
48212 1
48213 2
48214 0
48215 1
48216 0
48217 2
48218 1
48219 0
48220 2
48221 3
48222 0
48223 1
48224 0
48225 3
48226 1
48227 2
48228 0
48229 2
48230 1
48231 0
48232 1
48233 2
48234 1
48235 2
48236 0
48237 1
48238 2
48239 0
48240 2
48241 0
48242 2
48243 1
48244 0
48245 1
48246 0
48247 3
48248 2
48249 0
48250 1
48251 0
48252 1
48253 2
48254 0
48255 1
48256 0
48257 2
48258 0
48259 2
48260 0
48261 1
48262 0
48263 2
48264 1
48265 0
48266 2
48267 0
48268 1
48269 0
48270 3
48271 0
48272 1
48273 0
48274 2
48275 1
48276 2
48277 0
48278 2
48279 1
48280 0
48281 2
48282 1
48283 0
48284 1
48285 2
48286 0
48287 1
48288 0
48289 2
48290 0
48291 2
48292 1
48293 0
48294 1
48295 0
48296 1
48297 0
48298 1
48299 2
48300 0
48301 1
48302 0
48303 2
48304 3
48305 0
48306 2
48307 1
48308 2
48309 0
48310 1
48311 2
48312 1
48313 2
48314 0
48315 1
48316 0
48317 1
48318 3
48319 2
48320 1
48321 0
48322 2
48323 1
48324 2
48325 0
48326 2
48327 1
48328 0
48329 1
48330 0
48331 2
48332 1
48333 0
48334 3
48335 2
48336 1
48337 0
48338 2
48339 0
48340 2
48341 0
48342 1
48343 2
48344 1
48345 0
48346 2
48347 0
48348 1
48349 2
48350 0
48351 1
48352 2
48353 1
48354 0
48355 1
48356 2
48357 1
48358 2
48359 0
48360 1
48361 0
48362 1
48363 2
48364 0
48365 1
48366 0
48367 2
48368 0
48369 3
48370 1
48371 2
48372 0
48373 2
48374 3
48375 1
48376 2
48377 3
48378 1
48379 0
48380 2
48381 3
48382 1
48383 2
48384 0
48385 1
48386 0
48387 2
48388 0
48389 1
48390 0
48391 1
48392 0
48393 3
48394 2
48395 0
48396 2
48397 1
48398 0
48399 2
48400 1
48401 3
48402 0
48403 2
48404 1
48405 2
48406 0
48407 1
48408 2
48409 3
48410 1
48411 2
48412 0
48413 1
48414 0
48415 2
48416 1
48417 2
48418 3
48419 1
48420 2
48421 0
48422 2
48423 0
48424 2
48425 0
48426 1
48427 0
48428 1
48429 2
48430 3
48431 2
48432 3
48433 0
48434 2
48435 0
48436 1
48437 0
48438 3
48439 2
48440 1
48441 0
48442 2
48443 1
48444 2
48445 1
48446 3
48447 2
48448 1
48449 0
48450 2
48451 1
48452 0
48453 2
48454 1
48455 2
48456 0
48457 1
48458 3
48459 2
48460 0
48461 2
48462 0
48463 1
48464 0
48465 1
48466 0
48467 1
48468 0
48469 1
48470 2
48471 1
48472 0
48473 2
48474 1
48475 0
48476 1
48477 0
48478 1
48479 2
48480 0
48481 2
48482 0
48483 2
48484 0
48485 1
48486 0
48487 3
48488 2
48489 1
48490 0
48491 1
48492 0
48493 1
48494 2
48495 1
48496 0
48497 1
48498 0
48499 1
48500 0
48501 1
48502 0
48503 2
48504 1
48505 2
48506 0
48507 3
48508 0
48509 1
48510 2
48511 0
48512 1
48513 0
48514 1
48515 0
48516 2
48517 1
48518 2
48519 0
48520 3
48521 1
48522 2
48523 0
48524 1
48525 2
48526 1
48527 0
48528 2
48529 0
48530 1
48531 0
48532 1
48533 0
48534 1
48535 0
48536 2
48537 1
48538 0
48539 1
48540 3
48541 0
48542 2
48543 0
48544 1
48545 2
48546 0
48547 3
48548 0
48549 2
48550 1
48551 2
48552 0
48553 1
48554 0
48555 2
48556 1
48557 0
48558 1
48559 0
48560 2
48561 1
48562 0
48563 2
48564 1
48565 0
48566 3
48567 0
48568 2
48569 0
48570 1
48571 2
48572 0
48573 2
48574 1
48575 0
48576 1
48577 0
48578 1
48579 0
48580 2
48581 1
48582 3
48583 1
48584 0
48585 2
48586 0
48587 1
48588 0
48589 2
48590 1
48591 0
48592 1
48593 0
48594 2
48595 1
48596 0
48597 1
48598 0
48599 2
48600 0
48601 1
48602 0
48603 1
48604 2
48605 3
48606 0
48607 1
48608 2
48609 0
48610 1
48611 2
48612 3
48613 2
48614 3
48615 0
48616 2
48617 0
48618 2
48619 3
48620 4
48621 2
48622 0
48623 2
48624 1
48625 2
48626 3
48627 1
48628 0
48629 1
48630 2
48631 3
48632 0
48633 2
48634 0
48635 2
48636 1
48637 0
48638 3
48639 2
48640 3
48641 1
48642 0
48643 2
48644 1
48645 0
48646 1
48647 0
48648 2
48649 1
48650 3
48651 2
48652 1
48653 2
48654 1
48655 2
48656 0
48657 3
48658 2
48659 0
48660 1
48661 0
48662 2
48663 3
48664 0
48665 2
48666 1
48667 2
48668 1
48669 0
48670 2
48671 1
48672 0
48673 1
48674 0
48675 1
48676 0
48677 2
48678 1
48679 2
48680 0
48681 2
48682 3
48683 1
48684 2
48685 0
48686 2
48687 1
48688 2
48689 0
48690 1
48691 0
48692 1
48693 2
48694 0
48695 2
48696 1
48697 2
48698 4
48699 3
48700 0
48701 2
48702 1
48703 2
48704 1
48705 0
48706 1
48707 3
48708 1
48709 0
48710 1
48711 0
48712 1
48713 0
48714 3
48715 1
48716 0
48717 1
48718 0
48719 2
48720 1
48721 2
48722 0
48723 1
48724 2
48725 1
48726 3
48727 1
48728 2
48729 0
48730 1
48731 2
48732 0
48733 1
48734 2
48735 0
48736 1
48737 0
48738 1
48739 3
48740 0
48741 1
48742 2
48743 0
48744 1
48745 0
48746 2
48747 1
48748 2
48749 1
48750 3
48751 1
48752 2
48753 0
48754 2
48755 0
48756 1
48757 0
48758 3
48759 1
48760 3
48761 2
48762 3
48763 2
48764 1
48765 2
48766 3
48767 1
48768 2
48769 0
48770 3
48771 1
48772 0
48773 1
48774 2
48775 0
48776 1
48777 2
48778 1
48779 3
48780 1
48781 2
48782 1
48783 2
48784 3
48785 0
48786 2
48787 1
48788 0
48789 1
48790 2
48791 1
48792 0
48793 2
48794 0
48795 2
48796 3
48797 0
48798 1
48799 2
48800 3
48801 1
48802 2
48803 0
48804 1
48805 0
48806 1
48807 0
48808 1
48809 0
48810 3
48811 1
48812 0
48813 2
48814 1
48815 2
48816 0
48817 2
48818 0
48819 1
48820 0
48821 1
48822 2
48823 1
48824 2
48825 1
48826 0
48827 1
48828 0
48829 2
48830 1
48831 2
48832 3
48833 1
48834 2
48835 0
48836 1
48837 2
48838 0
48839 1
48840 0
48841 2
48842 1
48843 2
48844 3
48845 0
48846 1
48847 2
48848 0
48849 1
48850 0
48851 1
48852 2
48853 1
48854 0
48855 1
48856 0
48857 1
48858 2
48859 1
48860 0
48861 2
48862 3
48863 1
48864 3
48865 2
48866 1
48867 2
48868 1
48869 2
48870 0
48871 2
48872 0
48873 1
48874 2
48875 1
48876 2
48877 0
48878 2
48879 0
48880 2
48881 1
48882 0
48883 1
48884 0
48885 3
48886 2
48887 0
48888 2
48889 0
48890 1
48891 2
48892 1
48893 2
48894 1
48895 0
48896 2
48897 1
48898 0
48899 1
48900 2
48901 0
48902 2
48903 1
48904 2
48905 0
48906 1
48907 3
48908 1
48909 0
48910 2
48911 0
48912 1
48913 2
48914 0
48915 1
48916 3
48917 0
48918 2
48919 1
48920 2
48921 1
48922 0
48923 2
48924 3
48925 0
48926 1
48927 2
48928 1
48929 0
48930 1
48931 0
48932 2
48933 1
48934 2
48935 0
48936 2
48937 1
48938 0
48939 1
48940 2
48941 1
48942 0
48943 1
48944 0
48945 1
48946 0
48947 2
48948 1
48949 0
48950 2
48951 1
48952 0
48953 1
48954 2
48955 0
48956 2
48957 0
48958 1
48959 0
48960 2
48961 1
48962 0
48963 1
48964 2
48965 0
48966 2
48967 1
48968 2
48969 3
48970 0
48971 2
48972 0
48973 2
48974 0
48975 1
48976 0
48977 1
48978 2
48979 3
48980 2
48981 1
48982 0
48983 2
48984 1
48985 0
48986 1
48987 0
48988 1
48989 0
48990 1
48991 2
48992 1
48993 0
48994 1
48995 0
48996 2
48997 3
48998 2
48999 1
49000 0
49001 3
49002 0
49003 2
49004 0
49005 2
49006 1
49007 0
49008 1
49009 2
49010 3
49011 0
49012 2
49013 1
49014 0
49015 2
49016 0
49017 2
49018 1
49019 2
49020 3
49021 2
49022 1
49023 2
49024 1
49025 2
49026 3
49027 0
49028 2
49029 1
49030 2
49031 0
49032 1
49033 2
49034 1
49035 2
49036 3
49037 1
49038 0
49039 1
49040 0
49041 2
49042 1
49043 0
49044 2
49045 0
49046 1
49047 0
49048 1
49049 0
49050 1
49051 0
49052 2
49053 1
49054 0
49055 1
49056 2
49057 0
49058 1
49059 0
49060 1
49061 0
49062 1
49063 2
49064 0
49065 1
49066 2
49067 1
49068 2
49069 0
49070 2
49071 0
49072 2
49073 3
49074 0
49075 2
49076 0
49077 2
49078 1
49079 2
49080 0
49081 1
49082 2
49083 3
49084 0
49085 1
49086 0
49087 2
49088 1
49089 2
49090 1
49091 3
49092 1
49093 0
49094 1
49095 2
49096 3
49097 0
49098 2
49099 1
49100 0
49101 1
49102 0
49103 1
49104 3
49105 0
49106 2
49107 3
49108 0
49109 3
49110 2
49111 1
49112 0
49113 1
49114 2
49115 0
49116 2
49117 1
49118 3
49119 0
49120 1
49121 0
49122 1
49123 0
49124 2
49125 1
49126 3
49127 2
49128 0
49129 1
49130 0
49131 2
49132 1
49133 0
49134 1
49135 3
49136 2
49137 1
49138 0
49139 2
49140 0
49141 1
49142 0
49143 1
49144 3
49145 2
49146 0
49147 2
49148 3
49149 1
49150 0
49151 1
49152 0
49153 2
49154 0
49155 1
49156 2
49157 0
49158 3
49159 2
49160 3
49161 1
49162 2
49163 0
49164 1
49165 0
49166 2
49167 0
49168 1
49169 2
49170 1
49171 2
49172 1
49173 0
49174 1
49175 0
49176 1
49177 0
49178 1
49179 2
49180 0
49181 2
49182 0
49183 1
49184 2
49185 1
49186 0
49187 2
49188 3
49189 1
49190 2
49191 0
49192 1
49193 2
49194 0
49195 2
49196 1
49197 2
49198 0
49199 1
49200 3
49201 0
49202 2
49203 0
49204 2
49205 0
49206 1
49207 0
49208 1
49209 0
49210 1
49211 2
49212 1
49213 0
49214 1
49215 2
49216 0
49217 1
49218 2
49219 1
49220 0
49221 1
49222 2
49223 1
49224 0
49225 1
49226 2
49227 0
49228 2
49229 0
49230 2
49231 0
49232 1
49233 0
49234 2
49235 1
49236 0
49237 2
49238 0
49239 1
49240 0
49241 2
49242 0
49243 1
49244 2
49245 0
49246 2
49247 1
49248 0
49249 1
49250 0
49251 2
49252 3
49253 0
49254 1
49255 0
49256 1
49257 3
49258 2
49259 0
49260 1
49261 0
49262 2
49263 1
49264 3
49265 2
49266 0
49267 2
49268 0
49269 1
49270 2
49271 1
49272 2
49273 0
49274 2
49275 1
49276 0
49277 1
49278 0
49279 1
49280 2
49281 3
49282 1
49283 0
49284 2
49285 1
49286 0
49287 2
49288 0
49289 1
49290 2
49291 0
49292 1
49293 0
49294 1
49295 0
49296 2
49297 1
49298 3
49299 0
49300 1
49301 2
49302 1
49303 3
49304 0
49305 2
49306 1
49307 2
49308 0
49309 2
49310 0
49311 2
49312 3
49313 1
49314 3
49315 2
49316 0
49317 2
49318 1
49319 0
49320 1
49321 0
49322 2
49323 0
49324 2
49325 1
49326 2
49327 1
49328 2
49329 0
49330 1
49331 0
49332 3
49333 1
49334 2
49335 1
49336 2
49337 3
49338 1
49339 0
49340 3
49341 2
49342 0
49343 2
49344 1
49345 0
49346 1
49347 0
49348 1
49349 0
49350 2
49351 0
49352 1
49353 2
49354 1
49355 0
49356 1
49357 0
49358 1
49359 0
49360 2
49361 0
49362 2
49363 1
49364 2
49365 1
49366 0
49367 2
49368 0
49369 1
49370 2
49371 0
49372 1
49373 2
49374 1
49375 2
49376 0
49377 1
49378 2
49379 0
49380 2
49381 3
49382 1
49383 2
49384 0
49385 1
49386 2
49387 1
49388 0
49389 1
49390 2
49391 0
49392 2
49393 3
49394 1
49395 0
49396 1
49397 2
49398 1
49399 0
49400 1
49401 2
49402 1
49403 0
49404 2
49405 0
49406 1
49407 0
49408 2
49409 1
49410 0
49411 3
49412 2
49413 3
49414 1
49415 0
49416 2
49417 1
49418 0
49419 3
49420 1
49421 0
49422 2
49423 1
49424 0
49425 2
49426 3
49427 1
49428 2
49429 3
49430 0
49431 1
49432 0
49433 2
49434 1
49435 0
49436 2
49437 0
49438 2
49439 1
49440 2
49441 1
49442 0
49443 2
49444 1
49445 2
49446 3
49447 1
49448 2
49449 1
49450 2
49451 3
49452 2
49453 1
49454 0
49455 1
49456 2
49457 0
49458 1
49459 2
49460 1
49461 2
49462 3
49463 0
49464 2
49465 0
49466 1
49467 0
49468 1
49469 2
49470 0
49471 1
49472 0
49473 2
49474 0
49475 3
49476 1
49477 2
49478 1
49479 2
49480 1
49481 2
49482 1
49483 2
49484 1
49485 0
49486 1
49487 2
49488 1
49489 0
49490 1
49491 0
49492 2
49493 0
49494 1
49495 2
49496 1
49497 3
49498 0
49499 2
49500 0
49501 2
49502 0
49503 1
49504 2
49505 0
49506 2
49507 1
49508 0
49509 1
49510 0
49511 2
49512 1
49513 0
49514 3
49515 0
49516 2
49517 0
49518 1
49519 0
49520 2
49521 1
49522 2
49523 0
49524 1
49525 2
49526 0
49527 2
49528 1
49529 0
49530 2
49531 0
49532 1
49533 2
49534 1
49535 2
49536 0
49537 2
49538 3
49539 0
49540 2
49541 1
49542 0
49543 2
49544 0
49545 1
49546 2
49547 1
49548 0
49549 1
49550 2
49551 0
49552 1
49553 0
49554 1
49555 2
49556 1
49557 2
49558 0
49559 1
49560 3
49561 0
49562 2
49563 0
49564 2
49565 0
49566 2
49567 0
49568 2
49569 0
49570 2
49571 1
49572 0
49573 2
49574 1
49575 2
49576 3
49577 2
49578 0
49579 1
49580 2
49581 0
49582 1
49583 0
49584 1
49585 3
49586 1
49587 2
49588 0
49589 1
49590 0
49591 2
49592 1
49593 0
49594 1
49595 2
49596 1
49597 2
49598 0
49599 1
49600 0
49601 1
49602 0
49603 3
49604 2
49605 1
49606 2
49607 1
49608 0
49609 1
49610 2
49611 1
49612 2
49613 1
49614 2
49615 0
49616 1
49617 2
49618 0
49619 2
49620 1
49621 0
49622 1
49623 2
49624 1
49625 0
49626 3
49627 0
49628 1
49629 2
49630 0
49631 1
49632 3
49633 1
49634 2
49635 1
49636 0
49637 1
49638 3
49639 2
49640 1
49641 0
49642 2
49643 1
49644 0
49645 2
49646 0
49647 1
49648 0
49649 2
49650 1
49651 0
49652 1
49653 0
49654 1
49655 3
49656 0
49657 2
49658 1
49659 2
49660 3
49661 0
49662 2
49663 3
49664 2
49665 3
49666 0
49667 2
49668 0
49669 2
49670 1
49671 0
49672 1
49673 0
49674 1
49675 2
49676 1
49677 2
49678 1
49679 2
49680 1
49681 2
49682 1
49683 2
49684 0
49685 1
49686 2
49687 0
49688 2
49689 0
49690 3
49691 2
49692 1
49693 2
49694 1
49695 0
49696 1
49697 0
49698 1
49699 0
49700 2
49701 0
49702 2
49703 1
49704 0
49705 2
49706 1
49707 2
49708 1
49709 2
49710 0
49711 1
49712 0
49713 2
49714 0
49715 2
49716 1
49717 0
49718 2
49719 1
49720 0
49721 2
49722 1
49723 0
49724 2
49725 1
49726 0
49727 2
49728 1
49729 0
49730 1
49731 2
49732 0
49733 1
49734 2
49735 1
49736 3
49737 0
49738 2
49739 1
49740 0
49741 1
49742 2
49743 0
49744 1
49745 0
49746 1
49747 2
49748 1
49749 2
49750 1
49751 2
49752 3
49753 1
49754 0
49755 1
49756 3
49757 0
49758 3
49759 1
49760 2
49761 1
49762 3
49763 0
49764 1
49765 0
49766 1
49767 2
49768 0
49769 3
49770 2
49771 0
49772 1
49773 0
49774 1
49775 2
49776 0
49777 1
49778 0
49779 2
49780 0
49781 1
49782 3
49783 2
49784 0
49785 2
49786 3
49787 0
49788 2
49789 1
49790 0
49791 1
49792 0
49793 1
49794 2
49795 0
49796 2
49797 1
49798 2
49799 3
49800 0
49801 2
49802 1
49803 2
49804 0
49805 1
49806 2
49807 0
49808 1
49809 0
49810 1
49811 0
49812 1
49813 0
49814 2
49815 1
49816 2
49817 0
49818 1
49819 0
49820 1
49821 2
49822 0
49823 1
49824 2
49825 3
49826 2
49827 0
49828 1
49829 2
49830 0
49831 2
49832 1
49833 2
49834 1
49835 2
49836 1
49837 0
49838 2
49839 0
49840 1
49841 2
49842 1
49843 2
49844 1
49845 0
49846 1
49847 2
49848 0
49849 1
49850 2
49851 1
49852 0
49853 1
49854 2
49855 1
49856 0
49857 2
49858 0
49859 2
49860 3
49861 1
49862 2
49863 0
49864 1
49865 2
49866 0
49867 1
49868 0
49869 1
49870 0
49871 1
49872 2
49873 0
49874 1
49875 2
49876 0
49877 2
49878 0
49879 3
49880 1
49881 2
49882 1
49883 0
49884 1
49885 0
49886 1
49887 0
49888 1
49889 2
49890 0
49891 1
49892 2
49893 0
49894 2
49895 0
49896 1
49897 2
49898 0
49899 2
49900 1
49901 0
49902 1
49903 2
49904 0
49905 1
49906 0
49907 2
49908 0
49909 1
49910 2
49911 0
49912 2
49913 0
49914 1
49915 0
49916 2
49917 1
49918 3
49919 2
49920 0
49921 2
49922 1
49923 2
49924 0
49925 2
49926 1
49927 0
49928 2
49929 1
49930 2
49931 1
49932 0
49933 1
49934 0
49935 2
49936 1
49937 0
49938 2
49939 0
49940 1
49941 2
49942 3
49943 0
49944 1
49945 2
49946 1
49947 2
49948 0
49949 1
49950 2
49951 1
49952 0
49953 2
49954 0
49955 2
49956 0
49957 1
49958 2
49959 3
49960 0
49961 2
49962 1
49963 2
49964 0
49965 1
49966 0
49967 2
49968 0
49969 2
49970 1
49971 2
49972 0
49973 2
49974 0
49975 3
49976 0
49977 1
49978 0
49979 2
49980 0
49981 1
49982 2
49983 0
49984 1
49985 2
49986 0
49987 2
49988 3
49989 1
49990 2
49991 0
49992 2
49993 0
49994 1
49995 3
49996 2
49997 0
49998 3
49999 1
Colors used: 5
Valid: true
Execution time: 16.689050 ms
