Algorithm: Greedy Vertex Coloring
Vertex colors:
0 1
1 0
2 2
3 1
4 2
5 0
6 1
7 2
8 0
9 2
10 1
11 0
12 3
13 1
14 2
15 1
16 0
17 1
18 2
19 1
20 0
21 2
22 1
23 2
24 0
25 1
26 0
27 1
28 2
29 0
30 1
31 0
32 2
33 1
34 0
35 2
36 0
37 1
38 2
39 1
40 2
41 3
42 1
43 0
44 2
45 0
46 1
47 0
48 2
49 1
50 2
51 1
52 2
53 1
54 0
55 1
56 2
57 0
58 1
59 0
60 1
61 0
62 2
63 1
64 0
65 2
66 1
67 2
68 0
69 2
70 1
71 2
72 3
73 1
74 0
75 1
76 0
77 2
78 0
79 1
80 0
81 2
82 0
83 2
84 0
85 1
86 2
87 0
88 1
89 0
90 1
91 0
92 1
93 0
94 2
95 0
96 2
97 1
98 0
99 1
100 2
101 0
102 1
103 0
104 2
105 1
106 2
107 3
108 1
109 0
110 1
111 0
112 1
113 0
114 2
115 1
116 2
117 0
118 1
119 0
120 1
121 0
122 2
123 1
124 0
125 1
126 2
127 0
128 1
129 2
130 1
131 0
132 2
133 0
134 1
135 2
136 0
137 2
138 1
139 0
140 2
141 0
142 1
143 2
144 0
145 1
146 2
147 0
148 1
149 2
150 0
151 1
152 2
153 0
154 1
155 0
156 1
157 0
158 1
159 0
160 1
161 2
162 0
163 2
164 1
165 2
166 0
167 2
168 0
169 1
170 2
171 0
172 2
173 1
174 2
175 0
176 1
177 2
178 0
179 1
180 0
181 2
182 1
183 0
184 1
185 2
186 0
187 2
188 3
189 0
190 2
191 1
192 0
193 2
194 0
195 1
196 0
197 1
198 0
199 1
200 2
201 0
202 1
203 2
204 0
205 2
206 1
207 0
208 2
209 1
210 2
211 0
212 2
213 1
214 0
215 1
216 0
217 1
218 2
219 0
220 1
221 2
222 0
223 1
224 0
225 1
226 3
227 0
228 2
229 1
230 0
231 1
232 0
233 1
234 0
235 2
236 0
237 1
238 0
239 2
240 1
241 0
242 2
243 0
244 1
245 0
246 2
247 3
248 1
249 2
250 0
251 1
252 0
253 1
254 2
255 0
256 1
257 0
258 1
259 2
260 1
261 0
262 1
263 2
264 0
265 1
266 0
267 1
268 2
269 0
270 1
271 2
272 3
273 2
274 0
275 1
276 2
277 1
278 0
279 1
280 0
281 2
282 1
283 0
284 1
285 0
286 1
287 0
288 2
289 1
290 2
291 3
292 1
293 0
294 1
295 2
296 0
297 1
298 0
299 2
300 1
301 0
302 1
303 2
304 0
305 2
306 1
307 3
308 0
309 2
310 1
311 2
312 0
313 1
314 2
315 0
316 1
317 2
318 1
319 0
320 1
321 2
322 1
323 0
324 1
325 0
326 1
327 2
328 0
329 2
330 0
331 1
332 0
333 2
334 0
335 2
336 1
337 0
338 1
339 2
340 0
341 1
342 2
343 0
344 2
345 0
346 2
347 1
348 2
349 0
350 1
351 2
352 0
353 1
354 2
355 1
356 2
357 0
358 2
359 1
360 2
361 0
362 1
363 2
364 0
365 2
366 1
367 0
368 1
369 0
370 1
371 2
372 0
373 2
374 1
375 0
376 1
377 0
378 2
379 1
380 0
381 1
382 2
383 0
384 1
385 0
386 1
387 0
388 2
389 1
390 0
391 1
392 0
393 1
394 0
395 1
396 0
397 2
398 0
399 2
400 0
401 1
402 3
403 0
404 2
405 1
406 2
407 1
408 0
409 1
410 0
411 1
412 0
413 1
414 0
415 1
416 0
417 2
418 1
419 0
420 2
421 0
422 2
423 0
424 1
425 0
426 2
427 0
428 1
429 0
430 2
431 1
432 2
433 0
434 1
435 2
436 3
437 1
438 0
439 2
440 1
441 0
442 1
443 2
444 0
445 1
446 2
447 0
448 1
449 0
450 1
451 0
452 2
453 0
454 1
455 0
456 1
457 2
458 0
459 1
460 0
461 1
462 0
463 1
464 2
465 0
466 1
467 2
468 1
469 0
470 1
471 0
472 1
473 2
474 1
475 2
476 0
477 2
478 1
479 2
480 0
481 2
482 1
483 3
484 0
485 1
486 2
487 0
488 2
489 0
490 1
491 0
492 1
493 2
494 1
495 0
496 1
497 0
498 3
499 1
500 0
501 1
502 0
503 1
504 2
505 1
506 0
507 1
508 2
509 1
510 2
511 1
512 0
513 3
514 1
515 2
516 3
517 1
518 2
519 0
520 2
521 0
522 2
523 0
524 2
525 1
526 0
527 1
528 2
529 0
530 1
531 2
532 1
533 0
534 1
535 2
536 1
537 2
538 1
539 2
540 0
541 2
542 0
543 2
544 1
545 0
546 1
547 0
548 1
549 0
550 2
551 0
552 2
553 1
554 0
555 2
556 1
557 2
558 1
559 0
560 2
561 3
562 0
563 1
564 2
565 1
566 0
567 2
568 0
569 1
570 2
571 0
572 1
573 2
574 0
575 1
576 0
577 1
578 2
579 1
580 2
581 0
582 1
583 3
584 2
585 3
586 1
587 0
588 1
589 2
590 0
591 1
592 3
593 2
594 1
595 2
596 0
597 2
598 0
599 1
600 0
601 2
602 0
603 2
604 1
605 0
606 1
607 0
608 1
609 2
610 0
611 1
612 0
613 3
614 2
615 1
616 2
617 1
618 2
619 1
620 2
621 1
622 0
623 2
624 1
625 0
626 1
627 0
628 1
629 2
630 0
631 1
632 0
633 1
634 3
635 0
636 2
637 0
638 1
639 0
640 2
641 1
642 0
643 1
644 0
645 2
646 0
647 1
648 2
649 1
650 0
651 2
652 1
653 0
654 1
655 2
656 3
657 1
658 0
659 2
660 1
661 2
662 1
663 2
664 0
665 1
666 0
667 1
668 0
669 1
670 3
671 0
672 1
673 2
674 0
675 1
676 0
677 2
678 0
679 2
680 3
681 1
682 0
683 1
684 0
685 2
686 0
687 1
688 2
689 1
690 2
691 0
692 2
693 0
694 2
695 1
696 2
697 0
698 1
699 0
700 2
701 1
702 0
703 2
704 0
705 2
706 0
707 1
708 0
709 1
710 0
711 2
712 1
713 3
714 2
715 0
716 1
717 0
718 2
719 1
720 0
721 1
722 0
723 1
724 0
725 2
726 1
727 0
728 1
729 0
730 1
731 0
732 2
733 3
734 1
735 0
736 2
737 1
738 2
739 3
740 0
741 2
742 0
743 1
744 2
745 0
746 2
747 0
748 1
749 0
750 1
751 2
752 0
753 3
754 1
755 0
756 1
757 0
758 2
759 1
760 0
761 1
762 0
763 3
764 2
765 1
766 0
767 2
768 0
769 1
770 2
771 0
772 2
773 1
774 0
775 1
776 0
777 1
778 0
779 2
780 1
781 0
782 1
783 2
784 0
785 1
786 2
787 3
788 1
789 2
790 1
791 2
792 0
793 1
794 0
795 1
796 0
797 2
798 1
799 2
800 1
801 2
802 0
803 2
804 0
805 2
806 1
807 2
808 1
809 0
810 2
811 1
812 0
813 1
814 2
815 0
816 1
817 0
818 1
819 0
820 1
821 2
822 0
823 1
824 0
825 2
826 1
827 0
828 1
829 0
830 2
831 1
832 0
833 1
834 0
835 2
836 0
837 1
838 2
839 0
840 1
841 0
842 2
843 0
844 1
845 0
846 2
847 0
848 1
849 0
850 1
851 0
852 2
853 0
854 1
855 0
856 1
857 0
858 2
859 0
860 1
861 0
862 2
863 0
864 1
865 2
866 0
867 1
868 2
869 0
870 1
871 0
872 2
873 1
874 2
875 0
876 2
877 1
878 0
879 1
880 0
881 2
882 1
883 2
884 0
885 1
886 2
887 0
888 2
889 1
890 0
891 1
892 2
893 0
894 1
895 0
896 2
897 1
898 0
899 1
900 2
901 0
902 2
903 1
904 0
905 1
906 0
907 1
908 2
909 0
910 1
911 2
912 0
913 1
914 0
915 2
916 1
917 0
918 1
919 2
920 0
921 1
922 3
923 2
924 1
925 2
926 0
927 2
928 1
929 0
930 2
931 1
932 0
933 1
934 2
935 0
936 2
937 1
938 2
939 1
940 0
941 1
942 0
943 2
944 3
945 1
946 0
947 1
948 2
949 0
950 1
951 0
952 3
953 2
954 1
955 0
956 2
957 1
958 0
959 1
960 0
961 1
962 2
963 0
964 1
965 3
966 2
967 1
968 0
969 2
970 1
971 0
972 2
973 1
974 0
975 1
976 2
977 0
978 2
979 0
980 2
981 0
982 1
983 0
984 1
985 2
986 0
987 2
988 1
989 2
990 0
991 1
992 2
993 3
994 1
995 0
996 2
997 0
998 3
999 2
1000 0
1001 1
1002 0
1003 1
1004 0
1005 1
1006 0
1007 1
1008 2
1009 0
1010 1
1011 0
1012 1
1013 0
1014 2
1015 0
1016 1
1017 2
1018 3
1019 1
1020 0
1021 1
1022 0
1023 2
1024 1
1025 0
1026 1
1027 2
1028 1
1029 0
1030 2
1031 1
1032 2
1033 0
1034 1
1035 2
1036 0
1037 2
1038 1
1039 3
1040 0
1041 1
1042 0
1043 1
1044 0
1045 2
1046 1
1047 0
1048 1
1049 0
1050 1
1051 3
1052 0
1053 1
1054 0
1055 2
1056 1
1057 2
1058 0
1059 1
1060 0
1061 1
1062 3
1063 1
1064 0
1065 2
1066 0
1067 1
1068 2
1069 0
1070 2
1071 1
1072 0
1073 1
1074 0
1075 1
1076 2
1077 0
1078 2
1079 1
1080 0
1081 1
1082 0
1083 1
1084 0
1085 1
1086 2
1087 0
1088 1
1089 0
1090 2
1091 3
1092 0
1093 1
1094 0
1095 1
1096 2
1097 0
1098 1
1099 2
1100 0
1101 1
1102 2
1103 0
1104 1
1105 0
1106 2
1107 0
1108 2
1109 1
1110 0
1111 2
1112 1
1113 0
1114 1
1115 2
1116 1
1117 0
1118 2
1119 0
1120 2
1121 1
1122 2
1123 0
1124 1
1125 2
1126 3
1127 1
1128 0
1129 1
1130 0
1131 1
1132 2
1133 3
1134 1
1135 2
1136 0
1137 1
1138 2
1139 0
1140 1
1141 0
1142 1
1143 2
1144 0
1145 1
1146 0
1147 1
1148 0
1149 1
1150 2
1151 0
1152 2
1153 1
1154 2
1155 0
1156 1
1157 2
1158 0
1159 2
1160 0
1161 1
1162 2
1163 0
1164 3
1165 2
1166 0
1167 2
1168 0
1169 2
1170 1
1171 2
1172 0
1173 2
1174 1
1175 0
1176 1
1177 0
1178 1
1179 0
1180 2
1181 0
1182 1
1183 0
1184 1
1185 3
1186 0
1187 1
1188 0
1189 2
1190 1
1191 0
1192 2
1193 0
1194 2
1195 1
1196 2
1197 0
1198 2
1199 1
1200 0
1201 3
1202 2
1203 1
1204 2
1205 3
1206 1
1207 0
1208 1
1209 2
1210 1
1211 2
1212 0
1213 2
1214 0
1215 2
1216 1
1217 0
1218 2
1219 3
1220 0
1221 1
1222 2
1223 3
1224 1
1225 2
1226 1
1227 2
1228 0
1229 1
1230 3
1231 2
1232 1
1233 2
1234 0
1235 1
1236 2
1237 0
1238 1
1239 2
1240 0
1241 1
1242 2
1243 1
1244 0
1245 1
1246 2
1247 0
1248 1
1249 2
1250 0
1251 1
1252 0
1253 1
1254 0
1255 2
1256 1
1257 2
1258 0
1259 2
1260 0
1261 1
1262 2
1263 1
1264 0
1265 1
1266 0
1267 1
1268 2
1269 0
1270 2
1271 1
1272 0
1273 1
1274 3
1275 0
1276 2
1277 1
1278 0
1279 2
1280 1
1281 0
1282 1
1283 2
1284 0
1285 1
1286 2
1287 0
1288 1
1289 2
1290 0
1291 2
1292 0
1293 1
1294 2
1295 1
1296 2
1297 1
1298 0
1299 1
1300 2
1301 0
1302 1
1303 0
1304 1
1305 2
1306 1
1307 2
1308 1
1309 0
1310 1
1311 2
1312 0
1313 1
1314 0
1315 2
1316 1
1317 0
1318 2
1319 1
1320 0
1321 2
1322 1
1323 2
1324 0
1325 2
1326 0
1327 1
1328 2
1329 3
1330 1
1331 0
1332 2
1333 0
1334 2
1335 0
1336 1
1337 2
1338 1
1339 0
1340 2
1341 1
1342 0
1343 1
1344 0
1345 2
1346 0
1347 1
1348 2
1349 1
1350 0
1351 2
1352 0
1353 2
1354 0
1355 1
1356 2
1357 1
1358 0
1359 2
1360 0
1361 1
1362 0
1363 1
1364 0
1365 1
1366 0
1367 1
1368 2
1369 0
1370 1
1371 0
1372 2
1373 1
1374 0
1375 2
1376 1
1377 0
1378 2
1379 1
1380 0
1381 2
1382 1
1383 2
1384 1
1385 0
1386 1
1387 0
1388 2
1389 0
1390 1
1391 2
1392 1
1393 0
1394 1
1395 2
1396 0
1397 2
1398 1
1399 0
1400 1
1401 2
1402 1
1403 0
1404 1
1405 0
1406 2
1407 0
1408 2
1409 1
1410 0
1411 1
1412 0
1413 1
1414 2
1415 0
1416 1
1417 2
1418 1
1419 0
1420 2
1421 1
1422 0
1423 1
1424 0
1425 1
1426 0
1427 2
1428 1
1429 2
1430 0
1431 1
1432 0
1433 1
1434 0
1435 1
1436 0
1437 1
1438 0
1439 1
1440 0
1441 1
1442 0
1443 1
1444 2
1445 1
1446 0
1447 1
1448 0
1449 1
1450 2
1451 0
1452 2
1453 0
1454 2
1455 3
1456 1
1457 2
1458 0
1459 2
1460 1
1461 0
1462 2
1463 0
1464 1
1465 2
1466 0
1467 2
1468 0
1469 1
1470 0
1471 2
1472 1
1473 0
1474 2
1475 1
1476 0
1477 2
1478 1
1479 0
1480 2
1481 0
1482 1
1483 0
1484 1
1485 2
1486 0
1487 1
1488 0
1489 2
1490 1
1491 0
1492 1
1493 2
1494 0
1495 1
1496 0
1497 2
1498 1
1499 3
1500 2
1501 1
1502 2
1503 1
1504 0
1505 1
1506 0
1507 1
1508 0
1509 1
1510 0
1511 2
1512 0
1513 1
1514 0
1515 1
1516 0
1517 2
1518 1
1519 0
1520 1
1521 2
1522 1
1523 0
1524 2
1525 1
1526 0
1527 2
1528 0
1529 1
1530 0
1531 2
1532 0
1533 2
1534 0
1535 1
1536 0
1537 1
1538 0
1539 2
1540 0
1541 1
1542 0
1543 2
1544 0
1545 1
1546 2
1547 0
1548 1
1549 0
1550 2
1551 1
1552 2
1553 1
1554 0
1555 2
1556 0
1557 1
1558 2
1559 0
1560 1
1561 0
1562 1
1563 0
1564 1
1565 0
1566 1
1567 0
1568 1
1569 0
1570 1
1571 0
1572 1
1573 0
1574 1
1575 2
1576 0
1577 1
1578 2
1579 0
1580 2
1581 1
1582 2
1583 1
1584 2
1585 0
1586 1
1587 2
1588 1
1589 0
1590 1
1591 0
1592 1
1593 2
1594 0
1595 1
1596 0
1597 1
1598 0
1599 1
1600 0
1601 1
1602 0
1603 2
1604 1
1605 3
1606 2
1607 0
1608 1
1609 0
1610 2
1611 0
1612 2
1613 1
1614 2
1615 1
1616 0
1617 1
1618 0
1619 1
1620 0
1621 1
1622 0
1623 2
1624 1
1625 2
1626 0
1627 1
1628 0
1629 2
1630 0
1631 1
1632 0
1633 2
1634 1
1635 2
1636 0
1637 2
1638 1
1639 0
1640 2
1641 0
1642 2
1643 0
1644 2
1645 0
1646 1
1647 0
1648 1
1649 0
1650 2
1651 1
1652 2
1653 1
1654 2
1655 0
1656 1
1657 0
1658 1
1659 0
1660 3
1661 1
1662 0
1663 1
1664 0
1665 2
1666 0
1667 1
1668 0
1669 1
1670 2
1671 1
1672 0
1673 1
1674 0
1675 1
1676 2
1677 0
1678 1
1679 2
1680 1
1681 0
1682 3
1683 2
1684 0
1685 1
1686 0
1687 1
1688 2
1689 0
1690 2
1691 1
1692 2
1693 0
1694 1
1695 0
1696 1
1697 2
1698 0
1699 2
1700 1
1701 0
1702 1
1703 2
1704 0
1705 1
1706 2
1707 0
1708 2
1709 1
1710 0
1711 2
1712 3
1713 0
1714 2
1715 0
1716 2
1717 1
1718 2
1719 0
1720 1
1721 3
1722 0
1723 1
1724 2
1725 0
1726 1
1727 2
1728 0
1729 2
1730 1
1731 0
1732 2
1733 0
1734 1
1735 0
1736 1
1737 0
1738 1
1739 2
1740 0
1741 2
1742 1
1743 0
1744 2
1745 1
1746 2
1747 0
1748 1
1749 0
1750 1
1751 0
1752 2
1753 0
1754 1
1755 0
1756 1
1757 2
1758 0
1759 1
1760 0
1761 1
1762 0
1763 1
1764 0
1765 1
1766 2
1767 0
1768 1
1769 0
1770 2
1771 3
1772 1
1773 0
1774 1
1775 0
1776 2
1777 1
1778 3
1779 2
1780 3
1781 1
1782 0
1783 2
1784 0
1785 2
1786 1
1787 2
1788 1
1789 2
1790 0
1791 2
1792 1
1793 0
1794 1
1795 2
1796 0
1797 1
1798 0
1799 2
1800 1
1801 0
1802 1
1803 2
1804 3
1805 0
1806 2
1807 1
1808 0
1809 2
1810 0
1811 2
1812 1
1813 0
1814 1
1815 0
1816 1
1817 0
1818 2
1819 1
1820 2
1821 1
1822 2
1823 1
1824 0
1825 1
1826 2
1827 0
1828 1
1829 2
1830 0
1831 1
1832 2
1833 1
1834 2
1835 0
1836 1
1837 3
1838 2
1839 0
1840 1
1841 2
1842 1
1843 0
1844 1
1845 0
1846 1
1847 2
1848 0
1849 1
1850 0
1851 2
1852 1
1853 0
1854 2
1855 0
1856 1
1857 0
1858 2
1859 1
1860 2
1861 1
1862 0
1863 1
1864 0
1865 1
1866 2
1867 0
1868 1
1869 2
1870 0
1871 1
1872 2
1873 3
1874 1
1875 0
1876 2
1877 1
1878 0
1879 2
1880 0
1881 2
1882 0
1883 1
1884 0
1885 1
1886 2
1887 1
1888 2
1889 1
1890 0
1891 2
1892 0
1893 2
1894 0
1895 2
1896 0
1897 1
1898 0
1899 1
1900 0
1901 2
1902 0
1903 1
1904 0
1905 1
1906 0
1907 1
1908 0
1909 1
1910 0
1911 1
1912 0
1913 1
1914 0
1915 2
1916 3
1917 0
1918 1
1919 2
1920 1
1921 0
1922 2
1923 1
1924 2
1925 3
1926 0
1927 1
1928 0
1929 1
1930 2
1931 0
1932 1
1933 0
1934 1
1935 0
1936 1
1937 0
1938 1
1939 2
1940 0
1941 1
1942 0
1943 2
1944 1
1945 0
1946 2
1947 1
1948 2
1949 0
1950 1
1951 0
1952 2
1953 1
1954 2
1955 0
1956 2
1957 0
1958 1
1959 2
1960 1
1961 0
1962 2
1963 0
1964 2
1965 0
1966 2
1967 1
1968 2
1969 0
1970 1
1971 2
1972 0
1973 2
1974 3
1975 0
1976 1
1977 0
1978 1
1979 2
1980 0
1981 2
1982 1
1983 0
1984 1
1985 0
1986 2
1987 1
1988 0
1989 2
1990 1
1991 0
1992 3
1993 2
1994 1
1995 0
1996 1
1997 0
1998 1
1999 2
2000 0
2001 1
2002 2
2003 0
2004 2
2005 1
2006 0
2007 2
2008 1
2009 0
2010 2
2011 1
2012 0
2013 2
2014 0
2015 2
2016 0
2017 2
2018 1
2019 0
2020 1
2021 0
2022 3
2023 1
2024 0
2025 2
2026 1
2027 0
2028 2
2029 0
2030 1
2031 0
2032 1
2033 0
2034 1
2035 0
2036 2
2037 3
2038 0
2039 1
2040 0
2041 1
2042 2
2043 3
2044 0
2045 1
2046 0
2047 1
2048 2
2049 3
2050 1
2051 0
2052 1
2053 2
2054 0
2055 1
2056 0
2057 3
2058 2
2059 1
2060 0
2061 1
2062 0
2063 1
2064 2
2065 0
2066 1
2067 0
2068 1
2069 0
2070 1
2071 0
2072 2
2073 0
2074 1
2075 2
2076 0
2077 3
2078 2
2079 1
2080 0
2081 2
2082 0
2083 2
2084 3
2085 0
2086 1
2087 2
2088 0
2089 1
2090 0
2091 2
2092 1
2093 0
2094 1
2095 0
2096 2
2097 3
2098 0
2099 1
2100 0
2101 2
2102 1
2103 0
2104 2
2105 0
2106 2
2107 1
2108 0
2109 2
2110 1
2111 0
2112 3
2113 1
2114 2
2115 1
2116 0
2117 2
2118 1
2119 3
2120 0
2121 1
2122 0
2123 2
2124 1
2125 0
2126 3
2127 1
2128 0
2129 2
2130 1
2131 0
2132 2
2133 0
2134 1
2135 0
2136 1
2137 0
2138 2
2139 3
2140 0
2141 1
2142 0
2143 1
2144 0
2145 1
2146 0
2147 2
2148 1
2149 2
2150 1
2151 2
2152 0
2153 1
2154 2
2155 0
2156 1
2157 0
2158 1
2159 0
2160 1
2161 2
2162 0
2163 2
2164 0
2165 1
2166 2
2167 1
2168 0
2169 1
2170 0
2171 1
2172 2
2173 0
2174 2
2175 0
2176 1
2177 0
2178 3
2179 2
2180 1
2181 0
2182 2
2183 1
2184 0
2185 1
2186 0
2187 1
2188 0
2189 1
2190 0
2191 2
2192 0
2193 1
2194 0
2195 1
2196 0
2197 1
2198 0
2199 1
2200 0
2201 1
2202 0
2203 1
2204 0
2205 2
2206 1
2207 0
2208 1
2209 2
2210 0
2211 2
2212 1
2213 0
2214 1
2215 2
2216 1
2217 0
2218 2
2219 3
2220 0
2221 1
2222 0
2223 1
2224 2
2225 0
2226 2
2227 0
2228 1
2229 0
2230 2
2231 1
2232 2
2233 0
2234 2
2235 0
2236 1
2237 2
2238 0
2239 2
2240 0
2241 1
2242 2
2243 3
2244 0
2245 1
2246 2
2247 0
2248 2
2249 3
2250 1
2251 0
2252 2
2253 1
2254 0
2255 1
2256 0
2257 1
2258 0
2259 2
2260 0
2261 1
2262 0
2263 1
2264 0
2265 1
2266 2
2267 1
2268 0
2269 1
2270 0
2271 1
2272 0
2273 2
2274 0
2275 1
2276 0
2277 1
2278 0
2279 2
2280 1
2281 0
2282 1
2283 0
2284 2
2285 0
2286 2
2287 1
2288 0
2289 1
2290 0
2291 1
2292 2
2293 0
2294 1
2295 3
2296 2
2297 1
2298 0
2299 2
2300 1
2301 2
2302 0
2303 3
2304 1
2305 0
2306 1
2307 0
2308 2
2309 1
2310 0
2311 1
2312 2
2313 1
2314 0
2315 1
2316 0
2317 2
2318 3
2319 1
2320 2
2321 0
2322 1
2323 2
2324 0
2325 2
2326 3
2327 1
2328 2
2329 1
2330 0
2331 1
2332 2
2333 1
2334 0
2335 1
2336 0
2337 1
2338 0
2339 1
2340 0
2341 2
2342 0
2343 2
2344 1
2345 0
2346 1
2347 0
2348 2
2349 1
2350 0
2351 2
2352 0
2353 2
2354 1
2355 0
2356 1
2357 0
2358 2
2359 1
2360 0
2361 1
2362 0
2363 1
2364 0
2365 1
2366 2
2367 1
2368 3
2369 0
2370 1
2371 0
2372 2
2373 1
2374 0
2375 2
2376 0
2377 3
2378 1
2379 0
2380 2
2381 1
2382 3
2383 2
2384 0
2385 2
2386 1
2387 2
2388 0
2389 1
2390 2
2391 3
2392 0
2393 2
2394 0
2395 1
2396 2
2397 0
2398 1
2399 0
2400 1
2401 0
2402 2
2403 1
2404 0
2405 1
2406 0
2407 2
2408 0
2409 1
2410 0
2411 1
2412 3
2413 0
2414 2
2415 0
2416 1
2417 0
2418 2
2419 0
2420 1
2421 2
2422 0
2423 2
2424 1
2425 0
2426 1
2427 0
2428 1
2429 0
2430 1
2431 0
2432 2
2433 1
2434 0
2435 1
2436 0
2437 1
2438 0
2439 1
2440 0
2441 1
2442 0
2443 1
2444 0
2445 2
2446 1
2447 2
2448 0
2449 2
2450 0
2451 2
2452 1
2453 0
2454 1
2455 0
2456 1
2457 2
2458 0
2459 1
2460 3
2461 2
2462 0
2463 3
2464 2
2465 0
2466 1
2467 0
2468 1
2469 2
2470 1
2471 0
2472 2
2473 0
2474 1
2475 2
2476 1
2477 0
2478 2
2479 3
2480 1
2481 2
2482 0
2483 1
2484 2
2485 0
2486 1
2487 0
2488 1
2489 0
2490 1
2491 0
2492 1
2493 0
2494 1
2495 0
2496 1
2497 2
2498 1
2499 0
2500 2
2501 0
2502 3
2503 2
2504 0
2505 2
2506 0
2507 1
2508 2
2509 0
2510 1
2511 2
2512 0
2513 1
2514 0
2515 2
2516 1
2517 0
2518 1
2519 0
2520 1
2521 2
2522 0
2523 2
2524 0
2525 1
2526 0
2527 2
2528 1
2529 2
2530 0
2531 1
2532 2
2533 1
2534 0
2535 1
2536 0
2537 1
2538 2
2539 0
2540 1
2541 0
2542 1
2543 0
2544 1
2545 0
2546 1
2547 2
2548 0
2549 1
2550 2
2551 0
2552 2
2553 1
2554 0
2555 1
2556 0
2557 1
2558 2
2559 0
2560 1
2561 0
2562 1
2563 0
2564 2
2565 1
2566 0
2567 1
2568 0
2569 1
2570 0
2571 1
2572 2
2573 0
2574 2
2575 1
2576 2
2577 1
2578 0
2579 1
2580 2
2581 0
2582 1
2583 0
2584 1
2585 2
2586 0
2587 1
2588 2
2589 0
2590 3
2591 2
2592 3
2593 0
2594 1
2595 2
2596 0
2597 2
2598 1
2599 0
2600 1
2601 2
2602 1
2603 0
2604 2
2605 1
2606 0
2607 2
2608 1
2609 2
2610 0
2611 2
2612 1
2613 2
2614 0
2615 2
2616 1
2617 2
2618 3
2619 0
2620 1
2621 2
2622 0
2623 2
2624 0
2625 1
2626 0
2627 2
2628 1
2629 0
2630 2
2631 3
2632 0
2633 1
2634 0
2635 1
2636 2
2637 0
2638 2
2639 3
2640 2
2641 1
2642 2
2643 1
2644 2
2645 0
2646 1
2647 0
2648 1
2649 0
2650 1
2651 0
2652 2
2653 1
2654 2
2655 0
2656 1
2657 0
2658 2
2659 1
2660 2
2661 0
2662 1
2663 2
2664 1
2665 0
2666 1
2667 0
2668 2
2669 1
2670 0
2671 1
2672 2
2673 0
2674 1
2675 0
2676 1
2677 2
2678 0
2679 2
2680 1
2681 0
2682 1
2683 2
2684 1
2685 0
2686 1
2687 0
2688 1
2689 0
2690 1
2691 0
2692 3
2693 0
2694 2
2695 0
2696 1
2697 2
2698 1
2699 2
2700 0
2701 2
2702 1
2703 0
2704 2
2705 0
2706 1
2707 2
2708 0
2709 1
2710 0
2711 1
2712 3
2713 2
2714 1
2715 0
2716 1
2717 2
2718 0
2719 2
2720 1
2721 0
2722 2
2723 0
2724 2
2725 0
2726 1
2727 0
2728 1
2729 0
2730 1
2731 0
2732 2
2733 1
2734 0
2735 1
2736 0
2737 1
2738 2
2739 0
2740 2
2741 1
2742 2
2743 0
2744 1
2745 0
2746 1
2747 0
2748 2
2749 0
2750 1
2751 0
2752 1
2753 2
2754 3
2755 1
2756 0
2757 2
2758 1
2759 0
2760 2
2761 1
2762 0
2763 1
2764 2
2765 0
2766 2
2767 0
2768 1
2769 2
2770 0
2771 2
2772 3
2773 0
2774 1
2775 0
2776 1
2777 0
2778 2
2779 0
2780 1
2781 0
2782 1
2783 2
2784 0
2785 1
2786 2
2787 0
2788 1
2789 0
2790 2
2791 0
2792 1
2793 0
2794 2
2795 0
2796 2
2797 0
2798 1
2799 0
2800 1
2801 2
2802 1
2803 0
2804 1
2805 0
2806 1
2807 3
2808 0
2809 1
2810 2
2811 0
2812 1
2813 0
2814 1
2815 0
2816 2
2817 1
2818 2
2819 0
2820 1
2821 2
2822 0
2823 2
2824 3
2825 0
2826 1
2827 2
2828 0
2829 2
2830 1
2831 2
2832 0
2833 1
2834 0
2835 2
2836 1
2837 2
2838 0
2839 1
2840 0
2841 1
2842 0
2843 3
2844 1
2845 0
2846 1
2847 0
2848 2
2849 1
2850 3
2851 2
2852 1
2853 0
2854 2
2855 1
2856 0
2857 1
2858 2
2859 0
2860 2
2861 0
2862 1
2863 0
2864 1
2865 0
2866 1
2867 2
2868 1
2869 0
2870 1
2871 0
2872 2
2873 0
2874 3
2875 0
2876 2
2877 1
2878 2
2879 0
2880 1
2881 0
2882 1
2883 0
2884 1
2885 0
2886 2
2887 1
2888 2
2889 1
2890 2
2891 0
2892 1
2893 0
2894 2
2895 0
2896 1
2897 2
2898 0
2899 2
2900 1
2901 0
2902 1
2903 0
2904 1
2905 0
2906 1
2907 0
2908 2
2909 1
2910 0
2911 1
2912 2
2913 1
2914 0
2915 1
2916 3
2917 0
2918 1
2919 0
2920 1
2921 0
2922 1
2923 0
2924 2
2925 1
2926 0
2927 2
2928 0
2929 1
2930 0
2931 1
2932 0
2933 1
2934 0
2935 1
2936 0
2937 1
2938 3
2939 1
2940 0
2941 1
2942 0
2943 2
2944 0
2945 1
2946 2
2947 0
2948 1
2949 0
2950 1
2951 0
2952 2
2953 0
2954 2
2955 1
2956 0
2957 3
2958 1
2959 0
2960 1
2961 0
2962 2
2963 1
2964 2
2965 0
2966 1
2967 0
2968 1
2969 2
2970 0
2971 1
2972 3
2973 0
2974 1
2975 0
2976 1
2977 2
2978 0
2979 3
2980 1
2981 2
2982 0
2983 1
2984 3
2985 2
2986 1
2987 0
2988 1
2989 0
2990 1
2991 0
2992 2
2993 1
2994 2
2995 1
2996 2
2997 0
2998 2
2999 0
3000 1
3001 0
3002 1
3003 0
3004 1
3005 0
3006 2
3007 0
3008 1
3009 3
3010 0
3011 3
3012 0
3013 1
3014 0
3015 1
3016 0
3017 2
3018 0
3019 1
3020 0
3021 1
3022 2
3023 1
3024 0
3025 1
3026 2
3027 0
3028 2
3029 0
3030 1
3031 0
3032 2
3033 1
3034 3
3035 2
3036 0
3037 1
3038 0
3039 2
3040 1
3041 0
3042 1
3043 0
3044 2
3045 0
3046 1
3047 2
3048 0
3049 1
3050 0
3051 1
3052 0
3053 2
3054 1
3055 0
3056 1
3057 0
3058 2
3059 1
3060 0
3061 1
3062 2
3063 0
3064 1
3065 0
3066 1
3067 0
3068 2
3069 1
3070 2
3071 0
3072 2
3073 1
3074 0
3075 1
3076 0
3077 2
3078 0
3079 2
3080 1
3081 0
3082 1
3083 2
3084 0
3085 1
3086 0
3087 1
3088 2
3089 1
3090 0
3091 1
3092 2
3093 1
3094 0
3095 2
3096 0
3097 2
3098 0
3099 1
3100 0
3101 3
3102 2
3103 0
3104 1
3105 0
3106 2
3107 1
3108 2
3109 0
3110 2
3111 0
3112 2
3113 1
3114 3
3115 2
3116 1
3117 0
3118 2
3119 1
3120 2
3121 0
3122 1
3123 0
3124 2
3125 0
3126 3
3127 0
3128 1
3129 0
3130 2
3131 1
3132 0
3133 1
3134 0
3135 1
3136 0
3137 1
3138 0
3139 1
3140 0
3141 2
3142 1
3143 0
3144 1
3145 0
3146 2
3147 1
3148 2
3149 3
3150 0
3151 1
3152 0
3153 1
3154 2
3155 3
3156 1
3157 2
3158 1
3159 0
3160 1
3161 0
3162 1
3163 0
3164 1
3165 2
3166 0
3167 1
3168 0
3169 1
3170 0
3171 1
3172 0
3173 2
3174 0
3175 1
3176 0
3177 1
3178 2
3179 0
3180 1
3181 0
3182 2
3183 1
3184 2
3185 0
3186 2
3187 0
3188 1
3189 0
3190 2
3191 0
3192 1
3193 0
3194 1
3195 0
3196 1
3197 0
3198 2
3199 1
3200 2
3201 0
3202 1
3203 0
3204 2
3205 1
3206 2
3207 0
3208 2
3209 1
3210 0
3211 1
3212 2
3213 0
3214 1
3215 0
3216 2
3217 1
3218 2
3219 1
3220 0
3221 2
3222 1
3223 0
3224 2
3225 1
3226 0
3227 1
3228 0
3229 1
3230 0
3231 1
3232 2
3233 0
3234 1
3235 0
3236 2
3237 0
3238 1
3239 0
3240 2
3241 0
3242 1
3243 0
3244 1
3245 0
3246 2
3247 1
3248 0
3249 1
3250 2
3251 0
3252 1
3253 0
3254 1
3255 0
3256 2
3257 1
3258 0
3259 1
3260 0
3261 2
3262 0
3263 1
3264 0
3265 1
3266 0
3267 2
3268 1
3269 2
3270 0
3271 3
3272 2
3273 0
3274 1
3275 0
3276 2
3277 1
3278 2
3279 1
3280 0
3281 1
3282 0
3283 2
3284 0
3285 1
3286 2
3287 1
3288 2
3289 0
3290 2
3291 1
3292 0
3293 1
3294 2
3295 1
3296 0
3297 1
3298 3
3299 0
3300 1
3301 2
3302 0
3303 1
3304 2
3305 0
3306 1
3307 0
3308 1
3309 0
3310 1
3311 0
3312 1
3313 2
3314 1
3315 0
3316 1
3317 0
3318 3
3319 1
3320 2
3321 1
3322 0
3323 2
3324 1
3325 2
3326 0
3327 1
3328 2
3329 0
3330 1
3331 0
3332 2
3333 1
3334 2
3335 0
3336 2
3337 1
3338 0
3339 2
3340 1
3341 2
3342 0
3343 1
3344 2
3345 0
3346 1
3347 0
3348 1
3349 2
3350 1
3351 2
3352 0
3353 2
3354 0
3355 1
3356 0
3357 1
3358 2
3359 0
3360 1
3361 0
3362 2
3363 1
3364 2
3365 0
3366 1
3367 0
3368 1
3369 3
3370 2
3371 0
3372 1
3373 0
3374 1
3375 0
3376 1
3377 3
3378 2
3379 0
3380 1
3381 0
3382 1
3383 2
3384 1
3385 2
3386 3
3387 0
3388 2
3389 1
3390 0
3391 1
3392 2
3393 0
3394 1
3395 2
3396 1
3397 0
3398 1
3399 0
3400 1
3401 2
3402 0
3403 2
3404 1
3405 0
3406 2
3407 1
3408 0
3409 2
3410 1
3411 2
3412 1
3413 0
3414 1
3415 0
3416 2
3417 1
3418 0
3419 2
3420 1
3421 2
3422 0
3423 2
3424 0
3425 1
3426 2
3427 0
3428 1
3429 0
3430 2
3431 0
3432 1
3433 0
3434 2
3435 3
3436 1
3437 0
3438 1
3439 3
3440 1
3441 2
3442 1
3443 2
3444 1
3445 2
3446 0
3447 3
3448 2
3449 0
3450 1
3451 2
3452 0
3453 2
3454 0
3455 1
3456 0
3457 2
3458 0
3459 1
3460 0
3461 1
3462 2
3463 3
3464 1
3465 2
3466 0
3467 1
3468 2
3469 3
3470 0
3471 1
3472 0
3473 1
3474 0
3475 1
3476 0
3477 2
3478 1
3479 0
3480 1
3481 0
3482 1
3483 0
3484 2
3485 1
3486 2
3487 0
3488 1
3489 2
3490 0
3491 2
3492 1
3493 0
3494 1
3495 3
3496 0
3497 1
3498 2
3499 1
3500 2
3501 1
3502 0
3503 2
3504 1
3505 0
3506 1
3507 0
3508 1
3509 2
3510 1
3511 3
3512 0
3513 2
3514 3
3515 0
3516 1
3517 2
3518 1
3519 2
3520 1
3521 2
3522 1
3523 0
3524 1
3525 2
3526 1
3527 0
3528 1
3529 0
3530 2
3531 1
3532 0
3533 2
3534 1
3535 0
3536 1
3537 0
3538 3
3539 0
3540 1
3541 2
3542 0
3543 2
3544 1
3545 0
3546 1
3547 0
3548 2
3549 0
3550 1
3551 2
3552 1
3553 0
3554 2
3555 1
3556 2
3557 1
3558 0
3559 1
3560 2
3561 0
3562 2
3563 0
3564 2
3565 1
3566 2
3567 0
3568 1
3569 0
3570 2
3571 1
3572 2
3573 1
3574 0
3575 1
3576 0
3577 1
3578 0
3579 1
3580 0
3581 1
3582 0
3583 2
3584 0
3585 1
3586 0
3587 1
3588 2
3589 0
3590 1
3591 0
3592 3
3593 1
3594 0
3595 2
3596 1
3597 0
3598 1
3599 0
3600 1
3601 0
3602 1
3603 0
3604 1
3605 0
3606 1
3607 2
3608 3
3609 1
3610 2
3611 0
3612 2
3613 1
3614 0
3615 1
3616 2
3617 0
3618 1
3619 3
3620 0
3621 2
3622 1
3623 0
3624 1
3625 0
3626 3
3627 1
3628 0
3629 1
3630 2
3631 0
3632 1
3633 0
3634 1
3635 0
3636 1
3637 2
3638 1
3639 0
3640 1
3641 0
3642 1
3643 0
3644 1
3645 2
3646 1
3647 0
3648 1
3649 2
3650 0
3651 2
3652 0
3653 2
3654 0
3655 2
3656 3
3657 1
3658 0
3659 1
3660 2
3661 0
3662 1
3663 0
3664 1
3665 0
3666 1
3667 0
3668 1
3669 2
3670 0
3671 2
3672 1
3673 2
3674 0
3675 1
3676 2
3677 0
3678 1
3679 2
3680 1
3681 2
3682 0
3683 1
3684 2
3685 1
3686 0
3687 2
3688 0
3689 1
3690 2
3691 0
3692 2
3693 1
3694 0
3695 1
3696 3
3697 0
3698 1
3699 0
3700 2
3701 0
3702 2
3703 1
3704 2
3705 1
3706 2
3707 0
3708 1
3709 2
3710 1
3711 2
3712 0
3713 2
3714 1
3715 2
3716 0
3717 1
3718 0
3719 1
3720 2
3721 1
3722 0
3723 1
3724 0
3725 2
3726 3
3727 0
3728 1
3729 0
3730 2
3731 1
3732 2
3733 0
3734 1
3735 2
3736 0
3737 1
3738 0
3739 1
3740 2
3741 3
3742 1
3743 2
3744 1
3745 0
3746 1
3747 2
3748 0
3749 1
3750 0
3751 1
3752 2
3753 1
3754 2
3755 0
3756 1
3757 0
3758 1
3759 2
3760 1
3761 2
3762 1
3763 0
3764 1
3765 0
3766 1
3767 0
3768 2
3769 1
3770 0
3771 1
3772 0
3773 1
3774 2
3775 0
3776 1
3777 0
3778 1
3779 0
3780 2
3781 3
3782 1
3783 0
3784 2
3785 0
3786 1
3787 2
3788 1
3789 0
3790 1
3791 2
3792 0
3793 1
3794 2
3795 0
3796 2
3797 3
3798 1
3799 0
3800 1
3801 0
3802 2
3803 1
3804 2
3805 0
3806 2
3807 1
3808 0
3809 1
3810 2
3811 3
3812 0
3813 1
3814 0
3815 2
3816 1
3817 0
3818 1
3819 0
3820 1
3821 0
3822 1
3823 2
3824 0
3825 1
3826 0
3827 1
3828 0
3829 2
3830 1
3831 0
3832 1
3833 0
3834 1
3835 0
3836 1
3837 0
3838 1
3839 0
3840 1
3841 0
3842 2
3843 1
3844 0
3845 1
3846 3
3847 1
3848 0
3849 2
3850 1
3851 0
3852 1
3853 0
3854 2
3855 1
3856 2
3857 0
3858 2
3859 1
3860 0
3861 1
3862 3
3863 0
3864 2
3865 0
3866 2
3867 1
3868 0
3869 1
3870 2
3871 1
3872 2
3873 3
3874 1
3875 0
3876 1
3877 2
3878 1
3879 0
3880 1
3881 2
3882 1
3883 0
3884 1
3885 2
3886 1
3887 0
3888 1
3889 2
3890 0
3891 1
3892 3
3893 2
3894 0
3895 2
3896 3
3897 0
3898 2
3899 1
3900 0
3901 2
3902 1
3903 2
3904 0
3905 2
3906 1
3907 0
3908 1
3909 0
3910 2
3911 1
3912 0
3913 2
3914 1
3915 2
3916 1
3917 0
3918 1
3919 0
3920 1
3921 0
3922 2
3923 1
3924 2
3925 0
3926 2
3927 1
3928 0
3929 2
3930 1
3931 0
3932 2
3933 1
3934 0
3935 2
3936 1
3937 0
3938 1
3939 0
3940 1
3941 0
3942 2
3943 1
3944 0
3945 2
3946 0
3947 1
3948 0
3949 1
3950 0
3951 1
3952 2
3953 3
3954 0
3955 3
3956 2
3957 0
3958 1
3959 0
3960 1
3961 2
3962 3
3963 1
3964 0
3965 1
3966 0
3967 2
3968 1
3969 0
3970 1
3971 0
3972 1
3973 0
3974 1
3975 2
3976 1
3977 0
3978 1
3979 0
3980 2
3981 1
3982 2
3983 0
3984 1
3985 2
3986 1
3987 0
3988 2
3989 1
3990 2
3991 0
3992 1
3993 2
3994 0
3995 1
3996 2
3997 1
3998 0
3999 1
4000 0
4001 1
4002 0
4003 2
4004 1
4005 2
4006 0
4007 1
4008 0
4009 2
4010 1
4011 2
4012 0
4013 1
4014 2
4015 1
4016 0
4017 2
4018 0
4019 2
4020 0
4021 2
4022 1
4023 2
4024 0
4025 1
4026 0
4027 1
4028 0
4029 1
4030 0
4031 1
4032 2
4033 0
4034 1
4035 2
4036 0
4037 2
4038 1
4039 2
4040 0
4041 2
4042 0
4043 2
4044 1
4045 2
4046 0
4047 1
4048 0
4049 1
4050 0
4051 1
4052 2
4053 0
4054 1
4055 0
4056 2
4057 1
4058 2
4059 1
4060 0
4061 1
4062 0
4063 1
4064 0
4065 2
4066 1
4067 2
4068 0
4069 2
4070 1
4071 2
4072 3
4073 0
4074 2
4075 1
4076 0
4077 1
4078 0
4079 1
4080 2
4081 0
4082 1
4083 0
4084 2
4085 3
4086 0
4087 1
4088 0
4089 2
4090 0
4091 1
4092 2
4093 1
4094 2
4095 3
4096 0
4097 1
4098 2
4099 0
4100 2
4101 3
4102 1
4103 0
4104 2
4105 1
4106 2
4107 0
4108 2
4109 1
4110 0
4111 1
4112 0
4113 1
4114 0
4115 2
4116 1
4117 0
4118 1
4119 0
4120 1
4121 2
4122 0
4123 2
4124 0
4125 2
4126 1
4127 0
4128 2
4129 0
4130 2
4131 1
4132 0
4133 2
4134 1
4135 2
4136 0
4137 2
4138 1
4139 2
4140 0
4141 1
4142 0
4143 1
4144 0
4145 1
4146 0
4147 1
4148 2
4149 0
4150 1
4151 0
4152 2
4153 1
4154 0
4155 2
4156 3
4157 0
4158 1
4159 0
4160 2
4161 1
4162 0
4163 1
4164 0
4165 2
4166 1
4167 0
4168 1
4169 0
4170 1
4171 2
4172 1
4173 0
4174 1
4175 0
4176 1
4177 0
4178 2
4179 1
4180 0
4181 2
4182 1
4183 2
4184 1
4185 2
4186 0
4187 3
4188 2
4189 0
4190 2
4191 3
4192 0
4193 1
4194 2
4195 0
4196 1
4197 0
4198 1
4199 0
4200 1
4201 0
4202 1
4203 0
4204 2
4205 1
4206 0
4207 1
4208 0
4209 1
4210 2
4211 1
4212 0
4213 1
4214 0
4215 2
4216 0
4217 1
4218 0
4219 1
4220 0
4221 1
4222 0
4223 1
4224 2
4225 1
4226 2
4227 0
4228 1
4229 0
4230 2
4231 1
4232 2
4233 0
4234 1
4235 0
4236 1
4237 2
4238 0
4239 1
4240 2
4241 0
4242 1
4243 0
4244 2
4245 1
4246 0
4247 2
4248 0
4249 1
4250 0
4251 1
4252 2
4253 0
4254 1
4255 2
4256 0
4257 2
4258 0
4259 2
4260 1
4261 0
4262 1
4263 0
4264 1
4265 2
4266 0
4267 2
4268 0
4269 1
4270 2
4271 0
4272 1
4273 0
4274 1
4275 2
4276 1
4277 0
4278 2
4279 1
4280 0
4281 1
4282 0
4283 1
4284 2
4285 1
4286 2
4287 0
4288 1
4289 2
4290 0
4291 2
4292 1
4293 0
4294 1
4295 0
4296 2
4297 1
4298 0
4299 1
4300 2
4301 0
4302 1
4303 0
4304 2
4305 1
4306 0
4307 2
4308 0
4309 1
4310 0
4311 1
4312 0
4313 1
4314 0
4315 2
4316 0
4317 1
4318 0
4319 1
4320 0
4321 2
4322 0
4323 2
4324 1
4325 0
4326 1
4327 2
4328 1
4329 0
4330 2
4331 0
4332 1
4333 0
4334 2
4335 1
4336 2
4337 0
4338 1
4339 0
4340 1
4341 0
4342 1
4343 2
4344 0
4345 1
4346 2
4347 1
4348 0
4349 1
4350 0
4351 1
4352 0
4353 1
4354 0
4355 2
4356 1
4357 0
4358 1
4359 2
4360 0
4361 1
4362 0
4363 1
4364 0
4365 1
4366 0
4367 1
4368 2
4369 0
4370 2
4371 1
4372 0
4373 2
4374 1
4375 2
4376 1
4377 0
4378 1
4379 2
4380 1
4381 2
4382 0
4383 2
4384 1
4385 0
4386 1
4387 0
4388 2
4389 1
4390 0
4391 1
4392 0
4393 1
4394 0
4395 1
4396 0
4397 2
4398 0
4399 2
4400 1
4401 2
4402 0
4403 2
4404 1
4405 0
4406 1
4407 2
4408 0
4409 2
4410 1
4411 2
4412 0
4413 2
4414 1
4415 0
4416 1
4417 0
4418 1
4419 0
4420 1
4421 2
4422 3
4423 0
4424 1
4425 2
4426 0
4427 1
4428 0
4429 2
4430 1
4431 0
4432 3
4433 2
4434 1
4435 2
4436 0
4437 1
4438 0
4439 2
4440 0
4441 2
4442 0
4443 1
4444 2
4445 0
4446 3
4447 2
4448 0
4449 2
4450 1
4451 0
4452 1
4453 2
4454 0
4455 2
4456 1
4457 0
4458 2
4459 1
4460 2
4461 0
4462 2
4463 1
4464 0
4465 2
4466 1
4467 0
4468 2
4469 1
4470 0
4471 1
4472 2
4473 0
4474 1
4475 0
4476 1
4477 0
4478 1
4479 0
4480 2
4481 0
4482 2
4483 1
4484 0
4485 1
4486 0
4487 1
4488 0
4489 1
4490 2
4491 0
4492 2
4493 1
4494 0
4495 1
4496 2
4497 0
4498 2
4499 1
4500 2
4501 0
4502 2
4503 1
4504 0
4505 1
4506 0
4507 1
4508 0
4509 1
4510 0
4511 1
4512 0
4513 1
4514 2
4515 1
4516 0
4517 1
4518 0
4519 1
4520 3
4521 2
4522 3
4523 1
4524 3
4525 2
4526 3
4527 1
4528 2
4529 0
4530 1
4531 2
4532 1
4533 0
4534 2
4535 0
4536 1
4537 2
4538 0
4539 1
4540 0
4541 1
4542 0
4543 2
4544 0
4545 1
4546 0
4547 3
4548 1
4549 0
4550 2
4551 1
4552 0
4553 3
4554 1
4555 2
4556 1
4557 0
4558 1
4559 0
4560 1
4561 2
4562 1
4563 0
4564 1
4565 2
4566 0
4567 2
4568 1
4569 0
4570 1
4571 0
4572 1
4573 2
4574 0
4575 1
4576 0
4577 1
4578 0
4579 1
4580 2
4581 0
4582 2
4583 1
4584 0
4585 1
4586 0
4587 2
4588 0
4589 1
4590 0
4591 2
4592 1
4593 2
4594 1
4595 0
4596 1
4597 0
4598 1
4599 0
4600 2
4601 1
4602 2
4603 1
4604 0
4605 1
4606 0
4607 2
4608 0
4609 1
4610 0
4611 2
4612 1
4613 0
4614 1
4615 2
4616 0
4617 2
4618 0
4619 1
4620 0
4621 1
4622 2
4623 0
4624 1
4625 2
4626 0
4627 1
4628 2
4629 0
4630 2
4631 1
4632 2
4633 0
4634 1
4635 0
4636 2
4637 1
4638 2
4639 0
4640 2
4641 1
4642 2
4643 0
4644 2
4645 3
4646 1
4647 0
4648 1
4649 2
4650 1
4651 2
4652 3
4653 1
4654 2
4655 1
4656 0
4657 3
4658 1
4659 2
4660 3
4661 1
4662 2
4663 1
4664 0
4665 1
4666 0
4667 2
4668 0
4669 2
4670 1
4671 2
4672 0
4673 2
4674 1
4675 2
4676 1
4677 0
4678 1
4679 0
4680 2
4681 0
4682 2
4683 1
4684 0
4685 1
4686 0
4687 1
4688 2
4689 0
4690 1
4691 0
4692 1
4693 0
4694 2
4695 1
4696 0
4697 1
4698 2
4699 0
4700 1
4701 0
4702 2
4703 0
4704 1
4705 0
4706 1
4707 0
4708 1
4709 0
4710 2
4711 1
4712 0
4713 1
4714 2
4715 0
4716 1
4717 2
4718 0
4719 3
4720 2
4721 0
4722 1
4723 2
4724 0
4725 2
4726 0
4727 1
4728 0
4729 2
4730 0
4731 1
4732 2
4733 1
4734 0
4735 1
4736 0
4737 1
4738 0
4739 1
4740 0
4741 1
4742 0
4743 1
4744 2
4745 0
4746 2
4747 1
4748 0
4749 1
4750 2
4751 1
4752 0
4753 2
4754 0
4755 2
4756 1
4757 3
4758 2
4759 1
4760 0
4761 1
4762 0
4763 1
4764 0
4765 1
4766 0
4767 2
4768 1
4769 2
4770 0
4771 2
4772 1
4773 0
4774 1
4775 0
4776 2
4777 1
4778 2
4779 1
4780 0
4781 2
4782 1
4783 2
4784 0
4785 1
4786 0
4787 2
4788 0
4789 1
4790 2
4791 1
4792 0
4793 1
4794 0
4795 2
4796 1
4797 2
4798 1
4799 2
4800 0
4801 2
4802 1
4803 0
4804 1
4805 0
4806 1
4807 0
4808 1
4809 0
4810 1
4811 0
4812 1
4813 2
4814 0
4815 3
4816 2
4817 0
4818 2
4819 1
4820 2
4821 0
4822 2
4823 1
4824 0
4825 1
4826 2
4827 0
4828 1
4829 2
4830 0
4831 2
4832 0
4833 1
4834 0
4835 2
4836 3
4837 1
4838 2
4839 1
4840 0
4841 2
4842 1
4843 2
4844 0
4845 1
4846 0
4847 2
4848 1
4849 0
4850 1
4851 0
4852 1
4853 0
4854 2
4855 1
4856 0
4857 2
4858 1
4859 0
4860 2
4861 1
4862 2
4863 3
4864 1
4865 2
4866 3
4867 1
4868 2
4869 0
4870 2
4871 0
4872 2
4873 0
4874 2
4875 1
4876 0
4877 1
4878 0
4879 1
4880 0
4881 1
4882 2
4883 0
4884 1
4885 3
4886 0
4887 2
4888 1
4889 0
4890 1
4891 2
4892 1
4893 0
4894 2
4895 1
4896 3
4897 1
4898 0
4899 1
4900 2
4901 0
4902 2
4903 3
4904 0
4905 2
4906 1
4907 0
4908 1
4909 0
4910 1
4911 2
4912 1
4913 0
4914 1
4915 2
4916 0
4917 1
4918 0
4919 2
4920 0
4921 1
4922 2
4923 0
4924 1
4925 3
4926 0
4927 1
4928 0
4929 1
4930 2
4931 0
4932 1
4933 0
4934 2
4935 1
4936 2
4937 0
4938 2
4939 1
4940 0
4941 1
4942 2
4943 3
4944 0
4945 1
4946 2
4947 0
4948 2
4949 1
4950 0
4951 2
4952 0
4953 2
4954 1
4955 2
4956 0
4957 1
4958 2
4959 1
4960 2
4961 0
4962 1
4963 0
4964 2
4965 0
4966 2
4967 0
4968 1
4969 0
4970 1
4971 2
4972 1
4973 0
4974 1
4975 0
4976 1
4977 2
4978 0
4979 2
4980 1
4981 0
4982 2
4983 0
4984 1
4985 0
4986 1
4987 2
4988 1
4989 0
4990 1
4991 0
4992 2
4993 1
4994 0
4995 1
4996 2
4997 0
4998 2
4999 1
5000 2
5001 0
5002 1
5003 0
5004 1
5005 2
5006 0
5007 1
5008 0
5009 1
5010 0
5011 1
5012 3
5013 0
5014 1
5015 0
5016 2
5017 0
5018 2
5019 1
5020 2
5021 0
5022 1
5023 0
5024 2
5025 0
5026 1
5027 0
5028 1
5029 0
5030 2
5031 0
5032 1
5033 0
5034 1
5035 2
5036 1
5037 2
5038 0
5039 1
5040 2
5041 0
5042 2
5043 0
5044 1
5045 0
5046 2
5047 1
5048 0
5049 2
5050 0
5051 1
5052 0
5053 1
5054 2
5055 0
5056 2
5057 1
5058 0
5059 2
5060 1
5061 0
5062 2
5063 1
5064 0
5065 1
5066 2
5067 1
5068 2
5069 1
5070 2
5071 3
5072 1
5073 0
5074 1
5075 0
5076 1
5077 2
5078 0
5079 2
5080 1
5081 0
5082 1
5083 2
5084 0
5085 1
5086 0
5087 2
5088 0
5089 2
5090 1
5091 0
5092 1
5093 0
5094 1
5095 0
5096 2
5097 1
5098 0
5099 2
5100 0
5101 1
5102 2
5103 3
5104 0
5105 1
5106 2
5107 1
5108 2
5109 0
5110 2
5111 1
5112 2
5113 0
5114 2
5115 3
5116 0
5117 1
5118 0
5119 1
5120 0
5121 1
5122 0
5123 1
5124 0
5125 1
5126 2
5127 0
5128 1
5129 0
5130 1
5131 0
5132 1
5133 0
5134 1
5135 0
5136 3
5137 2
5138 0
5139 1
5140 0
5141 2
5142 1
5143 0
5144 1
5145 2
5146 0
5147 1
5148 0
5149 1
5150 2
5151 0
5152 2
5153 1
5154 0
5155 2
5156 0
5157 1
5158 0
5159 1
5160 0
5161 2
5162 1
5163 2
5164 0
5165 2
5166 1
5167 2
5168 1
5169 0
5170 1
5171 2
5172 1
5173 3
5174 2
5175 1
5176 3
5177 0
5178 1
5179 0
5180 2
5181 0
5182 1
5183 2
5184 1
5185 0
5186 2
5187 1
5188 2
5189 0
5190 1
5191 2
5192 0
5193 1
5194 2
5195 0
5196 2
5197 1
5198 2
5199 0
5200 1
5201 0
5202 2
5203 1
5204 2
5205 0
5206 1
5207 0
5208 2
5209 1
5210 0
5211 1
5212 0
5213 1
5214 0
5215 1
5216 0
5217 2
5218 0
5219 1
5220 0
5221 2
5222 1
5223 0
5224 2
5225 0
5226 1
5227 0
5228 1
5229 0
5230 1
5231 0
5232 1
5233 0
5234 1
5235 0
5236 2
5237 0
5238 1
5239 0
5240 2
5241 1
5242 0
5243 1
5244 2
5245 1
5246 0
5247 1
5248 2
5249 1
5250 0
5251 2
5252 1
5253 2
5254 0
5255 2
5256 1
5257 2
5258 0
5259 2
5260 1
5261 0
5262 1
5263 2
5264 0
5265 2
5266 0
5267 1
5268 0
5269 1
5270 2
5271 1
5272 0
5273 2
5274 1
5275 2
5276 0
5277 1
5278 2
5279 1
5280 0
5281 1
5282 0
5283 1
5284 0
5285 2
5286 1
5287 0
5288 1
5289 0
5290 1
5291 2
5292 1
5293 0
5294 1
5295 0
5296 1
5297 2
5298 1
5299 3
5300 2
5301 1
5302 0
5303 1
5304 0
5305 1
5306 0
5307 2
5308 1
5309 0
5310 2
5311 0
5312 2
5313 1
5314 2
5315 3
5316 0
5317 2
5318 0
5319 1
5320 0
5321 2
5322 0
5323 1
5324 2
5325 0
5326 2
5327 3
5328 2
5329 0
5330 2
5331 1
5332 0
5333 2
5334 1
5335 2
5336 0
5337 1
5338 0
5339 2
5340 1
5341 2
5342 0
5343 1
5344 0
5345 1
5346 0
5347 1
5348 2
5349 0
5350 1
5351 0
5352 1
5353 0
5354 1
5355 0
5356 1
5357 0
5358 2
5359 0
5360 1
5361 0
5362 1
5363 0
5364 1
5365 3
5366 1
5367 0
5368 2
5369 0
5370 2
5371 0
5372 2
5373 1
5374 0
5375 1
5376 2
5377 0
5378 2
5379 1
5380 2
5381 3
5382 1
5383 0
5384 1
5385 0
5386 1
5387 0
5388 2
5389 1
5390 0
5391 1
5392 2
5393 0
5394 2
5395 1
5396 0
5397 1
5398 0
5399 3
5400 1
5401 2
5402 3
5403 0
5404 2
5405 0
5406 2
5407 1
5408 2
5409 0
5410 2
5411 1
5412 0
5413 1
5414 0
5415 2
5416 0
5417 1
5418 0
5419 1
5420 0
5421 1
5422 2
5423 0
5424 2
5425 1
5426 0
5427 2
5428 1
5429 2
5430 0
5431 1
5432 2
5433 1
5434 2
5435 0
5436 1
5437 0
5438 1
5439 0
5440 1
5441 0
5442 1
5443 2
5444 1
5445 0
5446 1
5447 0
5448 2
5449 0
5450 1
5451 0
5452 1
5453 0
5454 1
5455 0
5456 2
5457 0
5458 1
5459 0
5460 2
5461 1
5462 2
5463 0
5464 1
5465 0
5466 2
5467 1
5468 0
5469 1
5470 0
5471 2
5472 1
5473 0
5474 2
5475 1
5476 2
5477 0
5478 2
5479 0
5480 1
5481 2
5482 1
5483 2
5484 1
5485 2
5486 3
5487 1
5488 3
5489 0
5490 2
5491 1
5492 0
5493 1
5494 0
5495 2
5496 0
5497 1
5498 2
5499 0
5500 1
5501 0
5502 1
5503 0
5504 1
5505 0
5506 1
5507 0
5508 2
5509 1
5510 0
5511 1
5512 0
5513 1
5514 0
5515 1
5516 2
5517 1
5518 0
5519 1
5520 0
5521 1
5522 2
5523 1
5524 2
5525 0
5526 1
5527 2
5528 0
5529 2
5530 0
5531 1
5532 3
5533 2
5534 1
5535 0
5536 1
5537 2
5538 0
5539 2
5540 1
5541 0
5542 1
5543 2
5544 1
5545 3
5546 0
5547 2
5548 1
5549 3
5550 0
5551 2
5552 0
5553 1
5554 0
5555 1
5556 0
5557 2
5558 1
5559 0
5560 1
5561 3
5562 2
5563 0
5564 1
5565 2
5566 0
5567 1
5568 0
5569 1
5570 0
5571 2
5572 0
5573 2
5574 0
5575 1
5576 0
5577 2
5578 0
5579 2
5580 1
5581 0
5582 1
5583 0
5584 1
5585 0
5586 3
5587 2
5588 1
5589 0
5590 2
5591 0
5592 2
5593 0
5594 1
5595 2
5596 3
5597 1
5598 2
5599 1
5600 2
5601 1
5602 0
5603 1
5604 2
5605 0
5606 1
5607 0
5608 1
5609 0
5610 1
5611 2
5612 0
5613 2
5614 0
5615 1
5616 0
5617 2
5618 1
5619 2
5620 0
5621 1
5622 0
5623 1
5624 2
5625 1
5626 2
5627 0
5628 1
5629 0
5630 3
5631 1
5632 2
5633 0
5634 2
5635 0
5636 1
5637 0
5638 1
5639 0
5640 1
5641 0
5642 1
5643 0
5644 1
5645 0
5646 3
5647 2
5648 0
5649 1
5650 2
5651 0
5652 1
5653 2
5654 0
5655 2
5656 0
5657 1
5658 2
5659 0
5660 2
5661 1
5662 0
5663 1
5664 0
5665 3
5666 1
5667 2
5668 0
5669 1
5670 0
5671 2
5672 1
5673 0
5674 1
5675 0
5676 2
5677 1
5678 0
5679 1
5680 0
5681 1
5682 0
5683 2
5684 1
5685 2
5686 1
5687 0
5688 1
5689 2
5690 3
5691 0
5692 1
5693 0
5694 1
5695 0
5696 1
5697 2
5698 0
5699 1
5700 2
5701 1
5702 0
5703 1
5704 0
5705 2
5706 0
5707 2
5708 0
5709 1
5710 0
5711 3
5712 2
5713 1
5714 2
5715 1
5716 0
5717 1
5718 0
5719 1
5720 2
5721 0
5722 1
5723 2
5724 0
5725 1
5726 0
5727 2
5728 1
5729 0
5730 1
5731 0
5732 1
5733 2
5734 1
5735 0
5736 2
5737 0
5738 2
5739 1
5740 2
5741 0
5742 1
5743 2
5744 0
5745 1
5746 0
5747 2
5748 1
5749 0
5750 1
5751 0
5752 1
5753 0
5754 1
5755 0
5756 1
5757 0
5758 1
5759 0
5760 2
5761 0
5762 1
5763 2
5764 1
5765 0
5766 1
5767 2
5768 0
5769 1
5770 0
5771 2
5772 0
5773 1
5774 0
5775 1
5776 0
5777 1
5778 2
5779 0
5780 2
5781 0
5782 1
5783 2
5784 1
5785 0
5786 2
5787 1
5788 2
5789 0
5790 1
5791 0
5792 1
5793 0
5794 1
5795 2
5796 0
5797 3
5798 1
5799 2
5800 1
5801 0
5802 2
5803 0
5804 2
5805 1
5806 0
5807 2
5808 0
5809 1
5810 2
5811 0
5812 1
5813 2
5814 0
5815 2
5816 1
5817 2
5818 1
5819 0
5820 1
5821 0
5822 1
5823 2
5824 0
5825 1
5826 0
5827 1
5828 0
5829 2
5830 1
5831 0
5832 1
5833 2
5834 1
5835 0
5836 3
5837 2
5838 0
5839 2
5840 1
5841 0
5842 1
5843 0
5844 1
5845 2
5846 0
5847 1
5848 0
5849 2
5850 0
5851 1
5852 2
5853 1
5854 2
5855 3
5856 1
5857 0
5858 1
5859 2
5860 1
5861 0
5862 1
5863 2
5864 1
5865 3
5866 1
5867 0
5868 1
5869 3
5870 2
5871 0
5872 1
5873 0
5874 1
5875 0
5876 1
5877 2
5878 1
5879 2
5880 0
5881 2
5882 1
5883 0
5884 1
5885 0
5886 1
5887 0
5888 2
5889 0
5890 1
5891 2
5892 1
5893 0
5894 1
5895 0
5896 1
5897 0
5898 2
5899 1
5900 0
5901 1
5902 0
5903 1
5904 2
5905 1
5906 0
5907 1
5908 2
5909 0
5910 1
5911 2
5912 0
5913 1
5914 0
5915 2
5916 1
5917 0
5918 1
5919 2
5920 1
5921 0
5922 1
5923 2
5924 0
5925 1
5926 3
5927 2
5928 0
5929 2
5930 0
5931 1
5932 0
5933 1
5934 2
5935 0
5936 2
5937 0
5938 2
5939 1
5940 0
5941 2
5942 0
5943 2
5944 0
5945 1
5946 0
5947 1
5948 2
5949 0
5950 1
5951 0
5952 2
5953 0
5954 2
5955 0
5956 1
5957 0
5958 1
5959 0
5960 1
5961 0
5962 2
5963 1
5964 3
5965 0
5966 2
5967 1
5968 2
5969 0
5970 1
5971 2
5972 0
5973 2
5974 0
5975 1
5976 2
5977 0
5978 1
5979 2
5980 3
5981 0
5982 1
5983 2
5984 0
5985 1
5986 0
5987 2
5988 0
5989 1
5990 2
5991 1
5992 0
5993 1
5994 3
5995 1
5996 0
5997 1
5998 0
5999 1
6000 0
6001 1
6002 0
6003 1
6004 0
6005 2
6006 0
6007 1
6008 0
6009 2
6010 0
6011 1
6012 2
6013 1
6014 0
6015 2
6016 1
6017 2
6018 3
6019 0
6020 1
6021 2
6022 0
6023 2
6024 1
6025 2
6026 0
6027 3
6028 0
6029 2
6030 1
6031 0
6032 2
6033 1
6034 2
6035 1
6036 2
6037 1
6038 2
6039 0
6040 1
6041 2
6042 0
6043 1
6044 2
6045 0
6046 1
6047 2
6048 1
6049 0
6050 2
6051 1
6052 0
6053 2
6054 1
6055 0
6056 1
6057 0
6058 1
6059 0
6060 1
6061 0
6062 2
6063 1
6064 2
6065 0
6066 2
6067 1
6068 2
6069 0
6070 1
6071 2
6072 0
6073 1
6074 0
6075 2
6076 1
6077 0
6078 1
6079 2
6080 0
6081 2
6082 1
6083 0
6084 1
6085 0
6086 1
6087 2
6088 0
6089 1
6090 0
6091 1
6092 0
6093 2
6094 1
6095 0
6096 2
6097 0
6098 1
6099 3
6100 0
6101 1
6102 0
6103 2
6104 0
6105 1
6106 0
6107 1
6108 2
6109 3
6110 0
6111 2
6112 1
6113 2
6114 0
6115 1
6116 2
6117 1
6118 3
6119 1
6120 2
6121 0
6122 1
6123 0
6124 2
6125 1
6126 0
6127 1
6128 2
6129 0
6130 2
6131 0
6132 1
6133 2
6134 0
6135 1
6136 0
6137 2
6138 1
6139 0
6140 2
6141 1
6142 0
6143 1
6144 0
6145 2
6146 1
6147 0
6148 2
6149 3
6150 0
6151 1
6152 2
6153 0
6154 1
6155 2
6156 1
6157 2
6158 0
6159 1
6160 2
6161 0
6162 1
6163 2
6164 3
6165 1
6166 0
6167 1
6168 2
6169 3
6170 0
6171 1
6172 0
6173 1
6174 2
6175 0
6176 1
6177 0
6178 2
6179 1
6180 3
6181 0
6182 2
6183 1
6184 2
6185 0
6186 1
6187 0
6188 1
6189 0
6190 1
6191 0
6192 1
6193 2
6194 1
6195 0
6196 2
6197 1
6198 2
6199 3
6200 1
6201 3
6202 2
6203 1
6204 0
6205 1
6206 0
6207 2
6208 0
6209 2
6210 1
6211 0
6212 2
6213 1
6214 2
6215 0
6216 2
6217 3
6218 1
6219 0
6220 1
6221 0
6222 2
6223 1
6224 0
6225 1
6226 0
6227 1
6228 0
6229 1
6230 0
6231 1
6232 0
6233 1
6234 0
6235 1
6236 0
6237 3
6238 2
6239 0
6240 1
6241 2
6242 0
6243 1
6244 0
6245 1
6246 0
6247 1
6248 0
6249 2
6250 1
6251 0
6252 2
6253 1
6254 0
6255 1
6256 2
6257 1
6258 2
6259 1
6260 0
6261 1
6262 2
6263 1
6264 2
6265 1
6266 2
6267 0
6268 1
6269 2
6270 1
6271 2
6272 0
6273 1
6274 2
6275 1
6276 0
6277 1
6278 0
6279 2
6280 1
6281 0
6282 1
6283 2
6284 1
6285 2
6286 0
6287 2
6288 1
6289 2
6290 0
6291 1
6292 0
6293 1
6294 2
6295 0
6296 2
6297 1
6298 0
6299 1
6300 2
6301 1
6302 0
6303 1
6304 0
6305 1
6306 2
6307 1
6308 2
6309 0
6310 1
6311 2
6312 0
6313 2
6314 1
6315 0
6316 2
6317 1
6318 0
6319 1
6320 2
6321 0
6322 2
6323 1
6324 2
6325 3
6326 1
6327 2
6328 0
6329 2
6330 1
6331 2
6332 0
6333 2
6334 1
6335 0
6336 1
6337 2
6338 0
6339 1
6340 2
6341 1
6342 0
6343 1
6344 0
6345 2
6346 1
6347 0
6348 1
6349 2
6350 1
6351 0
6352 1
6353 0
6354 1
6355 2
6356 0
6357 2
6358 0
6359 2
6360 1
6361 0
6362 1
6363 2
6364 1
6365 0
6366 1
6367 0
6368 1
6369 2
6370 0
6371 2
6372 1
6373 0
6374 1
6375 2
6376 0
6377 1
6378 2
6379 1
6380 2
6381 1
6382 2
6383 1
6384 0
6385 1
6386 0
6387 2
6388 0
6389 1
6390 0
6391 1
6392 0
6393 1
6394 0
6395 2
6396 0
6397 1
6398 0
6399 2
6400 1
6401 2
6402 1
6403 0
6404 1
6405 0
6406 1
6407 0
6408 1
6409 0
6410 1
6411 2
6412 0
6413 1
6414 0
6415 1
6416 0
6417 2
6418 1
6419 0
6420 1
6421 2
6422 0
6423 2
6424 0
6425 2
6426 1
6427 3
6428 0
6429 1
6430 0
6431 1
6432 2
6433 0
6434 1
6435 0
6436 1
6437 0
6438 1
6439 2
6440 1
6441 0
6442 1
6443 2
6444 1
6445 3
6446 2
6447 0
6448 1
6449 2
6450 0
6451 1
6452 0
6453 1
6454 2
6455 0
6456 1
6457 0
6458 2
6459 1
6460 0
6461 1
6462 2
6463 0
6464 1
6465 2
6466 0
6467 2
6468 1
6469 0
6470 3
6471 1
6472 0
6473 1
6474 2
6475 1
6476 0
6477 2
6478 1
6479 0
6480 2
6481 1
6482 2
6483 0
6484 2
6485 0
6486 1
6487 0
6488 1
6489 0
6490 1
6491 2
6492 3
6493 1
6494 0
6495 2
6496 1
6497 0
6498 2
6499 1
6500 2
6501 1
6502 0
6503 1
6504 2
6505 0
6506 1
6507 0
6508 1
6509 0
6510 2
6511 0
6512 1
6513 0
6514 1
6515 0
6516 2
6517 1
6518 2
6519 0
6520 2
6521 1
6522 2
6523 0
6524 2
6525 0
6526 2
6527 1
6528 2
6529 1
6530 0
6531 1
6532 2
6533 0
6534 2
6535 0
6536 1
6537 2
6538 0
6539 2
6540 1
6541 0
6542 1
6543 2
6544 0
6545 1
6546 0
6547 1
6548 2
6549 0
6550 2
6551 0
6552 2
6553 1
6554 0
6555 2
6556 0
6557 1
6558 0
6559 1
6560 0
6561 1
6562 0
6563 1
6564 0
6565 2
6566 1
6567 0
6568 2
6569 1
6570 0
6571 2
6572 0
6573 1
6574 0
6575 2
6576 0
6577 1
6578 3
6579 2
6580 0
6581 1
6582 2
6583 0
6584 2
6585 1
6586 0
6587 1
6588 0
6589 2
6590 0
6591 2
6592 0
6593 1
6594 0
6595 2
6596 0
6597 1
6598 0
6599 1
6600 2
6601 3
6602 1
6603 0
6604 1
6605 2
6606 1
6607 0
6608 1
6609 0
6610 1
6611 0
6612 1
6613 2
6614 0
6615 1
6616 3
6617 0
6618 1
6619 0
6620 2
6621 0
6622 1
6623 0
6624 1
6625 0
6626 1
6627 0
6628 2
6629 1
6630 0
6631 2
6632 1
6633 2
6634 0
6635 1
6636 0
6637 2
6638 1
6639 2
6640 1
6641 2
6642 0
6643 2
6644 0
6645 1
6646 0
6647 1
6648 0
6649 1
6650 2
6651 0
6652 1
6653 0
6654 1
6655 0
6656 1
6657 2
6658 1
6659 2
6660 3
6661 1
6662 0
6663 1
6664 2
6665 0
6666 1
6667 0
6668 1
6669 0
6670 2
6671 1
6672 0
6673 2
6674 1
6675 0
6676 3
6677 1
6678 0
6679 3
6680 2
6681 1
6682 0
6683 1
6684 3
6685 2
6686 0
6687 1
6688 2
6689 1
6690 0
6691 1
6692 0
6693 1
6694 3
6695 0
6696 2
6697 0
6698 1
6699 0
6700 2
6701 1
6702 2
6703 1
6704 2
6705 3
6706 1
6707 2
6708 0
6709 2
6710 1
6711 2
6712 0
6713 1
6714 2
6715 1
6716 0
6717 1
6718 0
6719 2
6720 1
6721 2
6722 0
6723 1
6724 2
6725 1
6726 0
6727 1
6728 2
6729 0
6730 2
6731 0
6732 2
6733 1
6734 0
6735 2
6736 1
6737 2
6738 0
6739 1
6740 2
6741 0
6742 3
6743 1
6744 0
6745 2
6746 1
6747 2
6748 0
6749 2
6750 1
6751 2
6752 1
6753 0
6754 2
6755 0
6756 1
6757 0
6758 1
6759 0
6760 2
6761 0
6762 2
6763 0
6764 2
6765 1
6766 2
6767 0
6768 1
6769 0
6770 1
6771 0
6772 1
6773 0
6774 2
6775 1
6776 2
6777 0
6778 1
6779 2
6780 3
6781 1
6782 2
6783 3
6784 1
6785 2
6786 1
6787 2
6788 0
6789 2
6790 0
6791 2
6792 0
6793 1
6794 0
6795 2
6796 1
6797 2
6798 1
6799 0
6800 1
6801 0
6802 1
6803 2
6804 1
6805 0
6806 1
6807 0
6808 1
6809 2
6810 1
6811 2
6812 0
6813 1
6814 2
6815 0
6816 2
6817 0
6818 3
6819 2
6820 0
6821 1
6822 3
6823 2
6824 1
6825 0
6826 1
6827 0
6828 1
6829 0
6830 1
6831 0
6832 2
6833 0
6834 2
6835 1
6836 0
6837 1
6838 0
6839 1
6840 0
6841 1
6842 2
6843 0
6844 1
6845 0
6846 1
6847 2
6848 1
6849 2
6850 1
6851 0
6852 2
6853 1
6854 0
6855 1
6856 0
6857 2
6858 1
6859 2
6860 0
6861 2
6862 0
6863 1
6864 2
6865 0
6866 3
6867 2
6868 1
6869 2
6870 1
6871 0
6872 1
6873 0
6874 2
6875 1
6876 0
6877 1
6878 2
6879 0
6880 2
6881 1
6882 0
6883 1
6884 0
6885 2
6886 1
6887 3
6888 0
6889 1
6890 2
6891 0
6892 2
6893 0
6894 1
6895 0
6896 2
6897 1
6898 0
6899 1
6900 0
6901 2
6902 0
6903 2
6904 1
6905 2
6906 1
6907 0
6908 2
6909 1
6910 0
6911 1
6912 0
6913 2
6914 1
6915 0
6916 1
6917 0
6918 3
6919 1
6920 0
6921 1
6922 0
6923 1
6924 2
6925 0
6926 1
6927 3
6928 2
6929 0
6930 1
6931 0
6932 1
6933 0
6934 1
6935 0
6936 2
6937 0
6938 3
6939 1
6940 0
6941 1
6942 0
6943 1
6944 0
6945 1
6946 0
6947 1
6948 2
6949 0
6950 1
6951 2
6952 1
6953 0
6954 1
6955 0
6956 1
6957 2
6958 0
6959 1
6960 2
6961 3
6962 1
6963 2
6964 1
6965 0
6966 1
6967 2
6968 0
6969 2
6970 1
6971 0
6972 1
6973 2
6974 0
6975 1
6976 3
6977 2
6978 3
6979 1
6980 0
6981 1
6982 0
6983 1
6984 0
6985 2
6986 1
6987 0
6988 1
6989 0
6990 1
6991 2
6992 0
6993 1
6994 0
6995 1
6996 0
6997 1
6998 2
6999 3
7000 1
7001 0
7002 1
7003 0
7004 1
7005 0
7006 1
7007 0
7008 2
7009 1
7010 2
7011 1
7012 2
7013 0
7014 2
7015 0
7016 1
7017 2
7018 1
7019 2
7020 1
7021 2
7022 0
7023 3
7024 2
7025 0
7026 1
7027 2
7028 0
7029 2
7030 1
7031 0
7032 1
7033 2
7034 3
7035 0
7036 1
7037 2
7038 0
7039 1
7040 0
7041 1
7042 2
7043 1
7044 2
7045 0
7046 1
7047 2
7048 0
7049 1
7050 0
7051 1
7052 0
7053 1
7054 0
7055 1
7056 0
7057 1
7058 0
7059 1
7060 0
7061 1
7062 2
7063 1
7064 0
7065 3
7066 0
7067 1
7068 0
7069 2
7070 0
7071 1
7072 0
7073 1
7074 0
7075 2
7076 0
7077 1
7078 2
7079 1
7080 2
7081 1
7082 0
7083 1
7084 2
7085 1
7086 2
7087 1
7088 0
7089 3
7090 1
7091 2
7092 0
7093 1
7094 0
7095 2
7096 1
7097 0
7098 1
7099 2
7100 0
7101 2
7102 0
7103 1
7104 0
7105 1
7106 0
7107 2
7108 0
7109 2
7110 1
7111 0
7112 1
7113 0
7114 1
7115 2
7116 1
7117 0
7118 1
7119 2
7120 0
7121 1
7122 2
7123 0
7124 2
7125 1
7126 2
7127 0
7128 2
7129 1
7130 2
7131 0
7132 1
7133 2
7134 1
7135 0
7136 1
7137 0
7138 1
7139 0
7140 2
7141 1
7142 2
7143 1
7144 0
7145 1
7146 2
7147 0
7148 1
7149 0
7150 1
7151 2
7152 0
7153 1
7154 2
7155 1
7156 2
7157 0
7158 1
7159 3
7160 1
7161 0
7162 2
7163 1
7164 0
7165 2
7166 3
7167 1
7168 0
7169 1
7170 0
7171 1
7172 2
7173 0
7174 1
7175 2
7176 0
7177 1
7178 2
7179 0
7180 3
7181 1
7182 2
7183 1
7184 0
7185 2
7186 0
7187 2
7188 1
7189 2
7190 0
7191 1
7192 3
7193 0
7194 1
7195 2
7196 1
7197 0
7198 1
7199 0
7200 1
7201 0
7202 1
7203 0
7204 2
7205 1
7206 2
7207 0
7208 2
7209 1
7210 0
7211 2
7212 1
7213 0
7214 1
7215 0
7216 2
7217 0
7218 1
7219 0
7220 2
7221 1
7222 0
7223 2
7224 0
7225 1
7226 0
7227 2
7228 0
7229 1
7230 0
7231 2
7232 1
7233 0
7234 1
7235 0
7236 2
7237 0
7238 2
7239 0
7240 1
7241 2
7242 3
7243 1
7244 0
7245 1
7246 0
7247 1
7248 0
7249 1
7250 0
7251 1
7252 0
7253 2
7254 1
7255 0
7256 1
7257 2
7258 0
7259 2
7260 0
7261 1
7262 0
7263 3
7264 1
7265 0
7266 2
7267 1
7268 0
7269 2
7270 0
7271 2
7272 0
7273 2
7274 1
7275 2
7276 0
7277 1
7278 0
7279 1
7280 0
7281 2
7282 3
7283 0
7284 1
7285 2
7286 1
7287 0
7288 2
7289 1
7290 2
7291 0
7292 1
7293 2
7294 0
7295 1
7296 3
7297 2
7298 0
7299 1
7300 0
7301 1
7302 0
7303 2
7304 0
7305 2
7306 0
7307 1
7308 0
7309 1
7310 0
7311 1
7312 0
7313 1
7314 0
7315 1
7316 0
7317 1
7318 0
7319 1
7320 0
7321 1
7322 2
7323 3
7324 0
7325 3
7326 2
7327 1
7328 3
7329 0
7330 1
7331 0
7332 2
7333 0
7334 1
7335 2
7336 0
7337 1
7338 0
7339 1
7340 0
7341 1
7342 0
7343 2
7344 1
7345 3
7346 0
7347 1
7348 0
7349 2
7350 1
7351 0
7352 1
7353 0
7354 1
7355 0
7356 2
7357 1
7358 2
7359 0
7360 2
7361 1
7362 0
7363 1
7364 0
7365 1
7366 0
7367 3
7368 1
7369 2
7370 0
7371 2
7372 0
7373 2
7374 0
7375 3
7376 1
7377 2
7378 0
7379 1
7380 2
7381 1
7382 0
7383 2
7384 3
7385 1
7386 2
7387 0
7388 1
7389 2
7390 0
7391 1
7392 2
7393 0
7394 1
7395 2
7396 3
7397 0
7398 1
7399 0
7400 1
7401 2
7402 0
7403 1
7404 0
7405 2
7406 0
7407 1
7408 0
7409 2
7410 1
7411 2
7412 0
7413 2
7414 0
7415 2
7416 1
7417 2
7418 3
7419 0
7420 1
7421 2
7422 0
7423 1
7424 0
7425 2
7426 1
7427 2
7428 0
7429 2
7430 3
7431 0
7432 2
7433 1
7434 0
7435 2
7436 1
7437 2
7438 0
7439 1
7440 0
7441 1
7442 0
7443 2
7444 0
7445 1
7446 0
7447 3
7448 1
7449 0
7450 1
7451 0
7452 2
7453 1
7454 2
7455 0
7456 1
7457 0
7458 2
7459 3
7460 0
7461 1
7462 0
7463 1
7464 0
7465 1
7466 0
7467 1
7468 2
7469 0
7470 2
7471 0
7472 1
7473 2
7474 1
7475 0
7476 1
7477 0
7478 1
7479 2
7480 1
7481 2
7482 0
7483 1
7484 3
7485 0
7486 1
7487 0
7488 1
7489 3
7490 2
7491 0
7492 2
7493 1
7494 2
7495 0
7496 1
7497 0
7498 1
7499 0
7500 1
7501 0
7502 2
7503 0
7504 1
7505 0
7506 1
7507 0
7508 2
7509 0
7510 1
7511 0
7512 2
7513 1
7514 0
7515 1
7516 0
7517 1
7518 0
7519 2
7520 0
7521 2
7522 0
7523 1
7524 0
7525 2
7526 0
7527 2
7528 1
7529 0
7530 1
7531 2
7532 0
7533 1
7534 2
7535 1
7536 2
7537 0
7538 1
7539 2
7540 1
7541 3
7542 0
7543 1
7544 2
7545 0
7546 1
7547 2
7548 0
7549 2
7550 3
7551 1
7552 2
7553 0
7554 1
7555 0
7556 1
7557 0
7558 1
7559 2
7560 0
7561 1
7562 2
7563 1
7564 2
7565 0
7566 1
7567 2
7568 0
7569 2
7570 1
7571 2
7572 0
7573 2
7574 0
7575 1
7576 0
7577 1
7578 0
7579 1
7580 0
7581 1
7582 2
7583 0
7584 2
7585 1
7586 0
7587 1
7588 2
7589 1
7590 0
7591 2
7592 0
7593 2
7594 1
7595 0
7596 1
7597 0
7598 1
7599 2
7600 0
7601 2
7602 1
7603 2
7604 1
7605 0
7606 1
7607 2
7608 0
7609 1
7610 2
7611 0
7612 3
7613 1
7614 0
7615 1
7616 0
7617 2
7618 1
7619 0
7620 1
7621 0
7622 1
7623 2
7624 1
7625 0
7626 1
7627 0
7628 1
7629 0
7630 1
7631 2
7632 0
7633 2
7634 0
7635 1
7636 0
7637 3
7638 1
7639 2
7640 0
7641 2
7642 3
7643 0
7644 2
7645 1
7646 2
7647 0
7648 2
7649 1
7650 3
7651 2
7652 0
7653 2
7654 1
7655 0
7656 1
7657 0
7658 1
7659 0
7660 1
7661 2
7662 0
7663 1
7664 2
7665 0
7666 1
7667 2
7668 0
7669 2
7670 1
7671 2
7672 0
7673 1
7674 0
7675 2
7676 0
7677 1
7678 2
7679 1
7680 0
7681 2
7682 0
7683 1
7684 0
7685 2
7686 1
7687 0
7688 1
7689 3
7690 2
7691 1
7692 0
7693 2
7694 1
7695 2
7696 1
7697 0
7698 2
7699 0
7700 1
7701 0
7702 1
7703 2
7704 1
7705 0
7706 1
7707 2
7708 0
7709 2
7710 0
7711 1
7712 0
7713 1
7714 0
7715 1
7716 0
7717 1
7718 0
7719 2
7720 1
7721 0
7722 3
7723 1
7724 0
7725 1
7726 2
7727 1
7728 0
7729 1
7730 2
7731 1
7732 2
7733 1
7734 0
7735 2
7736 1
7737 2
7738 0
7739 1
7740 0
7741 1
7742 2
7743 0
7744 1
7745 0
7746 2
7747 1
7748 0
7749 2
7750 1
7751 0
7752 2
7753 1
7754 2
7755 1
7756 2
7757 0
7758 3
7759 2
7760 1
7761 3
7762 0
7763 1
7764 0
7765 1
7766 2
7767 0
7768 2
7769 1
7770 2
7771 1
7772 0
7773 1
7774 0
7775 1
7776 0
7777 2
7778 1
7779 0
7780 1
7781 0
7782 2
7783 0
7784 2
7785 1
7786 0
7787 1
7788 2
7789 0
7790 1
7791 0
7792 1
7793 3
7794 1
7795 0
7796 2
7797 0
7798 1
7799 2
7800 1
7801 0
7802 1
7803 0
7804 1
7805 0
7806 2
7807 1
7808 3
7809 2
7810 3
7811 0
7812 2
7813 0
7814 2
7815 1
7816 2
7817 1
7818 0
7819 1
7820 2
7821 1
7822 2
7823 3
7824 1
7825 2
7826 0
7827 1
7828 0
7829 2
7830 0
7831 1
7832 0
7833 1
7834 2
7835 1
7836 3
7837 1
7838 0
7839 1
7840 2
7841 0
7842 1
7843 0
7844 1
7845 0
7846 1
7847 0
7848 1
7849 0
7850 1
7851 0
7852 1
7853 0
7854 1
7855 0
7856 2
7857 0
7858 1
7859 0
7860 2
7861 1
7862 0
7863 1
7864 2
7865 0
7866 1
7867 2
7868 0
7869 2
7870 3
7871 1
7872 0
7873 1
7874 0
7875 1
7876 0
7877 1
7878 0
7879 1
7880 3
7881 2
7882 1
7883 0
7884 2
7885 0
7886 2
7887 0
7888 1
7889 2
7890 0
7891 1
7892 2
7893 0
7894 1
7895 2
7896 1
7897 0
7898 1
7899 0
7900 2
7901 1
7902 0
7903 2
7904 0
7905 1
7906 2
7907 1
7908 0
7909 1
7910 0
7911 1
7912 0
7913 2
7914 1
7915 0
7916 1
7917 0
7918 2
7919 1
7920 0
7921 1
7922 2
7923 0
7924 1
7925 2
7926 0
7927 1
7928 0
7929 1
7930 0
7931 2
7932 1
7933 2
7934 1
7935 0
7936 1
7937 0
7938 2
7939 1
7940 0
7941 1
7942 2
7943 0
7944 2
7945 1
7946 2
7947 0
7948 1
7949 2
7950 0
7951 1
7952 2
7953 1
7954 0
7955 1
7956 2
7957 0
7958 1
7959 2
7960 1
7961 2
7962 0
7963 1
7964 2
7965 0
7966 1
7967 2
7968 0
7969 1
7970 0
7971 1
7972 0
7973 2
7974 1
7975 0
7976 1
7977 2
7978 0
7979 2
7980 0
7981 1
7982 2
7983 3
7984 0
7985 2
7986 0
7987 2
7988 0
7989 1
7990 2
7991 0
7992 1
7993 0
7994 2
7995 1
7996 0
7997 1
7998 2
7999 0
8000 1
8001 0
8002 1
8003 2
8004 1
8005 0
8006 2
8007 1
8008 0
8009 1
8010 2
8011 0
8012 1
8013 2
8014 1
8015 2
8016 1
8017 0
8018 1
8019 0
8020 1
8021 2
8022 0
8023 1
8024 2
8025 1
8026 0
8027 1
8028 2
8029 0
8030 1
8031 2
8032 3
8033 1
8034 2
8035 1
8036 0
8037 1
8038 0
8039 2
8040 3
8041 0
8042 2
8043 1
8044 0
8045 1
8046 0
8047 1
8048 0
8049 1
8050 2
8051 0
8052 2
8053 1
8054 0
8055 2
8056 0
8057 2
8058 1
8059 2
8060 1
8061 2
8062 0
8063 2
8064 1
8065 2
8066 0
8067 2
8068 0
8069 1
8070 0
8071 1
8072 0
8073 1
8074 0
8075 1
8076 2
8077 0
8078 2
8079 1
8080 0
8081 1
8082 0
8083 1
8084 0
8085 1
8086 2
8087 0
8088 2
8089 1
8090 2
8091 0
8092 1
8093 0
8094 1
8095 0
8096 1
8097 0
8098 1
8099 2
8100 0
8101 2
8102 0
8103 1
8104 0
8105 1
8106 0
8107 1
8108 2
8109 3
8110 1
8111 2
8112 1
8113 0
8114 2
8115 1
8116 0
8117 1
8118 2
8119 0
8120 1
8121 3
8122 0
8123 1
8124 0
8125 1
8126 0
8127 2
8128 1
8129 0
8130 1
8131 2
8132 1
8133 0
8134 1
8135 0
8136 1
8137 0
8138 3
8139 1
8140 0
8141 1
8142 0
8143 1
8144 2
8145 1
8146 2
8147 0
8148 1
8149 2
8150 0
8151 1
8152 0
8153 1
8154 3
8155 0
8156 1
8157 0
8158 1
8159 3
8160 2
8161 1
8162 0
8163 1
8164 2
8165 3
8166 0
8167 2
8168 0
8169 2
8170 0
8171 1
8172 0
8173 2
8174 0
8175 2
8176 1
8177 0
8178 2
8179 1
8180 0
8181 1
8182 2
8183 0
8184 1
8185 0
8186 1
8187 0
8188 2
8189 1
8190 2
8191 0
8192 2
8193 1
8194 0
8195 1
8196 0
8197 1
8198 2
8199 1
8200 0
8201 2
8202 1
8203 2
8204 0
8205 1
8206 0
8207 1
8208 2
8209 0
8210 2
8211 0
8212 1
8213 0
8214 1
8215 2
8216 0
8217 2
8218 0
8219 1
8220 0
8221 2
8222 1
8223 0
8224 2
8225 0
8226 2
8227 1
8228 0
8229 2
8230 0
8231 1
8232 0
8233 2
8234 1
8235 2
8236 3
8237 1
8238 0
8239 2
8240 0
8241 2
8242 1
8243 0
8244 1
8245 2
8246 1
8247 2
8248 0
8249 1
8250 0
8251 1
8252 0
8253 1
8254 2
8255 1
8256 2
8257 1
8258 0
8259 2
8260 1
8261 2
8262 0
8263 1
8264 2
8265 0
8266 2
8267 1
8268 0
8269 2
8270 1
8271 2
8272 0
8273 2
8274 1
8275 2
8276 0
8277 2
8278 1
8279 2
8280 3
8281 1
8282 0
8283 1
8284 0
8285 1
8286 0
8287 1
8288 2
8289 1
8290 0
8291 2
8292 1
8293 2
8294 1
8295 2
8296 0
8297 3
8298 1
8299 0
8300 1
8301 0
8302 1
8303 2
8304 0
8305 1
8306 2
8307 1
8308 0
8309 1
8310 3
8311 2
8312 1
8313 2
8314 0
8315 1
8316 2
8317 1
8318 2
8319 0
8320 2
8321 1
8322 0
8323 1
8324 2
8325 1
8326 0
8327 1
8328 0
8329 1
8330 0
8331 1
8332 0
8333 1
8334 0
8335 1
8336 0
8337 1
8338 2
8339 0
8340 1
8341 2
8342 0
8343 2
8344 1
8345 0
8346 2
8347 1
8348 2
8349 0
8350 1
8351 2
8352 0
8353 2
8354 1
8355 0
8356 1
8357 0
8358 1
8359 0
8360 1
8361 0
8362 1
8363 0
8364 2
8365 0
8366 1
8367 0
8368 1
8369 0
8370 1
8371 0
8372 1
8373 0
8374 2
8375 1
8376 0
8377 1
8378 0
8379 1
8380 3
8381 2
8382 0
8383 1
8384 2
8385 0
8386 1
8387 2
8388 1
8389 2
8390 0
8391 2
8392 0
8393 1
8394 2
8395 0
8396 1
8397 2
8398 1
8399 0
8400 1
8401 0
8402 1
8403 2
8404 0
8405 1
8406 0
8407 1
8408 0
8409 1
8410 2
8411 0
8412 2
8413 1
8414 0
8415 1
8416 0
8417 1
8418 0
8419 1
8420 2
8421 0
8422 2
8423 3
8424 1
8425 0
8426 1
8427 0
8428 1
8429 0
8430 2
8431 1
8432 0
8433 2
8434 1
8435 0
8436 1
8437 2
8438 0
8439 2
8440 0
8441 1
8442 2
8443 0
8444 2
8445 1
8446 0
8447 2
8448 3
8449 1
8450 2
8451 3
8452 1
8453 0
8454 2
8455 1
8456 2
8457 0
8458 2
8459 1
8460 0
8461 1
8462 2
8463 0
8464 2
8465 1
8466 0
8467 1
8468 2
8469 0
8470 1
8471 2
8472 0
8473 1
8474 0
8475 1
8476 0
8477 1
8478 2
8479 0
8480 1
8481 0
8482 2
8483 1
8484 0
8485 2
8486 1
8487 0
8488 2
8489 1
8490 2
8491 0
8492 1
8493 2
8494 0
8495 1
8496 0
8497 1
8498 3
8499 2
8500 0
8501 1
8502 2
8503 0
8504 2
8505 0
8506 2
8507 1
8508 3
8509 2
8510 1
8511 2
8512 0
8513 1
8514 0
8515 1
8516 2
8517 1
8518 2
8519 1
8520 2
8521 1
8522 0
8523 1
8524 0
8525 3
8526 0
8527 2
8528 1
8529 0
8530 1
8531 3
8532 0
8533 1
8534 0
8535 3
8536 2
8537 0
8538 2
8539 1
8540 2
8541 3
8542 1
8543 0
8544 1
8545 0
8546 2
8547 1
8548 2
8549 1
8550 0
8551 1
8552 0
8553 1
8554 2
8555 1
8556 3
8557 2
8558 0
8559 1
8560 0
8561 1
8562 0
8563 2
8564 0
8565 1
8566 2
8567 0
8568 2
8569 0
8570 1
8571 2
8572 1
8573 0
8574 1
8575 0
8576 1
8577 2
8578 0
8579 1
8580 0
8581 1
8582 0
8583 1
8584 2
8585 0
8586 2
8587 1
8588 0
8589 1
8590 2
8591 0
8592 2
8593 0
8594 2
8595 1
8596 0
8597 1
8598 3
8599 1
8600 0
8601 1
8602 2
8603 0
8604 1
8605 0
8606 1
8607 0
8608 1
8609 0
8610 2
8611 1
8612 2
8613 0
8614 1
8615 2
8616 0
8617 1
8618 0
8619 1
8620 2
8621 1
8622 0
8623 1
8624 3
8625 2
8626 0
8627 2
8628 1
8629 0
8630 2
8631 1
8632 0
8633 1
8634 2
8635 0
8636 1
8637 0
8638 1
8639 2
8640 1
8641 0
8642 2
8643 1
8644 0
8645 1
8646 2
8647 1
8648 0
8649 1
8650 0
8651 2
8652 1
8653 0
8654 2
8655 1
8656 0
8657 2
8658 0
8659 1
8660 0
8661 1
8662 0
8663 1
8664 0
8665 2
8666 3
8667 0
8668 2
8669 0
8670 2
8671 1
8672 2
8673 0
8674 2
8675 1
8676 2
8677 0
8678 2
8679 0
8680 2
8681 1
8682 0
8683 1
8684 0
8685 1
8686 0
8687 1
8688 2
8689 0
8690 1
8691 0
8692 1
8693 2
8694 0
8695 1
8696 2
8697 1
8698 0
8699 1
8700 0
8701 2
8702 3
8703 0
8704 2
8705 1
8706 0
8707 1
8708 2
8709 0
8710 2
8711 1
8712 0
8713 1
8714 0
8715 2
8716 1
8717 0
8718 1
8719 0
8720 2
8721 0
8722 1
8723 0
8724 1
8725 0
8726 1
8727 0
8728 1
8729 2
8730 3
8731 1
8732 2
8733 0
8734 2
8735 1
8736 2
8737 0
8738 1
8739 0
8740 1
8741 0
8742 1
8743 0
8744 1
8745 0
8746 1
8747 2
8748 3
8749 0
8750 1
8751 0
8752 1
8753 2
8754 0
8755 1
8756 0
8757 2
8758 1
8759 2
8760 0
8761 1
8762 2
8763 0
8764 1
8765 0
8766 1
8767 0
8768 1
8769 0
8770 1
8771 2
8772 0
8773 2
8774 1
8775 0
8776 1
8777 0
8778 2
8779 1
8780 0
8781 1
8782 0
8783 1
8784 0
8785 1
8786 0
8787 1
8788 0
8789 2
8790 0
8791 3
8792 0
8793 1
8794 0
8795 1
8796 0
8797 1
8798 0
8799 2
8800 1
8801 2
8802 0
8803 1
8804 2
8805 0
8806 2
8807 1
8808 0
8809 2
8810 1
8811 0
8812 2
8813 3
8814 0
8815 2
8816 1
8817 3
8818 0
8819 2
8820 0
8821 1
8822 0
8823 1
8824 3
8825 2
8826 0
8827 2
8828 3
8829 1
8830 0
8831 1
8832 0
8833 2
8834 0
8835 2
8836 1
8837 0
8838 2
8839 1
8840 0
8841 2
8842 3
8843 0
8844 1
8845 2
8846 0
8847 2
8848 0
8849 1
8850 0
8851 2
8852 1
8853 0
8854 2
8855 1
8856 0
8857 1
8858 2
8859 3
8860 0
8861 2
8862 3
8863 1
8864 0
8865 2
8866 0
8867 1
8868 2
8869 1
8870 2
8871 0
8872 1
8873 2
8874 1
8875 0
8876 1
8877 2
8878 0
8879 1
8880 2
8881 1
8882 2
8883 1
8884 0
8885 2
8886 1
8887 0
8888 1
8889 2
8890 0
8891 1
8892 2
8893 0
8894 1
8895 0
8896 2
8897 0
8898 1
8899 0
8900 1
8901 3
8902 0
8903 1
8904 0
8905 1
8906 3
8907 2
8908 3
8909 1
8910 0
8911 1
8912 0
8913 1
8914 2
8915 0
8916 3
8917 0
8918 2
8919 0
8920 1
8921 0
8922 1
8923 2
8924 0
8925 1
8926 0
8927 2
8928 0
8929 2
8930 0
8931 1
8932 0
8933 1
8934 0
8935 2
8936 1
8937 2
8938 1
8939 0
8940 2
8941 1
8942 3
8943 0
8944 2
8945 0
8946 2
8947 1
8948 0
8949 2
8950 1
8951 0
8952 1
8953 0
8954 1
8955 0
8956 1
8957 2
8958 1
8959 0
8960 1
8961 2
8962 0
8963 2
8964 0
8965 2
8966 1
8967 2
8968 0
8969 1
8970 0
8971 2
8972 1
8973 2
8974 0
8975 1
8976 0
8977 1
8978 2
8979 0
8980 1
8981 0
8982 2
8983 0
8984 2
8985 0
8986 1
8987 0
8988 1
8989 0
8990 1
8991 2
8992 1
8993 2
8994 0
8995 2
8996 1
8997 0
8998 1
8999 2
9000 0
9001 2
9002 3
9003 1
9004 0
9005 2
9006 1
9007 2
9008 1
9009 0
9010 1
9011 0
9012 2
9013 0
9014 1
9015 2
9016 1
9017 0
9018 2
9019 0
9020 2
9021 1
9022 2
9023 0
9024 3
9025 0
9026 1
9027 2
9028 0
9029 1
9030 2
9031 0
9032 2
9033 0
9034 1
9035 2
9036 0
9037 1
9038 2
9039 0
9040 1
9041 2
9042 3
9043 1
9044 2
9045 0
9046 1
9047 2
9048 0
9049 2
9050 0
9051 1
9052 0
9053 2
9054 1
9055 2
9056 1
9057 0
9058 1
9059 2
9060 1
9061 0
9062 2
9063 1
9064 2
9065 1
9066 3
9067 2
9068 1
9069 0
9070 2
9071 1
9072 2
9073 0
9074 1
9075 2
9076 1
9077 0
9078 2
9079 0
9080 1
9081 0
9082 2
9083 0
9084 1
9085 2
9086 0
9087 2
9088 1
9089 0
9090 1
9091 0
9092 2
9093 1
9094 0
9095 1
9096 2
9097 1
9098 2
9099 0
9100 2
9101 3
9102 1
9103 0
9104 1
9105 2
9106 0
9107 1
9108 0
9109 2
9110 1
9111 0
9112 2
9113 1
9114 0
9115 1
9116 0
9117 2
9118 1
9119 2
9120 3
9121 0
9122 1
9123 0
9124 1
9125 0
9126 1
9127 0
9128 1
9129 0
9130 1
9131 2
9132 0
9133 1
9134 0
9135 1
9136 0
9137 2
9138 3
9139 1
9140 2
9141 0
9142 1
9143 0
9144 2
9145 1
9146 0
9147 2
9148 1
9149 0
9150 2
9151 1
9152 2
9153 0
9154 2
9155 1
9156 0
9157 1
9158 2
9159 0
9160 1
9161 0
9162 1
9163 2
9164 0
9165 1
9166 2
9167 1
9168 2
9169 0
9170 2
9171 1
9172 0
9173 1
9174 0
9175 1
9176 0
9177 1
9178 0
9179 1
9180 2
9181 0
9182 2
9183 1
9184 2
9185 0
9186 1
9187 0
9188 2
9189 1
9190 0
9191 1
9192 3
9193 2
9194 1
9195 0
9196 3
9197 2
9198 0
9199 1
9200 0
9201 1
9202 0
9203 1
9204 2
9205 0
9206 1
9207 2
9208 0
9209 1
9210 2
9211 0
9212 1
9213 0
9214 2
9215 1
9216 0
9217 1
9218 0
9219 2
9220 1
9221 2
9222 0
9223 1
9224 2
9225 0
9226 1
9227 0
9228 2
9229 1
9230 0
9231 2
9232 1
9233 3
9234 0
9235 2
9236 1
9237 0
9238 1
9239 2
9240 1
9241 0
9242 2
9243 1
9244 0
9245 1
9246 0
9247 1
9248 2
9249 1
9250 0
9251 1
9252 2
9253 0
9254 2
9255 1
9256 0
9257 1
9258 2
9259 0
9260 1
9261 0
9262 1
9263 0
9264 2
9265 1
9266 0
9267 1
9268 2
9269 0
9270 1
9271 2
9272 0
9273 1
9274 0
9275 1
9276 2
9277 1
9278 2
9279 1
9280 0
9281 3
9282 2
9283 0
9284 1
9285 2
9286 0
9287 1
9288 0
9289 1
9290 0
9291 1
9292 0
9293 1
9294 2
9295 0
9296 1
9297 2
9298 0
9299 1
9300 0
9301 1
9302 2
9303 0
9304 1
9305 0
9306 2
9307 1
9308 0
9309 1
9310 0
9311 1
9312 0
9313 2
9314 1
9315 2
9316 1
9317 0
9318 1
9319 0
9320 1
9321 2
9322 1
9323 2
9324 1
9325 2
9326 0
9327 1
9328 2
9329 0
9330 1
9331 2
9332 3
9333 0
9334 1
9335 0
9336 2
9337 1
9338 0
9339 1
9340 0
9341 2
9342 1
9343 3
9344 0
9345 1
9346 0
9347 2
9348 1
9349 0
9350 2
9351 0
9352 1
9353 0
9354 1
9355 2
9356 3
9357 0
9358 2
9359 1
9360 2
9361 1
9362 0
9363 1
9364 0
9365 1
9366 2
9367 0
9368 2
9369 1
9370 0
9371 1
9372 0
9373 1
9374 0
9375 3
9376 0
9377 1
9378 0
9379 1
9380 2
9381 0
9382 1
9383 0
9384 1
9385 0
9386 1
9387 0
9388 1
9389 2
9390 0
9391 2
9392 0
9393 1
9394 2
9395 0
9396 1
9397 2
9398 1
9399 0
9400 1
9401 2
9402 3
9403 1
9404 2
9405 0
9406 2
9407 1
9408 0
9409 1
9410 0
9411 1
9412 2
9413 0
9414 1
9415 2
9416 3
9417 1
9418 0
9419 1
9420 0
9421 1
9422 0
9423 2
9424 1
9425 2
9426 1
9427 0
9428 1
9429 0
9430 1
9431 2
9432 1
9433 2
9434 0
9435 2
9436 0
9437 1
9438 0
9439 1
9440 2
9441 0
9442 2
9443 1
9444 0
9445 1
9446 0
9447 2
9448 1
9449 2
9450 0
9451 2
9452 0
9453 1
9454 0
9455 1
9456 0
9457 2
9458 3
9459 1
9460 0
9461 1
9462 2
9463 1
9464 0
9465 1
9466 0
9467 1
9468 0
9469 2
9470 0
9471 2
9472 1
9473 2
9474 0
9475 1
9476 0
9477 2
9478 0
9479 1
9480 0
9481 1
9482 0
9483 1
9484 2
9485 0
9486 2
9487 1
9488 2
9489 0
9490 2
9491 1
9492 0
9493 2
9494 1
9495 2
9496 0
9497 1
9498 2
9499 0
9500 1
9501 0
9502 1
9503 2
9504 1
9505 0
9506 1
9507 2
9508 0
9509 2
9510 1
9511 2
9512 0
9513 1
9514 0
9515 2
9516 1
9517 0
9518 1
9519 0
9520 1
9521 0
9522 2
9523 1
9524 0
9525 1
9526 2
9527 0
9528 2
9529 1
9530 0
9531 2
9532 1
9533 0
9534 1
9535 0
9536 1
9537 0
9538 1
9539 0
9540 1
9541 0
9542 1
9543 2
9544 0
9545 1
9546 2
9547 0
9548 1
9549 0
9550 2
9551 0
9552 2
9553 3
9554 0
9555 3
9556 2
9557 0
9558 2
9559 1
9560 2
9561 0
9562 2
9563 1
9564 2
9565 1
9566 0
9567 2
9568 1
9569 2
9570 1
9571 0
9572 1
9573 2
9574 1
9575 0
9576 3
9577 2
9578 3
9579 1
9580 2
9581 1
9582 0
9583 1
9584 0
9585 1
9586 2
9587 0
9588 2
9589 1
9590 3
9591 0
9592 2
9593 1
9594 2
9595 0
9596 1
9597 0
9598 1
9599 2
9600 0
9601 2
9602 1
9603 0
9604 1
9605 0
9606 2
9607 1
9608 0
9609 1
9610 2
9611 0
9612 2
9613 1
9614 0
9615 1
9616 0
9617 2
9618 0
9619 1
9620 2
9621 1
9622 2
9623 0
9624 1
9625 0
9626 2
9627 0
9628 1
9629 3
9630 0
9631 2
9632 1
9633 2
9634 0
9635 2
9636 0
9637 1
9638 0
9639 1
9640 0
9641 2
9642 1
9643 2
9644 0
9645 1
9646 3
9647 1
9648 0
9649 1
9650 0
9651 1
9652 0
9653 1
9654 2
9655 0
9656 2
9657 1
9658 2
9659 0
9660 1
9661 2
9662 0
9663 1
9664 2
9665 0
9666 2
9667 0
9668 1
9669 0
9670 2
9671 1
9672 2
9673 1
9674 2
9675 0
9676 1
9677 2
9678 1
9679 2
9680 1
9681 2
9682 0
9683 1
9684 0
9685 1
9686 0
9687 1
9688 0
9689 2
9690 1
9691 2
9692 1
9693 2
9694 0
9695 1
9696 0
9697 2
9698 1
9699 2
9700 0
9701 1
9702 0
9703 3
9704 1
9705 0
9706 2
9707 1
9708 0
9709 2
9710 0
9711 1
9712 2
9713 0
9714 2
9715 0
9716 1
9717 0
9718 2
9719 0
9720 1
9721 0
9722 1
9723 0
9724 1
9725 0
9726 1
9727 0
9728 1
9729 0
9730 1
9731 0
9732 3
9733 2
9734 0
9735 1
9736 0
9737 1
9738 2
9739 1
9740 0
9741 2
9742 1
9743 2
9744 1
9745 2
9746 0
9747 1
9748 0
9749 1
9750 2
9751 3
9752 0
9753 2
9754 1
9755 3
9756 1
9757 2
9758 0
9759 2
9760 1
9761 0
9762 1
9763 0
9764 1
9765 0
9766 2
9767 1
9768 0
9769 1
9770 0
9771 1
9772 0
9773 1
9774 0
9775 1
9776 0
9777 1
9778 0
9779 2
9780 0
9781 2
9782 0
9783 1
9784 2
9785 3
9786 1
9787 2
9788 3
9789 2
9790 0
9791 2
9792 0
9793 1
9794 2
9795 1
9796 0
9797 1
9798 0
9799 1
9800 2
9801 1
9802 3
9803 0
9804 1
9805 2
9806 3
9807 1
9808 2
9809 0
9810 2
9811 1
9812 2
9813 1
9814 0
9815 2
9816 1
9817 0
9818 1
9819 0
9820 1
9821 3
9822 2
9823 0
9824 1
9825 0
9826 2
9827 1
9828 0
9829 2
9830 1
9831 0
9832 1
9833 0
9834 2
9835 1
9836 0
9837 1
9838 0
9839 1
9840 0
9841 1
9842 2
9843 0
9844 1
9845 0
9846 1
9847 0
9848 2
9849 1
9850 0
9851 1
9852 0
9853 1
9854 0
9855 1
9856 0
9857 2
9858 1
9859 0
9860 1
9861 0
9862 1
9863 0
9864 2
9865 0
9866 1
9867 0
9868 1
9869 0
9870 1
9871 2
9872 0
9873 1
9874 0
9875 1
9876 2
9877 1
9878 2
9879 0
9880 2
9881 1
9882 0
9883 1
9884 0
9885 1
9886 0
9887 3
9888 0
9889 1
9890 0
9891 1
9892 2
9893 0
9894 1
9895 0
9896 2
9897 1
9898 2
9899 0
9900 1
9901 0
9902 2
9903 0
9904 1
9905 2
9906 0
9907 2
9908 1
9909 0
9910 1
9911 0
9912 1
9913 0
9914 1
9915 0
9916 3
9917 1
9918 0
9919 1
9920 0
9921 1
9922 2
9923 1
9924 0
9925 1
9926 0
9927 1
9928 0
9929 2
9930 1
9931 2
9932 0
9933 1
9934 2
9935 0
9936 1
9937 0
9938 1
9939 2
9940 0
9941 1
9942 0
9943 1
9944 0
9945 2
9946 1
9947 2
9948 0
9949 3
9950 1
9951 0
9952 1
9953 2
9954 0
9955 1
9956 2
9957 0
9958 1
9959 0
9960 1
9961 0
9962 2
9963 3
9964 0
9965 1
9966 0
9967 1
9968 0
9969 2
9970 0
9971 1
9972 0
9973 2
9974 1
9975 0
9976 1
9977 0
9978 1
9979 0
9980 2
9981 1
9982 0
9983 2
9984 0
9985 1
9986 2
9987 0
9988 2
9989 1
9990 0
9991 1
9992 0
9993 2
9994 1
9995 2
9996 0
9997 2
9998 0
9999 2
10000 0
10001 1
10002 2
10003 0
10004 1
10005 0
10006 2
10007 0
10008 1
10009 2
10010 0
10011 3
10012 1
10013 0
10014 1
10015 0
10016 1
10017 2
10018 1
10019 0
10020 1
10021 2
10022 3
10023 0
10024 2
10025 1
10026 0
10027 2
10028 1
10029 2
10030 1
10031 0
10032 2
10033 1
10034 2
10035 0
10036 2
10037 1
10038 0
10039 2
10040 1
10041 0
10042 1
10043 2
10044 1
10045 0
10046 2
10047 1
10048 0
10049 2
10050 0
10051 1
10052 2
10053 0
10054 2
10055 1
10056 0
10057 1
10058 2
10059 3
10060 2
10061 1
10062 2
10063 0
10064 1
10065 2
10066 0
10067 1
10068 2
10069 0
10070 1
10071 0
10072 2
10073 1
10074 0
10075 2
10076 1
10077 2
10078 3
10079 0
10080 1
10081 0
10082 1
10083 2
10084 0
10085 1
10086 0
10087 1
10088 0
10089 1
10090 2
10091 0
10092 1
10093 0
10094 1
10095 0
10096 2
10097 1
10098 2
10099 1
10100 0
10101 1
10102 0
10103 1
10104 2
10105 1
10106 0
10107 1
10108 0
10109 1
10110 0
10111 2
10112 0
10113 2
10114 1
10115 2
10116 3
10117 1
10118 2
10119 1
10120 2
10121 0
10122 1
10123 2
10124 0
10125 1
10126 2
10127 0
10128 1
10129 2
10130 0
10131 1
10132 0
10133 1
10134 2
10135 0
10136 2
10137 1
10138 2
10139 1
10140 2
10141 0
10142 1
10143 0
10144 1
10145 0
10146 1
10147 0
10148 3
10149 1
10150 2
10151 0
10152 2
10153 1
10154 0
10155 2
10156 0
10157 2
10158 0
10159 2
10160 1
10161 0
10162 1
10163 0
10164 1
10165 0
10166 1
10167 2
10168 0
10169 1
10170 2
10171 0
10172 1
10173 0
10174 1
10175 0
10176 2
10177 0
10178 1
10179 0
10180 1
10181 2
10182 0
10183 2
10184 0
10185 2
10186 1
10187 2
10188 3
10189 1
10190 0
10191 1
10192 0
10193 2
10194 1
10195 2
10196 0
10197 1
10198 0
10199 1
10200 2
10201 0
10202 2
10203 0
10204 2
10205 0
10206 1
10207 0
10208 1
10209 0
10210 1
10211 2
10212 0
10213 1
10214 0
10215 1
10216 0
10217 1
10218 2
10219 0
10220 1
10221 0
10222 2
10223 1
10224 0
10225 1
10226 0
10227 1
10228 2
10229 0
10230 2
10231 1
10232 0
10233 1
10234 0
10235 1
10236 2
10237 0
10238 2
10239 1
10240 0
10241 1
10242 2
10243 0
10244 1
10245 0
10246 1
10247 0
10248 1
10249 2
10250 0
10251 1
10252 0
10253 2
10254 1
10255 0
10256 2
10257 0
10258 1
10259 2
10260 0
10261 1
10262 0
10263 2
10264 1
10265 0
10266 1
10267 0
10268 1
10269 0
10270 1
10271 0
10272 2
10273 0
10274 2
10275 0
10276 1
10277 2
10278 0
10279 1
10280 0
10281 1
10282 2
10283 1
10284 0
10285 2
10286 1
10287 2
10288 0
10289 1
10290 2
10291 0
10292 1
10293 0
10294 1
10295 2
10296 1
10297 0
10298 2
10299 0
10300 2
10301 0
10302 1
10303 0
10304 2
10305 1
10306 2
10307 3
10308 1
10309 0
10310 2
10311 0
10312 1
10313 0
10314 1
10315 0
10316 1
10317 0
10318 2
10319 0
10320 1
10321 2
10322 0
10323 2
10324 1
10325 2
10326 0
10327 1
10328 2
10329 0
10330 1
10331 2
10332 0
10333 1
10334 2
10335 0
10336 1
10337 2
10338 1
10339 2
10340 1
10341 3
10342 2
10343 0
10344 2
10345 0
10346 1
10347 0
10348 2
10349 1
10350 2
10351 0
10352 1
10353 2
10354 0
10355 1
10356 0
10357 1
10358 0
10359 1
10360 2
10361 1
10362 0
10363 1
10364 2
10365 1
10366 2
10367 0
10368 1
10369 0
10370 1
10371 2
10372 0
10373 1
10374 0
10375 1
10376 2
10377 0
10378 2
10379 1
10380 0
10381 1
10382 2
10383 1
10384 0
10385 1
10386 2
10387 0
10388 2
10389 1
10390 0
10391 1
10392 0
10393 1
10394 2
10395 0
10396 2
10397 0
10398 1
10399 2
10400 1
10401 0
10402 2
10403 1
10404 0
10405 1
10406 0
10407 1
10408 3
10409 0
10410 1
10411 0
10412 1
10413 0
10414 2
10415 1
10416 2
10417 0
10418 2
10419 1
10420 2
10421 0
10422 1
10423 2
10424 1
10425 0
10426 2
10427 1
10428 2
10429 1
10430 0
10431 1
10432 0
10433 2
10434 1
10435 2
10436 0
10437 2
10438 1
10439 0
10440 1
10441 2
10442 0
10443 1
10444 0
10445 2
10446 1
10447 0
10448 2
10449 1
10450 0
10451 1
10452 0
10453 1
10454 0
10455 2
10456 0
10457 2
10458 1
10459 0
10460 1
10461 2
10462 0
10463 1
10464 0
10465 1
10466 0
10467 1
10468 2
10469 0
10470 1
10471 0
10472 2
10473 1
10474 2
10475 0
10476 1
10477 0
10478 1
10479 2
10480 0
10481 1
10482 2
10483 0
10484 2
10485 0
10486 1
10487 2
10488 0
10489 1
10490 2
10491 0
10492 2
10493 1
10494 0
10495 2
10496 0
10497 1
10498 0
10499 1
10500 3
10501 0
10502 2
10503 1
10504 0
10505 1
10506 0
10507 2
10508 0
10509 1
10510 0
10511 1
10512 2
10513 0
10514 1
10515 0
10516 2
10517 0
10518 2
10519 1
10520 0
10521 1
10522 3
10523 0
10524 1
10525 2
10526 0
10527 1
10528 2
10529 1
10530 2
10531 0
10532 1
10533 3
10534 0
10535 2
10536 1
10537 2
10538 0
10539 1
10540 0
10541 2
10542 1
10543 0
10544 1
10545 2
10546 0
10547 1
10548 2
10549 0
10550 1
10551 0
10552 2
10553 0
10554 3
10555 1
10556 2
10557 1
10558 2
10559 1
10560 2
10561 0
10562 2
10563 1
10564 0
10565 1
10566 2
10567 0
10568 1
10569 2
10570 0
10571 2
10572 0
10573 1
10574 0
10575 1
10576 2
10577 0
10578 1
10579 0
10580 1
10581 0
10582 2
10583 0
10584 2
10585 1
10586 0
10587 2
10588 0
10589 1
10590 0
10591 1
10592 0
10593 1
10594 0
10595 1
10596 2
10597 0
10598 3
10599 2
10600 3
10601 0
10602 1
10603 0
10604 1
10605 2
10606 1
10607 2
10608 1
10609 0
10610 1
10611 0
10612 1
10613 0
10614 1
10615 2
10616 1
10617 0
10618 1
10619 2
10620 0
10621 1
10622 0
10623 1
10624 0
10625 1
10626 2
10627 1
10628 0
10629 2
10630 1
10631 2
10632 0
10633 3
10634 0
10635 2
10636 0
10637 1
10638 2
10639 0
10640 1
10641 0
10642 1
10643 2
10644 1
10645 2
10646 0
10647 1
10648 2
10649 0
10650 1
10651 0
10652 2
10653 0
10654 1
10655 0
10656 1
10657 2
10658 0
10659 2
10660 3
10661 1
10662 0
10663 2
10664 1
10665 0
10666 1
10667 2
10668 1
10669 0
10670 1
10671 0
10672 1
10673 0
10674 1
10675 2
10676 1
10677 0
10678 2
10679 1
10680 0
10681 1
10682 0
10683 1
10684 3
10685 0
10686 1
10687 2
10688 0
10689 3
10690 0
10691 2
10692 1
10693 2
10694 0
10695 2
10696 1
10697 0
10698 2
10699 1
10700 0
10701 2
10702 0
10703 1
10704 2
10705 0
10706 1
10707 0
10708 1
10709 0
10710 1
10711 0
10712 2
10713 0
10714 1
10715 2
10716 1
10717 0
10718 2
10719 0
10720 1
10721 2
10722 0
10723 2
10724 1
10725 2
10726 1
10727 0
10728 1
10729 2
10730 1
10731 0
10732 1
10733 0
10734 1
10735 0
10736 1
10737 2
10738 1
10739 2
10740 1
10741 0
10742 1
10743 0
10744 1
10745 0
10746 1
10747 0
10748 1
10749 0
10750 2
10751 1
10752 2
10753 0
10754 1
10755 2
10756 1
10757 0
10758 1
10759 2
10760 0
10761 1
10762 0
10763 2
10764 3
10765 0
10766 1
10767 0
10768 2
10769 3
10770 1
10771 0
10772 1
10773 2
10774 0
10775 1
10776 0
10777 1
10778 2
10779 0
10780 1
10781 2
10782 1
10783 2
10784 0
10785 1
10786 0
10787 3
10788 2
10789 0
10790 1
10791 2
10792 1
10793 0
10794 1
10795 0
10796 1
10797 2
10798 0
10799 2
10800 1
10801 0
10802 1
10803 0
10804 2
10805 1
10806 0
10807 2
10808 0
10809 1
10810 0
10811 2
10812 1
10813 0
10814 1
10815 0
10816 2
10817 3
10818 1
10819 0
10820 1
10821 0
10822 1
10823 0
10824 3
10825 0
10826 2
10827 1
10828 0
10829 1
10830 2
10831 1
10832 0
10833 2
10834 1
10835 0
10836 1
10837 0
10838 1
10839 0
10840 2
10841 0
10842 1
10843 2
10844 1
10845 0
10846 2
10847 1
10848 2
10849 0
10850 2
10851 0
10852 1
10853 2
10854 0
10855 1
10856 0
10857 1
10858 0
10859 1
10860 0
10861 1
10862 0
10863 1
10864 0
10865 1
10866 0
10867 1
10868 2
10869 0
10870 3
10871 1
10872 0
10873 1
10874 0
10875 2
10876 0
10877 2
10878 1
10879 0
10880 1
10881 2
10882 1
10883 0
10884 2
10885 1
10886 0
10887 1
10888 0
10889 1
10890 2
10891 0
10892 2
10893 3
10894 2
10895 0
10896 1
10897 3
10898 0
10899 1
10900 2
10901 3
10902 0
10903 1
10904 0
10905 1
10906 0
10907 2
10908 1
10909 0
10910 1
10911 2
10912 0
10913 1
10914 2
10915 1
10916 0
10917 2
10918 1
10919 2
10920 1
10921 2
10922 1
10923 0
10924 2
10925 1
10926 0
10927 1
10928 0
10929 1
10930 2
10931 0
10932 2
10933 0
10934 2
10935 3
10936 0
10937 1
10938 0
10939 1
10940 2
10941 0
10942 2
10943 3
10944 0
10945 2
10946 1
10947 3
10948 2
10949 3
10950 1
10951 0
10952 2
10953 1
10954 0
10955 2
10956 1
10957 0
10958 2
10959 0
10960 1
10961 0
10962 1
10963 2
10964 0
10965 2
10966 1
10967 2
10968 1
10969 0
10970 2
10971 1
10972 0
10973 1
10974 2
10975 0
10976 1
10977 0
10978 1
10979 0
10980 1
10981 2
10982 0
10983 1
10984 0
10985 2
10986 0
10987 1
10988 2
10989 0
10990 1
10991 2
10992 1
10993 0
10994 1
10995 2
10996 0
10997 1
10998 0
10999 1
11000 2
11001 0
11002 2
11003 1
11004 0
11005 1
11006 2
11007 0
11008 1
11009 0
11010 2
11011 1
11012 0
11013 2
11014 1
11015 0
11016 2
11017 1
11018 2
11019 1
11020 0
11021 1
11022 0
11023 2
11024 0
11025 2
11026 0
11027 1
11028 2
11029 0
11030 1
11031 0
11032 1
11033 0
11034 1
11035 0
11036 2
11037 1
11038 0
11039 2
11040 1
11041 0
11042 1
11043 2
11044 0
11045 2
11046 1
11047 0
11048 2
11049 0
11050 1
11051 0
11052 1
11053 2
11054 1
11055 0
11056 1
11057 0
11058 2
11059 1
11060 0
11061 1
11062 3
11063 0
11064 1
11065 2
11066 1
11067 0
11068 2
11069 0
11070 2
11071 0
11072 2
11073 0
11074 1
11075 0
11076 2
11077 1
11078 0
11079 2
11080 1
11081 2
11082 0
11083 1
11084 2
11085 3
11086 0
11087 1
11088 0
11089 1
11090 0
11091 2
11092 1
11093 2
11094 0
11095 2
11096 1
11097 2
11098 0
11099 1
11100 0
11101 2
11102 0
11103 1
11104 2
11105 0
11106 2
11107 1
11108 0
11109 1
11110 2
11111 0
11112 2
11113 1
11114 0
11115 3
11116 0
11117 2
11118 1
11119 0
11120 2
11121 1
11122 2
11123 0
11124 1
11125 2
11126 0
11127 1
11128 2
11129 0
11130 2
11131 0
11132 1
11133 2
11134 0
11135 1
11136 0
11137 1
11138 2
11139 0
11140 1
11141 0
11142 1
11143 0
11144 1
11145 0
11146 1
11147 2
11148 0
11149 2
11150 0
11151 1
11152 0
11153 2
11154 1
11155 2
11156 0
11157 1
11158 2
11159 0
11160 1
11161 2
11162 0
11163 2
11164 1
11165 0
11166 1
11167 0
11168 2
11169 0
11170 1
11171 0
11172 1
11173 0
11174 2
11175 1
11176 0
11177 1
11178 0
11179 1
11180 2
11181 0
11182 1
11183 0
11184 2
11185 0
11186 2
11187 1
11188 3
11189 0
11190 1
11191 0
11192 1
11193 2
11194 0
11195 1
11196 0
11197 1
11198 2
11199 1
11200 0
11201 1
11202 0
11203 2
11204 1
11205 2
11206 0
11207 1
11208 0
11209 1
11210 0
11211 1
11212 0
11213 1
11214 0
11215 1
11216 2
11217 1
11218 0
11219 2
11220 1
11221 0
11222 2
11223 1
11224 2
11225 0
11226 2
11227 1
11228 2
11229 0
11230 3
11231 2
11232 0
11233 1
11234 2
11235 0
11236 1
11237 2
11238 0
11239 1
11240 0
11241 1
11242 3
11243 0
11244 1
11245 0
11246 1
11247 0
11248 1
11249 2
11250 0
11251 2
11252 1
11253 2
11254 0
11255 1
11256 2
11257 1
11258 2
11259 1
11260 0
11261 1
11262 2
11263 0
11264 2
11265 3
11266 2
11267 0
11268 2
11269 0
11270 2
11271 0
11272 2
11273 1
11274 0
11275 1
11276 0
11277 1
11278 3
11279 0
11280 2
11281 1
11282 2
11283 0
11284 1
11285 0
11286 1
11287 0
11288 2
11289 1
11290 0
11291 2
11292 1
11293 2
11294 0
11295 1
11296 2
11297 0
11298 1
11299 0
11300 1
11301 0
11302 2
11303 0
11304 1
11305 2
11306 0
11307 3
11308 2
11309 3
11310 2
11311 0
11312 2
11313 1
11314 0
11315 1
11316 0
11317 1
11318 2
11319 0
11320 2
11321 3
11322 1
11323 0
11324 3
11325 1
11326 2
11327 1
11328 0
11329 1
11330 0
11331 1
11332 0
11333 2
11334 1
11335 0
11336 3
11337 1
11338 0
11339 1
11340 0
11341 1
11342 0
11343 2
11344 1
11345 0
11346 1
11347 0
11348 1
11349 0
11350 1
11351 2
11352 0
11353 1
11354 3
11355 2
11356 3
11357 0
11358 1
11359 2
11360 0
11361 1
11362 0
11363 1
11364 2
11365 1
11366 3
11367 2
11368 0
11369 1
11370 0
11371 1
11372 0
11373 2
11374 1
11375 2
11376 0
11377 1
11378 0
11379 1
11380 2
11381 1
11382 0
11383 1
11384 0
11385 2
11386 1
11387 2
11388 0
11389 1
11390 2
11391 0
11392 3
11393 1
11394 3
11395 0
11396 1
11397 2
11398 0
11399 3
11400 1
11401 0
11402 2
11403 1
11404 0
11405 2
11406 0
11407 1
11408 0
11409 1
11410 0
11411 1
11412 0
11413 1
11414 2
11415 0
11416 2
11417 0
11418 1
11419 0
11420 1
11421 0
11422 1
11423 0
11424 1
11425 0
11426 1
11427 2
11428 1
11429 3
11430 0
11431 1
11432 0
11433 2
11434 1
11435 0
11436 1
11437 0
11438 1
11439 2
11440 1
11441 0
11442 2
11443 1
11444 0
11445 1
11446 0
11447 2
11448 1
11449 0
11450 1
11451 2
11452 0
11453 2
11454 1
11455 2
11456 0
11457 1
11458 0
11459 1
11460 0
11461 1
11462 2
11463 1
11464 0
11465 2
11466 1
11467 2
11468 0
11469 2
11470 1
11471 2
11472 0
11473 2
11474 1
11475 0
11476 1
11477 2
11478 1
11479 0
11480 1
11481 0
11482 1
11483 0
11484 2
11485 0
11486 1
11487 0
11488 2
11489 1
11490 2
11491 0
11492 1
11493 0
11494 2
11495 0
11496 2
11497 1
11498 0
11499 2
11500 1
11501 0
11502 1
11503 0
11504 2
11505 0
11506 2
11507 1
11508 2
11509 3
11510 0
11511 1
11512 2
11513 0
11514 2
11515 0
11516 1
11517 2
11518 1
11519 2
11520 3
11521 1
11522 0
11523 1
11524 2
11525 0
11526 1
11527 2
11528 0
11529 1
11530 0
11531 2
11532 1
11533 2
11534 0
11535 1
11536 0
11537 2
11538 1
11539 0
11540 2
11541 0
11542 1
11543 2
11544 0
11545 1
11546 2
11547 0
11548 2
11549 1
11550 0
11551 1
11552 0
11553 1
11554 2
11555 0
11556 2
11557 1
11558 2
11559 1
11560 0
11561 2
11562 0
11563 1
11564 2
11565 1
11566 2
11567 0
11568 2
11569 1
11570 2
11571 0
11572 1
11573 0
11574 1
11575 2
11576 0
11577 1
11578 0
11579 1
11580 0
11581 1
11582 0
11583 2
11584 1
11585 2
11586 0
11587 2
11588 1
11589 2
11590 0
11591 1
11592 0
11593 2
11594 0
11595 2
11596 1
11597 0
11598 1
11599 2
11600 0
11601 1
11602 0
11603 1
11604 0
11605 2
11606 1
11607 2
11608 0
11609 2
11610 1
11611 0
11612 2
11613 1
11614 0
11615 2
11616 1
11617 2
11618 0
11619 1
11620 0
11621 1
11622 0
11623 1
11624 0
11625 1
11626 0
11627 1
11628 0
11629 2
11630 0
11631 1
11632 0
11633 2
11634 1
11635 2
11636 0
11637 1
11638 0
11639 2
11640 1
11641 2
11642 1
11643 0
11644 1
11645 2
11646 3
11647 1
11648 2
11649 3
11650 0
11651 1
11652 2
11653 0
11654 1
11655 2
11656 0
11657 2
11658 1
11659 2
11660 3
11661 0
11662 1
11663 0
11664 2
11665 0
11666 2
11667 3
11668 1
11669 2
11670 0
11671 2
11672 1
11673 2
11674 0
11675 1
11676 0
11677 2
11678 1
11679 0
11680 1
11681 0
11682 1
11683 0
11684 1
11685 0
11686 2
11687 0
11688 1
11689 0
11690 1
11691 2
11692 1
11693 0
11694 1
11695 0
11696 1
11697 0
11698 2
11699 0
11700 1
11701 0
11702 1
11703 0
11704 1
11705 0
11706 2
11707 1
11708 0
11709 2
11710 1
11711 0
11712 1
11713 2
11714 0
11715 1
11716 2
11717 0
11718 2
11719 0
11720 1
11721 3
11722 2
11723 0
11724 2
11725 1
11726 2
11727 1
11728 2
11729 0
11730 1
11731 2
11732 0
11733 1
11734 0
11735 1
11736 0
11737 2
11738 1
11739 2
11740 0
11741 2
11742 0
11743 1
11744 0
11745 1
11746 0
11747 1
11748 0
11749 1
11750 2
11751 0
11752 1
11753 0
11754 2
11755 1
11756 0
11757 1
11758 0
11759 2
11760 0
11761 2
11762 1
11763 2
11764 1
11765 0
11766 1
11767 0
11768 2
11769 0
11770 1
11771 0
11772 2
11773 0
11774 1
11775 2
11776 0
11777 1
11778 2
11779 0
11780 1
11781 0
11782 1
11783 2
11784 1
11785 0
11786 1
11787 0
11788 1
11789 2
11790 0
11791 1
11792 0
11793 3
11794 1
11795 0
11796 1
11797 3
11798 2
11799 1
11800 2
11801 0
11802 1
11803 0
11804 2
11805 1
11806 0
11807 1
11808 0
11809 2
11810 1
11811 0
11812 2
11813 1
11814 0
11815 1
11816 2
11817 0
11818 2
11819 0
11820 1
11821 0
11822 2
11823 1
11824 0
11825 1
11826 0
11827 1
11828 0
11829 2
11830 3
11831 0
11832 1
11833 0
11834 1
11835 2
11836 1
11837 0
11838 1
11839 2
11840 0
11841 2
11842 1
11843 2
11844 0
11845 1
11846 2
11847 1
11848 0
11849 2
11850 0
11851 1
11852 0
11853 1
11854 2
11855 0
11856 1
11857 3
11858 2
11859 1
11860 0
11861 1
11862 2
11863 0
11864 1
11865 2
11866 0
11867 1
11868 2
11869 0
11870 2
11871 3
11872 0
11873 2
11874 1
11875 0
11876 2
11877 1
11878 2
11879 0
11880 2
11881 1
11882 2
11883 0
11884 2
11885 0
11886 1
11887 2
11888 3
11889 2
11890 1
11891 0
11892 3
11893 0
11894 2
11895 1
11896 0
11897 1
11898 0
11899 1
11900 2
11901 1
11902 0
11903 1
11904 0
11905 2
11906 1
11907 2
11908 3
11909 1
11910 0
11911 1
11912 0
11913 1
11914 2
11915 0
11916 1
11917 0
11918 2
11919 3
11920 1
11921 0
11922 1
11923 2
11924 0
11925 2
11926 1
11927 0
11928 1
11929 0
11930 2
11931 0
11932 2
11933 1
11934 0
11935 2
11936 1
11937 0
11938 2
11939 1
11940 2
11941 1
11942 0
11943 2
11944 1
11945 2
11946 0
11947 1
11948 0
11949 2
11950 1
11951 0
11952 1
11953 2
11954 1
11955 0
11956 2
11957 1
11958 0
11959 1
11960 2
11961 1
11962 2
11963 0
11964 1
11965 0
11966 1
11967 0
11968 1
11969 2
11970 0
11971 1
11972 0
11973 1
11974 2
11975 0
11976 1
11977 0
11978 2
11979 1
11980 2
11981 0
11982 1
11983 2
11984 1
11985 0
11986 1
11987 2
11988 0
11989 1
11990 0
11991 2
11992 0
11993 1
11994 0
11995 2
11996 1
11997 0
11998 2
11999 1
12000 0
12001 2
12002 1
12003 2
12004 3
12005 2
12006 0
12007 2
12008 0
12009 1
12010 0
12011 1
12012 2
12013 0
12014 1
12015 0
12016 1
12017 0
12018 2
12019 1
12020 0
12021 1
12022 0
12023 2
12024 0
12025 1
12026 0
12027 1
12028 0
12029 2
12030 1
12031 0
12032 1
12033 0
12034 1
12035 2
12036 1
12037 3
12038 1
12039 0
12040 2
12041 1
12042 0
12043 1
12044 3
12045 0
12046 3
12047 2
12048 1
12049 0
12050 2
12051 1
12052 0
12053 2
12054 0
12055 2
12056 1
12057 0
12058 1
12059 2
12060 1
12061 0
12062 1
12063 0
12064 3
12065 2
12066 1
12067 3
12068 2
12069 0
12070 2
12071 3
12072 1
12073 2
12074 1
12075 0
12076 1
12077 2
12078 0
12079 1
12080 2
12081 0
12082 1
12083 0
12084 2
12085 1
12086 3
12087 2
12088 0
12089 2
12090 1
12091 0
12092 1
12093 0
12094 1
12095 2
12096 0
12097 1
12098 2
12099 1
12100 0
12101 1
12102 0
12103 3
12104 0
12105 1
12106 0
12107 1
12108 0
12109 1
12110 0
12111 2
12112 0
12113 3
12114 2
12115 1
12116 0
12117 1
12118 2
12119 0
12120 1
12121 2
12122 0
12123 1
12124 0
12125 2
12126 1
12127 0
12128 1
12129 0
12130 2
12131 0
12132 1
12133 0
12134 2
12135 1
12136 0
12137 1
12138 2
12139 0
12140 2
12141 1
12142 0
12143 1
12144 0
12145 2
12146 3
12147 1
12148 2
12149 1
12150 2
12151 0
12152 1
12153 0
12154 2
12155 1
12156 2
12157 0
12158 1
12159 0
12160 1
12161 2
12162 0
12163 1
12164 0
12165 1
12166 0
12167 2
12168 0
12169 1
12170 2
12171 1
12172 0
12173 1
12174 0
12175 1
12176 0
12177 2
12178 3
12179 0
12180 1
12181 0
12182 2
12183 1
12184 3
12185 2
12186 1
12187 0
12188 2
12189 0
12190 3
12191 2
12192 3
12193 0
12194 1
12195 2
12196 0
12197 1
12198 0
12199 1
12200 0
12201 1
12202 2
12203 3
12204 1
12205 2
12206 0
12207 2
12208 1
12209 0
12210 1
12211 2
12212 1
12213 0
12214 1
12215 0
12216 2
12217 1
12218 0
12219 2
12220 0
12221 2
12222 1
12223 2
12224 0
12225 1
12226 2
12227 0
12228 1
12229 0
12230 1
12231 0
12232 1
12233 0
12234 1
12235 0
12236 1
12237 2
12238 3
12239 1
12240 0
12241 1
12242 2
12243 0
12244 2
12245 0
12246 3
12247 2
12248 0
12249 1
12250 2
12251 0
12252 1
12253 0
12254 1
12255 2
12256 0
12257 2
12258 1
12259 2
12260 0
12261 2
12262 0
12263 1
12264 3
12265 0
12266 2
12267 1
12268 0
12269 1
12270 0
12271 1
12272 2
12273 0
12274 1
12275 2
12276 0
12277 1
12278 2
12279 0
12280 1
12281 2
12282 3
12283 1
12284 0
12285 2
12286 0
12287 1
12288 2
12289 0
12290 1
12291 2
12292 0
12293 1
12294 2
12295 1
12296 0
12297 1
12298 2
12299 1
12300 0
12301 2
12302 1
12303 3
12304 1
12305 2
12306 0
12307 1
12308 2
12309 0
12310 2
12311 0
12312 2
12313 1
12314 2
12315 0
12316 2
12317 0
12318 1
12319 2
12320 0
12321 1
12322 0
12323 1
12324 2
12325 0
12326 1
12327 2
12328 1
12329 2
12330 0
12331 1
12332 2
12333 0
12334 3
12335 1
12336 0
12337 1
12338 2
12339 0
12340 1
12341 2
12342 0
12343 3
12344 2
12345 0
12346 1
12347 2
12348 0
12349 1
12350 0
12351 1
12352 0
12353 2
12354 0
12355 1
12356 0
12357 1
12358 2
12359 0
12360 1
12361 0
12362 1
12363 3
12364 0
12365 1
12366 2
12367 0
12368 1
12369 2
12370 1
12371 2
12372 1
12373 2
12374 3
12375 2
12376 1
12377 0
12378 2
12379 1
12380 2
12381 0
12382 1
12383 2
12384 0
12385 2
12386 1
12387 0
12388 1
12389 2
12390 1
12391 0
12392 2
12393 0
12394 1
12395 0
12396 1
12397 0
12398 2
12399 0
12400 1
12401 2
12402 1
12403 0
12404 2
12405 0
12406 1
12407 2
12408 0
12409 2
12410 1
12411 2
12412 0
12413 1
12414 0
12415 2
12416 1
12417 0
12418 1
12419 0
12420 2
12421 0
12422 1
12423 0
12424 1
12425 2
12426 0
12427 1
12428 2
12429 0
12430 2
12431 0
12432 1
12433 2
12434 0
12435 1
12436 2
12437 1
12438 0
12439 1
12440 2
12441 1
12442 0
12443 1
12444 0
12445 1
12446 2
12447 0
12448 1
12449 0
12450 1
12451 0
12452 2
12453 1
12454 2
12455 1
12456 0
12457 1
12458 0
12459 1
12460 0
12461 2
12462 1
12463 0
12464 2
12465 1
12466 0
12467 2
12468 1
12469 2
12470 1
12471 2
12472 0
12473 1
12474 0
12475 2
12476 1
12477 0
12478 2
12479 1
12480 0
12481 2
12482 1
12483 0
12484 1
12485 2
12486 0
12487 2
12488 1
12489 2
12490 0
12491 2
12492 1
12493 0
12494 2
12495 0
12496 1
12497 0
12498 2
12499 0
12500 1
12501 3
12502 1
12503 0
12504 3
12505 2
12506 1
12507 0
12508 2
12509 1
12510 2
12511 1
12512 0
12513 2
12514 0
12515 2
12516 3
12517 1
12518 0
12519 3
12520 1
12521 0
12522 1
12523 2
12524 1
12525 2
12526 0
12527 1
12528 2
12529 1
12530 0
12531 2
12532 1
12533 0
12534 2
12535 0
12536 1
12537 0
12538 1
12539 0
12540 1
12541 0
12542 3
12543 1
12544 0
12545 3
12546 1
12547 0
12548 1
12549 3
12550 0
12551 1
12552 3
12553 0
12554 1
12555 2
12556 0
12557 1
12558 0
12559 1
12560 0
12561 2
12562 1
12563 0
12564 1
12565 0
12566 1
12567 0
12568 1
12569 0
12570 1
12571 0
12572 2
12573 1
12574 0
12575 3
12576 2
12577 1
12578 2
12579 0
12580 1
12581 0
12582 1
12583 2
12584 3
12585 2
12586 1
12587 2
12588 0
12589 1
12590 2
12591 0
12592 1
12593 0
12594 1
12595 0
12596 1
12597 0
12598 1
12599 3
12600 0
12601 1
12602 0
12603 1
12604 0
12605 2
12606 0
12607 1
12608 3
12609 0
12610 2
12611 0
12612 1
12613 2
12614 0
12615 1
12616 2
12617 0
12618 2
12619 1
12620 0
12621 1
12622 0
12623 1
12624 2
12625 0
12626 2
12627 0
12628 2
12629 1
12630 0
12631 2
12632 1
12633 2
12634 0
12635 1
12636 0
12637 1
12638 2
12639 0
12640 2
12641 1
12642 0
12643 1
12644 2
12645 1
12646 2
12647 0
12648 1
12649 2
12650 0
12651 1
12652 2
12653 1
12654 0
12655 2
12656 1
12657 0
12658 1
12659 0
12660 1
12661 0
12662 1
12663 2
12664 0
12665 1
12666 0
12667 1
12668 0
12669 2
12670 1
12671 2
12672 0
12673 2
12674 1
12675 0
12676 1
12677 2
12678 1
12679 0
12680 1
12681 2
12682 0
12683 2
12684 0
12685 2
12686 1
12687 0
12688 2
12689 1
12690 2
12691 1
12692 0
12693 1
12694 0
12695 1
12696 0
12697 1
12698 2
12699 1
12700 0
12701 2
12702 1
12703 0
12704 2
12705 1
12706 3
12707 2
12708 3
12709 0
12710 1
12711 0
12712 2
12713 3
12714 0
12715 2
12716 1
12717 2
12718 1
12719 2
12720 3
12721 1
12722 0
12723 1
12724 2
12725 0
12726 1
12727 0
12728 1
12729 0
12730 2
12731 1
12732 0
12733 2
12734 1
12735 2
12736 0
12737 1
12738 0
12739 2
12740 1
12741 2
12742 1
12743 0
12744 2
12745 1
12746 2
12747 0
12748 1
12749 0
12750 2
12751 0
12752 1
12753 0
12754 2
12755 0
12756 1
12757 0
12758 1
12759 2
12760 1
12761 0
12762 1
12763 0
12764 1
12765 2
12766 0
12767 2
12768 1
12769 2
12770 1
12771 0
12772 2
12773 1
12774 0
12775 1
12776 0
12777 1
12778 3
12779 1
12780 2
12781 0
12782 1
12783 2
12784 0
12785 1
12786 0
12787 1
12788 0
12789 1
12790 2
12791 1
12792 0
12793 1
12794 0
12795 1
12796 0
12797 1
12798 2
12799 0
12800 1
12801 2
12802 0
12803 1
12804 2
12805 3
12806 1
12807 2
12808 0
12809 1
12810 2
12811 0
12812 2
12813 0
12814 1
12815 2
12816 0
12817 1
12818 2
12819 3
12820 1
12821 2
12822 0
12823 1
12824 2
12825 0
12826 1
12827 0
12828 2
12829 1
12830 2
12831 0
12832 1
12833 0
12834 1
12835 0
12836 2
12837 0
12838 1
12839 0
12840 1
12841 0
12842 1
12843 2
12844 0
12845 1
12846 2
12847 1
12848 0
12849 1
12850 2
12851 1
12852 2
12853 0
12854 1
12855 0
12856 2
12857 1
12858 2
12859 1
12860 2
12861 0
12862 2
12863 1
12864 0
12865 1
12866 2
12867 0
12868 1
12869 2
12870 1
12871 0
12872 1
12873 0
12874 1
12875 2
12876 1
12877 2
12878 0
12879 1
12880 0
12881 2
12882 0
12883 1
12884 0
12885 1
12886 0
12887 1
12888 0
12889 1
12890 0
12891 1
12892 2
12893 0
12894 3
12895 1
12896 0
12897 2
12898 1
12899 0
12900 1
12901 2
12902 1
12903 0
12904 1
12905 0
12906 1
12907 2
12908 0
12909 1
12910 2
12911 1
12912 2
12913 0
12914 1
12915 3
12916 0
12917 2
12918 1
12919 2
12920 3
12921 1
12922 0
12923 1
12924 0
12925 2
12926 1
12927 0
12928 1
12929 0
12930 2
12931 0
12932 1
12933 2
12934 0
12935 1
12936 0
12937 2
12938 1
12939 3
12940 1
12941 0
12942 3
12943 1
12944 0
12945 2
12946 3
12947 0
12948 1
12949 0
12950 1
12951 2
12952 1
12953 0
12954 1
12955 0
12956 1
12957 2
12958 0
12959 1
12960 0
12961 1
12962 0
12963 1
12964 0
12965 2
12966 0
12967 1
12968 0
12969 1
12970 0
12971 1
12972 0
12973 1
12974 0
12975 1
12976 0
12977 1
12978 0
12979 1
12980 0
12981 1
12982 0
12983 1
12984 0
12985 2
12986 1
12987 0
12988 2
12989 1
12990 0
12991 1
12992 0
12993 2
12994 0
12995 1
12996 0
12997 1
12998 0
12999 1
13000 0
13001 3
13002 2
13003 1
13004 0
13005 1
13006 3
13007 0
13008 1
13009 0
13010 1
13011 0
13012 1
13013 2
13014 0
13015 2
13016 1
13017 0
13018 1
13019 0
13020 1
13021 0
13022 1
13023 0
13024 1
13025 0
13026 2
13027 0
13028 1
13029 2
13030 1
13031 0
13032 2
13033 1
13034 2
13035 3
13036 1
13037 0
13038 2
13039 1
13040 2
13041 1
13042 0
13043 2
13044 0
13045 1
13046 0
13047 2
13048 0
13049 1
13050 0
13051 1
13052 0
13053 3
13054 0
13055 1
13056 0
13057 1
13058 2
13059 0
13060 2
13061 1
13062 0
13063 1
13064 0
13065 2
13066 1
13067 2
13068 0
13069 1
13070 2
13071 0
13072 1
13073 2
13074 1
13075 2
13076 0
13077 1
13078 0
13079 2
13080 0
13081 2
13082 0
13083 1
13084 0
13085 2
13086 1
13087 0
13088 2
13089 1
13090 0
13091 1
13092 2
13093 0
13094 2
13095 1
13096 0
13097 1
13098 0
13099 1
13100 0
13101 2
13102 1
13103 0
13104 1
13105 2
13106 0
13107 2
13108 1
13109 2
13110 0
13111 1
13112 0
13113 2
13114 0
13115 2
13116 1
13117 0
13118 2
13119 0
13120 3
13121 0
13122 1
13123 0
13124 1
13125 2
13126 0
13127 2
13128 1
13129 0
13130 2
13131 3
13132 1
13133 2
13134 0
13135 1
13136 2
13137 0
13138 2
13139 0
13140 2
13141 1
13142 2
13143 0
13144 1
13145 2
13146 0
13147 1
13148 0
13149 1
13150 0
13151 2
13152 1
13153 2
13154 0
13155 1
13156 0
13157 1
13158 0
13159 1
13160 2
13161 3
13162 1
13163 0
13164 1
13165 0
13166 1
13167 0
13168 3
13169 0
13170 2
13171 0
13172 1
13173 2
13174 1
13175 2
13176 1
13177 0
13178 1
13179 0
13180 1
13181 2
13182 0
13183 2
13184 1
13185 2
13186 0
13187 1
13188 0
13189 2
13190 1
13191 0
13192 1
13193 2
13194 0
13195 1
13196 0
13197 1
13198 2
13199 0
13200 2
13201 0
13202 1
13203 2
13204 0
13205 2
13206 1
13207 0
13208 1
13209 2
13210 1
13211 3
13212 0
13213 1
13214 0
13215 2
13216 1
13217 0
13218 1
13219 2
13220 0
13221 3
13222 0
13223 1
13224 2
13225 0
13226 1
13227 0
13228 1
13229 0
13230 1
13231 2
13232 3
13233 0
13234 2
13235 1
13236 2
13237 1
13238 2
13239 0
13240 1
13241 0
13242 2
13243 1
13244 0
13245 1
13246 2
13247 0
13248 2
13249 1
13250 0
13251 1
13252 0
13253 2
13254 1
13255 0
13256 1
13257 2
13258 1
13259 0
13260 2
13261 1
13262 3
13263 2
13264 1
13265 2
13266 0
13267 3
13268 0
13269 1
13270 0
13271 1
13272 0
13273 2
13274 1
13275 0
13276 1
13277 0
13278 1
13279 0
13280 2
13281 1
13282 0
13283 1
13284 0
13285 2
13286 1
13287 0
13288 1
13289 0
13290 1
13291 0
13292 2
13293 0
13294 1
13295 2
13296 0
13297 1
13298 0
13299 2
13300 0
13301 1
13302 2
13303 1
13304 0
13305 2
13306 0
13307 1
13308 0
13309 3
13310 1
13311 2
13312 1
13313 0
13314 1
13315 2
13316 0
13317 2
13318 0
13319 2
13320 1
13321 0
13322 1
13323 0
13324 2
13325 1
13326 0
13327 1
13328 0
13329 2
13330 0
13331 1
13332 2
13333 0
13334 1
13335 2
13336 1
13337 0
13338 2
13339 1
13340 2
13341 0
13342 1
13343 2
13344 0
13345 1
13346 2
13347 3
13348 2
13349 1
13350 0
13351 1
13352 0
13353 2
13354 0
13355 2
13356 0
13357 2
13358 1
13359 0
13360 2
13361 0
13362 2
13363 0
13364 1
13365 2
13366 0
13367 2
13368 1
13369 2
13370 0
13371 2
13372 1
13373 2
13374 1
13375 0
13376 2
13377 3
13378 0
13379 1
13380 0
13381 1
13382 0
13383 2
13384 1
13385 2
13386 0
13387 2
13388 1
13389 3
13390 0
13391 3
13392 2
13393 0
13394 1
13395 0
13396 2
13397 1
13398 0
13399 2
13400 0
13401 1
13402 2
13403 1
13404 2
13405 0
13406 1
13407 2
13408 0
13409 1
13410 0
13411 1
13412 0
13413 1
13414 0
13415 1
13416 3
13417 1
13418 0
13419 1
13420 3
13421 2
13422 3
13423 0
13424 1
13425 2
13426 1
13427 0
13428 1
13429 0
13430 1
13431 0
13432 2
13433 0
13434 1
13435 2
13436 0
13437 2
13438 1
13439 0
13440 2
13441 0
13442 1
13443 3
13444 2
13445 0
13446 1
13447 2
13448 0
13449 1
13450 0
13451 2
13452 1
13453 0
13454 1
13455 2
13456 0
13457 1
13458 0
13459 1
13460 2
13461 0
13462 2
13463 1
13464 0
13465 1
13466 2
13467 1
13468 2
13469 0
13470 1
13471 2
13472 0
13473 1
13474 0
13475 2
13476 1
13477 2
13478 1
13479 2
13480 0
13481 2
13482 0
13483 1
13484 0
13485 1
13486 2
13487 1
13488 3
13489 0
13490 1
13491 2
13492 0
13493 1
13494 2
13495 0
13496 1
13497 2
13498 0
13499 1
13500 2
13501 1
13502 2
13503 0
13504 2
13505 1
13506 0
13507 1
13508 3
13509 2
13510 3
13511 1
13512 0
13513 3
13514 2
13515 0
13516 1
13517 0
13518 1
13519 2
13520 0
13521 1
13522 2
13523 0
13524 1
13525 0
13526 1
13527 2
13528 0
13529 1
13530 0
13531 1
13532 2
13533 0
13534 1
13535 0
13536 1
13537 0
13538 2
13539 0
13540 2
13541 0
13542 2
13543 1
13544 2
13545 0
13546 1
13547 2
13548 0
13549 2
13550 1
13551 0
13552 1
13553 0
13554 1
13555 2
13556 0
13557 2
13558 1
13559 0
13560 2
13561 1
13562 2
13563 0
13564 1
13565 0
13566 1
13567 0
13568 1
13569 0
13570 2
13571 0
13572 3
13573 1
13574 2
13575 3
13576 0
13577 2
13578 0
13579 2
13580 1
13581 0
13582 1
13583 0
13584 1
13585 0
13586 2
13587 1
13588 0
13589 1
13590 0
13591 2
13592 0
13593 1
13594 0
13595 1
13596 0
13597 1
13598 0
13599 1
13600 0
13601 1
13602 0
13603 1
13604 0
13605 2
13606 0
13607 2
13608 0
13609 1
13610 0
13611 2
13612 0
13613 1
13614 2
13615 1
13616 2
13617 0
13618 1
13619 0
13620 1
13621 2
13622 0
13623 2
13624 1
13625 2
13626 0
13627 1
13628 2
13629 1
13630 2
13631 1
13632 2
13633 1
13634 0
13635 1
13636 2
13637 0
13638 2
13639 1
13640 0
13641 1
13642 0
13643 1
13644 0
13645 1
13646 2
13647 0
13648 1
13649 0
13650 2
13651 1
13652 0
13653 1
13654 2
13655 1
13656 0
13657 2
13658 1
13659 0
13660 2
13661 1
13662 2
13663 0
13664 2
13665 3
13666 0
13667 1
13668 2
13669 1
13670 2
13671 1
13672 0
13673 2
13674 1
13675 0
13676 2
13677 1
13678 0
13679 1
13680 0
13681 2
13682 1
13683 0
13684 1
13685 0
13686 2
13687 0
13688 1
13689 3
13690 0
13691 2
13692 1
13693 0
13694 2
13695 0
13696 2
13697 1
13698 0
13699 2
13700 1
13701 0
13702 1
13703 2
13704 0
13705 1
13706 0
13707 1
13708 0
13709 1
13710 0
13711 1
13712 0
13713 1
13714 2
13715 0
13716 3
13717 1
13718 0
13719 1
13720 0
13721 2
13722 1
13723 0
13724 1
13725 0
13726 1
13727 0
13728 1
13729 0
13730 1
13731 2
13732 1
13733 2
13734 0
13735 1
13736 0
13737 1
13738 0
13739 2
13740 1
13741 2
13742 1
13743 0
13744 1
13745 0
13746 2
13747 1
13748 2
13749 0
13750 1
13751 0
13752 2
13753 0
13754 2
13755 0
13756 1
13757 0
13758 1
13759 2
13760 0
13761 3
13762 1
13763 0
13764 1
13765 0
13766 1
13767 0
13768 1
13769 0
13770 1
13771 3
13772 0
13773 1
13774 0
13775 1
13776 2
13777 0
13778 1
13779 2
13780 0
13781 1
13782 2
13783 0
13784 2
13785 0
13786 2
13787 1
13788 0
13789 2
13790 0
13791 1
13792 0
13793 1
13794 3
13795 0
13796 1
13797 2
13798 0
13799 2
13800 1
13801 2
13802 1
13803 0
13804 1
13805 0
13806 1
13807 0
13808 2
13809 1
13810 0
13811 2
13812 1
13813 0
13814 1
13815 0
13816 2
13817 1
13818 2
13819 0
13820 2
13821 1
13822 2
13823 1
13824 0
13825 2
13826 0
13827 1
13828 0
13829 2
13830 1
13831 0
13832 1
13833 2
13834 0
13835 2
13836 1
13837 2
13838 3
13839 0
13840 2
13841 1
13842 2
13843 0
13844 1
13845 2
13846 0
13847 2
13848 1
13849 2
13850 0
13851 2
13852 0
13853 1
13854 0
13855 1
13856 0
13857 1
13858 0
13859 2
13860 1
13861 0
13862 1
13863 2
13864 0
13865 2
13866 1
13867 3
13868 2
13869 1
13870 0
13871 2
13872 1
13873 2
13874 0
13875 1
13876 0
13877 2
13878 1
13879 2
13880 0
13881 1
13882 0
13883 2
13884 1
13885 0
13886 1
13887 2
13888 1
13889 0
13890 1
13891 0
13892 3
13893 1
13894 0
13895 2
13896 0
13897 2
13898 0
13899 1
13900 2
13901 0
13902 1
13903 0
13904 2
13905 0
13906 1
13907 0
13908 1
13909 2
13910 0
13911 1
13912 0
13913 1
13914 0
13915 2
13916 1
13917 0
13918 1
13919 0
13920 1
13921 2
13922 0
13923 2
13924 0
13925 2
13926 1
13927 0
13928 2
13929 1
13930 0
13931 2
13932 0
13933 1
13934 0
13935 1
13936 2
13937 0
13938 1
13939 0
13940 2
13941 3
13942 2
13943 0
13944 1
13945 2
13946 3
13947 0
13948 2
13949 1
13950 0
13951 1
13952 0
13953 1
13954 0
13955 2
13956 1
13957 2
13958 0
13959 1
13960 0
13961 2
13962 1
13963 0
13964 1
13965 0
13966 2
13967 0
13968 1
13969 3
13970 0
13971 1
13972 2
13973 1
13974 0
13975 2
13976 1
13977 0
13978 1
13979 2
13980 0
13981 1
13982 2
13983 0
13984 2
13985 1
13986 2
13987 1
13988 0
13989 1
13990 2
13991 0
13992 1
13993 2
13994 3
13995 1
13996 2
13997 0
13998 1
13999 0
14000 2
14001 1
14002 0
14003 2
14004 1
14005 0
14006 2
14007 0
14008 1
14009 0
14010 1
14011 2
14012 3
14013 0
14014 1
14015 0
14016 2
14017 3
14018 1
14019 2
14020 0
14021 1
14022 2
14023 0
14024 1
14025 0
14026 1
14027 0
14028 2
14029 0
14030 1
14031 0
14032 1
14033 2
14034 1
14035 2
14036 3
14037 0
14038 1
14039 2
14040 1
14041 2
14042 0
14043 2
14044 0
14045 1
14046 2
14047 0
14048 2
14049 1
14050 0
14051 1
14052 2
14053 0
14054 1
14055 0
14056 1
14057 0
14058 2
14059 0
14060 1
14061 2
14062 1
14063 0
14064 1
14065 2
14066 0
14067 1
14068 2
14069 0
14070 2
14071 1
14072 2
14073 3
14074 1
14075 2
14076 0
14077 2
14078 3
14079 0
14080 1
14081 2
14082 1
14083 0
14084 1
14085 2
14086 3
14087 0
14088 1
14089 2
14090 0
14091 2
14092 0
14093 2
14094 0
14095 3
14096 2
14097 0
14098 1
14099 0
14100 1
14101 2
14102 0
14103 1
14104 0
14105 1
14106 0
14107 2
14108 1
14109 2
14110 1
14111 2
14112 0
14113 2
14114 1
14115 0
14116 2
14117 0
14118 1
14119 2
14120 0
14121 2
14122 0
14123 1
14124 0
14125 2
14126 1
14127 0
14128 3
14129 1
14130 2
14131 0
14132 1
14133 2
14134 0
14135 1
14136 0
14137 2
14138 1
14139 0
14140 1
14141 2
14142 0
14143 2
14144 1
14145 3
14146 0
14147 1
14148 2
14149 1
14150 2
14151 0
14152 1
14153 2
14154 0
14155 2
14156 1
14157 0
14158 2
14159 0
14160 2
14161 1
14162 0
14163 2
14164 1
14165 0
14166 1
14167 2
14168 0
14169 1
14170 2
14171 0
14172 1
14173 2
14174 0
14175 2
14176 0
14177 2
14178 0
14179 1
14180 2
14181 3
14182 2
14183 0
14184 3
14185 1
14186 0
14187 1
14188 2
14189 0
14190 1
14191 2
14192 1
14193 2
14194 1
14195 0
14196 2
14197 0
14198 1
14199 2
14200 0
14201 1
14202 3
14203 2
14204 1
14205 2
14206 1
14207 2
14208 0
14209 1
14210 0
14211 1
14212 0
14213 1
14214 0
14215 1
14216 0
14217 1
14218 2
14219 1
14220 0
14221 2
14222 1
14223 0
14224 1
14225 0
14226 1
14227 2
14228 0
14229 1
14230 3
14231 0
14232 2
14233 3
14234 0
14235 1
14236 0
14237 2
14238 1
14239 2
14240 1
14241 2
14242 0
14243 2
14244 1
14245 0
14246 2
14247 3
14248 1
14249 2
14250 0
14251 2
14252 3
14253 1
14254 0
14255 1
14256 2
14257 0
14258 3
14259 1
14260 2
14261 0
14262 2
14263 1
14264 0
14265 1
14266 0
14267 3
14268 1
14269 2
14270 0
14271 1
14272 2
14273 1
14274 0
14275 1
14276 2
14277 0
14278 1
14279 2
14280 0
14281 1
14282 2
14283 0
14284 1
14285 2
14286 0
14287 1
14288 2
14289 0
14290 1
14291 2
14292 0
14293 1
14294 2
14295 1
14296 0
14297 2
14298 0
14299 1
14300 0
14301 1
14302 2
14303 1
14304 0
14305 1
14306 3
14307 2
14308 1
14309 0
14310 2
14311 1
14312 2
14313 1
14314 2
14315 3
14316 1
14317 2
14318 0
14319 3
14320 1
14321 2
14322 0
14323 1
14324 0
14325 2
14326 1
14327 0
14328 1
14329 0
14330 1
14331 2
14332 0
14333 2
14334 0
14335 1
14336 2
14337 1
14338 0
14339 1
14340 0
14341 1
14342 3
14343 0
14344 1
14345 2
14346 0
14347 1
14348 0
14349 1
14350 0
14351 2
14352 1
14353 2
14354 0
14355 2
14356 1
14357 0
14358 1
14359 0
14360 1
14361 3
14362 2
14363 1
14364 2
14365 0
14366 3
14367 1
14368 0
14369 1
14370 0
14371 1
14372 0
14373 1
14374 0
14375 1
14376 0
14377 1
14378 0
14379 2
14380 0
14381 1
14382 2
14383 1
14384 0
14385 1
14386 0
14387 1
14388 0
14389 1
14390 0
14391 1
14392 0
14393 2
14394 1
14395 0
14396 2
14397 0
14398 2
14399 0
14400 1
14401 0
14402 1
14403 0
14404 2
14405 0
14406 1
14407 0
14408 2
14409 0
14410 2
14411 3
14412 1
14413 0
14414 1
14415 0
14416 1
14417 3
14418 0
14419 1
14420 2
14421 0
14422 2
14423 1
14424 0
14425 1
14426 2
14427 1
14428 0
14429 1
14430 3
14431 0
14432 1
14433 2
14434 0
14435 1
14436 0
14437 2
14438 1
14439 2
14440 0
14441 1
14442 0
14443 1
14444 2
14445 1
14446 0
14447 1
14448 2
14449 3
14450 1
14451 2
14452 0
14453 2
14454 1
14455 0
14456 1
14457 2
14458 0
14459 2
14460 1
14461 2
14462 0
14463 1
14464 0
14465 2
14466 1
14467 0
14468 1
14469 0
14470 2
14471 1
14472 2
14473 1
14474 2
14475 1
14476 2
14477 1
14478 0
14479 2
14480 0
14481 1
14482 2
14483 0
14484 1
14485 0
14486 1
14487 0
14488 1
14489 0
14490 1
14491 2
14492 0
14493 1
14494 2
14495 3
14496 1
14497 2
14498 0
14499 2
14500 1
14501 0
14502 2
14503 0
14504 2
14505 0
14506 1
14507 0
14508 1
14509 2
14510 1
14511 0
14512 2
14513 0
14514 2
14515 1
14516 2
14517 0
14518 2
14519 1
14520 2
14521 0
14522 2
14523 1
14524 0
14525 1
14526 2
14527 0
14528 1
14529 2
14530 3
14531 1
14532 0
14533 1
14534 0
14535 1
14536 0
14537 1
14538 2
14539 0
14540 1
14541 0
14542 2
14543 1
14544 2
14545 1
14546 0
14547 1
14548 0
14549 3
14550 1
14551 2
14552 0
14553 1
14554 0
14555 1
14556 0
14557 1
14558 2
14559 0
14560 1
14561 0
14562 2
14563 0
14564 2
14565 1
14566 0
14567 1
14568 0
14569 1
14570 2
14571 1
14572 0
14573 1
14574 2
14575 0
14576 2
14577 0
14578 2
14579 1
14580 0
14581 1
14582 3
14583 2
14584 0
14585 1
14586 2
14587 0
14588 1
14589 0
14590 2
14591 0
14592 1
14593 0
14594 1
14595 0
14596 2
14597 0
14598 1
14599 0
14600 1
14601 2
14602 0
14603 1
14604 0
14605 2
14606 1
14607 0
14608 1
14609 0
14610 1
14611 2
14612 0
14613 2
14614 1
14615 2
14616 0
14617 2
14618 0
14619 1
14620 0
14621 1
14622 0
14623 1
14624 0
14625 1
14626 0
14627 1
14628 0
14629 2
14630 1
14631 0
14632 1
14633 2
14634 1
14635 0
14636 2
14637 1
14638 0
14639 1
14640 2
14641 1
14642 0
14643 1
14644 2
14645 0
14646 1
14647 2
14648 1
14649 0
14650 3
14651 1
14652 0
14653 1
14654 0
14655 1
14656 2
14657 0
14658 1
14659 2
14660 0
14661 1
14662 3
14663 2
14664 0
14665 1
14666 2
14667 1
14668 0
14669 1
14670 2
14671 0
14672 2
14673 0
14674 2
14675 1
14676 0
14677 1
14678 2
14679 0
14680 2
14681 1
14682 2
14683 0
14684 1
14685 0
14686 2
14687 1
14688 2
14689 0
14690 2
14691 1
14692 2
14693 0
14694 1
14695 0
14696 1
14697 0
14698 1
14699 2
14700 0
14701 2
14702 1
14703 2
14704 0
14705 1
14706 0
14707 2
14708 0
14709 2
14710 1
14711 0
14712 2
14713 1
14714 0
14715 1
14716 0
14717 2
14718 0
14719 1
14720 2
14721 0
14722 1
14723 3
14724 0
14725 1
14726 3
14727 0
14728 1
14729 2
14730 0
14731 1
14732 0
14733 2
14734 1
14735 2
14736 0
14737 1
14738 0
14739 2
14740 1
14741 0
14742 1
14743 2
14744 0
14745 2
14746 1
14747 2
14748 0
14749 2
14750 0
14751 2
14752 1
14753 2
14754 3
14755 0
14756 1
14757 3
14758 2
14759 0
14760 2
14761 1
14762 0
14763 2
14764 1
14765 0
14766 1
14767 2
14768 0
14769 1
14770 0
14771 1
14772 0
14773 1
14774 0
14775 1
14776 2
14777 1
14778 2
14779 1
14780 0
14781 2
14782 1
14783 0
14784 2
14785 1
14786 0
14787 2
14788 1
14789 2
14790 0
14791 1
14792 2
14793 1
14794 0
14795 1
14796 0
14797 1
14798 0
14799 2
14800 1
14801 0
14802 1
14803 2
14804 0
14805 1
14806 0
14807 1
14808 2
14809 3
14810 1
14811 2
14812 1
14813 0
14814 1
14815 0
14816 2
14817 0
14818 2
14819 1
14820 2
14821 0
14822 2
14823 1
14824 0
14825 2
14826 1
14827 0
14828 2
14829 0
14830 1
14831 0
14832 2
14833 1
14834 2
14835 0
14836 1
14837 2
14838 0
14839 1
14840 0
14841 1
14842 2
14843 0
14844 1
14845 0
14846 1
14847 0
14848 2
14849 1
14850 0
14851 1
14852 2
14853 0
14854 1
14855 2
14856 0
14857 1
14858 2
14859 0
14860 1
14861 2
14862 3
14863 1
14864 2
14865 1
14866 2
14867 0
14868 1
14869 0
14870 2
14871 1
14872 0
14873 1
14874 0
14875 1
14876 2
14877 0
14878 2
14879 0
14880 1
14881 2
14882 0
14883 1
14884 2
14885 0
14886 1
14887 0
14888 3
14889 2
14890 1
14891 0
14892 1
14893 0
14894 2
14895 0
14896 3
14897 1
14898 0
14899 1
14900 0
14901 2
14902 0
14903 1
14904 0
14905 2
14906 1
14907 0
14908 1
14909 2
14910 0
14911 1
14912 0
14913 1
14914 2
14915 0
14916 2
14917 0
14918 2
14919 1
14920 2
14921 0
14922 1
14923 2
14924 1
14925 2
14926 0
14927 2
14928 0
14929 2
14930 1
14931 2
14932 1
14933 2
14934 0
14935 1
14936 0
14937 1
14938 0
14939 1
14940 0
14941 1
14942 2
14943 0
14944 1
14945 0
14946 1
14947 0
14948 1
14949 2
14950 0
14951 1
14952 0
14953 1
14954 2
14955 0
14956 1
14957 0
14958 1
14959 0
14960 1
14961 0
14962 1
14963 0
14964 2
14965 1
14966 2
14967 0
14968 1
14969 2
14970 1
14971 0
14972 1
14973 0
14974 1
14975 0
14976 3
14977 2
14978 0
14979 1
14980 0
14981 1
14982 0
14983 1
14984 0
14985 2
14986 0
14987 1
14988 2
14989 0
14990 1
14991 0
14992 1
14993 2
14994 0
14995 1
14996 2
14997 0
14998 2
14999 0
15000 1
15001 0
15002 1
15003 2
15004 0
15005 2
15006 1
15007 0
15008 2
15009 1
15010 2
15011 1
15012 0
15013 2
15014 1
15015 0
15016 2
15017 0
15018 1
15019 2
15020 1
15021 3
15022 0
15023 1
15024 0
15025 1
15026 2
15027 0
15028 1
15029 2
15030 0
15031 2
15032 3
15033 0
15034 2
15035 1
15036 0
15037 2
15038 1
15039 3
15040 0
15041 3
15042 1
15043 2
15044 3
15045 1
15046 0
15047 1
15048 2
15049 0
15050 2
15051 1
15052 0
15053 2
15054 0
15055 1
15056 2
15057 1
15058 0
15059 1
15060 0
15061 1
15062 3
15063 2
15064 1
15065 0
15066 1
15067 0
15068 2
15069 0
15070 1
15071 0
15072 1
15073 2
15074 0
15075 1
15076 0
15077 1
15078 0
15079 1
15080 3
15081 2
15082 0
15083 1
15084 0
15085 1
15086 2
15087 1
15088 0
15089 1
15090 2
15091 0
15092 2
15093 0
15094 1
15095 0
15096 1
15097 0
15098 2
15099 3
15100 1
15101 0
15102 1
15103 2
15104 3
15105 0
15106 2
15107 0
15108 3
15109 2
15110 1
15111 2
15112 0
15113 1
15114 2
15115 1
15116 0
15117 1
15118 0
15119 2
15120 1
15121 0
15122 1
15123 2
15124 0
15125 2
15126 1
15127 0
15128 1
15129 0
15130 2
15131 1
15132 0
15133 2
15134 1
15135 2
15136 0
15137 2
15138 0
15139 1
15140 0
15141 3
15142 0
15143 2
15144 1
15145 2
15146 0
15147 2
15148 0
15149 1
15150 0
15151 1
15152 0
15153 2
15154 0
15155 2
15156 1
15157 0
15158 1
15159 0
15160 1
15161 0
15162 2
15163 1
15164 3
15165 1
15166 0
15167 1
15168 0
15169 1
15170 0
15171 1
15172 0
15173 1
15174 0
15175 1
15176 0
15177 2
15178 1
15179 0
15180 2
15181 1
15182 2
15183 0
15184 2
15185 0
15186 2
15187 0
15188 2
15189 0
15190 1
15191 0
15192 1
15193 2
15194 1
15195 0
15196 2
15197 0
15198 1
15199 2
15200 0
15201 1
15202 0
15203 1
15204 0
15205 1
15206 0
15207 2
15208 1
15209 2
15210 1
15211 3
15212 0
15213 1
15214 0
15215 1
15216 0
15217 1
15218 2
15219 1
15220 2
15221 1
15222 3
15223 2
15224 3
15225 0
15226 2
15227 0
15228 1
15229 0
15230 1
15231 0
15232 1
15233 0
15234 2
15235 3
15236 0
15237 2
15238 1
15239 0
15240 1
15241 0
15242 1
15243 0
15244 1
15245 2
15246 0
15247 1
15248 2
15249 0
15250 1
15251 0
15252 1
15253 0
15254 1
15255 2
15256 1
15257 0
15258 2
15259 0
15260 2
15261 1
15262 0
15263 1
15264 2
15265 1
15266 0
15267 2
15268 1
15269 0
15270 1
15271 3
15272 2
15273 1
15274 2
15275 0
15276 2
15277 1
15278 2
15279 0
15280 2
15281 1
15282 0
15283 1
15284 2
15285 0
15286 1
15287 2
15288 1
15289 2
15290 1
15291 2
15292 0
15293 1
15294 0
15295 2
15296 1
15297 2
15298 3
15299 1
15300 2
15301 0
15302 1
15303 0
15304 2
15305 1
15306 0
15307 1
15308 2
15309 1
15310 2
15311 0
15312 1
15313 0
15314 2
15315 1
15316 2
15317 0
15318 1
15319 2
15320 0
15321 1
15322 0
15323 1
15324 2
15325 0
15326 1
15327 0
15328 2
15329 1
15330 2
15331 0
15332 1
15333 0
15334 1
15335 0
15336 1
15337 2
15338 3
15339 1
15340 0
15341 2
15342 3
15343 0
15344 1
15345 2
15346 0
15347 1
15348 2
15349 0
15350 2
15351 0
15352 1
15353 0
15354 2
15355 1
15356 2
15357 1
15358 0
15359 1
15360 2
15361 0
15362 1
15363 0
15364 1
15365 2
15366 0
15367 1
15368 0
15369 2
15370 3
15371 1
15372 2
15373 0
15374 1
15375 0
15376 1
15377 0
15378 1
15379 0
15380 2
15381 1
15382 2
15383 0
15384 2
15385 0
15386 1
15387 0
15388 1
15389 2
15390 0
15391 1
15392 2
15393 1
15394 2
15395 1
15396 0
15397 1
15398 0
15399 1
15400 0
15401 1
15402 0
15403 2
15404 0
15405 3
15406 2
15407 0
15408 1
15409 0
15410 1
15411 0
15412 2
15413 1
15414 0
15415 1
15416 0
15417 1
15418 0
15419 1
15420 0
15421 2
15422 1
15423 0
15424 2
15425 0
15426 2
15427 1
15428 0
15429 1
15430 2
15431 3
15432 1
15433 2
15434 0
15435 1
15436 2
15437 0
15438 1
15439 0
15440 2
15441 0
15442 2
15443 1
15444 2
15445 0
15446 1
15447 2
15448 1
15449 0
15450 1
15451 0
15452 2
15453 1
15454 0
15455 1
15456 0
15457 1
15458 0
15459 1
15460 2
15461 0
15462 1
15463 0
15464 2
15465 1
15466 2
15467 0
15468 2
15469 1
15470 0
15471 1
15472 2
15473 0
15474 1
15475 0
15476 1
15477 3
15478 2
15479 1
15480 2
15481 1
15482 3
15483 0
15484 3
15485 1
15486 0
15487 2
15488 1
15489 2
15490 0
15491 2
15492 1
15493 0
15494 1
15495 2
15496 1
15497 3
15498 0
15499 1
15500 0
15501 1
15502 2
15503 0
15504 1
15505 2
15506 0
15507 2
15508 0
15509 2
15510 0
15511 1
15512 0
15513 2
15514 0
15515 2
15516 1
15517 0
15518 1
15519 2
15520 0
15521 1
15522 0
15523 1
15524 0
15525 1
15526 2
15527 3
15528 0
15529 2
15530 1
15531 2
15532 1
15533 0
15534 2
15535 0
15536 2
15537 0
15538 1
15539 2
15540 0
15541 1
15542 2
15543 0
15544 1
15545 2
15546 1
15547 2
15548 0
15549 1
15550 2
15551 1
15552 2
15553 0
15554 1
15555 2
15556 3
15557 2
15558 1
15559 0
15560 1
15561 2
15562 1
15563 2
15564 0
15565 1
15566 2
15567 0
15568 1
15569 3
15570 2
15571 0
15572 1
15573 0
15574 1
15575 2
15576 0
15577 1
15578 2
15579 0
15580 1
15581 2
15582 0
15583 2
15584 0
15585 1
15586 2
15587 0
15588 2
15589 1
15590 0
15591 2
15592 0
15593 1
15594 0
15595 2
15596 1
15597 2
15598 0
15599 2
15600 1
15601 3
15602 2
15603 0
15604 2
15605 1
15606 2
15607 0
15608 2
15609 1
15610 2
15611 3
15612 1
15613 2
15614 3
15615 0
15616 1
15617 0
15618 2
15619 3
15620 1
15621 0
15622 2
15623 0
15624 1
15625 2
15626 0
15627 2
15628 1
15629 0
15630 1
15631 2
15632 0
15633 1
15634 2
15635 0
15636 1
15637 0
15638 2
15639 0
15640 1
15641 0
15642 1
15643 0
15644 1
15645 2
15646 0
15647 1
15648 2
15649 0
15650 2
15651 1
15652 0
15653 2
15654 0
15655 1
15656 2
15657 1
15658 0
15659 2
15660 1
15661 3
15662 2
15663 1
15664 0
15665 1
15666 0
15667 1
15668 2
15669 0
15670 1
15671 0
15672 1
15673 0
15674 1
15675 0
15676 1
15677 2
15678 0
15679 2
15680 0
15681 1
15682 0
15683 2
15684 0
15685 1
15686 0
15687 1
15688 2
15689 0
15690 1
15691 0
15692 1
15693 0
15694 2
15695 0
15696 2
15697 1
15698 0
15699 2
15700 0
15701 1
15702 2
15703 0
15704 1
15705 0
15706 2
15707 1
15708 2
15709 1
15710 2
15711 1
15712 0
15713 1
15714 2
15715 1
15716 0
15717 2
15718 0
15719 1
15720 0
15721 2
15722 0
15723 2
15724 0
15725 2
15726 3
15727 0
15728 2
15729 3
15730 0
15731 1
15732 3
15733 1
15734 0
15735 2
15736 1
15737 2
15738 0
15739 1
15740 0
15741 1
15742 0
15743 2
15744 3
15745 1
15746 0
15747 2
15748 1
15749 0
15750 2
15751 3
15752 0
15753 2
15754 3
15755 1
15756 2
15757 0
15758 1
15759 2
15760 1
15761 0
15762 2
15763 1
15764 2
15765 0
15766 3
15767 2
15768 0
15769 1
15770 2
15771 0
15772 1
15773 2
15774 1
15775 0
15776 1
15777 2
15778 0
15779 1
15780 0
15781 1
15782 2
15783 0
15784 1
15785 0
15786 1
15787 0
15788 2
15789 1
15790 0
15791 2
15792 1
15793 2
15794 0
15795 2
15796 1
15797 0
15798 1
15799 2
15800 1
15801 2
15802 0
15803 2
15804 1
15805 3
15806 0
15807 1
15808 0
15809 1
15810 2
15811 0
15812 2
15813 1
15814 0
15815 2
15816 1
15817 0
15818 1
15819 0
15820 2
15821 1
15822 0
15823 2
15824 3
15825 1
15826 0
15827 1
15828 0
15829 2
15830 0
15831 2
15832 1
15833 2
15834 1
15835 0
15836 1
15837 0
15838 1
15839 0
15840 1
15841 2
15842 0
15843 1
15844 2
15845 1
15846 0
15847 1
15848 2
15849 0
15850 2
15851 1
15852 0
15853 1
15854 0
15855 1
15856 2
15857 0
15858 1
15859 2
15860 1
15861 0
15862 2
15863 1
15864 0
15865 2
15866 1
15867 2
15868 0
15869 1
15870 0
15871 1
15872 0
15873 1
15874 2
15875 1
15876 0
15877 1
15878 0
15879 1
15880 2
15881 0
15882 1
15883 2
15884 1
15885 0
15886 2
15887 1
15888 0
15889 1
15890 3
15891 2
15892 0
15893 1
15894 3
15895 0
15896 1
15897 2
15898 0
15899 2
15900 0
15901 1
15902 3
15903 1
15904 0
15905 2
15906 1
15907 2
15908 0
15909 1
15910 2
15911 0
15912 1
15913 0
15914 2
15915 1
15916 2
15917 1
15918 0
15919 2
15920 1
15921 0
15922 1
15923 0
15924 2
15925 1
15926 0
15927 1
15928 0
15929 1
15930 0
15931 1
15932 2
15933 1
15934 0
15935 2
15936 0
15937 1
15938 0
15939 1
15940 2
15941 0
15942 1
15943 3
15944 0
15945 2
15946 1
15947 0
15948 2
15949 0
15950 3
15951 2
15952 1
15953 2
15954 0
15955 1
15956 2
15957 0
15958 1
15959 0
15960 1
15961 0
15962 2
15963 1
15964 0
15965 1
15966 0
15967 1
15968 2
15969 1
15970 0
15971 2
15972 1
15973 0
15974 2
15975 1
15976 2
15977 0
15978 1
15979 2
15980 3
15981 1
15982 0
15983 2
15984 1
15985 0
15986 2
15987 1
15988 0
15989 2
15990 1
15991 0
15992 2
15993 1
15994 0
15995 1
15996 0
15997 1
15998 0
15999 1
16000 0
16001 1
16002 0
16003 1
16004 2
16005 1
16006 2
16007 1
16008 0
16009 1
16010 0
16011 3
16012 0
16013 2
16014 1
16015 3
16016 2
16017 0
16018 1
16019 0
16020 3
16021 1
16022 2
16023 1
16024 2
16025 1
16026 2
16027 0
16028 1
16029 0
16030 1
16031 2
16032 0
16033 1
16034 0
16035 2
16036 1
16037 0
16038 1
16039 0
16040 1
16041 0
16042 1
16043 2
16044 3
16045 0
16046 2
16047 1
16048 0
16049 2
16050 0
16051 1
16052 0
16053 2
16054 0
16055 1
16056 0
16057 1
16058 0
16059 1
16060 0
16061 1
16062 0
16063 2
16064 1
16065 0
16066 2
16067 1
16068 0
16069 1
16070 2
16071 0
16072 2
16073 1
16074 2
16075 0
16076 1
16077 2
16078 1
16079 2
16080 1
16081 0
16082 3
16083 1
16084 0
16085 1
16086 0
16087 1
16088 0
16089 1
16090 2
16091 0
16092 1
16093 2
16094 0
16095 1
16096 2
16097 1
16098 0
16099 1
16100 0
16101 1
16102 0
16103 1
16104 0
16105 1
16106 2
16107 1
16108 2
16109 0
16110 3
16111 1
16112 2
16113 0
16114 1
16115 0
16116 2
16117 0
16118 2
16119 0
16120 2
16121 1
16122 2
16123 0
16124 1
16125 2
16126 1
16127 2
16128 1
16129 0
16130 2
16131 1
16132 0
16133 2
16134 1
16135 2
16136 0
16137 1
16138 0
16139 1
16140 0
16141 1
16142 0
16143 1
16144 2
16145 0
16146 1
16147 0
16148 1
16149 0
16150 1
16151 0
16152 1
16153 2
16154 0
16155 2
16156 1
16157 0
16158 1
16159 2
16160 0
16161 1
16162 2
16163 0
16164 1
16165 0
16166 2
16167 1
16168 0
16169 1
16170 0
16171 2
16172 1
16173 2
16174 0
16175 1
16176 0
16177 2
16178 1
16179 0
16180 2
16181 1
16182 0
16183 1
16184 2
16185 0
16186 2
16187 0
16188 2
16189 0
16190 1
16191 2
16192 3
16193 2
16194 0
16195 2
16196 1
16197 2
16198 1
16199 2
16200 0
16201 1
16202 2
16203 1
16204 0
16205 3
16206 1
16207 2
16208 0
16209 2
16210 1
16211 3
16212 1
16213 0
16214 2
16215 1
16216 0
16217 2
16218 1
16219 0
16220 1
16221 0
16222 2
16223 0
16224 1
16225 0
16226 1
16227 0
16228 2
16229 1
16230 0
16231 2
16232 0
16233 2
16234 1
16235 0
16236 1
16237 0
16238 1
16239 2
16240 0
16241 2
16242 1
16243 3
16244 1
16245 0
16246 1
16247 0
16248 1
16249 0
16250 2
16251 1
16252 0
16253 1
16254 0
16255 1
16256 2
16257 0
16258 2
16259 1
16260 2
16261 0
16262 1
16263 0
16264 1
16265 0
16266 1
16267 0
16268 2
16269 1
16270 0
16271 1
16272 2
16273 0
16274 1
16275 0
16276 1
16277 0
16278 1
16279 2
16280 1
16281 2
16282 0
16283 2
16284 1
16285 0
16286 1
16287 0
16288 1
16289 2
16290 3
16291 1
16292 0
16293 2
16294 1
16295 0
16296 1
16297 0
16298 1
16299 2
16300 1
16301 0
16302 1
16303 0
16304 1
16305 2
16306 0
16307 1
16308 2
16309 0
16310 1
16311 2
16312 0
16313 1
16314 0
16315 1
16316 0
16317 2
16318 1
16319 0
16320 3
16321 0
16322 1
16323 2
16324 0
16325 1
16326 0
16327 2
16328 1
16329 2
16330 0
16331 1
16332 0
16333 2
16334 1
16335 0
16336 1
16337 2
16338 0
16339 2
16340 3
16341 1
16342 2
16343 0
16344 1
16345 2
16346 1
16347 0
16348 1
16349 2
16350 0
16351 1
16352 3
16353 0
16354 1
16355 2
16356 0
16357 1
16358 0
16359 1
16360 2
16361 0
16362 1
16363 2
16364 1
16365 0
16366 2
16367 1
16368 0
16369 1
16370 2
16371 0
16372 1
16373 0
16374 1
16375 2
16376 0
16377 3
16378 1
16379 0
16380 2
16381 1
16382 0
16383 1
16384 2
16385 1
16386 0
16387 1
16388 3
16389 2
16390 0
16391 1
16392 0
16393 2
16394 1
16395 2
16396 1
16397 2
16398 0
16399 2
16400 1
16401 0
16402 1
16403 2
16404 0
16405 1
16406 0
16407 2
16408 1
16409 0
16410 1
16411 2
16412 0
16413 2
16414 0
16415 1
16416 0
16417 2
16418 0
16419 1
16420 2
16421 0
16422 1
16423 2
16424 1
16425 0
16426 1
16427 2
16428 0
16429 3
16430 2
16431 0
16432 2
16433 1
16434 0
16435 1
16436 2
16437 1
16438 2
16439 0
16440 1
16441 0
16442 2
16443 1
16444 0
16445 2
16446 3
16447 0
16448 2
16449 1
16450 0
16451 2
16452 0
16453 1
16454 2
16455 0
16456 1
16457 0
16458 2
16459 0
16460 1
16461 0
16462 1
16463 0
16464 1
16465 3
16466 2
16467 1
16468 0
16469 1
16470 2
16471 0
16472 2
16473 1
16474 2
16475 1
16476 2
16477 0
16478 2
16479 0
16480 1
16481 2
16482 0
16483 2
16484 1
16485 2
16486 0
16487 2
16488 1
16489 0
16490 2
16491 1
16492 0
16493 2
16494 1
16495 2
16496 0
16497 2
16498 0
16499 1
16500 2
16501 0
16502 3
16503 2
16504 1
16505 2
16506 1
16507 2
16508 0
16509 3
16510 1
16511 0
16512 2
16513 3
16514 1
16515 2
16516 3
16517 1
16518 2
16519 0
16520 1
16521 2
16522 0
16523 2
16524 1
16525 0
16526 2
16527 1
16528 2
16529 1
16530 2
16531 0
16532 1
16533 0
16534 1
16535 2
16536 0
16537 1
16538 0
16539 1
16540 2
16541 1
16542 0
16543 1
16544 0
16545 2
16546 1
16547 0
16548 1
16549 0
16550 2
16551 1
16552 0
16553 1
16554 2
16555 1
16556 2
16557 0
16558 2
16559 3
16560 0
16561 1
16562 2
16563 0
16564 1
16565 0
16566 1
16567 2
16568 0
16569 1
16570 2
16571 0
16572 1
16573 0
16574 2
16575 3
16576 1
16577 2
16578 1
16579 0
16580 1
16581 0
16582 1
16583 0
16584 2
16585 0
16586 1
16587 0
16588 1
16589 0
16590 1
16591 0
16592 2
16593 0
16594 2
16595 1
16596 0
16597 1
16598 2
16599 1
16600 2
16601 1
16602 0
16603 1
16604 2
16605 0
16606 1
16607 2
16608 0
16609 1
16610 0
16611 1
16612 0
16613 2
16614 1
16615 2
16616 0
16617 2
16618 0
16619 3
16620 1
16621 2
16622 0
16623 1
16624 0
16625 1
16626 2
16627 0
16628 2
16629 1
16630 0
16631 2
16632 1
16633 2
16634 1
16635 0
16636 2
16637 1
16638 2
16639 0
16640 2
16641 1
16642 2
16643 1
16644 2
16645 0
16646 1
16647 2
16648 0
16649 2
16650 3
16651 0
16652 2
16653 1
16654 0
16655 2
16656 1
16657 0
16658 1
16659 0
16660 2
16661 1
16662 0
16663 1
16664 2
16665 0
16666 1
16667 2
16668 0
16669 2
16670 1
16671 0
16672 1
16673 0
16674 1
16675 0
16676 1
16677 0
16678 2
16679 1
16680 2
16681 0
16682 1
16683 0
16684 1
16685 2
16686 0
16687 1
16688 0
16689 3
16690 1
16691 0
16692 2
16693 1
16694 0
16695 1
16696 0
16697 2
16698 3
16699 1
16700 2
16701 0
16702 1
16703 0
16704 2
16705 3
16706 2
16707 0
16708 2
16709 0
16710 1
16711 2
16712 1
16713 2
16714 0
16715 2
16716 1
16717 0
16718 2
16719 1
16720 0
16721 3
16722 1
16723 2
16724 0
16725 1
16726 2
16727 0
16728 2
16729 1
16730 3
16731 0
16732 2
16733 1
16734 2
16735 1
16736 0
16737 1
16738 2
16739 1
16740 0
16741 1
16742 0
16743 1
16744 2
16745 1
16746 0
16747 1
16748 0
16749 2
16750 0
16751 1
16752 3
16753 2
16754 0
16755 1
16756 2
16757 0
16758 2
16759 3
16760 1
16761 0
16762 1
16763 3
16764 0
16765 2
16766 1
16767 0
16768 2
16769 1
16770 0
16771 3
16772 2
16773 1
16774 2
16775 0
16776 1
16777 0
16778 1
16779 2
16780 0
16781 2
16782 1
16783 0
16784 1
16785 0
16786 1
16787 2
16788 0
16789 1
16790 2
16791 0
16792 1
16793 0
16794 1
16795 0
16796 2
16797 0
16798 1
16799 0
16800 2
16801 1
16802 0
16803 2
16804 0
16805 1
16806 0
16807 1
16808 2
16809 0
16810 1
16811 0
16812 1
16813 0
16814 1
16815 0
16816 1
16817 2
16818 1
16819 2
16820 0
16821 2
16822 1
16823 0
16824 2
16825 1
16826 0
16827 1
16828 2
16829 3
16830 0
16831 1
16832 2
16833 0
16834 1
16835 2
16836 0
16837 1
16838 0
16839 1
16840 0
16841 1
16842 2
16843 0
16844 2
16845 1
16846 2
16847 0
16848 2
16849 1
16850 2
16851 0
16852 1
16853 0
16854 1
16855 0
16856 1
16857 2
16858 0
16859 1
16860 2
16861 0
16862 1
16863 2
16864 1
16865 0
16866 1
16867 2
16868 1
16869 0
16870 2
16871 0
16872 1
16873 0
16874 1
16875 0
16876 1
16877 0
16878 1
16879 0
16880 1
16881 0
16882 1
16883 0
16884 1
16885 0
16886 1
16887 0
16888 1
16889 0
16890 1
16891 2
16892 0
16893 2
16894 1
16895 2
16896 0
16897 1
16898 0
16899 2
16900 1
16901 2
16902 0
16903 1
16904 2
16905 0
16906 1
16907 2
16908 0
16909 1
16910 0
16911 1
16912 2
16913 3
16914 1
16915 2
16916 0
16917 1
16918 0
16919 3
16920 1
16921 2
16922 3
16923 2
16924 0
16925 1
16926 0
16927 2
16928 1
16929 3
16930 0
16931 1
16932 0
16933 2
16934 1
16935 0
16936 3
16937 1
16938 2
16939 0
16940 1
16941 2
16942 0
16943 1
16944 0
16945 1
16946 2
16947 1
16948 0
16949 2
16950 0
16951 1
16952 2
16953 1
16954 3
16955 0
16956 1
16957 2
16958 0
16959 3
16960 1
16961 2
16962 1
16963 2
16964 0
16965 1
16966 0
16967 1
16968 0
16969 2
16970 1
16971 2
16972 0
16973 2
16974 3
16975 1
16976 0
16977 1
16978 0
16979 1
16980 0
16981 1
16982 0
16983 1
16984 0
16985 1
16986 3
16987 2
16988 1
16989 0
16990 1
16991 0
16992 2
16993 1
16994 2
16995 1
16996 0
16997 2
16998 1
16999 2
17000 0
17001 1
17002 0
17003 1
17004 0
17005 1
17006 0
17007 1
17008 2
17009 1
17010 0
17011 1
17012 0
17013 1
17014 0
17015 1
17016 0
17017 2
17018 1
17019 0
17020 1
17021 0
17022 2
17023 1
17024 3
17025 0
17026 1
17027 0
17028 1
17029 0
17030 1
17031 0
17032 2
17033 1
17034 0
17035 1
17036 0
17037 1
17038 2
17039 0
17040 1
17041 0
17042 2
17043 1
17044 0
17045 2
17046 3
17047 1
17048 3
17049 2
17050 1
17051 0
17052 1
17053 2
17054 3
17055 0
17056 1
17057 2
17058 0
17059 1
17060 3
17061 1
17062 2
17063 1
17064 3
17065 2
17066 0
17067 2
17068 1
17069 0
17070 1
17071 2
17072 1
17073 2
17074 3
17075 0
17076 1
17077 3
17078 0
17079 2
17080 1
17081 2
17082 1
17083 2
17084 1
17085 3
17086 2
17087 0
17088 2
17089 3
17090 1
17091 0
17092 1
17093 2
17094 1
17095 0
17096 2
17097 1
17098 0
17099 1
17100 0
17101 1
17102 0
17103 1
17104 0
17105 2
17106 1
17107 2
17108 1
17109 0
17110 2
17111 1
17112 0
17113 2
17114 0
17115 1
17116 0
17117 1
17118 0
17119 1
17120 2
17121 0
17122 1
17123 2
17124 0
17125 2
17126 1
17127 0
17128 1
17129 2
17130 0
17131 2
17132 0
17133 2
17134 0
17135 2
17136 0
17137 2
17138 0
17139 1
17140 3
17141 0
17142 2
17143 0
17144 1
17145 0
17146 1
17147 0
17148 1
17149 0
17150 2
17151 1
17152 0
17153 2
17154 1
17155 0
17156 2
17157 3
17158 1
17159 2
17160 1
17161 0
17162 2
17163 1
17164 0
17165 2
17166 1
17167 0
17168 1
17169 2
17170 1
17171 2
17172 3
17173 0
17174 2
17175 1
17176 0
17177 1
17178 2
17179 0
17180 1
17181 0
17182 1
17183 0
17184 1
17185 2
17186 1
17187 0
17188 1
17189 2
17190 3
17191 2
17192 1
17193 0
17194 1
17195 2
17196 0
17197 1
17198 0
17199 1
17200 2
17201 1
17202 0
17203 1
17204 2
17205 0
17206 1
17207 3
17208 1
17209 3
17210 0
17211 1
17212 0
17213 1
17214 0
17215 3
17216 1
17217 0
17218 1
17219 0
17220 1
17221 2
17222 0
17223 1
17224 0
17225 1
17226 0
17227 2
17228 1
17229 2
17230 0
17231 1
17232 2
17233 0
17234 1
17235 0
17236 2
17237 1
17238 2
17239 0
17240 1
17241 0
17242 1
17243 0
17244 1
17245 0
17246 1
17247 0
17248 3
17249 2
17250 0
17251 2
17252 3
17253 0
17254 1
17255 0
17256 1
17257 0
17258 1
17259 2
17260 0
17261 2
17262 0
17263 1
17264 2
17265 0
17266 2
17267 0
17268 1
17269 0
17270 2
17271 1
17272 2
17273 1
17274 2
17275 1
17276 0
17277 2
17278 1
17279 0
17280 1
17281 2
17282 1
17283 2
17284 3
17285 0
17286 2
17287 0
17288 1
17289 0
17290 1
17291 0
17292 2
17293 1
17294 2
17295 0
17296 2
17297 0
17298 1
17299 0
17300 1
17301 0
17302 1
17303 0
17304 2
17305 1
17306 2
17307 3
17308 0
17309 1
17310 2
17311 0
17312 2
17313 1
17314 3
17315 2
17316 1
17317 0
17318 1
17319 2
17320 0
17321 2
17322 0
17323 1
17324 0
17325 2
17326 1
17327 2
17328 1
17329 2
17330 0
17331 2
17332 1
17333 0
17334 2
17335 1
17336 2
17337 0
17338 1
17339 0
17340 1
17341 0
17342 1
17343 3
17344 0
17345 2
17346 1
17347 2
17348 0
17349 1
17350 0
17351 2
17352 1
17353 0
17354 1
17355 3
17356 2
17357 1
17358 2
17359 0
17360 1
17361 2
17362 1
17363 0
17364 2
17365 1
17366 0
17367 2
17368 0
17369 2
17370 1
17371 2
17372 0
17373 2
17374 1
17375 2
17376 1
17377 0
17378 2
17379 0
17380 1
17381 2
17382 3
17383 4
17384 2
17385 1
17386 3
17387 0
17388 1
17389 0
17390 2
17391 1
17392 2
17393 0
17394 2
17395 1
17396 0
17397 2
17398 0
17399 1
17400 0
17401 1
17402 2
17403 0
17404 1
17405 0
17406 2
17407 0
17408 2
17409 0
17410 1
17411 0
17412 2
17413 1
17414 2
17415 1
17416 0
17417 2
17418 0
17419 1
17420 0
17421 2
17422 1
17423 2
17424 1
17425 0
17426 2
17427 0
17428 1
17429 0
17430 1
17431 0
17432 1
17433 0
17434 1
17435 0
17436 2
17437 3
17438 1
17439 0
17440 1
17441 2
17442 0
17443 2
17444 1
17445 2
17446 0
17447 1
17448 0
17449 2
17450 1
17451 0
17452 1
17453 0
17454 1
17455 0
17456 1
17457 2
17458 1
17459 0
17460 1
17461 2
17462 0
17463 1
17464 0
17465 1
17466 0
17467 2
17468 1
17469 3
17470 2
17471 1
17472 0
17473 1
17474 3
17475 0
17476 1
17477 0
17478 2
17479 1
17480 2
17481 1
17482 0
17483 1
17484 0
17485 1
17486 0
17487 1
17488 2
17489 1
17490 2
17491 0
17492 2
17493 1
17494 2
17495 0
17496 2
17497 1
17498 0
17499 1
17500 0
17501 2
17502 3
17503 0
17504 2
17505 1
17506 2
17507 0
17508 1
17509 3
17510 2
17511 0
17512 2
17513 3
17514 0
17515 2
17516 1
17517 0
17518 1
17519 2
17520 0
17521 1
17522 0
17523 2
17524 0
17525 1
17526 0
17527 1
17528 0
17529 2
17530 0
17531 1
17532 0
17533 2
17534 1
17535 0
17536 1
17537 0
17538 2
17539 1
17540 2
17541 3
17542 1
17543 0
17544 1
17545 0
17546 1
17547 0
17548 3
17549 2
17550 1
17551 2
17552 1
17553 0
17554 1
17555 0
17556 1
17557 2
17558 0
17559 1
17560 2
17561 0
17562 1
17563 0
17564 1
17565 0
17566 2
17567 1
17568 2
17569 0
17570 2
17571 0
17572 1
17573 3
17574 0
17575 1
17576 2
17577 0
17578 1
17579 2
17580 0
17581 1
17582 0
17583 1
17584 0
17585 2
17586 3
17587 1
17588 2
17589 0
17590 1
17591 0
17592 1
17593 2
17594 4
17595 1
17596 0
17597 1
17598 2
17599 0
17600 2
17601 1
17602 2
17603 1
17604 2
17605 0
17606 1
17607 3
17608 2
17609 0
17610 1
17611 0
17612 2
17613 1
17614 0
17615 1
17616 0
17617 1
17618 2
17619 0
17620 1
17621 2
17622 1
17623 0
17624 2
17625 1
17626 0
17627 1
17628 0
17629 1
17630 0
17631 2
17632 1
17633 2
17634 1
17635 2
17636 1
17637 2
17638 0
17639 2
17640 0
17641 1
17642 0
17643 1
17644 0
17645 2
17646 1
17647 0
17648 1
17649 0
17650 1
17651 2
17652 0
17653 2
17654 1
17655 2
17656 0
17657 1
17658 0
17659 1
17660 2
17661 0
17662 1
17663 0
17664 2
17665 0
17666 1
17667 2
17668 1
17669 2
17670 0
17671 2
17672 0
17673 1
17674 2
17675 0
17676 2
17677 3
17678 0
17679 1
17680 0
17681 1
17682 0
17683 2
17684 1
17685 0
17686 1
17687 0
17688 2
17689 1
17690 2
17691 1
17692 0
17693 1
17694 2
17695 1
17696 0
17697 1
17698 0
17699 1
17700 2
17701 0
17702 1
17703 2
17704 0
17705 1
17706 2
17707 1
17708 0
17709 1
17710 3
17711 2
17712 0
17713 1
17714 0
17715 1
17716 0
17717 1
17718 2
17719 1
17720 0
17721 1
17722 0
17723 1
17724 2
17725 1
17726 0
17727 2
17728 1
17729 0
17730 1
17731 2
17732 0
17733 1
17734 2
17735 0
17736 1
17737 0
17738 1
17739 0
17740 2
17741 1
17742 2
17743 1
17744 2
17745 0
17746 3
17747 2
17748 1
17749 0
17750 1
17751 2
17752 1
17753 2
17754 1
17755 0
17756 1
17757 0
17758 1
17759 0
17760 1
17761 2
17762 3
17763 0
17764 2
17765 1
17766 0
17767 2
17768 1
17769 0
17770 1
17771 0
17772 1
17773 0
17774 1
17775 3
17776 1
17777 2
17778 0
17779 1
17780 0
17781 1
17782 0
17783 1
17784 0
17785 1
17786 0
17787 1
17788 0
17789 2
17790 0
17791 1
17792 0
17793 1
17794 0
17795 1
17796 0
17797 1
17798 0
17799 1
17800 0
17801 2
17802 1
17803 2
17804 3
17805 0
17806 1
17807 0
17808 1
17809 2
17810 0
17811 1
17812 0
17813 1
17814 2
17815 3
17816 0
17817 1
17818 2
17819 0
17820 2
17821 1
17822 0
17823 2
17824 1
17825 0
17826 2
17827 1
17828 2
17829 0
17830 1
17831 0
17832 2
17833 0
17834 3
17835 2
17836 0
17837 2
17838 0
17839 2
17840 0
17841 1
17842 2
17843 1
17844 0
17845 3
17846 1
17847 2
17848 0
17849 1
17850 0
17851 1
17852 0
17853 1
17854 0
17855 1
17856 2
17857 0
17858 2
17859 0
17860 1
17861 0
17862 2
17863 1
17864 0
17865 2
17866 1
17867 0
17868 2
17869 0
17870 1
17871 0
17872 2
17873 1
17874 0
17875 1
17876 0
17877 1
17878 0
17879 1
17880 0
17881 1
17882 2
17883 1
17884 0
17885 1
17886 2
17887 0
17888 1
17889 2
17890 1
17891 0
17892 1
17893 0
17894 1
17895 0
17896 1
17897 0
17898 2
17899 0
17900 1
17901 2
17902 0
17903 2
17904 3
17905 2
17906 1
17907 2
17908 3
17909 0
17910 2
17911 1
17912 0
17913 1
17914 0
17915 2
17916 1
17917 2
17918 0
17919 2
17920 1
17921 0
17922 1
17923 0
17924 2
17925 0
17926 1
17927 0
17928 1
17929 0
17930 1
17931 0
17932 2
17933 1
17934 2
17935 1
17936 0
17937 2
17938 1
17939 0
17940 1
17941 3
17942 1
17943 0
17944 2
17945 3
17946 2
17947 1
17948 0
17949 2
17950 1
17951 2
17952 0
17953 3
17954 0
17955 2
17956 0
17957 2
17958 0
17959 2
17960 0
17961 1
17962 0
17963 2
17964 1
17965 2
17966 0
17967 2
17968 1
17969 2
17970 1
17971 2
17972 1
17973 0
17974 2
17975 1
17976 0
17977 1
17978 2
17979 1
17980 0
17981 1
17982 2
17983 0
17984 1
17985 2
17986 1
17987 0
17988 1
17989 2
17990 0
17991 1
17992 2
17993 0
17994 1
17995 2
17996 1
17997 0
17998 1
17999 2
18000 0
18001 2
18002 1
18003 0
18004 2
18005 1
18006 0
18007 2
18008 0
18009 1
18010 3
18011 0
18012 1
18013 2
18014 0
18015 2
18016 1
18017 2
18018 1
18019 2
18020 1
18021 2
18022 0
18023 1
18024 0
18025 1
18026 0
18027 1
18028 2
18029 0
18030 1
18031 2
18032 1
18033 0
18034 1
18035 0
18036 1
18037 2
18038 0
18039 1
18040 0
18041 1
18042 0
18043 1
18044 0
18045 1
18046 0
18047 2
18048 0
18049 1
18050 3
18051 0
18052 1
18053 2
18054 1
18055 2
18056 0
18057 1
18058 2
18059 1
18060 0
18061 2
18062 1
18063 0
18064 2
18065 1
18066 0
18067 2
18068 1
18069 0
18070 1
18071 0
18072 1
18073 2
18074 0
18075 1
18076 0
18077 1
18078 0
18079 1
18080 0
18081 1
18082 0
18083 1
18084 0
18085 2
18086 0
18087 1
18088 0
18089 3
18090 2
18091 0
18092 1
18093 0
18094 1
18095 0
18096 1
18097 0
18098 1
18099 0
18100 1
18101 3
18102 0
18103 1
18104 2
18105 0
18106 3
18107 2
18108 1
18109 0
18110 1
18111 0
18112 1
18113 2
18114 0
18115 2
18116 1
18117 0
18118 1
18119 2
18120 0
18121 2
18122 1
18123 0
18124 2
18125 1
18126 0
18127 2
18128 0
18129 1
18130 2
18131 1
18132 0
18133 1
18134 2
18135 3
18136 2
18137 1
18138 0
18139 2
18140 1
18141 0
18142 2
18143 0
18144 1
18145 2
18146 0
18147 1
18148 0
18149 1
18150 0
18151 2
18152 1
18153 0
18154 2
18155 0
18156 1
18157 0
18158 2
18159 0
18160 1
18161 0
18162 1
18163 2
18164 0
18165 2
18166 0
18167 2
18168 0
18169 2
18170 1
18171 0
18172 2
18173 3
18174 1
18175 0
18176 1
18177 2
18178 0
18179 2
18180 1
18181 0
18182 1
18183 2
18184 0
18185 1
18186 0
18187 2
18188 1
18189 0
18190 1
18191 0
18192 1
18193 2
18194 0
18195 1
18196 0
18197 2
18198 1
18199 2
18200 0
18201 2
18202 0
18203 2
18204 0
18205 2
18206 3
18207 0
18208 2
18209 1
18210 3
18211 0
18212 2
18213 1
18214 0
18215 1
18216 2
18217 0
18218 1
18219 2
18220 0
18221 2
18222 1
18223 2
18224 0
18225 1
18226 0
18227 1
18228 0
18229 1
18230 2
18231 1
18232 0
18233 1
18234 2
18235 1
18236 0
18237 2
18238 1
18239 0
18240 1
18241 2
18242 1
18243 2
18244 0
18245 1
18246 2
18247 0
18248 3
18249 1
18250 2
18251 1
18252 0
18253 1
18254 0
18255 1
18256 0
18257 1
18258 0
18259 2
18260 0
18261 2
18262 0
18263 1
18264 0
18265 1
18266 0
18267 1
18268 0
18269 1
18270 0
18271 2
18272 1
18273 0
18274 2
18275 1
18276 2
18277 1
18278 0
18279 2
18280 1
18281 0
18282 1
18283 2
18284 3
18285 0
18286 2
18287 1
18288 0
18289 1
18290 2
18291 1
18292 0
18293 1
18294 0
18295 2
18296 0
18297 1
18298 0
18299 2
18300 3
18301 0
18302 1
18303 0
18304 1
18305 0
18306 1
18307 0
18308 1
18309 0
18310 1
18311 0
18312 1
18313 0
18314 2
18315 1
18316 0
18317 2
18318 0
18319 2
18320 1
18321 2
18322 0
18323 2
18324 0
18325 1
18326 0
18327 3
18328 2
18329 0
18330 1
18331 0
18332 1
18333 2
18334 0
18335 2
18336 3
18337 0
18338 1
18339 2
18340 1
18341 2
18342 0
18343 1
18344 2
18345 0
18346 2
18347 1
18348 0
18349 1
18350 0
18351 1
18352 0
18353 1
18354 2
18355 0
18356 2
18357 1
18358 2
18359 0
18360 1
18361 0
18362 1
18363 0
18364 1
18365 2
18366 0
18367 1
18368 2
18369 0
18370 1
18371 0
18372 1
18373 2
18374 1
18375 3
18376 0
18377 1
18378 2
18379 1
18380 2
18381 1
18382 0
18383 1
18384 2
18385 1
18386 0
18387 2
18388 1
18389 0
18390 1
18391 2
18392 1
18393 2
18394 0
18395 1
18396 0
18397 3
18398 1
18399 0
18400 2
18401 1
18402 0
18403 3
18404 2
18405 1
18406 2
18407 0
18408 1
18409 0
18410 1
18411 0
18412 1
18413 3
18414 2
18415 1
18416 0
18417 1
18418 2
18419 1
18420 2
18421 1
18422 0
18423 1
18424 2
18425 0
18426 2
18427 1
18428 2
18429 0
18430 2
18431 1
18432 2
18433 0
18434 1
18435 0
18436 1
18437 2
18438 1
18439 2
18440 0
18441 1
18442 2
18443 0
18444 2
18445 1
18446 2
18447 0
18448 2
18449 0
18450 2
18451 1
18452 0
18453 2
18454 1
18455 2
18456 1
18457 0
18458 1
18459 0
18460 1
18461 2
18462 0
18463 1
18464 0
18465 2
18466 0
18467 2
18468 1
18469 2
18470 0
18471 1
18472 0
18473 3
18474 1
18475 2
18476 1
18477 2
18478 0
18479 1
18480 0
18481 1
18482 2
18483 0
18484 2
18485 0
18486 1
18487 0
18488 3
18489 2
18490 3
18491 1
18492 3
18493 0
18494 1
18495 2
18496 0
18497 2
18498 1
18499 2
18500 0
18501 2
18502 3
18503 1
18504 0
18505 1
18506 0
18507 1
18508 0
18509 1
18510 2
18511 0
18512 3
18513 2
18514 3
18515 1
18516 2
18517 0
18518 1
18519 2
18520 0
18521 2
18522 1
18523 0
18524 2
18525 0
18526 2
18527 1
18528 0
18529 1
18530 2
18531 0
18532 1
18533 0
18534 2
18535 1
18536 0
18537 3
18538 0
18539 1
18540 0
18541 1
18542 0
18543 2
18544 1
18545 0
18546 1
18547 0
18548 2
18549 0
18550 2
18551 3
18552 0
18553 1
18554 2
18555 3
18556 0
18557 1
18558 2
18559 0
18560 1
18561 0
18562 1
18563 0
18564 2
18565 1
18566 0
18567 1
18568 0
18569 2
18570 3
18571 1
18572 0
18573 1
18574 3
18575 1
18576 2
18577 0
18578 2
18579 0
18580 1
18581 0
18582 1
18583 0
18584 1
18585 0
18586 1
18587 2
18588 1
18589 0
18590 1
18591 0
18592 1
18593 2
18594 0
18595 2
18596 0
18597 1
18598 0
18599 1
18600 0
18601 1
18602 2
18603 0
18604 1
18605 0
18606 1
18607 0
18608 1
18609 0
18610 1
18611 2
18612 1
18613 0
18614 2
18615 1
18616 0
18617 2
18618 0
18619 1
18620 2
18621 1
18622 0
18623 2
18624 3
18625 1
18626 0
18627 2
18628 0
18629 1
18630 0
18631 2
18632 1
18633 2
18634 0
18635 1
18636 2
18637 0
18638 2
18639 1
18640 2
18641 0
18642 2
18643 1
18644 2
18645 1
18646 0
18647 1
18648 0
18649 2
18650 3
18651 0
18652 2
18653 1
18654 0
18655 1
18656 0
18657 1
18658 0
18659 1
18660 2
18661 0
18662 1
18663 0
18664 1
18665 0
18666 1
18667 2
18668 1
18669 0
18670 2
18671 1
18672 0
18673 1
18674 0
18675 1
18676 0
18677 1
18678 0
18679 1
18680 2
18681 3
18682 0
18683 2
18684 1
18685 0
18686 1
18687 2
18688 0
18689 2
18690 1
18691 2
18692 0
18693 1
18694 0
18695 1
18696 2
18697 0
18698 2
18699 1
18700 2
18701 1
18702 0
18703 2
18704 1
18705 2
18706 0
18707 1
18708 0
18709 1
18710 2
18711 0
18712 2
18713 0
18714 1
18715 0
18716 1
18717 0
18718 1
18719 0
18720 1
18721 0
18722 1
18723 0
18724 1
18725 3
18726 1
18727 2
18728 0
18729 1
18730 0
18731 1
18732 0
18733 2
18734 0
18735 1
18736 2
18737 1
18738 3
18739 2
18740 1
18741 2
18742 1
18743 0
18744 1
18745 0
18746 1
18747 0
18748 2
18749 0
18750 1
18751 2
18752 0
18753 2
18754 1
18755 0
18756 1
18757 0
18758 2
18759 1
18760 0
18761 1
18762 0
18763 1
18764 0
18765 1
18766 0
18767 1
18768 0
18769 1
18770 2
18771 0
18772 1
18773 0
18774 1
18775 0
18776 1
18777 0
18778 1
18779 2
18780 0
18781 1
18782 2
18783 0
18784 1
18785 2
18786 1
18787 0
18788 1
18789 0
18790 2
18791 1
18792 2
18793 1
18794 0
18795 1
18796 2
18797 1
18798 3
18799 0
18800 2
18801 0
18802 1
18803 0
18804 1
18805 0
18806 2
18807 0
18808 3
18809 1
18810 0
18811 2
18812 0
18813 1
18814 2
18815 1
18816 2
18817 0
18818 2
18819 1
18820 2
18821 0
18822 2
18823 1
18824 0
18825 1
18826 0
18827 1
18828 0
18829 1
18830 0
18831 1
18832 0
18833 1
18834 0
18835 1
18836 0
18837 1
18838 0
18839 1
18840 2
18841 3
18842 0
18843 2
18844 1
18845 0
18846 2
18847 1
18848 0
18849 1
18850 2
18851 1
18852 0
18853 1
18854 2
18855 0
18856 2
18857 1
18858 3
18859 0
18860 1
18861 2
18862 0
18863 2
18864 0
18865 2
18866 1
18867 2
18868 0
18869 2
18870 1
18871 0
18872 1
18873 0
18874 2
18875 3
18876 0
18877 1
18878 2
18879 0
18880 1
18881 0
18882 1
18883 0
18884 2
18885 1
18886 0
18887 1
18888 2
18889 0
18890 1
18891 0
18892 1
18893 3
18894 2
18895 0
18896 1
18897 2
18898 0
18899 1
18900 0
18901 1
18902 2
18903 0
18904 1
18905 0
18906 1
18907 0
18908 2
18909 1
18910 0
18911 1
18912 0
18913 1
18914 2
18915 1
18916 0
18917 1
18918 2
18919 0
18920 2
18921 1
18922 2
18923 0
18924 2
18925 1
18926 2
18927 1
18928 2
18929 0
18930 1
18931 2
18932 0
18933 2
18934 1
18935 0
18936 3
18937 1
18938 2
18939 1
18940 0
18941 1
18942 0
18943 2
18944 1
18945 3
18946 2
18947 0
18948 1
18949 0
18950 2
18951 1
18952 0
18953 1
18954 2
18955 1
18956 0
18957 2
18958 1
18959 3
18960 0
18961 1
18962 2
18963 0
18964 2
18965 1
18966 0
18967 1
18968 0
18969 3
18970 2
18971 0
18972 1
18973 0
18974 1
18975 0
18976 2
18977 1
18978 0
18979 1
18980 2
18981 0
18982 2
18983 1
18984 0
18985 1
18986 0
18987 1
18988 2
18989 0
18990 1
18991 2
18992 3
18993 0
18994 1
18995 0
18996 1
18997 2
18998 0
18999 2
19000 0
19001 1
19002 0
19003 2
19004 1
19005 0
19006 1
19007 0
19008 2
19009 1
19010 2
19011 1
19012 2
19013 0
19014 2
19015 1
19016 0
19017 1
19018 0
19019 2
19020 1
19021 0
19022 3
19023 2
19024 3
19025 1
19026 0
19027 2
19028 0
19029 1
19030 0
19031 1
19032 0
19033 1
19034 2
19035 1
19036 0
19037 2
19038 1
19039 2
19040 0
19041 2
19042 1
19043 0
19044 2
19045 1
19046 0
19047 1
19048 0
19049 1
19050 0
19051 2
19052 0
19053 2
19054 1
19055 2
19056 0
19057 2
19058 1
19059 0
19060 1
19061 0
19062 1
19063 0
19064 1
19065 0
19066 1
19067 2
19068 1
19069 0
19070 1
19071 0
19072 2
19073 1
19074 2
19075 0
19076 1
19077 2
19078 1
19079 2
19080 1
19081 0
19082 1
19083 0
19084 3
19085 2
19086 0
19087 2
19088 0
19089 2
19090 3
19091 1
19092 0
19093 2
19094 0
19095 2
19096 1
19097 0
19098 1
19099 2
19100 0
19101 2
19102 1
19103 0
19104 2
19105 1
19106 0
19107 2
19108 1
19109 0
19110 1
19111 2
19112 0
19113 2
19114 1
19115 0
19116 2
19117 3
19118 0
19119 2
19120 0
19121 2
19122 1
19123 0
19124 2
19125 0
19126 1
19127 0
19128 1
19129 3
19130 2
19131 0
19132 1
19133 3
19134 1
19135 2
19136 0
19137 1
19138 2
19139 1
19140 0
19141 2
19142 3
19143 0
19144 2
19145 0
19146 1
19147 0
19148 1
19149 3
19150 0
19151 1
19152 0
19153 1
19154 0
19155 3
19156 1
19157 0
19158 2
19159 1
19160 2
19161 0
19162 2
19163 1
19164 0
19165 1
19166 0
19167 2
19168 1
19169 0
19170 1
19171 2
19172 0
19173 1
19174 0
19175 1
19176 0
19177 1
19178 0
19179 1
19180 0
19181 2
19182 0
19183 1
19184 2
19185 1
19186 0
19187 2
19188 0
19189 1
19190 0
19191 1
19192 3
19193 2
19194 1
19195 2
19196 0
19197 1
19198 0
19199 2
19200 1
19201 0
19202 1
19203 0
19204 2
19205 1
19206 0
19207 1
19208 0
19209 1
19210 2
19211 0
19212 1
19213 0
19214 1
19215 0
19216 1
19217 2
19218 1
19219 0
19220 2
19221 1
19222 2
19223 0
19224 1
19225 0
19226 2
19227 0
19228 2
19229 1
19230 3
19231 0
19232 3
19233 1
19234 2
19235 1
19236 0
19237 2
19238 1
19239 2
19240 0
19241 1
19242 0
19243 2
19244 1
19245 0
19246 1
19247 2
19248 1
19249 2
19250 0
19251 1
19252 0
19253 1
19254 2
19255 1
19256 2
19257 0
19258 2
19259 0
19260 2
19261 0
19262 1
19263 2
19264 1
19265 0
19266 2
19267 0
19268 2
19269 1
19270 0
19271 1
19272 2
19273 1
19274 0
19275 2
19276 1
19277 0
19278 1
19279 0
19280 2
19281 1
19282 0
19283 2
19284 1
19285 2
19286 1
19287 0
19288 1
19289 0
19290 1
19291 2
19292 1
19293 2
19294 0
19295 2
19296 0
19297 1
19298 0
19299 2
19300 1
19301 2
19302 1
19303 0
19304 2
19305 1
19306 0
19307 1
19308 2
19309 1
19310 0
19311 1
19312 0
19313 2
19314 0
19315 2
19316 1
19317 2
19318 1
19319 0
19320 1
19321 0
19322 1
19323 0
19324 1
19325 2
19326 1
19327 0
19328 1
19329 0
19330 1
19331 0
19332 1
19333 3
19334 2
19335 1
19336 0
19337 1
19338 0
19339 2
19340 1
19341 0
19342 2
19343 0
19344 1
19345 0
19346 1
19347 0
19348 1
19349 2
19350 0
19351 1
19352 2
19353 1
19354 0
19355 1
19356 2
19357 0
19358 2
19359 0
19360 2
19361 1
19362 2
19363 0
19364 1
19365 0
19366 2
19367 1
19368 0
19369 2
19370 1
19371 0
19372 2
19373 1
19374 0
19375 1
19376 0
19377 2
19378 1
19379 0
19380 1
19381 0
19382 1
19383 2
19384 3
19385 1
19386 2
19387 1
19388 0
19389 1
19390 2
19391 0
19392 2
19393 1
19394 0
19395 1
19396 0
19397 1
19398 0
19399 1
19400 0
19401 3
19402 1
19403 0
19404 2
19405 1
19406 2
19407 0
19408 2
19409 3
19410 1
19411 0
19412 2
19413 0
19414 2
19415 1
19416 0
19417 1
19418 0
19419 2
19420 0
19421 2
19422 1
19423 0
19424 2
19425 1
19426 0
19427 2
19428 1
19429 0
19430 1
19431 2
19432 0
19433 2
19434 1
19435 2
19436 0
19437 1
19438 0
19439 1
19440 0
19441 2
19442 1
19443 0
19444 1
19445 0
19446 1
19447 2
19448 1
19449 2
19450 0
19451 2
19452 1
19453 2
19454 0
19455 2
19456 0
19457 1
19458 2
19459 0
19460 2
19461 0
19462 1
19463 2
19464 0
19465 2
19466 0
19467 1
19468 0
19469 1
19470 0
19471 1
19472 0
19473 1
19474 0
19475 2
19476 1
19477 2
19478 1
19479 2
19480 0
19481 1
19482 0
19483 1
19484 2
19485 0
19486 1
19487 0
19488 1
19489 2
19490 0
19491 1
19492 0
19493 3
19494 1
19495 2
19496 0
19497 1
19498 2
19499 0
19500 2
19501 1
19502 0
19503 1
19504 0
19505 1
19506 2
19507 0
19508 1
19509 0
19510 2
19511 1
19512 0
19513 1
19514 2
19515 0
19516 1
19517 0
19518 1
19519 2
19520 1
19521 2
19522 3
19523 1
19524 2
19525 3
19526 1
19527 0
19528 2
19529 1
19530 2
19531 0
19532 2
19533 1
19534 0
19535 1
19536 3
19537 0
19538 2
19539 1
19540 0
19541 2
19542 1
19543 3
19544 2
19545 0
19546 1
19547 0
19548 2
19549 0
19550 1
19551 0
19552 1
19553 2
19554 0
19555 1
19556 0
19557 1
19558 2
19559 0
19560 2
19561 1
19562 0
19563 1
19564 2
19565 0
19566 2
19567 3
19568 0
19569 2
19570 1
19571 3
19572 2
19573 0
19574 1
19575 3
19576 2
19577 1
19578 0
19579 2
19580 1
19581 0
19582 2
19583 1
19584 0
19585 1
19586 2
19587 0
19588 1
19589 2
19590 1
19591 0
19592 1
19593 0
19594 2
19595 1
19596 2
19597 0
19598 1
19599 2
19600 1
19601 0
19602 3
19603 2
19604 0
19605 1
19606 0
19607 3
19608 2
19609 3
19610 1
19611 0
19612 2
19613 0
19614 1
19615 0
19616 2
19617 0
19618 2
19619 1
19620 2
19621 0
19622 1
19623 0
19624 2
19625 0
19626 1
19627 0
19628 3
19629 2
19630 1
19631 0
19632 1
19633 0
19634 1
19635 0
19636 2
19637 1
19638 0
19639 1
19640 2
19641 1
19642 0
19643 1
19644 2
19645 0
19646 1
19647 0
19648 1
19649 2
19650 1
19651 0
19652 2
19653 1
19654 2
19655 3
19656 1
19657 0
19658 2
19659 1
19660 2
19661 0
19662 1
19663 0
19664 1
19665 0
19666 2
19667 1
19668 0
19669 3
19670 1
19671 2
19672 0
19673 2
19674 1
19675 0
19676 3
19677 1
19678 2
19679 0
19680 1
19681 0
19682 2
19683 0
19684 2
19685 0
19686 1
19687 0
19688 2
19689 0
19690 1
19691 0
19692 1
19693 3
19694 0
19695 1
19696 0
19697 1
19698 2
19699 0
19700 1
19701 0
19702 2
19703 0
19704 1
19705 2
19706 1
19707 0
19708 2
19709 1
19710 0
19711 1
19712 2
19713 0
19714 1
19715 2
19716 0
19717 1
19718 3
19719 0
19720 1
19721 2
19722 0
19723 1
19724 0
19725 1
19726 0
19727 2
19728 1
19729 2
19730 0
19731 2
19732 1
19733 0
19734 1
19735 2
19736 1
19737 0
19738 2
19739 0
19740 2
19741 1
19742 2
19743 3
19744 1
19745 3
19746 0
19747 1
19748 3
19749 2
19750 1
19751 0
19752 1
19753 0
19754 2
19755 1
19756 2
19757 0
19758 1
19759 2
19760 0
19761 2
19762 1
19763 0
19764 2
19765 1
19766 0
19767 2
19768 0
19769 2
19770 0
19771 2
19772 1
19773 2
19774 0
19775 1
19776 2
19777 1
19778 0
19779 1
19780 0
19781 1
19782 0
19783 1
19784 2
19785 1
19786 2
19787 0
19788 2
19789 0
19790 2
19791 0
19792 1
19793 2
19794 0
19795 1
19796 2
19797 0
19798 1
19799 0
19800 1
19801 2
19802 0
19803 1
19804 2
19805 0
19806 2
19807 1
19808 2
19809 0
19810 1
19811 0
19812 1
19813 2
19814 1
19815 0
19816 2
19817 0
19818 1
19819 0
19820 2
19821 0
19822 2
19823 1
19824 0
19825 1
19826 2
19827 1
19828 2
19829 0
19830 3
19831 0
19832 1
19833 0
19834 2
19835 1
19836 3
19837 0
19838 1
19839 0
19840 1
19841 0
19842 2
19843 0
19844 1
19845 0
19846 2
19847 1
19848 2
19849 0
19850 2
19851 1
19852 0
19853 1
19854 2
19855 1
19856 0
19857 1
19858 0
19859 2
19860 1
19861 0
19862 1
19863 0
19864 1
19865 0
19866 2
19867 0
19868 2
19869 1
19870 0
19871 1
19872 0
19873 1
19874 0
19875 1
19876 0
19877 1
19878 2
19879 0
19880 1
19881 0
19882 1
19883 0
19884 1
19885 0
19886 2
19887 1
19888 2
19889 1
19890 0
19891 2
19892 1
19893 2
19894 0
19895 2
19896 3
19897 0
19898 2
19899 1
19900 0
19901 2
19902 1
19903 0
19904 1
19905 0
19906 1
19907 0
19908 1
19909 2
19910 1
19911 0
19912 1
19913 2
19914 0
19915 1
19916 2
19917 0
19918 2
19919 1
19920 2
19921 1
19922 0
19923 3
19924 0
19925 1
19926 0
19927 1
19928 2
19929 1
19930 0
19931 2
19932 0
19933 1
19934 0
19935 1
19936 2
19937 0
19938 1
19939 0
19940 1
19941 2
19942 0
19943 3
19944 1
19945 0
19946 1
19947 2
19948 0
19949 2
19950 1
19951 0
19952 1
19953 2
19954 0
19955 2
19956 0
19957 1
19958 0
19959 1
19960 0
19961 2
19962 1
19963 0
19964 1
19965 2
19966 0
19967 2
19968 0
19969 1
19970 0
19971 1
19972 0
19973 1
19974 0
19975 2
19976 1
19977 0
19978 1
19979 0
19980 1
19981 0
19982 2
19983 1
19984 0
19985 2
19986 1
19987 2
19988 0
19989 2
19990 3
19991 0
19992 1
19993 0
19994 2
19995 1
19996 0
19997 1
19998 0
19999 1
20000 0
20001 1
20002 0
20003 1
20004 2
20005 1
20006 0
20007 1
20008 2
20009 3
20010 1
20011 2
20012 1
20013 0
20014 1
20015 0
20016 2
20017 1
20018 0
20019 1
20020 2
20021 1
20022 0
20023 2
20024 1
20025 2
20026 1
20027 0
20028 1
20029 2
20030 0
20031 1
20032 2
20033 0
20034 2
20035 1
20036 2
20037 3
20038 1
20039 0
20040 1
20041 2
20042 1
20043 0
20044 1
20045 2
20046 1
20047 0
20048 2
20049 1
20050 2
20051 0
20052 1
20053 0
20054 1
20055 2
20056 1
20057 0
20058 2
20059 1
20060 2
20061 0
20062 1
20063 0
20064 1
20065 0
20066 1
20067 0
20068 1
20069 0
20070 2
20071 1
20072 0
20073 2
20074 1
20075 2
20076 0
20077 1
20078 0
20079 1
20080 0
20081 1
20082 2
20083 0
20084 2
20085 1
20086 0
20087 1
20088 0
20089 2
20090 1
20091 2
20092 0
20093 1
20094 2
20095 0
20096 1
20097 0
20098 1
20099 0
20100 1
20101 0
20102 2
20103 1
20104 0
20105 1
20106 0
20107 1
20108 2
20109 0
20110 2
20111 0
20112 1
20113 0
20114 1
20115 2
20116 1
20117 0
20118 1
20119 2
20120 0
20121 1
20122 2
20123 1
20124 0
20125 1
20126 2
20127 1
20128 0
20129 2
20130 1
20131 0
20132 2
20133 1
20134 0
20135 1
20136 0
20137 2
20138 1
20139 0
20140 1
20141 0
20142 2
20143 3
20144 1
20145 2
20146 0
20147 2
20148 0
20149 1
20150 0
20151 1
20152 0
20153 1
20154 2
20155 0
20156 1
20157 3
20158 1
20159 0
20160 2
20161 1
20162 0
20163 1
20164 0
20165 1
20166 2
20167 0
20168 1
20169 2
20170 0
20171 1
20172 0
20173 1
20174 0
20175 3
20176 1
20177 0
20178 2
20179 0
20180 1
20181 0
20182 1
20183 0
20184 1
20185 0
20186 2
20187 1
20188 0
20189 1
20190 0
20191 2
20192 0
20193 1
20194 0
20195 1
20196 0
20197 1
20198 2
20199 1
20200 0
20201 2
20202 1
20203 0
20204 1
20205 0
20206 2
20207 0
20208 2
20209 1
20210 0
20211 2
20212 3
20213 1
20214 0
20215 3
20216 1
20217 0
20218 2
20219 1
20220 2
20221 0
20222 1
20223 2
20224 1
20225 0
20226 1
20227 2
20228 0
20229 1
20230 0
20231 1
20232 2
20233 0
20234 1
20235 0
20236 1
20237 0
20238 2
20239 1
20240 0
20241 2
20242 1
20243 0
20244 1
20245 2
20246 0
20247 2
20248 0
20249 3
20250 0
20251 1
20252 0
20253 2
20254 1
20255 0
20256 1
20257 0
20258 2
20259 0
20260 2
20261 1
20262 0
20263 1
20264 0
20265 2
20266 1
20267 0
20268 1
20269 0
20270 2
20271 1
20272 0
20273 2
20274 0
20275 2
20276 1
20277 2
20278 1
20279 2
20280 1
20281 3
20282 2
20283 3
20284 0
20285 2
20286 1
20287 3
20288 0
20289 1
20290 0
20291 2
20292 1
20293 2
20294 3
20295 0
20296 1
20297 2
20298 0
20299 2
20300 1
20301 2
20302 1
20303 0
20304 1
20305 2
20306 0
20307 1
20308 2
20309 0
20310 2
20311 1
20312 0
20313 1
20314 0
20315 1
20316 2
20317 0
20318 2
20319 0
20320 2
20321 1
20322 0
20323 2
20324 1
20325 0
20326 1
20327 2
20328 1
20329 0
20330 1
20331 2
20332 0
20333 1
20334 2
20335 1
20336 2
20337 1
20338 0
20339 1
20340 0
20341 1
20342 2
20343 0
20344 2
20345 0
20346 1
20347 2
20348 0
20349 1
20350 0
20351 1
20352 0
20353 1
20354 2
20355 1
20356 0
20357 1
20358 2
20359 0
20360 1
20361 0
20362 2
20363 0
20364 1
20365 0
20366 1
20367 0
20368 2
20369 1
20370 0
20371 2
20372 1
20373 0
20374 1
20375 2
20376 0
20377 1
20378 0
20379 2
20380 0
20381 2
20382 1
20383 0
20384 1
20385 2
20386 1
20387 2
20388 1
20389 0
20390 1
20391 0
20392 2
20393 1
20394 0
20395 2
20396 0
20397 1
20398 0
20399 1
20400 2
20401 1
20402 0
20403 1
20404 2
20405 0
20406 1
20407 0
20408 2
20409 0
20410 2
20411 0
20412 2
20413 1
20414 2
20415 1
20416 0
20417 1
20418 2
20419 0
20420 1
20421 2
20422 0
20423 1
20424 0
20425 2
20426 0
20427 2
20428 0
20429 2
20430 1
20431 0
20432 2
20433 1
20434 0
20435 1
20436 0
20437 1
20438 2
20439 1
20440 0
20441 2
20442 0
20443 1
20444 0
20445 1
20446 2
20447 1
20448 3
20449 2
20450 1
20451 0
20452 2
20453 1
20454 3
20455 0
20456 1
20457 2
20458 1
20459 0
20460 2
20461 1
20462 2
20463 1
20464 0
20465 2
20466 1
20467 2
20468 0
20469 2
20470 1
20471 2
20472 0
20473 2
20474 0
20475 3
20476 2
20477 3
20478 0
20479 1
20480 2
20481 0
20482 1
20483 2
20484 1
20485 0
20486 2
20487 1
20488 0
20489 1
20490 2
20491 3
20492 0
20493 1
20494 0
20495 1
20496 0
20497 1
20498 2
20499 0
20500 1
20501 2
20502 0
20503 1
20504 2
20505 1
20506 2
20507 0
20508 1
20509 2
20510 1
20511 0
20512 1
20513 3
20514 2
20515 0
20516 1
20517 2
20518 0
20519 1
20520 0
20521 2
20522 0
20523 1
20524 2
20525 0
20526 1
20527 0
20528 2
20529 1
20530 3
20531 0
20532 1
20533 0
20534 1
20535 0
20536 1
20537 0
20538 1
20539 0
20540 1
20541 0
20542 1
20543 0
20544 2
20545 0
20546 1
20547 0
20548 1
20549 0
20550 2
20551 0
20552 2
20553 1
20554 2
20555 1
20556 0
20557 1
20558 2
20559 0
20560 1
20561 0
20562 1
20563 0
20564 1
20565 0
20566 1
20567 0
20568 1
20569 2
20570 0
20571 1
20572 0
20573 2
20574 1
20575 3
20576 0
20577 1
20578 2
20579 0
20580 2
20581 1
20582 0
20583 2
20584 1
20585 0
20586 2
20587 1
20588 2
20589 1
20590 2
20591 0
20592 1
20593 0
20594 1
20595 0
20596 1
20597 2
20598 0
20599 2
20600 0
20601 1
20602 2
20603 0
20604 2
20605 3
20606 1
20607 0
20608 1
20609 2
20610 0
20611 1
20612 2
20613 0
20614 1
20615 0
20616 1
20617 0
20618 1
20619 2
20620 0
20621 1
20622 0
20623 2
20624 1
20625 2
20626 0
20627 2
20628 1
20629 2
20630 0
20631 1
20632 0
20633 1
20634 2
20635 0
20636 1
20637 0
20638 1
20639 0
20640 1
20641 0
20642 1
20643 0
20644 1
20645 0
20646 1
20647 0
20648 1
20649 2
20650 0
20651 3
20652 1
20653 2
20654 0
20655 1
20656 0
20657 2
20658 1
20659 0
20660 2
20661 1
20662 2
20663 1
20664 0
20665 2
20666 1
20667 0
20668 2
20669 1
20670 2
20671 0
20672 1
20673 2
20674 1
20675 0
20676 2
20677 1
20678 0
20679 2
20680 0
20681 2
20682 0
20683 1
20684 0
20685 2
20686 1
20687 2
20688 0
20689 2
20690 1
20691 0
20692 1
20693 0
20694 1
20695 0
20696 2
20697 1
20698 0
20699 1
20700 0
20701 1
20702 0
20703 1
20704 0
20705 1
20706 0
20707 1
20708 2
20709 3
20710 0
20711 1
20712 0
20713 3
20714 1
20715 0
20716 1
20717 2
20718 1
20719 2
20720 3
20721 1
20722 0
20723 1
20724 3
20725 2
20726 1
20727 2
20728 0
20729 2
20730 1
20731 2
20732 0
20733 1
20734 2
20735 1
20736 0
20737 2
20738 0
20739 2
20740 0
20741 1
20742 0
20743 1
20744 2
20745 0
20746 1
20747 2
20748 1
20749 2
20750 0
20751 3
20752 1
20753 0
20754 1
20755 2
20756 1
20757 2
20758 1
20759 0
20760 2
20761 1
20762 3
20763 1
20764 0
20765 1
20766 2
20767 1
20768 0
20769 2
20770 0
20771 1
20772 0
20773 1
20774 0
20775 1
20776 2
20777 0
20778 2
20779 1
20780 2
20781 0
20782 1
20783 2
20784 0
20785 1
20786 2
20787 0
20788 1
20789 2
20790 0
20791 1
20792 2
20793 1
20794 0
20795 1
20796 0
20797 1
20798 2
20799 1
20800 0
20801 1
20802 2
20803 0
20804 1
20805 2
20806 1
20807 0
20808 1
20809 0
20810 1
20811 2
20812 1
20813 0
20814 1
20815 2
20816 0
20817 1
20818 2
20819 1
20820 0
20821 1
20822 2
20823 0
20824 2
20825 0
20826 1
20827 2
20828 0
20829 2
20830 1
20831 0
20832 1
20833 0
20834 2
20835 1
20836 2
20837 0
20838 1
20839 2
20840 0
20841 1
20842 0
20843 2
20844 1
20845 0
20846 2
20847 0
20848 2
20849 0
20850 2
20851 1
20852 2
20853 0
20854 1
20855 0
20856 2
20857 0
20858 1
20859 0
20860 1
20861 2
20862 0
20863 1
20864 0
20865 2
20866 1
20867 2
20868 0
20869 2
20870 1
20871 0
20872 2
20873 1
20874 2
20875 0
20876 1
20877 2
20878 0
20879 1
20880 0
20881 1
20882 2
20883 0
20884 2
20885 1
20886 0
20887 1
20888 0
20889 1
20890 0
20891 1
20892 3
20893 1
20894 0
20895 2
20896 0
20897 1
20898 2
20899 0
20900 1
20901 2
20902 0
20903 2
20904 1
20905 2
20906 0
20907 2
20908 1
20909 2
20910 0
20911 2
20912 3
20913 1
20914 2
20915 0
20916 2
20917 0
20918 2
20919 0
20920 2
20921 0
20922 1
20923 2
20924 0
20925 1
20926 2
20927 0
20928 1
20929 2
20930 0
20931 3
20932 2
20933 0
20934 2
20935 0
20936 1
20937 0
20938 1
20939 3
20940 1
20941 0
20942 2
20943 0
20944 1
20945 0
20946 2
20947 1
20948 2
20949 0
20950 1
20951 2
20952 1
20953 2
20954 0
20955 1
20956 2
20957 0
20958 1
20959 2
20960 0
20961 1
20962 2
20963 3
20964 0
20965 1
20966 0
20967 1
20968 0
20969 2
20970 1
20971 0
20972 2
20973 1
20974 0
20975 1
20976 0
20977 1
20978 0
20979 2
20980 0
20981 1
20982 2
20983 1
20984 2
20985 0
20986 1
20987 0
20988 2
20989 3
20990 1
20991 0
20992 1
20993 0
20994 2
20995 1
20996 0
20997 1
20998 0
20999 1
21000 3
21001 0
21002 2
21003 1
21004 0
21005 1
21006 0
21007 1
21008 2
21009 0
21010 2
21011 1
21012 2
21013 0
21014 2
21015 0
21016 1
21017 2
21018 1
21019 0
21020 1
21021 0
21022 2
21023 1
21024 3
21025 0
21026 1
21027 2
21028 0
21029 1
21030 2
21031 0
21032 1
21033 0
21034 1
21035 2
21036 3
21037 1
21038 2
21039 3
21040 1
21041 0
21042 2
21043 1
21044 2
21045 1
21046 0
21047 1
21048 0
21049 2
21050 1
21051 0
21052 2
21053 0
21054 1
21055 0
21056 2
21057 1
21058 2
21059 1
21060 0
21061 1
21062 2
21063 1
21064 0
21065 1
21066 0
21067 1
21068 3
21069 2
21070 0
21071 2
21072 3
21073 0
21074 1
21075 2
21076 1
21077 0
21078 2
21079 1
21080 2
21081 0
21082 2
21083 0
21084 1
21085 0
21086 2
21087 1
21088 2
21089 0
21090 2
21091 3
21092 0
21093 2
21094 1
21095 2
21096 1
21097 2
21098 0
21099 1
21100 2
21101 0
21102 1
21103 0
21104 3
21105 1
21106 0
21107 2
21108 0
21109 1
21110 0
21111 1
21112 2
21113 0
21114 2
21115 1
21116 3
21117 0
21118 2
21119 0
21120 2
21121 1
21122 0
21123 1
21124 2
21125 1
21126 2
21127 0
21128 1
21129 0
21130 1
21131 2
21132 1
21133 0
21134 2
21135 1
21136 2
21137 0
21138 1
21139 0
21140 1
21141 0
21142 2
21143 1
21144 0
21145 1
21146 2
21147 1
21148 0
21149 1
21150 0
21151 1
21152 0
21153 2
21154 1
21155 2
21156 0
21157 1
21158 0
21159 2
21160 1
21161 2
21162 0
21163 2
21164 1
21165 3
21166 2
21167 1
21168 0
21169 2
21170 1
21171 0
21172 3
21173 1
21174 2
21175 1
21176 0
21177 2
21178 1
21179 2
21180 0
21181 1
21182 2
21183 1
21184 0
21185 2
21186 0
21187 1
21188 2
21189 0
21190 2
21191 0
21192 2
21193 1
21194 0
21195 2
21196 0
21197 1
21198 2
21199 0
21200 1
21201 0
21202 1
21203 0
21204 1
21205 2
21206 1
21207 0
21208 1
21209 2
21210 0
21211 1
21212 2
21213 0
21214 1
21215 0
21216 1
21217 0
21218 1
21219 0
21220 1
21221 0
21222 1
21223 2
21224 0
21225 2
21226 0
21227 2
21228 1
21229 0
21230 1
21231 0
21232 1
21233 2
21234 0
21235 1
21236 2
21237 0
21238 2
21239 1
21240 0
21241 2
21242 1
21243 0
21244 1
21245 0
21246 2
21247 0
21248 1
21249 0
21250 1
21251 2
21252 1
21253 0
21254 2
21255 1
21256 0
21257 2
21258 1
21259 2
21260 0
21261 2
21262 1
21263 0
21264 2
21265 1
21266 2
21267 0
21268 2
21269 1
21270 0
21271 1
21272 0
21273 3
21274 1
21275 0
21276 1
21277 2
21278 1
21279 0
21280 1
21281 0
21282 2
21283 1
21284 2
21285 0
21286 1
21287 2
21288 0
21289 1
21290 2
21291 0
21292 1
21293 2
21294 1
21295 0
21296 2
21297 1
21298 0
21299 1
21300 0
21301 1
21302 0
21303 2
21304 0
21305 1
21306 0
21307 1
21308 0
21309 1
21310 0
21311 1
21312 0
21313 1
21314 2
21315 1
21316 0
21317 2
21318 0
21319 2
21320 0
21321 2
21322 0
21323 3
21324 2
21325 1
21326 2
21327 1
21328 2
21329 3
21330 1
21331 2
21332 0
21333 1
21334 2
21335 0
21336 1
21337 0
21338 2
21339 0
21340 1
21341 0
21342 2
21343 3
21344 1
21345 3
21346 0
21347 1
21348 2
21349 0
21350 2
21351 0
21352 1
21353 0
21354 2
21355 0
21356 1
21357 0
21358 2
21359 3
21360 0
21361 1
21362 2
21363 0
21364 1
21365 0
21366 1
21367 2
21368 1
21369 0
21370 1
21371 0
21372 2
21373 0
21374 1
21375 2
21376 0
21377 1
21378 2
21379 0
21380 2
21381 1
21382 3
21383 0
21384 3
21385 1
21386 3
21387 2
21388 0
21389 1
21390 2
21391 1
21392 0
21393 1
21394 0
21395 1
21396 2
21397 0
21398 1
21399 0
21400 2
21401 0
21402 2
21403 1
21404 2
21405 0
21406 2
21407 1
21408 0
21409 1
21410 0
21411 1
21412 0
21413 2
21414 1
21415 2
21416 0
21417 2
21418 1
21419 0
21420 3
21421 1
21422 0
21423 1
21424 0
21425 1
21426 0
21427 1
21428 2
21429 1
21430 0
21431 3
21432 1
21433 2
21434 0
21435 1
21436 3
21437 0
21438 3
21439 1
21440 0
21441 1
21442 0
21443 1
21444 2
21445 0
21446 1
21447 0
21448 1
21449 0
21450 2
21451 1
21452 2
21453 1
21454 3
21455 0
21456 1
21457 0
21458 2
21459 0
21460 1
21461 2
21462 1
21463 2
21464 0
21465 2
21466 0
21467 2
21468 1
21469 0
21470 1
21471 2
21472 0
21473 2
21474 3
21475 1
21476 3
21477 0
21478 2
21479 1
21480 3
21481 2
21482 1
21483 0
21484 2
21485 0
21486 1
21487 0
21488 2
21489 1
21490 0
21491 2
21492 1
21493 2
21494 1
21495 0
21496 1
21497 0
21498 2
21499 1
21500 0
21501 1
21502 0
21503 1
21504 0
21505 2
21506 1
21507 3
21508 2
21509 0
21510 1
21511 0
21512 2
21513 1
21514 2
21515 1
21516 2
21517 0
21518 1
21519 0
21520 2
21521 1
21522 2
21523 0
21524 1
21525 2
21526 0
21527 1
21528 2
21529 0
21530 2
21531 1
21532 2
21533 3
21534 1
21535 2
21536 0
21537 3
21538 1
21539 0
21540 1
21541 0
21542 1
21543 3
21544 2
21545 0
21546 2
21547 1
21548 0
21549 1
21550 0
21551 1
21552 0
21553 2
21554 0
21555 1
21556 0
21557 1
21558 2
21559 1
21560 0
21561 2
21562 1
21563 2
21564 0
21565 1
21566 2
21567 0
21568 1
21569 2
21570 0
21571 1
21572 0
21573 2
21574 3
21575 0
21576 2
21577 0
21578 2
21579 1
21580 0
21581 1
21582 0
21583 2
21584 1
21585 2
21586 0
21587 1
21588 0
21589 1
21590 0
21591 2
21592 0
21593 2
21594 1
21595 2
21596 0
21597 1
21598 2
21599 3
21600 0
21601 1
21602 0
21603 2
21604 0
21605 2
21606 0
21607 1
21608 0
21609 1
21610 0
21611 2
21612 1
21613 0
21614 1
21615 0
21616 1
21617 0
21618 1
21619 0
21620 2
21621 1
21622 0
21623 1
21624 0
21625 2
21626 0
21627 1
21628 2
21629 1
21630 2
21631 0
21632 1
21633 0
21634 1
21635 2
21636 0
21637 1
21638 2
21639 1
21640 0
21641 2
21642 1
21643 0
21644 1
21645 2
21646 0
21647 1
21648 0
21649 1
21650 2
21651 0
21652 2
21653 1
21654 0
21655 1
21656 0
21657 1
21658 2
21659 3
21660 2
21661 1
21662 0
21663 1
21664 2
21665 0
21666 1
21667 2
21668 3
21669 0
21670 2
21671 1
21672 2
21673 0
21674 2
21675 1
21676 2
21677 0
21678 2
21679 3
21680 1
21681 3
21682 2
21683 0
21684 1
21685 0
21686 2
21687 1
21688 0
21689 1
21690 2
21691 0
21692 1
21693 0
21694 1
21695 0
21696 1
21697 2
21698 3
21699 0
21700 1
21701 0
21702 1
21703 2
21704 0
21705 1
21706 0
21707 1
21708 0
21709 1
21710 2
21711 1
21712 0
21713 2
21714 1
21715 2
21716 0
21717 2
21718 1
21719 0
21720 1
21721 0
21722 1
21723 0
21724 1
21725 0
21726 1
21727 0
21728 2
21729 1
21730 0
21731 1
21732 2
21733 1
21734 0
21735 2
21736 1
21737 0
21738 1
21739 2
21740 0
21741 2
21742 1
21743 2
21744 1
21745 0
21746 2
21747 0
21748 2
21749 0
21750 1
21751 0
21752 2
21753 1
21754 2
21755 0
21756 2
21757 1
21758 0
21759 1
21760 2
21761 0
21762 2
21763 0
21764 2
21765 1
21766 2
21767 0
21768 2
21769 1
21770 0
21771 2
21772 1
21773 0
21774 2
21775 0
21776 1
21777 2
21778 0
21779 1
21780 2
21781 1
21782 0
21783 1
21784 0
21785 2
21786 0
21787 1
21788 2
21789 0
21790 1
21791 0
21792 2
21793 0
21794 2
21795 1
21796 0
21797 1
21798 0
21799 2
21800 1
21801 2
21802 0
21803 2
21804 0
21805 2
21806 1
21807 2
21808 1
21809 2
21810 0
21811 1
21812 0
21813 1
21814 2
21815 1
21816 0
21817 1
21818 2
21819 0
21820 2
21821 1
21822 2
21823 0
21824 1
21825 0
21826 1
21827 3
21828 0
21829 2
21830 0
21831 1
21832 0
21833 1
21834 0
21835 2
21836 3
21837 0
21838 2
21839 0
21840 1
21841 3
21842 0
21843 2
21844 0
21845 3
21846 1
21847 0
21848 2
21849 1
21850 2
21851 0
21852 1
21853 0
21854 1
21855 0
21856 1
21857 2
21858 0
21859 1
21860 0
21861 1
21862 0
21863 1
21864 0
21865 2
21866 1
21867 2
21868 1
21869 0
21870 1
21871 3
21872 0
21873 2
21874 0
21875 1
21876 2
21877 0
21878 1
21879 2
21880 0
21881 2
21882 0
21883 3
21884 0
21885 1
21886 0
21887 2
21888 1
21889 3
21890 2
21891 1
21892 0
21893 1
21894 0
21895 1
21896 0
21897 2
21898 0
21899 1
21900 3
21901 2
21902 0
21903 1
21904 0
21905 1
21906 0
21907 1
21908 0
21909 2
21910 1
21911 0
21912 1
21913 2
21914 0
21915 2
21916 0
21917 2
21918 1
21919 2
21920 3
21921 0
21922 2
21923 1
21924 0
21925 1
21926 2
21927 3
21928 1
21929 0
21930 1
21931 0
21932 2
21933 3
21934 0
21935 1
21936 0
21937 1
21938 2
21939 1
21940 0
21941 2
21942 3
21943 0
21944 2
21945 1
21946 2
21947 1
21948 2
21949 1
21950 0
21951 1
21952 2
21953 0
21954 1
21955 2
21956 1
21957 3
21958 0
21959 1
21960 2
21961 0
21962 2
21963 1
21964 0
21965 2
21966 0
21967 1
21968 2
21969 1
21970 0
21971 2
21972 1
21973 0
21974 1
21975 0
21976 2
21977 1
21978 0
21979 1
21980 0
21981 1
21982 2
21983 1
21984 2
21985 1
21986 2
21987 1
21988 0
21989 1
21990 2
21991 1
21992 0
21993 1
21994 0
21995 1
21996 0
21997 2
21998 1
21999 0
22000 1
22001 0
22002 1
22003 2
22004 0
22005 1
22006 0
22007 1
22008 0
22009 3
22010 1
22011 2
22012 0
22013 1
22014 0
22015 1
22016 0
22017 2
22018 1
22019 0
22020 1
22021 0
22022 2
22023 0
22024 1
22025 0
22026 2
22027 1
22028 0
22029 1
22030 0
22031 1
22032 2
22033 0
22034 1
22035 0
22036 1
22037 0
22038 2
22039 1
22040 0
22041 1
22042 2
22043 1
22044 0
22045 1
22046 0
22047 1
22048 2
22049 0
22050 1
22051 0
22052 2
22053 0
22054 2
22055 0
22056 2
22057 0
22058 1
22059 2
22060 0
22061 1
22062 0
22063 1
22064 2
22065 0
22066 1
22067 0
22068 1
22069 2
22070 0
22071 2
22072 1
22073 2
22074 1
22075 0
22076 2
22077 1
22078 3
22079 2
22080 1
22081 0
22082 1
22083 0
22084 1
22085 0
22086 2
22087 0
22088 1
22089 0
22090 1
22091 0
22092 2
22093 0
22094 1
22095 0
22096 2
22097 0
22098 2
22099 0
22100 1
22101 0
22102 1
22103 0
22104 2
22105 1
22106 2
22107 1
22108 2
22109 3
22110 1
22111 2
22112 0
22113 1
22114 0
22115 1
22116 0
22117 1
22118 0
22119 1
22120 0
22121 2
22122 0
22123 1
22124 2
22125 3
22126 1
22127 0
22128 1
22129 0
22130 1
22131 0
22132 1
22133 2
22134 0
22135 2
22136 1
22137 0
22138 1
22139 0
22140 2
22141 1
22142 2
22143 1
22144 0
22145 1
22146 0
22147 1
22148 0
22149 1
22150 0
22151 1
22152 2
22153 0
22154 1
22155 2
22156 0
22157 1
22158 0
22159 1
22160 0
22161 2
22162 0
22163 3
22164 1
22165 0
22166 1
22167 2
22168 1
22169 0
22170 1
22171 2
22172 0
22173 2
22174 1
22175 0
22176 2
22177 1
22178 0
22179 1
22180 2
22181 0
22182 1
22183 0
22184 1
22185 0
22186 1
22187 0
22188 1
22189 0
22190 1
22191 0
22192 2
22193 0
22194 2
22195 3
22196 0
22197 2
22198 0
22199 1
22200 2
22201 3
22202 0
22203 2
22204 3
22205 1
22206 0
22207 1
22208 0
22209 1
22210 2
22211 0
22212 1
22213 0
22214 2
22215 0
22216 2
22217 0
22218 2
22219 1
22220 2
22221 0
22222 1
22223 0
22224 1
22225 0
22226 1
22227 2
22228 0
22229 1
22230 0
22231 1
22232 2
22233 0
22234 2
22235 1
22236 0
22237 1
22238 2
22239 3
22240 0
22241 2
22242 1
22243 2
22244 0
22245 2
22246 1
22247 0
22248 1
22249 0
22250 3
22251 2
22252 1
22253 0
22254 1
22255 0
22256 2
22257 3
22258 1
22259 2
22260 1
22261 2
22262 0
22263 2
22264 1
22265 0
22266 3
22267 1
22268 2
22269 0
22270 1
22271 3
22272 2
22273 0
22274 1
22275 0
22276 1
22277 0
22278 1
22279 0
22280 1
22281 0
22282 1
22283 2
22284 0
22285 1
22286 2
22287 0
22288 2
22289 3
22290 0
22291 1
22292 0
22293 2
22294 0
22295 1
22296 2
22297 1
22298 0
22299 2
22300 1
22301 3
22302 2
22303 0
22304 1
22305 2
22306 0
22307 1
22308 0
22309 1
22310 0
22311 2
22312 1
22313 0
22314 1
22315 0
22316 1
22317 0
22318 1
22319 0
22320 1
22321 2
22322 1
22323 2
22324 3
22325 0
22326 1
22327 2
22328 0
22329 1
22330 0
22331 2
22332 1
22333 2
22334 0
22335 1
22336 2
22337 1
22338 0
22339 1
22340 2
22341 1
22342 0
22343 2
22344 1
22345 2
22346 1
22347 2
22348 0
22349 1
22350 0
22351 1
22352 0
22353 3
22354 2
22355 0
22356 2
22357 1
22358 0
22359 1
22360 0
22361 1
22362 2
22363 1
22364 2
22365 0
22366 1
22367 2
22368 1
22369 0
22370 1
22371 0
22372 1
22373 0
22374 1
22375 0
22376 1
22377 2
22378 1
22379 2
22380 0
22381 2
22382 0
22383 1
22384 3
22385 0
22386 3
22387 0
22388 1
22389 0
22390 1
22391 2
22392 0
22393 1
22394 2
22395 0
22396 1
22397 2
22398 0
22399 1
22400 0
22401 1
22402 2
22403 1
22404 0
22405 1
22406 0
22407 1
22408 2
22409 1
22410 0
22411 2
22412 1
22413 0
22414 2
22415 1
22416 0
22417 2
22418 0
22419 1
22420 2
22421 1
22422 0
22423 2
22424 1
22425 0
22426 2
22427 1
22428 0
22429 1
22430 0
22431 2
22432 0
22433 1
22434 0
22435 2
22436 1
22437 0
22438 1
22439 2
22440 0
22441 2
22442 1
22443 0
22444 3
22445 2
22446 1
22447 0
22448 1
22449 0
22450 2
22451 1
22452 0
22453 2
22454 3
22455 0
22456 2
22457 1
22458 2
22459 1
22460 0
22461 2
22462 1
22463 2
22464 1
22465 0
22466 2
22467 0
22468 2
22469 1
22470 2
22471 0
22472 1
22473 2
22474 0
22475 2
22476 1
22477 2
22478 0
22479 1
22480 2
22481 0
22482 1
22483 2
22484 0
22485 1
22486 0
22487 2
22488 1
22489 3
22490 2
22491 1
22492 3
22493 2
22494 1
22495 0
22496 1
22497 2
22498 1
22499 0
22500 1
22501 0
22502 1
22503 0
22504 2
22505 1
22506 2
22507 0
22508 1
22509 0
22510 1
22511 2
22512 0
22513 1
22514 2
22515 0
22516 1
22517 0
22518 2
22519 1
22520 2
22521 1
22522 0
22523 1
22524 0
22525 1
22526 0
22527 2
22528 1
22529 0
22530 2
22531 1
22532 2
22533 3
22534 1
22535 2
22536 0
22537 1
22538 2
22539 0
22540 1
22541 2
22542 0
22543 2
22544 0
22545 1
22546 0
22547 1
22548 0
22549 2
22550 1
22551 0
22552 2
22553 1
22554 0
22555 2
22556 0
22557 2
22558 0
22559 1
22560 0
22561 1
22562 2
22563 0
22564 1
22565 0
22566 2
22567 1
22568 2
22569 0
22570 1
22571 2
22572 0
22573 2
22574 0
22575 2
22576 0
22577 2
22578 1
22579 2
22580 0
22581 1
22582 2
22583 0
22584 1
22585 0
22586 1
22587 0
22588 1
22589 2
22590 0
22591 3
22592 2
22593 1
22594 2
22595 3
22596 1
22597 0
22598 1
22599 2
22600 1
22601 0
22602 1
22603 2
22604 0
22605 1
22606 2
22607 1
22608 2
22609 1
22610 0
22611 1
22612 2
22613 0
22614 1
22615 0
22616 2
22617 1
22618 0
22619 2
22620 1
22621 2
22622 0
22623 2
22624 0
22625 1
22626 0
22627 2
22628 0
22629 2
22630 1
22631 3
22632 0
22633 3
22634 0
22635 1
22636 2
22637 0
22638 1
22639 0
22640 2
22641 1
22642 2
22643 0
22644 2
22645 1
22646 0
22647 1
22648 0
22649 2
22650 0
22651 2
22652 1
22653 2
22654 3
22655 0
22656 1
22657 2
22658 0
22659 1
22660 0
22661 2
22662 1
22663 0
22664 1
22665 2
22666 1
22667 0
22668 2
22669 1
22670 2
22671 0
22672 1
22673 2
22674 0
22675 1
22676 0
22677 1
22678 2
22679 3
22680 1
22681 0
22682 2
22683 0
22684 1
22685 0
22686 1
22687 2
22688 1
22689 0
22690 1
22691 0
22692 2
22693 1
22694 0
22695 1
22696 0
22697 2
22698 1
22699 0
22700 1
22701 2
22702 0
22703 2
22704 1
22705 2
22706 0
22707 2
22708 1
22709 0
22710 1
22711 0
22712 2
22713 1
22714 0
22715 2
22716 1
22717 0
22718 2
22719 1
22720 3
22721 1
22722 0
22723 3
22724 0
22725 1
22726 2
22727 1
22728 2
22729 0
22730 2
22731 1
22732 2
22733 0
22734 2
22735 1
22736 0
22737 1
22738 2
22739 1
22740 0
22741 2
22742 3
22743 0
22744 1
22745 0
22746 2
22747 1
22748 0
22749 2
22750 3
22751 0
22752 2
22753 1
22754 0
22755 2
22756 0
22757 2
22758 1
22759 2
22760 1
22761 0
22762 1
22763 0
22764 1
22765 0
22766 1
22767 0
22768 2
22769 1
22770 0
22771 1
22772 2
22773 1
22774 0
22775 2
22776 1
22777 2
22778 0
22779 1
22780 2
22781 1
22782 3
22783 2
22784 0
22785 1
22786 2
22787 0
22788 1
22789 2
22790 0
22791 1
22792 2
22793 0
22794 1
22795 2
22796 1
22797 0
22798 2
22799 1
22800 0
22801 2
22802 0
22803 1
22804 2
22805 1
22806 0
22807 1
22808 2
22809 0
22810 1
22811 0
22812 1
22813 0
22814 1
22815 0
22816 1
22817 3
22818 2
22819 0
22820 1
22821 2
22822 1
22823 0
22824 2
22825 0
22826 2
22827 1
22828 0
22829 2
22830 0
22831 1
22832 2
22833 0
22834 3
22835 2
22836 1
22837 0
22838 2
22839 1
22840 2
22841 1
22842 0
22843 2
22844 1
22845 2
22846 1
22847 2
22848 0
22849 2
22850 0
22851 1
22852 2
22853 0
22854 1
22855 0
22856 1
22857 2
22858 0
22859 1
22860 2
22861 0
22862 2
22863 0
22864 2
22865 1
22866 2
22867 0
22868 1
22869 0
22870 1
22871 0
22872 1
22873 0
22874 2
22875 0
22876 2
22877 0
22878 1
22879 0
22880 1
22881 0
22882 1
22883 0
22884 2
22885 0
22886 1
22887 0
22888 2
22889 1
22890 2
22891 1
22892 0
22893 1
22894 2
22895 0
22896 1
22897 0
22898 1
22899 2
22900 1
22901 0
22902 1
22903 0
22904 1
22905 0
22906 1
22907 2
22908 0
22909 2
22910 1
22911 0
22912 2
22913 1
22914 0
22915 1
22916 0
22917 1
22918 0
22919 1
22920 0
22921 1
22922 0
22923 1
22924 2
22925 1
22926 2
22927 0
22928 1
22929 0
22930 2
22931 0
22932 3
22933 0
22934 1
22935 0
22936 1
22937 0
22938 1
22939 0
22940 1
22941 0
22942 1
22943 2
22944 3
22945 1
22946 2
22947 3
22948 1
22949 2
22950 0
22951 1
22952 2
22953 0
22954 1
22955 0
22956 1
22957 2
22958 0
22959 1
22960 0
22961 2
22962 1
22963 0
22964 2
22965 0
22966 2
22967 1
22968 2
22969 0
22970 2
22971 1
22972 2
22973 1
22974 2
22975 1
22976 2
22977 0
22978 2
22979 1
22980 0
22981 1
22982 2
22983 0
22984 2
22985 1
22986 0
22987 1
22988 0
22989 1
22990 2
22991 3
22992 1
22993 2
22994 0
22995 1
22996 0
22997 2
22998 1
22999 2
23000 0
23001 2
23002 0
23003 2
23004 1
23005 0
23006 2
23007 1
23008 0
23009 1
23010 0
23011 1
23012 0
23013 1
23014 0
23015 1
23016 0
23017 1
23018 0
23019 2
23020 1
23021 0
23022 2
23023 1
23024 2
23025 0
23026 1
23027 2
23028 0
23029 2
23030 3
23031 0
23032 1
23033 3
23034 0
23035 1
23036 0
23037 1
23038 0
23039 1
23040 0
23041 2
23042 0
23043 1
23044 0
23045 1
23046 0
23047 2
23048 0
23049 1
23050 2
23051 0
23052 1
23053 2
23054 0
23055 3
23056 2
23057 1
23058 0
23059 1
23060 0
23061 2
23062 1
23063 2
23064 0
23065 1
23066 0
23067 2
23068 1
23069 2
23070 0
23071 2
23072 1
23073 0
23074 1
23075 3
23076 0
23077 1
23078 2
23079 0
23080 1
23081 2
23082 1
23083 2
23084 0
23085 1
23086 2
23087 0
23088 2
23089 0
23090 1
23091 0
23092 2
23093 0
23094 1
23095 0
23096 1
23097 2
23098 1
23099 2
23100 0
23101 2
23102 1
23103 2
23104 0
23105 2
23106 1
23107 2
23108 1
23109 0
23110 1
23111 3
23112 2
23113 1
23114 0
23115 1
23116 0
23117 1
23118 0
23119 3
23120 1
23121 0
23122 1
23123 2
23124 1
23125 2
23126 0
23127 1
23128 3
23129 0
23130 2
23131 3
23132 0
23133 2
23134 1
23135 2
23136 0
23137 1
23138 2
23139 0
23140 2
23141 1
23142 2
23143 0
23144 2
23145 0
23146 2
23147 1
23148 0
23149 1
23150 2
23151 0
23152 1
23153 0
23154 1
23155 2
23156 1
23157 2
23158 0
23159 1
23160 2
23161 1
23162 0
23163 2
23164 0
23165 2
23166 1
23167 2
23168 0
23169 1
23170 2
23171 0
23172 3
23173 0
23174 1
23175 0
23176 2
23177 3
23178 0
23179 2
23180 1
23181 0
23182 1
23183 0
23184 1
23185 0
23186 1
23187 0
23188 2
23189 1
23190 0
23191 1
23192 2
23193 0
23194 1
23195 2
23196 0
23197 3
23198 1
23199 0
23200 2
23201 1
23202 2
23203 0
23204 1
23205 0
23206 1
23207 0
23208 1
23209 2
23210 0
23211 2
23212 0
23213 2
23214 1
23215 2
23216 1
23217 3
23218 2
23219 0
23220 1
23221 2
23222 0
23223 2
23224 1
23225 0
23226 1
23227 0
23228 1
23229 0
23230 2
23231 0
23232 2
23233 0
23234 3
23235 0
23236 1
23237 0
23238 2
23239 3
23240 0
23241 1
23242 2
23243 1
23244 3
23245 0
23246 1
23247 0
23248 3
23249 1
23250 0
23251 1
23252 0
23253 1
23254 0
23255 1
23256 0
23257 1
23258 0
23259 2
23260 1
23261 0
23262 1
23263 2
23264 1
23265 0
23266 1
23267 0
23268 1
23269 2
23270 1
23271 0
23272 1
23273 0
23274 1
23275 2
23276 0
23277 2
23278 1
23279 0
23280 1
23281 0
23282 2
23283 1
23284 2
23285 0
23286 1
23287 3
23288 2
23289 1
23290 2
23291 0
23292 1
23293 2
23294 0
23295 3
23296 1
23297 2
23298 0
23299 2
23300 1
23301 0
23302 2
23303 0
23304 1
23305 0
23306 1
23307 0
23308 1
23309 0
23310 2
23311 1
23312 0
23313 2
23314 1
23315 0
23316 1
23317 3
23318 1
23319 0
23320 1
23321 2
23322 0
23323 1
23324 0
23325 1
23326 0
23327 2
23328 1
23329 2
23330 0
23331 1
23332 0
23333 3
23334 1
23335 3
23336 2
23337 1
23338 0
23339 1
23340 2
23341 1
23342 2
23343 0
23344 2
23345 0
23346 1
23347 0
23348 1
23349 2
23350 1
23351 2
23352 3
23353 0
23354 1
23355 2
23356 0
23357 3
23358 1
23359 0
23360 1
23361 2
23362 0
23363 1
23364 2
23365 1
23366 3
23367 0
23368 1
23369 0
23370 2
23371 1
23372 0
23373 2
23374 1
23375 2
23376 1
23377 0
23378 1
23379 2
23380 0
23381 1
23382 0
23383 2
23384 1
23385 2
23386 1
23387 0
23388 2
23389 1
23390 0
23391 1
23392 0
23393 1
23394 0
23395 2
23396 0
23397 1
23398 2
23399 1
23400 0
23401 1
23402 3
23403 1
23404 2
23405 0
23406 3
23407 0
23408 1
23409 0
23410 2
23411 0
23412 1
23413 2
23414 1
23415 0
23416 1
23417 0
23418 2
23419 1
23420 0
23421 1
23422 0
23423 1
23424 0
23425 1
23426 0
23427 1
23428 0
23429 1
23430 0
23431 1
23432 2
23433 0
23434 2
23435 0
23436 1
23437 0
23438 2
23439 1
23440 2
23441 3
23442 0
23443 1
23444 2
23445 0
23446 1
23447 2
23448 1
23449 0
23450 1
23451 2
23452 0
23453 1
23454 2
23455 1
23456 0
23457 2
23458 1
23459 2
23460 1
23461 0
23462 1
23463 0
23464 2
23465 1
23466 2
23467 3
23468 1
23469 0
23470 1
23471 0
23472 1
23473 0
23474 1
23475 2
23476 0
23477 1
23478 2
23479 0
23480 2
23481 1
23482 0
23483 1
23484 0
23485 2
23486 1
23487 0
23488 2
23489 1
23490 3
23491 1
23492 0
23493 1
23494 0
23495 1
23496 0
23497 2
23498 1
23499 0
23500 1
23501 2
23502 0
23503 1
23504 0
23505 2
23506 0
23507 1
23508 0
23509 1
23510 0
23511 2
23512 0
23513 1
23514 2
23515 0
23516 2
23517 1
23518 0
23519 1
23520 0
23521 3
23522 1
23523 2
23524 0
23525 2
23526 1
23527 0
23528 1
23529 3
23530 0
23531 2
23532 1
23533 0
23534 1
23535 0
23536 1
23537 0
23538 1
23539 2
23540 1
23541 0
23542 1
23543 0
23544 1
23545 0
23546 2
23547 1
23548 2
23549 3
23550 0
23551 1
23552 0
23553 2
23554 0
23555 2
23556 1
23557 0
23558 2
23559 1
23560 2
23561 0
23562 1
23563 0
23564 1
23565 2
23566 1
23567 0
23568 1
23569 0
23570 3
23571 1
23572 0
23573 2
23574 1
23575 0
23576 1
23577 0
23578 2
23579 1
23580 0
23581 1
23582 2
23583 0
23584 1
23585 0
23586 3
23587 2
23588 1
23589 0
23590 2
23591 1
23592 2
23593 0
23594 2
23595 1
23596 2
23597 0
23598 1
23599 0
23600 1
23601 0
23602 2
23603 0
23604 1
23605 0
23606 2
23607 1
23608 2
23609 0
23610 1
23611 2
23612 0
23613 1
23614 0
23615 1
23616 0
23617 1
23618 0
23619 1
23620 2
23621 1
23622 0
23623 1
23624 0
23625 1
23626 2
23627 0
23628 1
23629 0
23630 1
23631 2
23632 3
23633 0
23634 1
23635 3
23636 0
23637 2
23638 0
23639 1
23640 0
23641 3
23642 2
23643 0
23644 3
23645 1
23646 2
23647 1
23648 0
23649 1
23650 2
23651 0
23652 1
23653 2
23654 0
23655 1
23656 0
23657 3
23658 2
23659 1
23660 2
23661 1
23662 2
23663 0
23664 1
23665 0
23666 1
23667 0
23668 1
23669 0
23670 1
23671 2
23672 0
23673 1
23674 0
23675 2
23676 1
23677 0
23678 2
23679 3
23680 0
23681 1
23682 0
23683 1
23684 0
23685 2
23686 0
23687 1
23688 0
23689 2
23690 1
23691 2
23692 0
23693 1
23694 2
23695 0
23696 2
23697 0
23698 2
23699 1
23700 0
23701 1
23702 0
23703 1
23704 0
23705 1
23706 0
23707 1
23708 2
23709 0
23710 1
23711 0
23712 1
23713 2
23714 1
23715 2
23716 3
23717 0
23718 2
23719 1
23720 2
23721 3
23722 1
23723 2
23724 1
23725 0
23726 1
23727 0
23728 1
23729 0
23730 1
23731 0
23732 1
23733 2
23734 0
23735 1
23736 2
23737 1
23738 0
23739 1
23740 0
23741 1
23742 2
23743 0
23744 2
23745 1
23746 2
23747 0
23748 1
23749 2
23750 1
23751 0
23752 2
23753 0
23754 1
23755 0
23756 1
23757 0
23758 2
23759 0
23760 1
23761 0
23762 1
23763 2
23764 1
23765 0
23766 1
23767 0
23768 2
23769 1
23770 2
23771 0
23772 2
23773 3
23774 1
23775 2
23776 0
23777 1
23778 2
23779 0
23780 2
23781 0
23782 2
23783 1
23784 0
23785 2
23786 1
23787 0
23788 1
23789 0
23790 1
23791 0
23792 1
23793 0
23794 2
23795 1
23796 2
23797 0
23798 1
23799 0
23800 1
23801 2
23802 3
23803 0
23804 1
23805 2
23806 1
23807 3
23808 0
23809 1
23810 2
23811 3
23812 1
23813 3
23814 2
23815 3
23816 0
23817 2
23818 0
23819 2
23820 1
23821 2
23822 1
23823 0
23824 3
23825 2
23826 0
23827 1
23828 0
23829 1
23830 0
23831 3
23832 2
23833 1
23834 0
23835 1
23836 0
23837 1
23838 2
23839 1
23840 2
23841 1
23842 2
23843 0
23844 2
23845 1
23846 0
23847 2
23848 1
23849 0
23850 1
23851 0
23852 2
23853 0
23854 1
23855 0
23856 1
23857 0
23858 2
23859 1
23860 0
23861 1
23862 2
23863 0
23864 1
23865 0
23866 1
23867 0
23868 2
23869 1
23870 0
23871 2
23872 1
23873 0
23874 1
23875 0
23876 1
23877 0
23878 2
23879 0
23880 1
23881 3
23882 2
23883 1
23884 0
23885 1
23886 2
23887 3
23888 0
23889 1
23890 2
23891 1
23892 0
23893 2
23894 0
23895 1
23896 0
23897 1
23898 2
23899 1
23900 0
23901 2
23902 1
23903 0
23904 1
23905 0
23906 1
23907 2
23908 0
23909 1
23910 0
23911 1
23912 2
23913 0
23914 1
23915 2
23916 0
23917 2
23918 0
23919 1
23920 0
23921 1
23922 2
23923 0
23924 1
23925 2
23926 1
23927 0
23928 1
23929 0
23930 1
23931 0
23932 1
23933 0
23934 1
23935 0
23936 1
23937 0
23938 1
23939 2
23940 0
23941 2
23942 1
23943 0
23944 1
23945 0
23946 2
23947 0
23948 1
23949 2
23950 0
23951 1
23952 0
23953 1
23954 2
23955 1
23956 0
23957 1
23958 2
23959 1
23960 2
23961 0
23962 2
23963 1
23964 0
23965 1
23966 2
23967 0
23968 1
23969 2
23970 1
23971 0
23972 2
23973 3
23974 0
23975 2
23976 1
23977 0
23978 2
23979 1
23980 0
23981 1
23982 2
23983 0
23984 1
23985 0
23986 2
23987 0
23988 1
23989 0
23990 1
23991 2
23992 1
23993 0
23994 1
23995 2
23996 0
23997 1
23998 0
23999 1
24000 0
24001 2
24002 0
24003 1
24004 2
24005 0
24006 2
24007 3
24008 0
24009 2
24010 1
24011 0
24012 1
24013 0
24014 2
24015 0
24016 1
24017 0
24018 1
24019 0
24020 1
24021 2
24022 0
24023 1
24024 2
24025 1
24026 2
24027 0
24028 2
24029 1
24030 2
24031 1
24032 0
24033 1
24034 3
24035 0
24036 1
24037 2
24038 0
24039 2
24040 0
24041 2
24042 1
24043 0
24044 1
24045 0
24046 1
24047 0
24048 1
24049 0
24050 1
24051 0
24052 1
24053 0
24054 1
24055 0
24056 1
24057 2
24058 1
24059 0
24060 1
24061 0
24062 2
24063 0
24064 1
24065 0
24066 1
24067 0
24068 1
24069 0
24070 2
24071 0
24072 1
24073 0
24074 1
24075 2
24076 0
24077 1
24078 2
24079 1
24080 0
24081 1
24082 0
24083 1
24084 0
24085 2
24086 0
24087 2
24088 0
24089 2
24090 1
24091 0
24092 1
24093 0
24094 1
24095 0
24096 2
24097 0
24098 1
24099 2
24100 0
24101 2
24102 1
24103 0
24104 1
24105 0
24106 2
24107 0
24108 1
24109 0
24110 2
24111 0
24112 1
24113 2
24114 0
24115 3
24116 2
24117 1
24118 2
24119 1
24120 2
24121 1
24122 2
24123 1
24124 0
24125 1
24126 0
24127 1
24128 0
24129 2
24130 1
24131 0
24132 1
24133 0
24134 1
24135 0
24136 2
24137 0
24138 1
24139 2
24140 0
24141 1
24142 2
24143 0
24144 1
24145 2
24146 0
24147 2
24148 1
24149 0
24150 2
24151 1
24152 0
24153 2
24154 1
24155 0
24156 1
24157 2
24158 0
24159 1
24160 0
24161 1
24162 0
24163 1
24164 0
24165 2
24166 3
24167 0
24168 1
24169 0
24170 2
24171 1
24172 0
24173 2
24174 1
24175 2
24176 3
24177 2
24178 0
24179 1
24180 0
24181 1
24182 0
24183 1
24184 2
24185 0
24186 1
24187 2
24188 1
24189 2
24190 0
24191 1
24192 0
24193 3
24194 1
24195 2
24196 0
24197 1
24198 2
24199 1
24200 0
24201 1
24202 0
24203 1
24204 0
24205 1
24206 0
24207 2
24208 0
24209 2
24210 1
24211 0
24212 2
24213 1
24214 2
24215 0
24216 1
24217 3
24218 0
24219 1
24220 0
24221 2
24222 1
24223 0
24224 1
24225 0
24226 3
24227 2
24228 0
24229 1
24230 0
24231 1
24232 0
24233 1
24234 2
24235 1
24236 0
24237 1
24238 0
24239 2
24240 1
24241 2
24242 0
24243 1
24244 2
24245 0
24246 2
24247 3
24248 0
24249 2
24250 0
24251 1
24252 2
24253 0
24254 1
24255 2
24256 1
24257 0
24258 1
24259 2
24260 1
24261 0
24262 1
24263 0
24264 1
24265 2
24266 1
24267 2
24268 0
24269 1
24270 2
24271 0
24272 1
24273 0
24274 1
24275 0
24276 1
24277 0
24278 1
24279 0
24280 2
24281 1
24282 0
24283 1
24284 0
24285 1
24286 2
24287 1
24288 0
24289 1
24290 0
24291 1
24292 0
24293 2
24294 0
24295 2
24296 1
24297 0
24298 2
24299 1
24300 0
24301 1
24302 3
24303 2
24304 3
24305 1
24306 2
24307 0
24308 2
24309 1
24310 0
24311 2
24312 0
24313 1
24314 0
24315 2
24316 1
24317 0
24318 2
24319 0
24320 1
24321 0
24322 1
24323 0
24324 1
24325 0
24326 1
24327 0
24328 1
24329 0
24330 1
24331 0
24332 2
24333 0
24334 1
24335 2
24336 0
24337 1
24338 0
24339 1
24340 0
24341 1
24342 2
24343 0
24344 1
24345 0
24346 2
24347 1
24348 2
24349 0
24350 2
24351 0
24352 1
24353 2
24354 1
24355 0
24356 1
24357 0
24358 1
24359 0
24360 2
24361 1
24362 2
24363 0
24364 2
24365 1
24366 0
24367 1
24368 0
24369 2
24370 0
24371 1
24372 0
24373 1
24374 0
24375 2
24376 0
24377 1
24378 2
24379 1
24380 0
24381 1
24382 0
24383 1
24384 0
24385 1
24386 2
24387 0
24388 1
24389 0
24390 2
24391 1
24392 0
24393 1
24394 0
24395 1
24396 2
24397 0
24398 1
24399 2
24400 0
24401 1
24402 0
24403 1
24404 0
24405 1
24406 2
24407 0
24408 1
24409 0
24410 2
24411 1
24412 2
24413 1
24414 2
24415 0
24416 2
24417 1
24418 2
24419 1
24420 0
24421 2
24422 1
24423 2
24424 0
24425 2
24426 1
24427 0
24428 1
24429 2
24430 0
24431 2
24432 1
24433 0
24434 2
24435 1
24436 0
24437 2
24438 1
24439 0
24440 2
24441 1
24442 0
24443 1
24444 2
24445 1
24446 0
24447 2
24448 3
24449 1
24450 0
24451 1
24452 0
24453 1
24454 0
24455 1
24456 0
24457 1
24458 2
24459 0
24460 1
24461 2
24462 0
24463 1
24464 0
24465 1
24466 2
24467 0
24468 1
24469 0
24470 1
24471 0
24472 2
24473 1
24474 0
24475 2
24476 1
24477 0
24478 1
24479 2
24480 1
24481 0
24482 1
24483 2
24484 1
24485 0
24486 1
24487 0
24488 1
24489 0
24490 2
24491 1
24492 0
24493 1
24494 0
24495 1
24496 0
24497 1
24498 2
24499 0
24500 1
24501 0
24502 1
24503 2
24504 0
24505 1
24506 3
24507 2
24508 1
24509 0
24510 1
24511 0
24512 3
24513 1
24514 0
24515 1
24516 2
24517 0
24518 1
24519 0
24520 2
24521 1
24522 3
24523 2
24524 1
24525 2
24526 0
24527 2
24528 0
24529 1
24530 0
24531 1
24532 3
24533 2
24534 0
24535 2
24536 1
24537 0
24538 1
24539 3
24540 0
24541 1
24542 0
24543 1
24544 0
24545 1
24546 2
24547 0
24548 1
24549 0
24550 2
24551 0
24552 1
24553 0
24554 1
24555 0
24556 1
24557 0
24558 1
24559 2
24560 0
24561 1
24562 0
24563 2
24564 0
24565 2
24566 1
24567 2
24568 0
24569 1
24570 0
24571 1
24572 0
24573 2
24574 1
24575 2
24576 0
24577 1
24578 2
24579 1
24580 0
24581 1
24582 0
24583 2
24584 1
24585 0
24586 1
24587 0
24588 1
24589 0
24590 2
24591 0
24592 2
24593 1
24594 0
24595 1
24596 0
24597 2
24598 1
24599 2
24600 0
24601 2
24602 1
24603 2
24604 1
24605 0
24606 1
24607 0
24608 3
24609 0
24610 1
24611 2
24612 1
24613 2
24614 3
24615 1
24616 0
24617 2
24618 1
24619 2
24620 0
24621 2
24622 0
24623 1
24624 3
24625 2
24626 1
24627 0
24628 1
24629 2
24630 1
24631 2
24632 1
24633 0
24634 1
24635 0
24636 2
24637 0
24638 1
24639 2
24640 0
24641 2
24642 1
24643 0
24644 1
24645 0
24646 2
24647 0
24648 2
24649 1
24650 2
24651 1
24652 2
24653 0
24654 1
24655 2
24656 1
24657 2
24658 0
24659 3
24660 1
24661 0
24662 1
24663 0
24664 2
24665 3
24666 1
24667 3
24668 0
24669 1
24670 2
24671 0
24672 1
24673 2
24674 0
24675 1
24676 0
24677 1
24678 0
24679 2
24680 0
24681 1
24682 2
24683 0
24684 1
24685 2
24686 3
24687 0
24688 1
24689 2
24690 0
24691 1
24692 0
24693 1
24694 2
24695 1
24696 0
24697 1
24698 2
24699 3
24700 1
24701 2
24702 3
24703 0
24704 1
24705 2
24706 1
24707 0
24708 2
24709 1
24710 0
24711 2
24712 0
24713 1
24714 0
24715 1
24716 0
24717 1
24718 2
24719 0
24720 1
24721 0
24722 3
24723 1
24724 2
24725 0
24726 1
24727 0
24728 1
24729 0
24730 1
24731 2
24732 1
24733 0
24734 1
24735 0
24736 2
24737 1
24738 0
24739 1
24740 0
24741 2
24742 0
24743 2
24744 1
24745 0
24746 1
24747 2
24748 0
24749 2
24750 1
24751 0
24752 1
24753 0
24754 2
24755 1
24756 0
24757 1
24758 2
24759 0
24760 2
24761 0
24762 3
24763 1
24764 0
24765 1
24766 2
24767 0
24768 1
24769 0
24770 1
24771 0
24772 2
24773 1
24774 2
24775 3
24776 1
24777 0
24778 1
24779 0
24780 2
24781 0
24782 2
24783 1
24784 0
24785 1
24786 2
24787 3
24788 0
24789 3
24790 1
24791 2
24792 1
24793 2
24794 1
24795 0
24796 2
24797 1
24798 2
24799 0
24800 2
24801 0
24802 1
24803 0
24804 1
24805 0
24806 1
24807 0
24808 2
24809 1
24810 2
24811 0
24812 1
24813 2
24814 0
24815 1
24816 0
24817 2
24818 0
24819 2
24820 1
24821 2
24822 0
24823 1
24824 2
24825 0
24826 2
24827 1
24828 2
24829 0
24830 1
24831 0
24832 1
24833 0
24834 2
24835 1
24836 0
24837 1
24838 0
24839 1
24840 0
24841 1
24842 0
24843 2
24844 1
24845 0
24846 1
24847 0
24848 1
24849 2
24850 1
24851 0
24852 1
24853 0
24854 1
24855 3
24856 1
24857 0
24858 2
24859 1
24860 0
24861 1
24862 0
24863 1
24864 3
24865 0
24866 2
24867 0
24868 2
24869 1
24870 2
24871 0
24872 2
24873 1
24874 2
24875 0
24876 1
24877 0
24878 2
24879 0
24880 2
24881 1
24882 2
24883 0
24884 1
24885 2
24886 0
24887 1
24888 2
24889 0
24890 1
24891 0
24892 2
24893 1
24894 2
24895 0
24896 3
24897 2
24898 1
24899 0
24900 2
24901 1
24902 2
24903 1
24904 2
24905 0
24906 2
24907 1
24908 0
24909 2
24910 0
24911 2
24912 1
24913 2
24914 0
24915 1
24916 2
24917 1
24918 0
24919 1
24920 2
24921 3
24922 2
24923 1
24924 2
24925 1
24926 0
24927 1
24928 2
24929 0
24930 1
24931 2
24932 1
24933 0
24934 1
24935 0
24936 1
24937 0
24938 1
24939 0
24940 1
24941 0
24942 1
24943 0
24944 1
24945 0
24946 3
24947 1
24948 3
24949 2
24950 0
24951 1
24952 2
24953 0
24954 2
24955 1
24956 2
24957 1
24958 0
24959 1
24960 0
24961 2
24962 0
24963 1
24964 2
24965 0
24966 3
24967 1
24968 2
24969 0
24970 1
24971 0
24972 1
24973 0
24974 2
24975 1
24976 0
24977 1
24978 0
24979 1
24980 2
24981 0
24982 1
24983 0
24984 1
24985 0
24986 2
24987 0
24988 2
24989 1
24990 2
24991 0
24992 1
24993 0
24994 1
24995 0
24996 1
24997 2
24998 0
24999 2
25000 1
25001 0
25002 1
25003 0
25004 1
25005 0
25006 1
25007 0
25008 2
25009 1
25010 0
25011 1
25012 2
25013 3
25014 0
25015 2
25016 1
25017 0
25018 1
25019 3
25020 2
25021 0
25022 1
25023 2
25024 1
25025 0
25026 2
25027 0
25028 1
25029 0
25030 1
25031 2
25032 0
25033 2
25034 1
25035 0
25036 2
25037 0
25038 2
25039 0
25040 1
25041 2
25042 0
25043 2
25044 1
25045 3
25046 2
25047 1
25048 2
25049 0
25050 2
25051 0
25052 2
25053 1
25054 0
25055 1
25056 2
25057 0
25058 1
25059 2
25060 0
25061 2
25062 1
25063 2
25064 1
25065 2
25066 1
25067 0
25068 1
25069 0
25070 2
25071 1
25072 0
25073 1
25074 0
25075 1
25076 2
25077 1
25078 0
25079 2
25080 0
25081 1
25082 2
25083 0
25084 2
25085 0
25086 2
25087 1
25088 2
25089 0
25090 2
25091 0
25092 2
25093 1
25094 0
25095 1
25096 0
25097 1
25098 0
25099 1
25100 2
25101 0
25102 2
25103 1
25104 2
25105 0
25106 1
25107 0
25108 2
25109 1
25110 0
25111 1
25112 2
25113 0
25114 2
25115 1
25116 0
25117 1
25118 3
25119 2
25120 1
25121 0
25122 1
25123 0
25124 1
25125 0
25126 1
25127 0
25128 1
25129 0
25130 2
25131 3
25132 1
25133 2
25134 0
25135 2
25136 0
25137 2
25138 1
25139 0
25140 1
25141 0
25142 1
25143 2
25144 0
25145 2
25146 0
25147 1
25148 2
25149 3
25150 2
25151 1
25152 2
25153 1
25154 2
25155 0
25156 2
25157 0
25158 2
25159 1
25160 0
25161 1
25162 2
25163 3
25164 1
25165 2
25166 0
25167 1
25168 0
25169 1
25170 2
25171 1
25172 0
25173 1
25174 0
25175 2
25176 1
25177 0
25178 1
25179 0
25180 2
25181 1
25182 2
25183 0
25184 1
25185 0
25186 2
25187 1
25188 3
25189 2
25190 1
25191 2
25192 0
25193 1
25194 0
25195 2
25196 1
25197 0
25198 2
25199 1
25200 0
25201 2
25202 3
25203 0
25204 2
25205 1
25206 2
25207 0
25208 2
25209 1
25210 2
25211 1
25212 0
25213 1
25214 0
25215 1
25216 0
25217 1
25218 0
25219 1
25220 0
25221 1
25222 0
25223 1
25224 2
25225 1
25226 0
25227 1
25228 0
25229 1
25230 0
25231 1
25232 0
25233 1
25234 0
25235 2
25236 1
25237 0
25238 1
25239 2
25240 1
25241 0
25242 1
25243 2
25244 0
25245 2
25246 0
25247 2
25248 0
25249 1
25250 3
25251 0
25252 1
25253 0
25254 2
25255 1
25256 0
25257 1
25258 2
25259 0
25260 2
25261 3
25262 1
25263 2
25264 0
25265 1
25266 0
25267 1
25268 2
25269 1
25270 2
25271 0
25272 1
25273 0
25274 2
25275 0
25276 2
25277 0
25278 1
25279 2
25280 0
25281 2
25282 0
25283 1
25284 0
25285 2
25286 1
25287 2
25288 1
25289 0
25290 2
25291 1
25292 2
25293 0
25294 2
25295 1
25296 3
25297 1
25298 2
25299 0
25300 2
25301 1
25302 2
25303 0
25304 1
25305 2
25306 0
25307 2
25308 1
25309 2
25310 3
25311 1
25312 2
25313 1
25314 2
25315 0
25316 1
25317 2
25318 3
25319 0
25320 2
25321 1
25322 0
25323 1
25324 0
25325 1
25326 2
25327 1
25328 2
25329 0
25330 1
25331 2
25332 1
25333 0
25334 2
25335 3
25336 0
25337 2
25338 0
25339 1
25340 2
25341 0
25342 2
25343 1
25344 0
25345 1
25346 0
25347 2
25348 0
25349 1
25350 2
25351 3
25352 1
25353 2
25354 1
25355 0
25356 1
25357 2
25358 0
25359 2
25360 0
25361 1
25362 0
25363 1
25364 2
25365 1
25366 2
25367 1
25368 3
25369 2
25370 3
25371 1
25372 0
25373 1
25374 0
25375 1
25376 0
25377 2
25378 3
25379 1
25380 2
25381 0
25382 3
25383 0
25384 1
25385 3
25386 2
25387 0
25388 1
25389 0
25390 1
25391 0
25392 2
25393 1
25394 0
25395 1
25396 0
25397 1
25398 0
25399 1
25400 2
25401 0
25402 1
25403 0
25404 2
25405 0
25406 1
25407 0
25408 1
25409 2
25410 0
25411 1
25412 2
25413 3
25414 0
25415 2
25416 0
25417 1
25418 0
25419 2
25420 0
25421 1
25422 2
25423 1
25424 0
25425 2
25426 0
25427 2
25428 3
25429 1
25430 0
25431 1
25432 0
25433 2
25434 0
25435 2
25436 1
25437 0
25438 2
25439 1
25440 0
25441 1
25442 0
25443 1
25444 2
25445 0
25446 2
25447 1
25448 0
25449 1
25450 0
25451 2
25452 1
25453 0
25454 2
25455 1
25456 0
25457 1
25458 0
25459 1
25460 0
25461 1
25462 0
25463 2
25464 1
25465 0
25466 1
25467 2
25468 0
25469 1
25470 2
25471 0
25472 1
25473 0
25474 2
25475 1
25476 0
25477 2
25478 0
25479 2
25480 1
25481 0
25482 2
25483 1
25484 2
25485 0
25486 1
25487 0
25488 1
25489 0
25490 2
25491 0
25492 1
25493 2
25494 0
25495 1
25496 2
25497 0
25498 1
25499 2
25500 0
25501 2
25502 0
25503 1
25504 0
25505 1
25506 0
25507 2
25508 1
25509 0
25510 1
25511 0
25512 2
25513 1
25514 0
25515 1
25516 0
25517 1
25518 2
25519 0
25520 2
25521 0
25522 1
25523 2
25524 0
25525 1
25526 0
25527 1
25528 2
25529 0
25530 2
25531 0
25532 2
25533 0
25534 1
25535 2
25536 1
25537 0
25538 2
25539 0
25540 1
25541 0
25542 1
25543 0
25544 2
25545 1
25546 2
25547 0
25548 1
25549 3
25550 0
25551 1
25552 2
25553 1
25554 0
25555 3
25556 1
25557 0
25558 3
25559 1
25560 2
25561 0
25562 2
25563 1
25564 0
25565 2
25566 1
25567 0
25568 2
25569 1
25570 0
25571 2
25572 1
25573 0
25574 2
25575 0
25576 1
25577 0
25578 2
25579 3
25580 0
25581 2
25582 1
25583 2
25584 0
25585 2
25586 1
25587 0
25588 1
25589 2
25590 0
25591 2
25592 0
25593 1
25594 0
25595 2
25596 0
25597 1
25598 0
25599 2
25600 1
25601 2
25602 0
25603 1
25604 0
25605 1
25606 0
25607 1
25608 2
25609 0
25610 1
25611 2
25612 0
25613 1
25614 2
25615 1
25616 0
25617 1
25618 2
25619 1
25620 2
25621 1
25622 0
25623 1
25624 0
25625 1
25626 0
25627 1
25628 2
25629 0
25630 2
25631 0
25632 1
25633 0
25634 2
25635 0
25636 1
25637 0
25638 2
25639 1
25640 2
25641 0
25642 1
25643 0
25644 2
25645 1
25646 2
25647 0
25648 1
25649 0
25650 1
25651 0
25652 1
25653 0
25654 2
25655 1
25656 0
25657 1
25658 0
25659 1
25660 2
25661 1
25662 0
25663 1
25664 2
25665 0
25666 1
25667 2
25668 0
25669 1
25670 2
25671 0
25672 1
25673 2
25674 0
25675 2
25676 0
25677 1
25678 2
25679 3
25680 0
25681 2
25682 1
25683 0
25684 2
25685 1
25686 2
25687 0
25688 1
25689 2
25690 0
25691 1
25692 2
25693 0
25694 2
25695 1
25696 3
25697 0
25698 2
25699 1
25700 0
25701 1
25702 0
25703 2
25704 1
25705 0
25706 1
25707 0
25708 3
25709 1
25710 0
25711 2
25712 1
25713 3
25714 0
25715 1
25716 0
25717 1
25718 0
25719 2
25720 1
25721 0
25722 1
25723 2
25724 1
25725 2
25726 0
25727 2
25728 1
25729 0
25730 1
25731 2
25732 1
25733 0
25734 2
25735 0
25736 1
25737 2
25738 0
25739 1
25740 0
25741 1
25742 2
25743 0
25744 1
25745 0
25746 2
25747 1
25748 0
25749 1
25750 2
25751 1
25752 0
25753 1
25754 2
25755 0
25756 1
25757 2
25758 0
25759 1
25760 2
25761 0
25762 1
25763 2
25764 0
25765 1
25766 0
25767 2
25768 1
25769 0
25770 1
25771 0
25772 2
25773 0
25774 1
25775 0
25776 1
25777 0
25778 2
25779 1
25780 0
25781 1
25782 2
25783 0
25784 1
25785 2
25786 0
25787 1
25788 2
25789 3
25790 1
25791 0
25792 1
25793 0
25794 3
25795 1
25796 0
25797 2
25798 1
25799 2
25800 1
25801 0
25802 2
25803 1
25804 2
25805 3
25806 2
25807 1
25808 2
25809 1
25810 0
25811 1
25812 2
25813 1
25814 0
25815 1
25816 0
25817 1
25818 0
25819 1
25820 2
25821 0
25822 1
25823 2
25824 0
25825 1
25826 0
25827 1
25828 2
25829 0
25830 1
25831 2
25832 0
25833 1
25834 2
25835 0
25836 2
25837 0
25838 3
25839 2
25840 1
25841 0
25842 1
25843 0
25844 2
25845 0
25846 2
25847 1
25848 2
25849 0
25850 3
25851 1
25852 0
25853 2
25854 1
25855 0
25856 1
25857 2
25858 1
25859 2
25860 1
25861 0
25862 1
25863 2
25864 0
25865 1
25866 0
25867 1
25868 0
25869 2
25870 0
25871 1
25872 2
25873 0
25874 2
25875 1
25876 2
25877 0
25878 2
25879 0
25880 2
25881 1
25882 2
25883 0
25884 1
25885 0
25886 2
25887 0
25888 2
25889 0
25890 1
25891 0
25892 1
25893 2
25894 3
25895 0
25896 2
25897 1
25898 2
25899 1
25900 0
25901 2
25902 0
25903 1
25904 2
25905 1
25906 2
25907 0
25908 1
25909 0
25910 2
25911 1
25912 2
25913 0
25914 1
25915 0
25916 1
25917 2
25918 0
25919 1
25920 2
25921 3
25922 2
25923 0
25924 1
25925 2
25926 0
25927 1
25928 0
25929 1
25930 0
25931 1
25932 2
25933 0
25934 2
25935 0
25936 1
25937 0
25938 1
25939 2
25940 0
25941 2
25942 1
25943 0
25944 1
25945 0
25946 3
25947 0
25948 3
25949 2
25950 0
25951 1
25952 3
25953 0
25954 1
25955 2
25956 1
25957 0
25958 1
25959 0
25960 1
25961 0
25962 1
25963 2
25964 1
25965 0
25966 1
25967 2
25968 1
25969 0
25970 2
25971 1
25972 0
25973 2
25974 1
25975 2
25976 0
25977 1
25978 0
25979 1
25980 2
25981 0
25982 1
25983 0
25984 1
25985 2
25986 0
25987 2
25988 1
25989 2
25990 0
25991 2
25992 0
25993 1
25994 0
25995 2
25996 0
25997 2
25998 1
25999 0
26000 1
26001 0
26002 1
26003 0
26004 1
26005 0
26006 1
26007 2
26008 0
26009 1
26010 0
26011 1
26012 2
26013 0
26014 1
26015 0
26016 2
26017 1
26018 2
26019 0
26020 2
26021 1
26022 3
26023 0
26024 2
26025 1
26026 2
26027 0
26028 1
26029 0
26030 2
26031 1
26032 0
26033 2
26034 1
26035 0
26036 2
26037 0
26038 1
26039 0
26040 1
26041 2
26042 0
26043 2
26044 1
26045 2
26046 0
26047 1
26048 2
26049 1
26050 2
26051 0
26052 2
26053 1
26054 0
26055 2
26056 1
26057 0
26058 2
26059 3
26060 0
26061 1
26062 0
26063 1
26064 2
26065 0
26066 2
26067 1
26068 2
26069 3
26070 0
26071 2
26072 1
26073 0
26074 2
26075 1
26076 2
26077 0
26078 1
26079 2
26080 0
26081 1
26082 0
26083 1
26084 2
26085 1
26086 2
26087 0
26088 2
26089 1
26090 2
26091 0
26092 3
26093 2
26094 0
26095 1
26096 2
26097 0
26098 2
26099 0
26100 2
26101 1
26102 2
26103 0
26104 1
26105 2
26106 0
26107 1
26108 3
26109 0
26110 1
26111 0
26112 1
26113 0
26114 2
26115 0
26116 2
26117 3
26118 1
26119 0
26120 2
26121 0
26122 1
26123 0
26124 2
26125 1
26126 0
26127 2
26128 1
26129 0
26130 1
26131 0
26132 1
26133 2
26134 3
26135 0
26136 1
26137 0
26138 2
26139 0
26140 1
26141 0
26142 1
26143 2
26144 0
26145 1
26146 0
26147 2
26148 0
26149 1
26150 2
26151 0
26152 1
26153 2
26154 0
26155 2
26156 3
26157 1
26158 2
26159 0
26160 2
26161 0
26162 1
26163 2
26164 0
26165 1
26166 0
26167 1
26168 2
26169 0
26170 1
26171 0
26172 1
26173 2
26174 0
26175 1
26176 0
26177 1
26178 2
26179 0
26180 2
26181 1
26182 2
26183 0
26184 2
26185 0
26186 2
26187 0
26188 1
26189 0
26190 1
26191 0
26192 1
26193 2
26194 1
26195 0
26196 2
26197 1
26198 2
26199 0
26200 2
26201 1
26202 0
26203 1
26204 3
26205 1
26206 2
26207 0
26208 2
26209 1
26210 0
26211 1
26212 0
26213 1
26214 0
26215 2
26216 1
26217 0
26218 1
26219 2
26220 0
26221 1
26222 2
26223 1
26224 0
26225 2
26226 1
26227 2
26228 1
26229 0
26230 1
26231 0
26232 1
26233 0
26234 1
26235 0
26236 2
26237 0
26238 2
26239 0
26240 2
26241 0
26242 1
26243 0
26244 1
26245 0
26246 1
26247 0
26248 1
26249 3
26250 1
26251 0
26252 1
26253 0
26254 3
26255 2
26256 0
26257 2
26258 1
26259 0
26260 2
26261 1
26262 0
26263 1
26264 0
26265 1
26266 0
26267 1
26268 2
26269 0
26270 2
26271 1
26272 2
26273 0
26274 1
26275 0
26276 1
26277 2
26278 0
26279 2
26280 1
26281 2
26282 0
26283 1
26284 2
26285 0
26286 2
26287 1
26288 0
26289 2
26290 0
26291 2
26292 0
26293 1
26294 0
26295 2
26296 1
26297 2
26298 3
26299 1
26300 2
26301 1
26302 0
26303 1
26304 0
26305 1
26306 0
26307 1
26308 2
26309 0
26310 2
26311 1
26312 0
26313 1
26314 0
26315 1
26316 2
26317 0
26318 1
26319 0
26320 2
26321 0
26322 2
26323 1
26324 0
26325 2
26326 1
26327 0
26328 2
26329 0
26330 1
26331 0
26332 2
26333 1
26334 0
26335 1
26336 0
26337 1
26338 0
26339 1
26340 2
26341 1
26342 0
26343 1
26344 0
26345 1
26346 0
26347 2
26348 0
26349 1
26350 2
26351 1
26352 0
26353 1
26354 2
26355 0
26356 2
26357 3
26358 1
26359 0
26360 3
26361 1
26362 0
26363 1
26364 2
26365 0
26366 1
26367 2
26368 1
26369 2
26370 0
26371 1
26372 0
26373 1
26374 0
26375 1
26376 0
26377 2
26378 0
26379 2
26380 1
26381 0
26382 2
26383 0
26384 1
26385 2
26386 0
26387 1
26388 0
26389 2
26390 0
26391 1
26392 2
26393 1
26394 0
26395 1
26396 0
26397 2
26398 0
26399 1
26400 3
26401 0
26402 2
26403 1
26404 0
26405 3
26406 2
26407 0
26408 2
26409 1
26410 0
26411 2
26412 1
26413 0
26414 2
26415 1
26416 0
26417 2
26418 0
26419 2
26420 1
26421 2
26422 0
26423 1
26424 0
26425 1
26426 2
26427 0
26428 1
26429 2
26430 3
26431 0
26432 2
26433 1
26434 2
26435 1
26436 0
26437 2
26438 1
26439 0
26440 2
26441 1
26442 2
26443 0
26444 2
26445 0
26446 1
26447 2
26448 0
26449 1
26450 0
26451 1
26452 2
26453 0
26454 1
26455 0
26456 2
26457 0
26458 1
26459 0
26460 1
26461 2
26462 1
26463 2
26464 0
26465 2
26466 1
26467 0
26468 2
26469 0
26470 2
26471 1
26472 2
26473 0
26474 1
26475 2
26476 1
26477 0
26478 1
26479 0
26480 1
26481 0
26482 2
26483 1
26484 2
26485 3
26486 1
26487 2
26488 0
26489 2
26490 1
26491 0
26492 2
26493 1
26494 2
26495 3
26496 0
26497 1
26498 0
26499 1
26500 2
26501 0
26502 1
26503 0
26504 1
26505 2
26506 0
26507 1
26508 0
26509 3
26510 2
26511 1
26512 2
26513 0
26514 2
26515 0
26516 1
26517 2
26518 1
26519 0
26520 1
26521 0
26522 2
26523 1
26524 0
26525 1
26526 0
26527 2
26528 0
26529 1
26530 0
26531 1
26532 0
26533 3
26534 2
26535 0
26536 2
26537 1
26538 0
26539 2
26540 0
26541 1
26542 2
26543 3
26544 1
26545 2
26546 1
26547 0
26548 1
26549 2
26550 0
26551 1
26552 2
26553 0
26554 1
26555 0
26556 2
26557 1
26558 2
26559 1
26560 2
26561 0
26562 2
26563 1
26564 0
26565 2
26566 0
26567 2
26568 0
26569 1
26570 2
26571 0
26572 1
26573 2
26574 0
26575 2
26576 1
26577 0
26578 1
26579 0
26580 1
26581 2
26582 0
26583 1
26584 2
26585 1
26586 0
26587 1
26588 2
26589 0
26590 1
26591 2
26592 3
26593 0
26594 2
26595 1
26596 0
26597 1
26598 3
26599 0
26600 2
26601 1
26602 3
26603 2
26604 1
26605 2
26606 0
26607 2
26608 0
26609 2
26610 1
26611 0
26612 1
26613 0
26614 2
26615 1
26616 2
26617 0
26618 2
26619 0
26620 1
26621 0
26622 1
26623 0
26624 2
26625 0
26626 1
26627 2
26628 0
26629 1
26630 3
26631 2
26632 3
26633 0
26634 2
26635 0
26636 2
26637 0
26638 1
26639 0
26640 1
26641 0
26642 1
26643 2
26644 1
26645 0
26646 1
26647 2
26648 0
26649 2
26650 1
26651 0
26652 1
26653 2
26654 0
26655 1
26656 3
26657 0
26658 1
26659 0
26660 1
26661 2
26662 0
26663 2
26664 0
26665 1
26666 0
26667 2
26668 3
26669 2
26670 0
26671 1
26672 0
26673 1
26674 0
26675 2
26676 1
26677 2
26678 0
26679 2
26680 1
26681 2
26682 0
26683 1
26684 0
26685 1
26686 0
26687 1
26688 0
26689 2
26690 0
26691 1
26692 0
26693 2
26694 3
26695 0
26696 1
26697 2
26698 0
26699 1
26700 0
26701 2
26702 1
26703 2
26704 0
26705 2
26706 0
26707 1
26708 0
26709 1
26710 0
26711 1
26712 0
26713 2
26714 0
26715 2
26716 3
26717 0
26718 2
26719 0
26720 1
26721 0
26722 2
26723 1
26724 0
26725 1
26726 0
26727 2
26728 1
26729 2
26730 0
26731 2
26732 0
26733 1
26734 2
26735 0
26736 1
26737 0
26738 1
26739 0
26740 2
26741 1
26742 0
26743 1
26744 0
26745 1
26746 2
26747 1
26748 0
26749 2
26750 1
26751 0
26752 2
26753 1
26754 0
26755 2
26756 0
26757 1
26758 2
26759 0
26760 1
26761 0
26762 1
26763 0
26764 1
26765 0
26766 1
26767 0
26768 1
26769 0
26770 2
26771 1
26772 2
26773 0
26774 3
26775 1
26776 2
26777 0
26778 2
26779 1
26780 0
26781 3
26782 2
26783 0
26784 1
26785 0
26786 1
26787 2
26788 1
26789 0
26790 1
26791 0
26792 1
26793 2
26794 1
26795 2
26796 3
26797 1
26798 0
26799 1
26800 0
26801 1
26802 2
26803 0
26804 1
26805 3
26806 0
26807 1
26808 0
26809 1
26810 0
26811 1
26812 3
26813 1
26814 3
26815 0
26816 2
26817 1
26818 0
26819 1
26820 0
26821 1
26822 2
26823 0
26824 2
26825 1
26826 2
26827 0
26828 2
26829 1
26830 2
26831 1
26832 0
26833 2
26834 1
26835 2
26836 1
26837 2
26838 1
26839 2
26840 0
26841 1
26842 2
26843 0
26844 1
26845 0
26846 2
26847 1
26848 0
26849 1
26850 2
26851 1
26852 2
26853 0
26854 2
26855 1
26856 0
26857 2
26858 1
26859 0
26860 1
26861 0
26862 3
26863 1
26864 0
26865 1
26866 0
26867 1
26868 0
26869 2
26870 0
26871 2
26872 0
26873 2
26874 0
26875 2
26876 0
26877 1
26878 2
26879 1
26880 2
26881 0
26882 1
26883 0
26884 1
26885 0
26886 1
26887 3
26888 0
26889 2
26890 1
26891 2
26892 0
26893 1
26894 0
26895 2
26896 1
26897 0
26898 1
26899 0
26900 1
26901 0
26902 1
26903 0
26904 3
26905 1
26906 2
26907 0
26908 2
26909 0
26910 2
26911 1
26912 3
26913 0
26914 1
26915 2
26916 0
26917 2
26918 1
26919 0
26920 1
26921 0
26922 2
26923 1
26924 0
26925 1
26926 2
26927 0
26928 2
26929 1
26930 2
26931 1
26932 0
26933 1
26934 2
26935 0
26936 3
26937 2
26938 3
26939 1
26940 2
26941 0
26942 2
26943 1
26944 2
26945 0
26946 1
26947 0
26948 1
26949 0
26950 2
26951 0
26952 1
26953 0
26954 2
26955 1
26956 2
26957 3
26958 0
26959 1
26960 0
26961 1
26962 0
26963 1
26964 0
26965 1
26966 0
26967 2
26968 1
26969 3
26970 0
26971 2
26972 1
26973 2
26974 0
26975 2
26976 1
26977 0
26978 2
26979 1
26980 2
26981 0
26982 1
26983 2
26984 0
26985 1
26986 2
26987 3
26988 0
26989 1
26990 2
26991 0
26992 1
26993 2
26994 0
26995 1
26996 2
26997 0
26998 1
26999 2
27000 1
27001 0
27002 1
27003 3
27004 2
27005 1
27006 0
27007 2
27008 0
27009 1
27010 2
27011 1
27012 0
27013 1
27014 0
27015 1
27016 0
27017 1
27018 2
27019 1
27020 3
27021 0
27022 1
27023 2
27024 1
27025 0
27026 1
27027 0
27028 1
27029 2
27030 1
27031 2
27032 3
27033 1
27034 0
27035 2
27036 1
27037 2
27038 0
27039 1
27040 2
27041 1
27042 0
27043 1
27044 0
27045 2
27046 1
27047 0
27048 1
27049 2
27050 0
27051 1
27052 2
27053 0
27054 2
27055 0
27056 1
27057 0
27058 1
27059 2
27060 0
27061 1
27062 2
27063 1
27064 0
27065 2
27066 1
27067 0
27068 1
27069 0
27070 1
27071 2
27072 0
27073 1
27074 2
27075 0
27076 1
27077 0
27078 1
27079 0
27080 1
27081 2
27082 0
27083 1
27084 0
27085 2
27086 1
27087 0
27088 1
27089 2
27090 0
27091 1
27092 0
27093 1
27094 0
27095 2
27096 1
27097 0
27098 1
27099 0
27100 2
27101 1
27102 2
27103 0
27104 2
27105 0
27106 2
27107 0
27108 2
27109 1
27110 0
27111 1
27112 0
27113 1
27114 0
27115 2
27116 1
27117 0
27118 1
27119 2
27120 1
27121 0
27122 1
27123 2
27124 0
27125 2
27126 3
27127 1
27128 0
27129 2
27130 1
27131 0
27132 1
27133 2
27134 0
27135 2
27136 1
27137 0
27138 1
27139 2
27140 0
27141 1
27142 2
27143 0
27144 2
27145 1
27146 0
27147 2
27148 0
27149 2
27150 1
27151 3
27152 0
27153 1
27154 0
27155 2
27156 1
27157 0
27158 2
27159 0
27160 1
27161 2
27162 0
27163 2
27164 1
27165 0
27166 1
27167 0
27168 2
27169 1
27170 2
27171 1
27172 2
27173 0
27174 2
27175 1
27176 3
27177 2
27178 1
27179 0
27180 2
27181 1
27182 0
27183 1
27184 0
27185 3
27186 1
27187 0
27188 1
27189 0
27190 2
27191 0
27192 2
27193 0
27194 1
27195 2
27196 1
27197 2
27198 0
27199 1
27200 0
27201 1
27202 0
27203 2
27204 1
27205 0
27206 2
27207 0
27208 2
27209 1
27210 2
27211 0
27212 1
27213 2
27214 0
27215 2
27216 3
27217 0
27218 2
27219 1
27220 0
27221 2
27222 1
27223 0
27224 1
27225 0
27226 1
27227 0
27228 1
27229 2
27230 3
27231 0
27232 1
27233 2
27234 0
27235 1
27236 0
27237 1
27238 0
27239 1
27240 0
27241 1
27242 2
27243 0
27244 1
27245 0
27246 1
27247 2
27248 1
27249 2
27250 0
27251 2
27252 0
27253 1
27254 0
27255 2
27256 0
27257 1
27258 2
27259 0
27260 1
27261 2
27262 0
27263 2
27264 0
27265 2
27266 0
27267 3
27268 2
27269 3
27270 1
27271 0
27272 1
27273 0
27274 2
27275 0
27276 1
27277 0
27278 1
27279 0
27280 1
27281 0
27282 1
27283 2
27284 3
27285 0
27286 2
27287 3
27288 0
27289 2
27290 1
27291 0
27292 1
27293 0
27294 2
27295 0
27296 2
27297 1
27298 0
27299 1
27300 2
27301 0
27302 2
27303 1
27304 2
27305 0
27306 2
27307 1
27308 0
27309 1
27310 2
27311 0
27312 2
27313 1
27314 2
27315 0
27316 2
27317 1
27318 2
27319 0
27320 1
27321 2
27322 1
27323 0
27324 2
27325 1
27326 2
27327 1
27328 0
27329 1
27330 0
27331 1
27332 0
27333 1
27334 2
27335 1
27336 0
27337 2
27338 1
27339 0
27340 1
27341 0
27342 2
27343 1
27344 0
27345 1
27346 0
27347 2
27348 1
27349 2
27350 0
27351 1
27352 0
27353 2
27354 1
27355 2
27356 1
27357 0
27358 1
27359 0
27360 1
27361 2
27362 0
27363 2
27364 1
27365 0
27366 1
27367 2
27368 0
27369 2
27370 1
27371 2
27372 3
27373 0
27374 1
27375 2
27376 1
27377 2
27378 1
27379 2
27380 0
27381 2
27382 0
27383 2
27384 0
27385 1
27386 2
27387 0
27388 2
27389 1
27390 2
27391 1
27392 2
27393 0
27394 2
27395 3
27396 1
27397 2
27398 0
27399 1
27400 0
27401 2
27402 1
27403 0
27404 1
27405 2
27406 3
27407 0
27408 2
27409 1
27410 2
27411 1
27412 2
27413 0
27414 2
27415 0
27416 1
27417 0
27418 1
27419 0
27420 2
27421 0
27422 1
27423 2
27424 1
27425 0
27426 1
27427 0
27428 1
27429 0
27430 1
27431 0
27432 1
27433 0
27434 1
27435 2
27436 1
27437 0
27438 2
27439 1
27440 2
27441 1
27442 2
27443 1
27444 2
27445 3
27446 0
27447 1
27448 0
27449 2
27450 1
27451 2
27452 1
27453 2
27454 1
27455 0
27456 1
27457 0
27458 1
27459 2
27460 0
27461 1
27462 0
27463 1
27464 2
27465 1
27466 0
27467 1
27468 2
27469 0
27470 3
27471 1
27472 0
27473 1
27474 2
27475 0
27476 2
27477 1
27478 2
27479 1
27480 0
27481 1
27482 2
27483 0
27484 2
27485 0
27486 1
27487 2
27488 0
27489 2
27490 1
27491 0
27492 1
27493 0
27494 1
27495 2
27496 1
27497 0
27498 2
27499 1
27500 0
27501 2
27502 1
27503 2
27504 0
27505 1
27506 2
27507 0
27508 1
27509 0
27510 1
27511 0
27512 1
27513 0
27514 1
27515 2
27516 0
27517 1
27518 0
27519 1
27520 0
27521 1
27522 0
27523 3
27524 2
27525 1
27526 0
27527 1
27528 2
27529 1
27530 0
27531 2
27532 3
27533 1
27534 2
27535 0
27536 1
27537 2
27538 0
27539 1
27540 0
27541 2
27542 3
27543 2
27544 1
27545 0
27546 2
27547 1
27548 0
27549 1
27550 0
27551 1
27552 0
27553 1
27554 0
27555 1
27556 2
27557 0
27558 1
27559 0
27560 2
27561 0
27562 2
27563 0
27564 2
27565 1
27566 2
27567 0
27568 1
27569 2
27570 0
27571 1
27572 0
27573 2
27574 1
27575 0
27576 2
27577 1
27578 0
27579 1
27580 0
27581 1
27582 0
27583 1
27584 0
27585 1
27586 0
27587 1
27588 2
27589 0
27590 1
27591 2
27592 1
27593 0
27594 2
27595 1
27596 0
27597 1
27598 2
27599 0
27600 2
27601 0
27602 2
27603 1
27604 0
27605 1
27606 2
27607 0
27608 1
27609 0
27610 1
27611 2
27612 3
27613 1
27614 2
27615 1
27616 0
27617 1
27618 0
27619 1
27620 2
27621 0
27622 1
27623 2
27624 0
27625 1
27626 0
27627 2
27628 0
27629 1
27630 0
27631 2
27632 0
27633 1
27634 2
27635 0
27636 1
27637 0
27638 1
27639 0
27640 1
27641 0
27642 1
27643 2
27644 3
27645 1
27646 0
27647 1
27648 0
27649 1
27650 0
27651 1
27652 3
27653 2
27654 3
27655 1
27656 0
27657 1
27658 0
27659 1
27660 2
27661 0
27662 2
27663 1
27664 2
27665 0
27666 1
27667 0
27668 2
27669 1
27670 0
27671 1
27672 0
27673 3
27674 1
27675 0
27676 1
27677 0
27678 1
27679 2
27680 3
27681 1
27682 2
27683 3
27684 1
27685 0
27686 2
27687 0
27688 2
27689 1
27690 0
27691 1
27692 0
27693 2
27694 1
27695 0
27696 1
27697 0
27698 1
27699 0
27700 1
27701 2
27702 1
27703 0
27704 2
27705 1
27706 0
27707 2
27708 1
27709 2
27710 1
27711 0
27712 1
27713 2
27714 0
27715 1
27716 0
27717 1
27718 2
27719 0
27720 1
27721 0
27722 2
27723 1
27724 2
27725 1
27726 2
27727 1
27728 0
27729 1
27730 0
27731 1
27732 0
27733 2
27734 3
27735 0
27736 1
27737 2
27738 0
27739 1
27740 2
27741 0
27742 1
27743 2
27744 0
27745 2
27746 0
27747 2
27748 0
27749 2
27750 0
27751 1
27752 2
27753 0
27754 1
27755 0
27756 3
27757 0
27758 2
27759 0
27760 1
27761 2
27762 0
27763 1
27764 2
27765 0
27766 1
27767 3
27768 0
27769 1
27770 2
27771 1
27772 0
27773 2
27774 1
27775 0
27776 1
27777 0
27778 1
27779 0
27780 1
27781 0
27782 2
27783 1
27784 2
27785 0
27786 1
27787 0
27788 2
27789 1
27790 0
27791 1
27792 0
27793 2
27794 1
27795 2
27796 0
27797 1
27798 2
27799 3
27800 0
27801 1
27802 2
27803 0
27804 1
27805 2
27806 0
27807 1
27808 3
27809 2
27810 0
27811 1
27812 0
27813 1
27814 0
27815 1
27816 2
27817 0
27818 2
27819 1
27820 2
27821 1
27822 0
27823 1
27824 3
27825 2
27826 0
27827 1
27828 2
27829 1
27830 0
27831 1
27832 2
27833 0
27834 1
27835 2
27836 1
27837 3
27838 0
27839 1
27840 0
27841 2
27842 1
27843 2
27844 0
27845 1
27846 0
27847 1
27848 0
27849 1
27850 0
27851 1
27852 2
27853 3
27854 2
27855 3
27856 1
27857 2
27858 1
27859 2
27860 0
27861 1
27862 0
27863 1
27864 0
27865 2
27866 1
27867 2
27868 3
27869 1
27870 2
27871 0
27872 1
27873 2
27874 0
27875 2
27876 1
27877 2
27878 0
27879 1
27880 0
27881 1
27882 0
27883 1
27884 0
27885 2
27886 1
27887 3
27888 0
27889 1
27890 2
27891 1
27892 2
27893 1
27894 0
27895 1
27896 0
27897 2
27898 0
27899 1
27900 0
27901 1
27902 0
27903 2
27904 1
27905 0
27906 2
27907 1
27908 0
27909 1
27910 0
27911 2
27912 0
27913 2
27914 1
27915 2
27916 0
27917 2
27918 1
27919 0
27920 2
27921 1
27922 0
27923 1
27924 0
27925 1
27926 2
27927 0
27928 1
27929 0
27930 3
27931 0
27932 1
27933 0
27934 1
27935 2
27936 0
27937 1
27938 3
27939 2
27940 1
27941 0
27942 1
27943 0
27944 1
27945 0
27946 1
27947 0
27948 3
27949 2
27950 0
27951 1
27952 0
27953 1
27954 2
27955 0
27956 2
27957 1
27958 0
27959 1
27960 2
27961 0
27962 1
27963 0
27964 2
27965 1
27966 3
27967 2
27968 0
27969 2
27970 1
27971 0
27972 1
27973 0
27974 1
27975 0
27976 2
27977 1
27978 2
27979 0
27980 1
27981 2
27982 0
27983 2
27984 1
27985 2
27986 0
27987 2
27988 1
27989 2
27990 1
27991 2
27992 0
27993 3
27994 1
27995 3
27996 1
27997 0
27998 1
27999 2
28000 1
28001 0
28002 2
28003 1
28004 3
28005 2
28006 1
28007 0
28008 2
28009 0
28010 1
28011 2
28012 0
28013 1
28014 2
28015 0
28016 2
28017 1
28018 0
28019 2
28020 1
28021 2
28022 0
28023 1
28024 0
28025 1
28026 3
28027 0
28028 1
28029 2
28030 3
28031 1
28032 2
28033 1
28034 0
28035 1
28036 0
28037 2
28038 0
28039 1
28040 0
28041 1
28042 0
28043 1
28044 0
28045 1
28046 0
28047 1
28048 0
28049 1
28050 0
28051 2
28052 1
28053 2
28054 1
28055 0
28056 2
28057 1
28058 2
28059 0
28060 2
28061 0
28062 1
28063 0
28064 2
28065 3
28066 0
28067 1
28068 2
28069 1
28070 0
28071 1
28072 0
28073 1
28074 0
28075 1
28076 2
28077 3
28078 1
28079 2
28080 1
28081 0
28082 1
28083 2
28084 0
28085 1
28086 2
28087 0
28088 1
28089 2
28090 3
28091 1
28092 2
28093 0
28094 2
28095 1
28096 2
28097 0
28098 2
28099 0
28100 3
28101 2
28102 0
28103 1
28104 0
28105 1
28106 2
28107 1
28108 2
28109 1
28110 2
28111 0
28112 1
28113 2
28114 0
28115 1
28116 2
28117 1
28118 0
28119 1
28120 2
28121 3
28122 1
28123 0
28124 1
28125 0
28126 1
28127 0
28128 1
28129 0
28130 1
28131 2
28132 0
28133 1
28134 0
28135 1
28136 0
28137 2
28138 1
28139 0
28140 1
28141 2
28142 0
28143 1
28144 0
28145 1
28146 2
28147 1
28148 0
28149 1
28150 2
28151 0
28152 1
28153 2
28154 0
28155 2
28156 0
28157 1
28158 0
28159 1
28160 0
28161 1
28162 3
28163 0
28164 1
28165 0
28166 1
28167 2
28168 0
28169 2
28170 1
28171 2
28172 0
28173 1
28174 0
28175 1
28176 0
28177 1
28178 0
28179 1
28180 0
28181 1
28182 2
28183 0
28184 1
28185 2
28186 0
28187 1
28188 2
28189 0
28190 1
28191 0
28192 1
28193 0
28194 1
28195 0
28196 1
28197 3
28198 0
28199 2
28200 1
28201 0
28202 1
28203 0
28204 2
28205 1
28206 0
28207 2
28208 1
28209 0
28210 1
28211 0
28212 1
28213 2
28214 0
28215 1
28216 2
28217 0
28218 2
28219 0
28220 1
28221 2
28222 3
28223 1
28224 0
28225 3
28226 1
28227 0
28228 1
28229 0
28230 2
28231 0
28232 1
28233 0
28234 1
28235 0
28236 3
28237 0
28238 1
28239 2
28240 0
28241 2
28242 1
28243 2
28244 0
28245 3
28246 1
28247 2
28248 0
28249 1
28250 2
28251 0
28252 1
28253 0
28254 2
28255 1
28256 0
28257 2
28258 1
28259 0
28260 1
28261 2
28262 0
28263 1
28264 2
28265 1
28266 0
28267 2
28268 0
28269 2
28270 1
28271 0
28272 1
28273 0
28274 1
28275 0
28276 2
28277 1
28278 0
28279 1
28280 0
28281 1
28282 0
28283 2
28284 1
28285 2
28286 3
28287 0
28288 1
28289 0
28290 2
28291 1
28292 2
28293 0
28294 1
28295 2
28296 1
28297 2
28298 1
28299 0
28300 2
28301 1
28302 0
28303 1
28304 2
28305 0
28306 1
28307 2
28308 0
28309 1
28310 0
28311 2
28312 0
28313 3
28314 2
28315 0
28316 1
28317 2
28318 1
28319 2
28320 1
28321 0
28322 1
28323 0
28324 2
28325 1
28326 2
28327 0
28328 2
28329 1
28330 0
28331 2
28332 3
28333 0
28334 1
28335 0
28336 1
28337 0
28338 1
28339 0
28340 1
28341 0
28342 2
28343 0
28344 1
28345 0
28346 1
28347 0
28348 1
28349 0
28350 2
28351 1
28352 0
28353 1
28354 2
28355 0
28356 2
28357 1
28358 0
28359 1
28360 0
28361 2
28362 1
28363 0
28364 1
28365 2
28366 0
28367 1
28368 0
28369 2
28370 1
28371 2
28372 0
28373 1
28374 0
28375 2
28376 0
28377 2
28378 0
28379 1
28380 2
28381 0
28382 1
28383 0
28384 1
28385 0
28386 1
28387 2
28388 1
28389 2
28390 0
28391 2
28392 1
28393 2
28394 0
28395 1
28396 0
28397 1
28398 0
28399 1
28400 2
28401 0
28402 1
28403 0
28404 1
28405 0
28406 1
28407 2
28408 0
28409 1
28410 0
28411 1
28412 2
28413 1
28414 2
28415 0
28416 2
28417 1
28418 2
28419 0
28420 2
28421 0
28422 1
28423 2
28424 1
28425 0
28426 1
28427 0
28428 2
28429 1
28430 0
28431 3
28432 2
28433 3
28434 2
28435 1
28436 2
28437 1
28438 0
28439 1
28440 3
28441 0
28442 1
28443 0
28444 1
28445 0
28446 1
28447 2
28448 0
28449 1
28450 0
28451 1
28452 0
28453 2
28454 0
28455 1
28456 0
28457 1
28458 0
28459 1
28460 2
28461 1
28462 2
28463 1
28464 0
28465 2
28466 0
28467 1
28468 0
28469 1
28470 2
28471 0
28472 2
28473 0
28474 1
28475 2
28476 0
28477 2
28478 1
28479 2
28480 1
28481 0
28482 2
28483 1
28484 0
28485 2
28486 1
28487 2
28488 0
28489 2
28490 1
28491 2
28492 0
28493 2
28494 1
28495 0
28496 1
28497 0
28498 1
28499 0
28500 1
28501 2
28502 0
28503 1
28504 0
28505 1
28506 0
28507 2
28508 1
28509 2
28510 1
28511 0
28512 3
28513 2
28514 0
28515 1
28516 0
28517 1
28518 0
28519 2
28520 3
28521 0
28522 1
28523 2
28524 0
28525 1
28526 0
28527 2
28528 3
28529 0
28530 1
28531 0
28532 2
28533 1
28534 2
28535 1
28536 2
28537 1
28538 2
28539 0
28540 1
28541 3
28542 0
28543 1
28544 2
28545 1
28546 2
28547 1
28548 2
28549 0
28550 3
28551 0
28552 1
28553 3
28554 2
28555 1
28556 0
28557 1
28558 0
28559 1
28560 0
28561 1
28562 3
28563 2
28564 0
28565 1
28566 2
28567 1
28568 2
28569 3
28570 0
28571 1
28572 2
28573 0
28574 2
28575 0
28576 1
28577 2
28578 0
28579 1
28580 2
28581 1
28582 0
28583 2
28584 1
28585 0
28586 1
28587 0
28588 1
28589 0
28590 2
28591 0
28592 1
28593 0
28594 2
28595 1
28596 0
28597 2
28598 0
28599 1
28600 0
28601 1
28602 3
28603 2
28604 1
28605 0
28606 3
28607 1
28608 2
28609 3
28610 1
28611 2
28612 1
28613 2
28614 3
28615 1
28616 0
28617 2
28618 1
28619 0
28620 2
28621 1
28622 0
28623 1
28624 3
28625 0
28626 3
28627 0
28628 2
28629 0
28630 1
28631 2
28632 0
28633 2
28634 1
28635 0
28636 1
28637 0
28638 1
28639 2
28640 0
28641 2
28642 1
28643 0
28644 3
28645 2
28646 0
28647 1
28648 0
28649 1
28650 2
28651 1
28652 0
28653 1
28654 2
28655 0
28656 1
28657 0
28658 3
28659 1
28660 0
28661 2
28662 1
28663 0
28664 2
28665 1
28666 0
28667 2
28668 1
28669 2
28670 1
28671 2
28672 0
28673 1
28674 0
28675 1
28676 3
28677 2
28678 0
28679 2
28680 1
28681 2
28682 1
28683 2
28684 0
28685 1
28686 2
28687 3
28688 0
28689 1
28690 0
28691 1
28692 2
28693 1
28694 2
28695 1
28696 0
28697 2
28698 1
28699 2
28700 0
28701 1
28702 3
28703 0
28704 2
28705 0
28706 1
28707 0
28708 1
28709 0
28710 1
28711 0
28712 1
28713 2
28714 3
28715 1
28716 3
28717 0
28718 2
28719 0
28720 1
28721 2
28722 0
28723 1
28724 3
28725 0
28726 1
28727 0
28728 2
28729 0
28730 1
28731 0
28732 1
28733 0
28734 3
28735 2
28736 0
28737 1
28738 2
28739 3
28740 2
28741 1
28742 0
28743 2
28744 1
28745 0
28746 2
28747 1
28748 0
28749 1
28750 0
28751 2
28752 1
28753 0
28754 2
28755 0
28756 2
28757 1
28758 2
28759 1
28760 2
28761 0
28762 3
28763 2
28764 0
28765 1
28766 2
28767 0
28768 1
28769 2
28770 1
28771 0
28772 2
28773 1
28774 0
28775 1
28776 3
28777 2
28778 1
28779 2
28780 0
28781 2
28782 0
28783 1
28784 2
28785 0
28786 1
28787 2
28788 1
28789 0
28790 3
28791 0
28792 1
28793 0
28794 2
28795 1
28796 2
28797 0
28798 1
28799 2
28800 3
28801 1
28802 2
28803 1
28804 0
28805 1
28806 2
28807 0
28808 2
28809 1
28810 0
28811 1
28812 2
28813 1
28814 0
28815 1
28816 0
28817 1
28818 2
28819 0
28820 1
28821 0
28822 2
28823 1
28824 2
28825 1
28826 2
28827 1
28828 0
28829 1
28830 2
28831 1
28832 2
28833 1
28834 2
28835 0
28836 1
28837 2
28838 1
28839 0
28840 3
28841 2
28842 0
28843 2
28844 1
28845 2
28846 0
28847 2
28848 0
28849 1
28850 3
28851 0
28852 1
28853 2
28854 0
28855 2
28856 1
28857 0
28858 1
28859 0
28860 1
28861 2
28862 1
28863 0
28864 1
28865 2
28866 0
28867 2
28868 0
28869 2
28870 1
28871 0
28872 1
28873 2
28874 0
28875 1
28876 0
28877 3
28878 2
28879 3
28880 1
28881 0
28882 1
28883 0
28884 1
28885 0
28886 2
28887 1
28888 0
28889 2
28890 0
28891 2
28892 1
28893 2
28894 3
28895 0
28896 1
28897 0
28898 1
28899 0
28900 1
28901 0
28902 2
28903 1
28904 0
28905 2
28906 3
28907 1
28908 0
28909 2
28910 1
28911 0
28912 2
28913 1
28914 3
28915 1
28916 0
28917 1
28918 0
28919 1
28920 0
28921 1
28922 2
28923 0
28924 1
28925 0
28926 1
28927 0
28928 1
28929 0
28930 1
28931 0
28932 1
28933 2
28934 1
28935 0
28936 2
28937 1
28938 0
28939 2
28940 1
28941 2
28942 0
28943 2
28944 0
28945 1
28946 0
28947 1
28948 0
28949 2
28950 1
28951 0
28952 2
28953 1
28954 0
28955 1
28956 0
28957 1
28958 2
28959 3
28960 0
28961 2
28962 0
28963 1
28964 0
28965 1
28966 0
28967 2
28968 1
28969 3
28970 2
28971 1
28972 0
28973 2
28974 1
28975 0
28976 1
28977 0
28978 1
28979 2
28980 0
28981 2
28982 0
28983 2
28984 1
28985 0
28986 1
28987 2
28988 1
28989 0
28990 1
28991 0
28992 1
28993 0
28994 1
28995 2
28996 0
28997 2
28998 0
28999 1
29000 2
29001 3
29002 0
29003 1
29004 0
29005 1
29006 2
29007 0
29008 2
29009 1
29010 2
29011 1
29012 2
29013 0
29014 1
29015 2
29016 0
29017 2
29018 1
29019 0
29020 2
29021 1
29022 2
29023 1
29024 0
29025 2
29026 1
29027 2
29028 0
29029 2
29030 0
29031 1
29032 0
29033 1
29034 2
29035 0
29036 2
29037 1
29038 2
29039 0
29040 2
29041 1
29042 2
29043 0
29044 2
29045 1
29046 3
29047 0
29048 2
29049 0
29050 1
29051 0
29052 3
29053 1
29054 2
29055 0
29056 1
29057 0
29058 2
29059 1
29060 0
29061 1
29062 0
29063 1
29064 0
29065 1
29066 0
29067 1
29068 0
29069 1
29070 0
29071 1
29072 0
29073 1
29074 3
29075 0
29076 1
29077 0
29078 3
29079 2
29080 1
29081 2
29082 1
29083 0
29084 1
29085 0
29086 1
29087 2
29088 0
29089 1
29090 0
29091 1
29092 2
29093 0
29094 2
29095 0
29096 1
29097 0
29098 2
29099 0
29100 2
29101 1
29102 0
29103 3
29104 1
29105 0
29106 1
29107 0
29108 1
29109 2
29110 3
29111 0
29112 1
29113 0
29114 1
29115 0
29116 1
29117 0
29118 2
29119 1
29120 2
29121 0
29122 1
29123 0
29124 1
29125 0
29126 2
29127 0
29128 2
29129 1
29130 0
29131 1
29132 2
29133 1
29134 0
29135 3
29136 1
29137 0
29138 1
29139 2
29140 1
29141 2
29142 0
29143 1
29144 0
29145 1
29146 2
29147 1
29148 2
29149 0
29150 1
29151 0
29152 1
29153 0
29154 1
29155 0
29156 1
29157 0
29158 1
29159 0
29160 2
29161 1
29162 2
29163 0
29164 1
29165 0
29166 2
29167 0
29168 2
29169 0
29170 1
29171 0
29172 1
29173 0
29174 2
29175 3
29176 1
29177 0
29178 2
29179 1
29180 0
29181 2
29182 1
29183 0
29184 2
29185 1
29186 2
29187 0
29188 2
29189 1
29190 3
29191 2
29192 1
29193 2
29194 0
29195 2
29196 0
29197 1
29198 0
29199 1
29200 0
29201 1
29202 0
29203 1
29204 0
29205 3
29206 1
29207 2
29208 1
29209 2
29210 0
29211 2
29212 1
29213 2
29214 0
29215 2
29216 3
29217 1
29218 2
29219 1
29220 3
29221 0
29222 2
29223 1
29224 2
29225 0
29226 1
29227 0
29228 1
29229 0
29230 1
29231 0
29232 2
29233 1
29234 0
29235 2
29236 0
29237 1
29238 0
29239 1
29240 0
29241 1
29242 2
29243 1
29244 2
29245 0
29246 1
29247 2
29248 1
29249 0
29250 1
29251 0
29252 1
29253 0
29254 2
29255 0
29256 2
29257 3
29258 1
29259 0
29260 2
29261 1
29262 0
29263 1
29264 2
29265 0
29266 2
29267 1
29268 0
29269 2
29270 1
29271 0
29272 1
29273 2
29274 0
29275 2
29276 1
29277 2
29278 0
29279 3
29280 0
29281 2
29282 1
29283 3
29284 2
29285 0
29286 1
29287 0
29288 1
29289 0
29290 2
29291 0
29292 1
29293 0
29294 1
29295 2
29296 1
29297 0
29298 1
29299 0
29300 1
29301 2
29302 0
29303 1
29304 2
29305 1
29306 0
29307 2
29308 1
29309 2
29310 0
29311 1
29312 0
29313 1
29314 0
29315 2
29316 1
29317 0
29318 1
29319 2
29320 0
29321 1
29322 0
29323 2
29324 0
29325 1
29326 2
29327 0
29328 2
29329 0
29330 1
29331 0
29332 1
29333 0
29334 2
29335 1
29336 0
29337 1
29338 0
29339 1
29340 0
29341 1
29342 2
29343 1
29344 0
29345 1
29346 0
29347 2
29348 0
29349 2
29350 1
29351 0
29352 1
29353 0
29354 2
29355 0
29356 1
29357 3
29358 1
29359 2
29360 3
29361 1
29362 0
29363 2
29364 1
29365 0
29366 1
29367 0
29368 1
29369 0
29370 2
29371 1
29372 0
29373 2
29374 1
29375 2
29376 0
29377 1
29378 2
29379 0
29380 1
29381 2
29382 0
29383 1
29384 2
29385 1
29386 2
29387 1
29388 2
29389 0
29390 2
29391 0
29392 1
29393 2
29394 1
29395 0
29396 1
29397 0
29398 2
29399 1
29400 2
29401 0
29402 2
29403 0
29404 1
29405 0
29406 1
29407 0
29408 2
29409 1
29410 0
29411 2
29412 0
29413 1
29414 2
29415 1
29416 2
29417 0
29418 1
29419 0
29420 3
29421 1
29422 2
29423 1
29424 0
29425 1
29426 3
29427 2
29428 0
29429 2
29430 1
29431 0
29432 1
29433 0
29434 2
29435 0
29436 1
29437 0
29438 2
29439 1
29440 0
29441 1
29442 2
29443 1
29444 0
29445 1
29446 2
29447 1
29448 0
29449 1
29450 2
29451 0
29452 2
29453 1
29454 0
29455 2
29456 0
29457 1
29458 0
29459 1
29460 0
29461 1
29462 0
29463 1
29464 0
29465 1
29466 2
29467 0
29468 2
29469 1
29470 0
29471 2
29472 1
29473 0
29474 2
29475 1
29476 2
29477 0
29478 2
29479 0
29480 3
29481 2
29482 0
29483 1
29484 0
29485 2
29486 1
29487 0
29488 1
29489 0
29490 1
29491 2
29492 0
29493 1
29494 0
29495 2
29496 1
29497 2
29498 0
29499 1
29500 0
29501 1
29502 0
29503 1
29504 2
29505 0
29506 1
29507 0
29508 2
29509 1
29510 2
29511 0
29512 1
29513 2
29514 0
29515 2
29516 0
29517 1
29518 0
29519 1
29520 2
29521 1
29522 2
29523 0
29524 2
29525 0
29526 2
29527 1
29528 0
29529 1
29530 0
29531 1
29532 2
29533 1
29534 0
29535 2
29536 3
29537 2
29538 0
29539 2
29540 1
29541 0
29542 1
29543 0
29544 1
29545 0
29546 1
29547 0
29548 1
29549 2
29550 0
29551 1
29552 2
29553 1
29554 0
29555 1
29556 0
29557 1
29558 2
29559 0
29560 2
29561 1
29562 0
29563 1
29564 2
29565 0
29566 2
29567 0
29568 2
29569 0
29570 2
29571 1
29572 2
29573 3
29574 1
29575 0
29576 1
29577 0
29578 3
29579 1
29580 2
29581 1
29582 3
29583 0
29584 1
29585 2
29586 0
29587 1
29588 2
29589 0
29590 2
29591 1
29592 2
29593 0
29594 2
29595 1
29596 2
29597 1
29598 0
29599 1
29600 2
29601 1
29602 0
29603 1
29604 0
29605 2
29606 1
29607 0
29608 1
29609 0
29610 1
29611 2
29612 0
29613 2
29614 0
29615 1
29616 0
29617 1
29618 0
29619 2
29620 1
29621 2
29622 0
29623 2
29624 0
29625 2
29626 1
29627 2
29628 0
29629 1
29630 2
29631 0
29632 1
29633 0
29634 1
29635 0
29636 1
29637 3
29638 2
29639 0
29640 1
29641 0
29642 1
29643 0
29644 1
29645 0
29646 1
29647 0
29648 1
29649 2
29650 0
29651 1
29652 0
29653 1
29654 0
29655 1
29656 2
29657 0
29658 2
29659 0
29660 2
29661 1
29662 0
29663 1
29664 2
29665 0
29666 1
29667 0
29668 1
29669 2
29670 0
29671 2
29672 1
29673 2
29674 3
29675 0
29676 1
29677 2
29678 3
29679 1
29680 0
29681 1
29682 2
29683 0
29684 1
29685 0
29686 2
29687 1
29688 2
29689 0
29690 2
29691 0
29692 1
29693 0
29694 1
29695 2
29696 1
29697 0
29698 2
29699 3
29700 0
29701 1
29702 2
29703 0
29704 1
29705 2
29706 1
29707 2
29708 0
29709 3
29710 1
29711 0
29712 2
29713 0
29714 1
29715 0
29716 1
29717 2
29718 0
29719 1
29720 2
29721 0
29722 1
29723 0
29724 1
29725 0
29726 1
29727 0
29728 1
29729 2
29730 1
29731 2
29732 0
29733 1
29734 0
29735 1
29736 2
29737 0
29738 2
29739 3
29740 1
29741 0
29742 1
29743 0
29744 1
29745 0
29746 1
29747 0
29748 1
29749 0
29750 1
29751 0
29752 2
29753 0
29754 2
29755 1
29756 0
29757 1
29758 2
29759 1
29760 0
29761 1
29762 2
29763 0
29764 1
29765 0
29766 2
29767 1
29768 2
29769 1
29770 2
29771 0
29772 3
29773 2
29774 0
29775 2
29776 0
29777 2
29778 0
29779 2
29780 1
29781 2
29782 1
29783 0
29784 1
29785 0
29786 3
29787 1
29788 0
29789 1
29790 2
29791 1
29792 0
29793 3
29794 2
29795 1
29796 2
29797 3
29798 0
29799 2
29800 1
29801 0
29802 1
29803 2
29804 3
29805 1
29806 0
29807 1
29808 2
29809 1
29810 2
29811 0
29812 3
29813 1
29814 0
29815 1
29816 0
29817 1
29818 2
29819 0
29820 1
29821 2
29822 1
29823 2
29824 0
29825 1
29826 0
29827 3
29828 1
29829 0
29830 2
29831 1
29832 0
29833 1
29834 0
29835 1
29836 4
29837 2
29838 0
29839 1
29840 2
29841 0
29842 1
29843 2
29844 0
29845 1
29846 2
29847 1
29848 2
29849 1
29850 0
29851 1
29852 2
29853 0
29854 1
29855 2
29856 0
29857 1
29858 0
29859 1
29860 0
29861 2
29862 1
29863 2
29864 1
29865 0
29866 1
29867 0
29868 1
29869 2
29870 1
29871 3
29872 1
29873 2
29874 0
29875 1
29876 2
29877 0
29878 3
29879 2
29880 0
29881 1
29882 0
29883 2
29884 1
29885 3
29886 2
29887 3
29888 1
29889 0
29890 1
29891 0
29892 1
29893 2
29894 0
29895 2
29896 1
29897 0
29898 1
29899 0
29900 2
29901 1
29902 0
29903 2
29904 3
29905 0
29906 2
29907 1
29908 2
29909 1
29910 0
29911 2
29912 0
29913 1
29914 2
29915 0
29916 1
29917 2
29918 0
29919 2
29920 1
29921 0
29922 2
29923 1
29924 0
29925 2
29926 1
29927 0
29928 2
29929 0
29930 2
29931 1
29932 0
29933 1
29934 2
29935 1
29936 2
29937 0
29938 2
29939 1
29940 2
29941 0
29942 2
29943 1
29944 2
29945 1
29946 0
29947 1
29948 0
29949 1
29950 2
29951 1
29952 2
29953 0
29954 1
29955 2
29956 1
29957 3
29958 0
29959 2
29960 1
29961 2
29962 0
29963 2
29964 1
29965 0
29966 2
29967 0
29968 2
29969 3
29970 0
29971 1
29972 2
29973 1
29974 2
29975 0
29976 2
29977 1
29978 2
29979 3
29980 1
29981 0
29982 1
29983 2
29984 1
29985 0
29986 1
29987 0
29988 2
29989 0
29990 1
29991 0
29992 3
29993 1
29994 0
29995 1
29996 0
29997 2
29998 0
29999 1
30000 0
30001 1
30002 2
30003 0
30004 1
30005 3
30006 1
30007 2
30008 0
30009 1
30010 0
30011 1
30012 0
30013 1
30014 2
30015 1
30016 0
30017 2
30018 3
30019 0
30020 1
30021 0
30022 3
30023 1
30024 0
30025 1
30026 0
30027 2
30028 0
30029 1
30030 2
30031 0
30032 1
30033 0
30034 2
30035 0
30036 1
30037 0
30038 1
30039 2
30040 0
30041 1
30042 2
30043 1
30044 0
30045 2
30046 3
30047 1
30048 0
30049 1
30050 2
30051 0
30052 1
30053 0
30054 1
30055 0
30056 1
30057 2
30058 1
30059 2
30060 0
30061 1
30062 2
30063 0
30064 1
30065 0
30066 2
30067 1
30068 0
30069 2
30070 0
30071 1
30072 2
30073 0
30074 1
30075 0
30076 2
30077 1
30078 2
30079 0
30080 1
30081 0
30082 2
30083 1
30084 0
30085 1
30086 0
30087 2
30088 1
30089 2
30090 0
30091 1
30092 2
30093 3
30094 1
30095 0
30096 2
30097 1
30098 2
30099 3
30100 1
30101 2
30102 1
30103 0
30104 3
30105 2
30106 1
30107 2
30108 1
30109 0
30110 2
30111 1
30112 2
30113 0
30114 2
30115 1
30116 2
30117 0
30118 1
30119 2
30120 1
30121 2
30122 1
30123 0
30124 1
30125 2
30126 0
30127 1
30128 0
30129 1
30130 0
30131 2
30132 1
30133 2
30134 0
30135 2
30136 0
30137 1
30138 2
30139 0
30140 1
30141 0
30142 1
30143 0
30144 1
30145 0
30146 1
30147 0
30148 1
30149 0
30150 1
30151 2
30152 0
30153 1
30154 2
30155 1
30156 0
30157 1
30158 2
30159 0
30160 2
30161 1
30162 2
30163 1
30164 0
30165 2
30166 0
30167 1
30168 2
30169 0
30170 1
30171 0
30172 2
30173 0
30174 2
30175 0
30176 1
30177 2
30178 0
30179 1
30180 2
30181 1
30182 0
30183 1
30184 0
30185 2
30186 1
30187 2
30188 1
30189 0
30190 2
30191 1
30192 0
30193 2
30194 1
30195 0
30196 1
30197 3
30198 2
30199 0
30200 1
30201 2
30202 1
30203 0
30204 1
30205 0
30206 1
30207 0
30208 1
30209 2
30210 3
30211 1
30212 0
30213 1
30214 2
30215 0
30216 2
30217 1
30218 0
30219 2
30220 1
30221 0
30222 2
30223 1
30224 2
30225 3
30226 0
30227 1
30228 2
30229 3
30230 1
30231 0
30232 1
30233 0
30234 2
30235 1
30236 2
30237 0
30238 1
30239 0
30240 2
30241 1
30242 0
30243 1
30244 0
30245 1
30246 3
30247 2
30248 0
30249 2
30250 0
30251 1
30252 0
30253 1
30254 2
30255 1
30256 0
30257 2
30258 1
30259 3
30260 0
30261 1
30262 2
30263 1
30264 0
30265 1
30266 0
30267 1
30268 0
30269 1
30270 0
30271 2
30272 0
30273 1
30274 3
30275 2
30276 0
30277 1
30278 2
30279 0
30280 1
30281 2
30282 0
30283 1
30284 0
30285 1
30286 2
30287 3
30288 1
30289 2
30290 1
30291 0
30292 1
30293 2
30294 0
30295 2
30296 0
30297 2
30298 1
30299 3
30300 0
30301 2
30302 1
30303 2
30304 0
30305 2
30306 1
30307 2
30308 0
30309 1
30310 0
30311 1
30312 0
30313 1
30314 0
30315 2
30316 1
30317 2
30318 1
30319 2
30320 0
30321 1
30322 0
30323 2
30324 1
30325 2
30326 0
30327 2
30328 1
30329 0
30330 1
30331 0
30332 1
30333 2
30334 0
30335 2
30336 1
30337 2
30338 0
30339 2
30340 1
30341 0
30342 3
30343 0
30344 1
30345 0
30346 1
30347 0
30348 2
30349 0
30350 2
30351 0
30352 1
30353 2
30354 0
30355 1
30356 0
30357 2
30358 1
30359 2
30360 1
30361 0
30362 3
30363 1
30364 0
30365 1
30366 2
30367 0
30368 1
30369 0
30370 1
30371 0
30372 1
30373 0
30374 1
30375 0
30376 1
30377 2
30378 1
30379 2
30380 3
30381 0
30382 1
30383 2
30384 0
30385 2
30386 1
30387 2
30388 3
30389 0
30390 1
30391 0
30392 2
30393 0
30394 1
30395 2
30396 0
30397 1
30398 0
30399 1
30400 0
30401 1
30402 2
30403 1
30404 0
30405 1
30406 2
30407 1
30408 0
30409 1
30410 0
30411 2
30412 0
30413 1
30414 0
30415 1
30416 2
30417 0
30418 2
30419 1
30420 2
30421 0
30422 2
30423 0
30424 2
30425 1
30426 0
30427 1
30428 0
30429 1
30430 0
30431 2
30432 0
30433 1
30434 0
30435 1
30436 2
30437 0
30438 2
30439 1
30440 2
30441 1
30442 2
30443 3
30444 1
30445 2
30446 1
30447 0
30448 2
30449 1
30450 2
30451 0
30452 2
30453 1
30454 2
30455 0
30456 1
30457 3
30458 0
30459 2
30460 1
30461 0
30462 2
30463 0
30464 2
30465 1
30466 0
30467 2
30468 1
30469 0
30470 1
30471 0
30472 1
30473 0
30474 1
30475 2
30476 0
30477 1
30478 2
30479 0
30480 1
30481 0
30482 1
30483 2
30484 1
30485 2
30486 0
30487 2
30488 1
30489 0
30490 1
30491 0
30492 1
30493 0
30494 2
30495 1
30496 0
30497 1
30498 2
30499 0
30500 1
30501 0
30502 1
30503 0
30504 3
30505 1
30506 2
30507 0
30508 2
30509 1
30510 0
30511 1
30512 2
30513 0
30514 2
30515 0
30516 2
30517 1
30518 0
30519 1
30520 0
30521 1
30522 0
30523 2
30524 0
30525 2
30526 1
30527 2
30528 1
30529 0
30530 1
30531 0
30532 2
30533 1
30534 2
30535 0
30536 1
30537 2
30538 1
30539 0
30540 1
30541 0
30542 2
30543 0
30544 1
30545 2
30546 1
30547 0
30548 1
30549 0
30550 1
30551 2
30552 3
30553 1
30554 3
30555 0
30556 2
30557 1
30558 2
30559 3
30560 1
30561 0
30562 2
30563 1
30564 0
30565 1
30566 0
30567 1
30568 2
30569 0
30570 1
30571 2
30572 0
30573 2
30574 1
30575 0
30576 1
30577 0
30578 1
30579 2
30580 1
30581 0
30582 1
30583 0
30584 1
30585 0
30586 2
30587 0
30588 1
30589 0
30590 1
30591 0
30592 1
30593 2
30594 0
30595 1
30596 0
30597 1
30598 3
30599 0
30600 2
30601 0
30602 1
30603 0
30604 1
30605 2
30606 1
30607 2
30608 0
30609 2
30610 1
30611 0
30612 2
30613 1
30614 2
30615 0
30616 1
30617 2
30618 0
30619 2
30620 1
30621 2
30622 1
30623 0
30624 1
30625 0
30626 1
30627 0
30628 1
30629 2
30630 0
30631 2
30632 1
30633 2
30634 0
30635 1
30636 0
30637 1
30638 2
30639 0
30640 1
30641 0
30642 3
30643 2
30644 1
30645 2
30646 3
30647 0
30648 2
30649 1
30650 2
30651 0
30652 3
30653 2
30654 0
30655 2
30656 0
30657 1
30658 0
30659 1
30660 0
30661 2
30662 1
30663 0
30664 1
30665 2
30666 0
30667 3
30668 1
30669 0
30670 2
30671 0
30672 1
30673 0
30674 1
30675 0
30676 1
30677 0
30678 2
30679 1
30680 2
30681 0
30682 1
30683 0
30684 1
30685 2
30686 1
30687 0
30688 3
30689 2
30690 0
30691 2
30692 0
30693 2
30694 1
30695 2
30696 0
30697 1
30698 2
30699 0
30700 2
30701 1
30702 3
30703 2
30704 1
30705 0
30706 1
30707 2
30708 0
30709 1
30710 2
30711 0
30712 1
30713 0
30714 1
30715 2
30716 0
30717 1
30718 0
30719 1
30720 2
30721 0
30722 2
30723 1
30724 2
30725 0
30726 1
30727 0
30728 1
30729 2
30730 0
30731 1
30732 2
30733 0
30734 1
30735 0
30736 1
30737 2
30738 0
30739 2
30740 0
30741 2
30742 1
30743 0
30744 1
30745 0
30746 1
30747 2
30748 0
30749 2
30750 1
30751 2
30752 3
30753 0
30754 1
30755 2
30756 0
30757 1
30758 0
30759 3
30760 1
30761 0
30762 1
30763 0
30764 1
30765 2
30766 1
30767 2
30768 0
30769 1
30770 2
30771 0
30772 2
30773 0
30774 1
30775 0
30776 1
30777 2
30778 0
30779 3
30780 2
30781 0
30782 1
30783 0
30784 1
30785 2
30786 0
30787 1
30788 0
30789 2
30790 1
30791 0
30792 1
30793 2
30794 0
30795 1
30796 0
30797 2
30798 1
30799 2
30800 0
30801 1
30802 2
30803 0
30804 1
30805 0
30806 3
30807 2
30808 1
30809 2
30810 0
30811 2
30812 0
30813 1
30814 0
30815 1
30816 2
30817 0
30818 1
30819 2
30820 3
30821 1
30822 2
30823 3
30824 1
30825 0
30826 2
30827 0
30828 2
30829 1
30830 0
30831 1
30832 2
30833 1
30834 0
30835 2
30836 1
30837 0
30838 1
30839 0
30840 1
30841 2
30842 1
30843 2
30844 1
30845 0
30846 1
30847 0
30848 1
30849 2
30850 1
30851 2
30852 0
30853 2
30854 0
30855 2
30856 1
30857 0
30858 2
30859 1
30860 0
30861 1
30862 0
30863 1
30864 2
30865 0
30866 2
30867 1
30868 2
30869 1
30870 0
30871 1
30872 0
30873 2
30874 3
30875 0
30876 1
30877 0
30878 1
30879 0
30880 1
30881 0
30882 2
30883 0
30884 1
30885 0
30886 1
30887 2
30888 1
30889 0
30890 1
30891 3
30892 2
30893 0
30894 1
30895 0
30896 2
30897 1
30898 2
30899 0
30900 2
30901 1
30902 0
30903 1
30904 0
30905 1
30906 0
30907 1
30908 2
30909 1
30910 0
30911 1
30912 2
30913 1
30914 2
30915 3
30916 1
30917 0
30918 1
30919 0
30920 1
30921 2
30922 0
30923 1
30924 0
30925 1
30926 0
30927 1
30928 2
30929 0
30930 1
30931 2
30932 0
30933 1
30934 0
30935 1
30936 0
30937 1
30938 0
30939 1
30940 2
30941 0
30942 1
30943 0
30944 2
30945 0
30946 2
30947 0
30948 1
30949 0
30950 1
30951 2
30952 0
30953 1
30954 0
30955 1
30956 0
30957 1
30958 0
30959 1
30960 2
30961 0
30962 1
30963 2
30964 0
30965 1
30966 2
30967 0
30968 2
30969 0
30970 1
30971 2
30972 3
30973 1
30974 2
30975 0
30976 3
30977 2
30978 0
30979 2
30980 1
30981 0
30982 2
30983 1
30984 0
30985 1
30986 2
30987 0
30988 2
30989 1
30990 0
30991 1
30992 0
30993 1
30994 0
30995 1
30996 2
30997 1
30998 2
30999 1
31000 0
31001 1
31002 0
31003 1
31004 2
31005 0
31006 1
31007 0
31008 2
31009 1
31010 2
31011 3
31012 1
31013 0
31014 1
31015 0
31016 2
31017 0
31018 3
31019 2
31020 1
31021 3
31022 1
31023 0
31024 2
31025 1
31026 2
31027 0
31028 1
31029 0
31030 1
31031 2
31032 0
31033 1
31034 0
31035 2
31036 0
31037 1
31038 2
31039 3
31040 0
31041 2
31042 1
31043 2
31044 0
31045 1
31046 0
31047 2
31048 1
31049 2
31050 0
31051 2
31052 3
31053 1
31054 3
31055 1
31056 3
31057 0
31058 2
31059 1
31060 0
31061 3
31062 2
31063 3
31064 0
31065 2
31066 1
31067 0
31068 1
31069 0
31070 1
31071 2
31072 0
31073 1
31074 0
31075 1
31076 2
31077 0
31078 2
31079 0
31080 1
31081 0
31082 2
31083 1
31084 2
31085 1
31086 2
31087 0
31088 1
31089 0
31090 1
31091 0
31092 1
31093 0
31094 1
31095 0
31096 1
31097 2
31098 1
31099 0
31100 1
31101 2
31102 0
31103 2
31104 0
31105 1
31106 0
31107 2
31108 1
31109 0
31110 2
31111 1
31112 2
31113 0
31114 1
31115 2
31116 0
31117 1
31118 2
31119 3
31120 1
31121 0
31122 2
31123 1
31124 2
31125 1
31126 0
31127 1
31128 0
31129 2
31130 1
31131 0
31132 1
31133 0
31134 1
31135 0
31136 2
31137 1
31138 0
31139 2
31140 1
31141 0
31142 1
31143 3
31144 2
31145 1
31146 0
31147 1
31148 0
31149 2
31150 1
31151 0
31152 1
31153 2
31154 0
31155 3
31156 2
31157 3
31158 0
31159 1
31160 0
31161 1
31162 2
31163 1
31164 2
31165 0
31166 1
31167 0
31168 1
31169 0
31170 1
31171 0
31172 1
31173 0
31174 1
31175 0
31176 3
31177 0
31178 2
31179 0
31180 1
31181 2
31182 1
31183 2
31184 1
31185 0
31186 1
31187 2
31188 0
31189 1
31190 2
31191 0
31192 1
31193 2
31194 1
31195 0
31196 1
31197 2
31198 0
31199 2
31200 0
31201 1
31202 0
31203 1
31204 2
31205 0
31206 2
31207 1
31208 2
31209 0
31210 2
31211 1
31212 2
31213 0
31214 1
31215 0
31216 1
31217 2
31218 0
31219 1
31220 2
31221 0
31222 2
31223 1
31224 0
31225 3
31226 1
31227 2
31228 1
31229 2
31230 0
31231 1
31232 0
31233 2
31234 1
31235 0
31236 1
31237 2
31238 1
31239 0
31240 3
31241 1
31242 0
31243 3
31244 0
31245 1
31246 0
31247 1
31248 2
31249 1
31250 2
31251 0
31252 1
31253 0
31254 1
31255 0
31256 2
31257 1
31258 0
31259 1
31260 2
31261 1
31262 0
31263 2
31264 1
31265 0
31266 1
31267 2
31268 0
31269 1
31270 0
31271 2
31272 1
31273 0
31274 1
31275 2
31276 0
31277 1
31278 2
31279 0
31280 1
31281 2
31282 0
31283 2
31284 0
31285 1
31286 0
31287 1
31288 0
31289 1
31290 2
31291 0
31292 2
31293 1
31294 0
31295 2
31296 1
31297 2
31298 1
31299 0
31300 1
31301 0
31302 2
31303 1
31304 2
31305 1
31306 2
31307 1
31308 2
31309 0
31310 3
31311 1
31312 2
31313 1
31314 0
31315 3
31316 1
31317 2
31318 3
31319 1
31320 0
31321 1
31322 3
31323 0
31324 1
31325 0
31326 1
31327 2
31328 0
31329 1
31330 2
31331 1
31332 2
31333 3
31334 0
31335 2
31336 0
31337 2
31338 1
31339 0
31340 1
31341 0
31342 2
31343 1
31344 2
31345 0
31346 1
31347 0
31348 1
31349 0
31350 1
31351 0
31352 1
31353 0
31354 1
31355 0
31356 1
31357 0
31358 1
31359 2
31360 1
31361 2
31362 1
31363 2
31364 1
31365 0
31366 1
31367 0
31368 2
31369 1
31370 2
31371 0
31372 3
31373 2
31374 0
31375 2
31376 0
31377 1
31378 0
31379 2
31380 1
31381 3
31382 2
31383 1
31384 2
31385 0
31386 1
31387 2
31388 0
31389 1
31390 2
31391 0
31392 2
31393 1
31394 0
31395 1
31396 2
31397 0
31398 1
31399 0
31400 2
31401 1
31402 3
31403 2
31404 1
31405 0
31406 2
31407 0
31408 2
31409 1
31410 2
31411 0
31412 1
31413 0
31414 1
31415 0
31416 2
31417 1
31418 2
31419 0
31420 1
31421 0
31422 3
31423 1
31424 0
31425 1
31426 2
31427 0
31428 2
31429 1
31430 0
31431 1
31432 0
31433 1
31434 2
31435 1
31436 2
31437 0
31438 2
31439 1
31440 2
31441 0
31442 1
31443 0
31444 2
31445 3
31446 1
31447 0
31448 2
31449 1
31450 0
31451 1
31452 0
31453 2
31454 1
31455 2
31456 0
31457 1
31458 0
31459 1
31460 0
31461 1
31462 2
31463 0
31464 1
31465 2
31466 1
31467 2
31468 0
31469 2
31470 0
31471 2
31472 1
31473 0
31474 1
31475 2
31476 0
31477 2
31478 0
31479 1
31480 2
31481 0
31482 1
31483 0
31484 1
31485 2
31486 1
31487 0
31488 1
31489 2
31490 1
31491 0
31492 1
31493 0
31494 1
31495 2
31496 1
31497 0
31498 2
31499 1
31500 0
31501 1
31502 0
31503 1
31504 3
31505 0
31506 2
31507 1
31508 0
31509 1
31510 0
31511 2
31512 0
31513 1
31514 3
31515 0
31516 1
31517 2
31518 0
31519 1
31520 3
31521 1
31522 0
31523 1
31524 2
31525 1
31526 2
31527 0
31528 1
31529 0
31530 1
31531 0
31532 1
31533 2
31534 0
31535 1
31536 0
31537 2
31538 0
31539 2
31540 1
31541 2
31542 0
31543 2
31544 1
31545 2
31546 0
31547 1
31548 2
31549 1
31550 2
31551 0
31552 1
31553 0
31554 1
31555 0
31556 2
31557 1
31558 0
31559 1
31560 0
31561 1
31562 2
31563 0
31564 2
31565 1
31566 0
31567 2
31568 1
31569 0
31570 1
31571 2
31572 0
31573 1
31574 2
31575 1
31576 0
31577 2
31578 1
31579 0
31580 2
31581 0
31582 1
31583 2
31584 0
31585 1
31586 2
31587 1
31588 0
31589 2
31590 1
31591 0
31592 1
31593 0
31594 1
31595 2
31596 1
31597 3
31598 2
31599 0
31600 1
31601 2
31602 0
31603 2
31604 0
31605 1
31606 2
31607 0
31608 3
31609 0
31610 1
31611 0
31612 1
31613 0
31614 2
31615 1
31616 2
31617 1
31618 3
31619 1
31620 2
31621 3
31622 1
31623 2
31624 0
31625 1
31626 2
31627 0
31628 1
31629 0
31630 2
31631 1
31632 0
31633 2
31634 0
31635 1
31636 2
31637 3
31638 0
31639 2
31640 0
31641 1
31642 0
31643 3
31644 1
31645 2
31646 0
31647 2
31648 0
31649 1
31650 2
31651 0
31652 1
31653 0
31654 2
31655 0
31656 2
31657 0
31658 1
31659 2
31660 1
31661 0
31662 2
31663 0
31664 1
31665 0
31666 2
31667 3
31668 0
31669 1
31670 0
31671 1
31672 2
31673 0
31674 2
31675 1
31676 0
31677 2
31678 0
31679 3
31680 1
31681 0
31682 1
31683 3
31684 2
31685 0
31686 2
31687 1
31688 0
31689 1
31690 0
31691 1
31692 0
31693 2
31694 1
31695 2
31696 0
31697 1
31698 0
31699 2
31700 0
31701 1
31702 0
31703 1
31704 2
31705 0
31706 1
31707 0
31708 2
31709 1
31710 2
31711 1
31712 2
31713 0
31714 1
31715 0
31716 1
31717 2
31718 3
31719 1
31720 2
31721 1
31722 2
31723 1
31724 2
31725 1
31726 0
31727 1
31728 3
31729 0
31730 1
31731 2
31732 0
31733 1
31734 0
31735 1
31736 0
31737 2
31738 1
31739 2
31740 0
31741 1
31742 0
31743 2
31744 1
31745 0
31746 1
31747 2
31748 0
31749 2
31750 0
31751 1
31752 0
31753 1
31754 0
31755 1
31756 0
31757 1
31758 0
31759 2
31760 1
31761 2
31762 3
31763 0
31764 1
31765 2
31766 1
31767 0
31768 3
31769 1
31770 2
31771 1
31772 0
31773 2
31774 1
31775 0
31776 1
31777 2
31778 3
31779 1
31780 0
31781 2
31782 0
31783 1
31784 2
31785 0
31786 1
31787 3
31788 1
31789 2
31790 0
31791 2
31792 0
31793 1
31794 0
31795 1
31796 0
31797 1
31798 0
31799 2
31800 1
31801 0
31802 1
31803 0
31804 1
31805 0
31806 1
31807 0
31808 1
31809 0
31810 1
31811 0
31812 1
31813 0
31814 2
31815 0
31816 2
31817 1
31818 0
31819 2
31820 1
31821 2
31822 0
31823 2
31824 1
31825 2
31826 3
31827 0
31828 1
31829 0
31830 1
31831 2
31832 0
31833 1
31834 0
31835 2
31836 1
31837 0
31838 1
31839 0
31840 2
31841 0
31842 1
31843 0
31844 2
31845 1
31846 3
31847 1
31848 0
31849 1
31850 2
31851 1
31852 2
31853 1
31854 0
31855 1
31856 2
31857 0
31858 2
31859 0
31860 1
31861 2
31862 1
31863 2
31864 0
31865 1
31866 0
31867 1
31868 0
31869 1
31870 2
31871 3
31872 0
31873 2
31874 1
31875 0
31876 1
31877 2
31878 0
31879 1
31880 0
31881 2
31882 0
31883 1
31884 2
31885 0
31886 1
31887 2
31888 1
31889 0
31890 2
31891 0
31892 1
31893 0
31894 1
31895 0
31896 3
31897 2
31898 1
31899 2
31900 0
31901 2
31902 1
31903 2
31904 0
31905 2
31906 1
31907 0
31908 1
31909 2
31910 3
31911 0
31912 1
31913 2
31914 1
31915 2
31916 0
31917 2
31918 3
31919 1
31920 0
31921 1
31922 2
31923 0
31924 2
31925 1
31926 0
31927 2
31928 1
31929 0
31930 1
31931 0
31932 1
31933 2
31934 0
31935 1
31936 0
31937 1
31938 0
31939 2
31940 0
31941 1
31942 2
31943 0
31944 1
31945 2
31946 0
31947 2
31948 0
31949 1
31950 0
31951 2
31952 0
31953 2
31954 0
31955 1
31956 0
31957 3
31958 1
31959 0
31960 2
31961 1
31962 0
31963 2
31964 1
31965 0
31966 1
31967 0
31968 2
31969 0
31970 1
31971 0
31972 2
31973 0
31974 2
31975 0
31976 2
31977 0
31978 1
31979 0
31980 2
31981 0
31982 2
31983 1
31984 0
31985 1
31986 3
31987 2
31988 1
31989 2
31990 0
31991 1
31992 0
31993 1
31994 2
31995 0
31996 2
31997 0
31998 1
31999 2
32000 0
32001 2
32002 1
32003 2
32004 1
32005 2
32006 0
32007 2
32008 0
32009 1
32010 0
32011 1
32012 0
32013 1
32014 0
32015 2
32016 0
32017 1
32018 2
32019 0
32020 1
32021 3
32022 0
32023 1
32024 0
32025 1
32026 2
32027 0
32028 1
32029 0
32030 2
32031 0
32032 1
32033 0
32034 1
32035 0
32036 2
32037 0
32038 2
32039 1
32040 0
32041 2
32042 1
32043 2
32044 1
32045 0
32046 1
32047 2
32048 1
32049 0
32050 2
32051 1
32052 0
32053 2
32054 0
32055 1
32056 0
32057 1
32058 3
32059 0
32060 1
32061 2
32062 3
32063 0
32064 1
32065 2
32066 1
32067 0
32068 1
32069 2
32070 0
32071 1
32072 2
32073 1
32074 0
32075 1
32076 0
32077 2
32078 1
32079 0
32080 1
32081 0
32082 1
32083 0
32084 1
32085 0
32086 1
32087 0
32088 1
32089 2
32090 1
32091 2
32092 0
32093 2
32094 0
32095 2
32096 0
32097 2
32098 1
32099 2
32100 0
32101 1
32102 0
32103 1
32104 2
32105 1
32106 0
32107 2
32108 3
32109 0
32110 2
32111 0
32112 2
32113 0
32114 3
32115 2
32116 0
32117 2
32118 0
32119 1
32120 0
32121 1
32122 2
32123 1
32124 2
32125 0
32126 1
32127 2
32128 1
32129 2
32130 0
32131 1
32132 2
32133 1
32134 0
32135 1
32136 2
32137 0
32138 1
32139 2
32140 0
32141 2
32142 1
32143 0
32144 2
32145 1
32146 2
32147 1
32148 0
32149 2
32150 1
32151 0
32152 2
32153 0
32154 1
32155 2
32156 1
32157 0
32158 1
32159 0
32160 1
32161 0
32162 1
32163 0
32164 3
32165 1
32166 0
32167 1
32168 0
32169 1
32170 0
32171 1
32172 2
32173 0
32174 1
32175 0
32176 2
32177 3
32178 2
32179 0
32180 2
32181 1
32182 0
32183 2
32184 0
32185 2
32186 0
32187 2
32188 1
32189 2
32190 0
32191 1
32192 0
32193 1
32194 2
32195 1
32196 2
32197 0
32198 1
32199 2
32200 1
32201 0
32202 2
32203 1
32204 2
32205 1
32206 2
32207 0
32208 2
32209 0
32210 1
32211 2
32212 1
32213 2
32214 0
32215 3
32216 2
32217 1
32218 0
32219 1
32220 2
32221 1
32222 0
32223 1
32224 2
32225 1
32226 0
32227 1
32228 0
32229 2
32230 1
32231 0
32232 1
32233 3
32234 1
32235 0
32236 2
32237 1
32238 2
32239 1
32240 0
32241 1
32242 2
32243 1
32244 0
32245 2
32246 1
32247 2
32248 0
32249 1
32250 2
32251 1
32252 0
32253 2
32254 1
32255 2
32256 0
32257 2
32258 1
32259 0
32260 3
32261 2
32262 0
32263 2
32264 1
32265 2
32266 0
32267 1
32268 2
32269 0
32270 1
32271 2
32272 0
32273 2
32274 1
32275 2
32276 1
32277 0
32278 2
32279 1
32280 0
32281 2
32282 1
32283 0
32284 1
32285 0
32286 1
32287 0
32288 1
32289 2
32290 1
32291 0
32292 2
32293 1
32294 2
32295 0
32296 1
32297 2
32298 3
32299 1
32300 2
32301 0
32302 1
32303 0
32304 2
32305 0
32306 1
32307 0
32308 2
32309 1
32310 2
32311 0
32312 1
32313 0
32314 1
32315 0
32316 1
32317 2
32318 0
32319 1
32320 0
32321 1
32322 2
32323 1
32324 0
32325 1
32326 0
32327 1
32328 2
32329 1
32330 0
32331 1
32332 2
32333 3
32334 1
32335 2
32336 0
32337 2
32338 0
32339 1
32340 2
32341 1
32342 0
32343 1
32344 0
32345 1
32346 2
32347 0
32348 2
32349 1
32350 0
32351 1
32352 0
32353 2
32354 1
32355 0
32356 1
32357 0
32358 2
32359 0
32360 1
32361 3
32362 0
32363 2
32364 0
32365 2
32366 0
32367 2
32368 1
32369 2
32370 0
32371 2
32372 1
32373 0
32374 2
32375 0
32376 1
32377 0
32378 1
32379 0
32380 1
32381 0
32382 2
32383 1
32384 0
32385 2
32386 1
32387 2
32388 0
32389 1
32390 3
32391 0
32392 1
32393 0
32394 2
32395 0
32396 1
32397 0
32398 1
32399 2
32400 1
32401 2
32402 1
32403 2
32404 0
32405 3
32406 0
32407 2
32408 0
32409 1
32410 0
32411 2
32412 1
32413 2
32414 0
32415 1
32416 0
32417 2
32418 0
32419 1
32420 2
32421 0
32422 1
32423 0
32424 2
32425 1
32426 0
32427 1
32428 0
32429 2
32430 1
32431 0
32432 1
32433 0
32434 3
32435 1
32436 0
32437 1
32438 2
32439 0
32440 1
32441 2
32442 0
32443 1
32444 0
32445 1
32446 0
32447 2
32448 0
32449 1
32450 2
32451 0
32452 2
32453 1
32454 0
32455 2
32456 1
32457 3
32458 1
32459 0
32460 1
32461 2
32462 0
32463 1
32464 2
32465 1
32466 3
32467 0
32468 2
32469 1
32470 2
32471 0
32472 3
32473 1
32474 2
32475 0
32476 1
32477 2
32478 0
32479 1
32480 0
32481 2
32482 0
32483 1
32484 2
32485 1
32486 0
32487 2
32488 1
32489 2
32490 3
32491 1
32492 0
32493 1
32494 2
32495 1
32496 3
32497 2
32498 1
32499 2
32500 0
32501 1
32502 2
32503 0
32504 1
32505 0
32506 1
32507 0
32508 1
32509 0
32510 1
32511 0
32512 1
32513 0
32514 1
32515 2
32516 0
32517 1
32518 0
32519 2
32520 0
32521 2
32522 0
32523 1
32524 0
32525 1
32526 2
32527 1
32528 0
32529 1
32530 0
32531 2
32532 0
32533 2
32534 1
32535 0
32536 2
32537 0
32538 1
32539 0
32540 1
32541 0
32542 1
32543 3
32544 0
32545 1
32546 0
32547 1
32548 0
32549 1
32550 0
32551 2
32552 1
32553 2
32554 0
32555 1
32556 0
32557 1
32558 0
32559 1
32560 2
32561 0
32562 2
32563 1
32564 0
32565 1
32566 3
32567 1
32568 0
32569 1
32570 2
32571 0
32572 1
32573 0
32574 1
32575 2
32576 1
32577 0
32578 2
32579 1
32580 0
32581 1
32582 0
32583 1
32584 2
32585 0
32586 1
32587 0
32588 1
32589 0
32590 2
32591 3
32592 0
32593 1
32594 2
32595 1
32596 0
32597 2
32598 3
32599 0
32600 3
32601 2
32602 0
32603 3
32604 2
32605 1
32606 2
32607 0
32608 2
32609 1
32610 0
32611 1
32612 0
32613 1
32614 2
32615 1
32616 2
32617 1
32618 0
32619 2
32620 1
32621 2
32622 0
32623 1
32624 2
32625 1
32626 2
32627 1
32628 2
32629 0
32630 1
32631 2
32632 0
32633 1
32634 0
32635 1
32636 0
32637 1
32638 2
32639 0
32640 2
32641 0
32642 1
32643 0
32644 2
32645 1
32646 2
32647 0
32648 1
32649 0
32650 1
32651 0
32652 2
32653 0
32654 1
32655 2
32656 1
32657 0
32658 2
32659 1
32660 0
32661 2
32662 1
32663 2
32664 0
32665 2
32666 1
32667 0
32668 2
32669 1
32670 2
32671 0
32672 1
32673 2
32674 0
32675 2
32676 1
32677 0
32678 1
32679 2
32680 3
32681 1
32682 0
32683 1
32684 2
32685 1
32686 3
32687 0
32688 1
32689 0
32690 1
32691 0
32692 1
32693 0
32694 2
32695 3
32696 0
32697 1
32698 0
32699 1
32700 2
32701 1
32702 3
32703 2
32704 1
32705 0
32706 1
32707 0
32708 3
32709 2
32710 0
32711 1
32712 0
32713 2
32714 1
32715 0
32716 2
32717 0
32718 2
32719 0
32720 1
32721 0
32722 3
32723 2
32724 1
32725 2
32726 0
32727 1
32728 2
32729 1
32730 2
32731 0
32732 3
32733 0
32734 3
32735 2
32736 1
32737 2
32738 1
32739 2
32740 3
32741 1
32742 2
32743 0
32744 1
32745 0
32746 1
32747 2
32748 1
32749 2
32750 0
32751 2
32752 0
32753 2
32754 3
32755 1
32756 2
32757 0
32758 1
32759 0
32760 2
32761 1
32762 0
32763 2
32764 1
32765 2
32766 0
32767 1
32768 2
32769 1
32770 3
32771 2
32772 0
32773 1
32774 0
32775 2
32776 3
32777 2
32778 0
32779 1
32780 0
32781 1
32782 0
32783 1
32784 0
32785 2
32786 1
32787 0
32788 1
32789 2
32790 1
32791 0
32792 1
32793 0
32794 1
32795 0
32796 2
32797 1
32798 2
32799 1
32800 0
32801 1
32802 2
32803 1
32804 0
32805 2
32806 0
32807 1
32808 0
32809 1
32810 2
32811 0
32812 2
32813 1
32814 0
32815 2
32816 0
32817 2
32818 0
32819 1
32820 0
32821 1
32822 0
32823 1
32824 2
32825 0
32826 1
32827 0
32828 1
32829 0
32830 2
32831 1
32832 2
32833 0
32834 1
32835 0
32836 2
32837 0
32838 2
32839 1
32840 2
32841 0
32842 2
32843 1
32844 2
32845 0
32846 1
32847 0
32848 2
32849 1
32850 0
32851 2
32852 1
32853 0
32854 1
32855 2
32856 0
32857 1
32858 0
32859 1
32860 0
32861 2
32862 1
32863 2
32864 0
32865 2
32866 0
32867 1
32868 0
32869 2
32870 0
32871 2
32872 0
32873 1
32874 0
32875 1
32876 2
32877 1
32878 3
32879 2
32880 1
32881 0
32882 2
32883 1
32884 2
32885 0
32886 2
32887 0
32888 2
32889 0
32890 1
32891 0
32892 1
32893 2
32894 0
32895 2
32896 1
32897 0
32898 1
32899 0
32900 2
32901 1
32902 0
32903 1
32904 0
32905 2
32906 1
32907 0
32908 1
32909 2
32910 0
32911 1
32912 0
32913 1
32914 2
32915 0
32916 1
32917 0
32918 2
32919 1
32920 2
32921 1
32922 2
32923 0
32924 1
32925 2
32926 1
32927 3
32928 0
32929 1
32930 0
32931 1
32932 0
32933 2
32934 0
32935 1
32936 0
32937 1
32938 0
32939 1
32940 2
32941 0
32942 1
32943 2
32944 0
32945 1
32946 2
32947 1
32948 2
32949 1
32950 0
32951 1
32952 0
32953 2
32954 0
32955 1
32956 0
32957 3
32958 1
32959 2
32960 0
32961 1
32962 0
32963 1
32964 2
32965 3
32966 0
32967 1
32968 0
32969 1
32970 0
32971 2
32972 3
32973 0
32974 2
32975 1
32976 0
32977 1
32978 0
32979 1
32980 0
32981 1
32982 2
32983 1
32984 0
32985 1
32986 2
32987 1
32988 2
32989 3
32990 0
32991 3
32992 2
32993 0
32994 1
32995 2
32996 0
32997 2
32998 1
32999 2
33000 0
33001 1
33002 0
33003 2
33004 1
33005 2
33006 1
33007 0
33008 2
33009 1
33010 2
33011 0
33012 3
33013 0
33014 1
33015 2
33016 0
33017 2
33018 1
33019 0
33020 2
33021 1
33022 0
33023 1
33024 3
33025 0
33026 1
33027 2
33028 0
33029 3
33030 2
33031 1
33032 0
33033 1
33034 0
33035 1
33036 2
33037 3
33038 1
33039 2
33040 0
33041 2
33042 0
33043 1
33044 2
33045 0
33046 2
33047 1
33048 2
33049 1
33050 0
33051 1
33052 0
33053 1
33054 0
33055 1
33056 0
33057 1
33058 0
33059 1
33060 0
33061 2
33062 0
33063 1
33064 0
33065 1
33066 0
33067 1
33068 0
33069 1
33070 0
33071 1
33072 0
33073 2
33074 3
33075 1
33076 0
33077 1
33078 0
33079 2
33080 3
33081 1
33082 0
33083 1
33084 2
33085 0
33086 1
33087 2
33088 0
33089 2
33090 1
33091 2
33092 1
33093 0
33094 1
33095 0
33096 1
33097 0
33098 2
33099 1
33100 2
33101 0
33102 1
33103 0
33104 1
33105 2
33106 3
33107 1
33108 0
33109 1
33110 2
33111 0
33112 1
33113 2
33114 0
33115 1
33116 0
33117 1
33118 0
33119 1
33120 2
33121 1
33122 0
33123 1
33124 0
33125 1
33126 0
33127 1
33128 2
33129 0
33130 1
33131 0
33132 1
33133 0
33134 1
33135 0
33136 1
33137 2
33138 1
33139 0
33140 2
33141 0
33142 1
33143 0
33144 2
33145 3
33146 1
33147 0
33148 2
33149 3
33150 0
33151 2
33152 1
33153 2
33154 0
33155 2
33156 3
33157 0
33158 1
33159 0
33160 1
33161 0
33162 2
33163 1
33164 2
33165 0
33166 1
33167 0
33168 1
33169 2
33170 1
33171 0
33172 1
33173 2
33174 1
33175 2
33176 1
33177 0
33178 2
33179 1
33180 2
33181 0
33182 1
33183 0
33184 2
33185 1
33186 0
33187 2
33188 1
33189 0
33190 2
33191 1
33192 2
33193 0
33194 2
33195 1
33196 3
33197 2
33198 3
33199 0
33200 1
33201 0
33202 2
33203 0
33204 1
33205 2
33206 0
33207 1
33208 0
33209 1
33210 2
33211 0
33212 1
33213 2
33214 0
33215 1
33216 0
33217 1
33218 3
33219 0
33220 1
33221 2
33222 0
33223 2
33224 1
33225 0
33226 1
33227 2
33228 1
33229 0
33230 1
33231 3
33232 2
33233 0
33234 3
33235 1
33236 2
33237 0
33238 2
33239 1
33240 2
33241 1
33242 0
33243 1
33244 0
33245 1
33246 2
33247 0
33248 1
33249 2
33250 0
33251 2
33252 3
33253 1
33254 0
33255 3
33256 2
33257 0
33258 2
33259 0
33260 1
33261 2
33262 1
33263 3
33264 2
33265 0
33266 1
33267 2
33268 0
33269 3
33270 2
33271 0
33272 1
33273 0
33274 2
33275 0
33276 2
33277 1
33278 0
33279 1
33280 2
33281 1
33282 0
33283 2
33284 0
33285 1
33286 2
33287 1
33288 0
33289 1
33290 2
33291 1
33292 0
33293 1
33294 0
33295 2
33296 1
33297 0
33298 2
33299 1
33300 0
33301 1
33302 0
33303 1
33304 0
33305 1
33306 2
33307 0
33308 1
33309 0
33310 1
33311 0
33312 1
33313 2
33314 1
33315 0
33316 1
33317 0
33318 2
33319 0
33320 2
33321 1
33322 0
33323 1
33324 2
33325 3
33326 0
33327 1
33328 0
33329 2
33330 1
33331 2
33332 0
33333 2
33334 1
33335 2
33336 3
33337 1
33338 2
33339 1
33340 2
33341 1
33342 0
33343 2
33344 0
33345 1
33346 0
33347 2
33348 1
33349 0
33350 2
33351 3
33352 0
33353 1
33354 0
33355 1
33356 2
33357 0
33358 1
33359 0
33360 1
33361 2
33362 1
33363 0
33364 1
33365 2
33366 1
33367 3
33368 2
33369 1
33370 2
33371 0
33372 1
33373 0
33374 1
33375 2
33376 3
33377 1
33378 2
33379 0
33380 1
33381 2
33382 0
33383 1
33384 0
33385 1
33386 3
33387 1
33388 0
33389 3
33390 2
33391 0
33392 2
33393 1
33394 2
33395 0
33396 2
33397 1
33398 0
33399 1
33400 0
33401 1
33402 0
33403 2
33404 1
33405 0
33406 1
33407 0
33408 1
33409 0
33410 1
33411 0
33412 1
33413 2
33414 0
33415 1
33416 0
33417 1
33418 2
33419 0
33420 1
33421 0
33422 2
33423 1
33424 0
33425 1
33426 3
33427 2
33428 1
33429 2
33430 3
33431 0
33432 2
33433 1
33434 0
33435 2
33436 1
33437 0
33438 1
33439 0
33440 2
33441 0
33442 1
33443 2
33444 3
33445 1
33446 0
33447 1
33448 0
33449 1
33450 0
33451 2
33452 1
33453 0
33454 1
33455 0
33456 1
33457 2
33458 0
33459 1
33460 0
33461 2
33462 1
33463 0
33464 2
33465 3
33466 0
33467 2
33468 0
33469 2
33470 1
33471 2
33472 1
33473 0
33474 2
33475 1
33476 0
33477 1
33478 2
33479 3
33480 0
33481 1
33482 0
33483 1
33484 2
33485 0
33486 1
33487 0
33488 1
33489 0
33490 2
33491 0
33492 1
33493 0
33494 2
33495 1
33496 0
33497 1
33498 2
33499 0
33500 2
33501 1
33502 2
33503 1
33504 2
33505 0
33506 2
33507 1
33508 3
33509 1
33510 2
33511 0
33512 1
33513 2
33514 0
33515 2
33516 1
33517 2
33518 3
33519 0
33520 1
33521 0
33522 1
33523 2
33524 3
33525 1
33526 2
33527 1
33528 0
33529 2
33530 1
33531 2
33532 1
33533 0
33534 2
33535 1
33536 2
33537 0
33538 1
33539 0
33540 2
33541 1
33542 0
33543 2
33544 1
33545 0
33546 2
33547 3
33548 0
33549 1
33550 0
33551 2
33552 0
33553 1
33554 0
33555 2
33556 1
33557 2
33558 1
33559 2
33560 3
33561 1
33562 2
33563 1
33564 2
33565 1
33566 0
33567 2
33568 0
33569 1
33570 2
33571 0
33572 2
33573 1
33574 0
33575 1
33576 2
33577 0
33578 1
33579 0
33580 2
33581 1
33582 0
33583 1
33584 0
33585 1
33586 0
33587 2
33588 1
33589 0
33590 1
33591 0
33592 2
33593 0
33594 2
33595 1
33596 0
33597 1
33598 0
33599 1
33600 0
33601 1
33602 0
33603 2
33604 1
33605 2
33606 1
33607 0
33608 1
33609 0
33610 2
33611 1
33612 2
33613 0
33614 1
33615 2
33616 0
33617 1
33618 2
33619 0
33620 1
33621 3
33622 0
33623 1
33624 0
33625 2
33626 1
33627 0
33628 2
33629 1
33630 0
33631 2
33632 3
33633 0
33634 2
33635 1
33636 0
33637 1
33638 0
33639 2
33640 0
33641 1
33642 2
33643 1
33644 0
33645 2
33646 1
33647 0
33648 1
33649 0
33650 1
33651 0
33652 1
33653 0
33654 1
33655 2
33656 0
33657 1
33658 0
33659 1
33660 0
33661 2
33662 1
33663 0
33664 1
33665 0
33666 1
33667 0
33668 2
33669 0
33670 1
33671 0
33672 1
33673 0
33674 2
33675 0
33676 2
33677 0
33678 1
33679 0
33680 2
33681 3
33682 0
33683 1
33684 0
33685 1
33686 0
33687 2
33688 1
33689 2
33690 3
33691 2
33692 1
33693 0
33694 1
33695 2
33696 1
33697 0
33698 1
33699 0
33700 1
33701 0
33702 1
33703 2
33704 1
33705 0
33706 2
33707 0
33708 1
33709 2
33710 1
33711 2
33712 1
33713 2
33714 0
33715 1
33716 0
33717 1
33718 0
33719 1
33720 0
33721 1
33722 2
33723 0
33724 1
33725 2
33726 0
33727 2
33728 1
33729 0
33730 1
33731 0
33732 1
33733 2
33734 0
33735 2
33736 0
33737 2
33738 1
33739 2
33740 3
33741 1
33742 3
33743 1
33744 0
33745 3
33746 2
33747 1
33748 0
33749 1
33750 2
33751 1
33752 2
33753 0
33754 1
33755 0
33756 1
33757 3
33758 2
33759 1
33760 0
33761 1
33762 2
33763 0
33764 2
33765 0
33766 3
33767 1
33768 3
33769 1
33770 2
33771 3
33772 0
33773 1
33774 0
33775 2
33776 1
33777 2
33778 1
33779 0
33780 1
33781 2
33782 1
33783 0
33784 2
33785 0
33786 2
33787 3
33788 1
33789 2
33790 0
33791 2
33792 0
33793 1
33794 2
33795 0
33796 1
33797 2
33798 0
33799 2
33800 1
33801 0
33802 1
33803 0
33804 1
33805 2
33806 3
33807 1
33808 0
33809 2
33810 1
33811 0
33812 1
33813 2
33814 0
33815 1
33816 2
33817 0
33818 2
33819 1
33820 0
33821 1
33822 0
33823 1
33824 0
33825 1
33826 2
33827 0
33828 2
33829 0
33830 2
33831 1
33832 0
33833 1
33834 0
33835 1
33836 0
33837 2
33838 0
33839 1
33840 2
33841 0
33842 1
33843 0
33844 1
33845 0
33846 1
33847 0
33848 3
33849 1
33850 2
33851 0
33852 2
33853 3
33854 0
33855 2
33856 1
33857 2
33858 0
33859 2
33860 0
33861 2
33862 1
33863 2
33864 3
33865 0
33866 2
33867 3
33868 1
33869 3
33870 1
33871 2
33872 0
33873 1
33874 0
33875 1
33876 2
33877 3
33878 1
33879 0
33880 1
33881 0
33882 1
33883 0
33884 1
33885 0
33886 1
33887 2
33888 0
33889 2
33890 1
33891 0
33892 1
33893 2
33894 0
33895 1
33896 0
33897 2
33898 1
33899 2
33900 0
33901 2
33902 1
33903 2
33904 1
33905 2
33906 0
33907 2
33908 1
33909 2
33910 0
33911 1
33912 3
33913 2
33914 0
33915 1
33916 2
33917 0
33918 2
33919 0
33920 2
33921 1
33922 0
33923 2
33924 0
33925 1
33926 3
33927 0
33928 2
33929 1
33930 0
33931 1
33932 2
33933 3
33934 0
33935 2
33936 0
33937 1
33938 0
33939 1
33940 2
33941 0
33942 2
33943 1
33944 0
33945 2
33946 1
33947 0
33948 2
33949 0
33950 1
33951 0
33952 2
33953 1
33954 0
33955 1
33956 0
33957 2
33958 0
33959 1
33960 2
33961 0
33962 2
33963 1
33964 2
33965 0
33966 2
33967 1
33968 0
33969 2
33970 1
33971 0
33972 1
33973 3
33974 1
33975 0
33976 1
33977 2
33978 0
33979 1
33980 0
33981 2
33982 1
33983 0
33984 1
33985 0
33986 1
33987 2
33988 0
33989 1
33990 3
33991 0
33992 2
33993 1
33994 0
33995 1
33996 0
33997 2
33998 1
33999 0
34000 2
34001 1
34002 2
34003 0
34004 1
34005 0
34006 1
34007 2
34008 0
34009 2
34010 0
34011 1
34012 0
34013 1
34014 2
34015 0
34016 1
34017 2
34018 1
34019 3
34020 0
34021 1
34022 2
34023 0
34024 1
34025 0
34026 1
34027 0
34028 1
34029 2
34030 0
34031 3
34032 0
34033 2
34034 0
34035 2
34036 0
34037 1
34038 0
34039 1
34040 0
34041 3
34042 1
34043 0
34044 1
34045 0
34046 1
34047 0
34048 2
34049 3
34050 0
34051 1
34052 2
34053 0
34054 1
34055 0
34056 1
34057 2
34058 0
34059 1
34060 2
34061 0
34062 1
34063 0
34064 2
34065 1
34066 0
34067 3
34068 2
34069 1
34070 0
34071 1
34072 2
34073 0
34074 2
34075 0
34076 2
34077 1
34078 0
34079 1
34080 0
34081 1
34082 0
34083 1
34084 2
34085 0
34086 2
34087 0
34088 1
34089 2
34090 0
34091 2
34092 1
34093 0
34094 1
34095 2
34096 0
34097 2
34098 3
34099 1
34100 0
34101 2
34102 1
34103 2
34104 1
34105 0
34106 1
34107 0
34108 1
34109 2
34110 0
34111 1
34112 0
34113 2
34114 1
34115 0
34116 1
34117 2
34118 0
34119 2
34120 0
34121 1
34122 2
34123 0
34124 2
34125 0
34126 3
34127 1
34128 0
34129 1
34130 0
34131 2
34132 0
34133 2
34134 0
34135 1
34136 0
34137 2
34138 1
34139 2
34140 3
34141 2
34142 1
34143 0
34144 1
34145 0
34146 1
34147 0
34148 1
34149 0
34150 2
34151 1
34152 0
34153 1
34154 0
34155 1
34156 2
34157 1
34158 2
34159 1
34160 0
34161 2
34162 1
34163 0
34164 1
34165 0
34166 1
34167 0
34168 3
34169 1
34170 0
34171 2
34172 1
34173 0
34174 2
34175 0
34176 2
34177 1
34178 2
34179 0
34180 1
34181 0
34182 1
34183 0
34184 1
34185 0
34186 2
34187 3
34188 1
34189 0
34190 1
34191 0
34192 2
34193 0
34194 2
34195 1
34196 2
34197 1
34198 0
34199 3
34200 2
34201 1
34202 2
34203 0
34204 1
34205 0
34206 2
34207 0
34208 1
34209 0
34210 1
34211 0
34212 3
34213 2
34214 0
34215 2
34216 0
34217 1
34218 2
34219 1
34220 3
34221 2
34222 1
34223 0
34224 2
34225 0
34226 1
34227 2
34228 0
34229 1
34230 0
34231 1
34232 0
34233 1
34234 2
34235 0
34236 2
34237 1
34238 2
34239 0
34240 1
34241 2
34242 1
34243 0
34244 1
34245 2
34246 0
34247 1
34248 0
34249 1
34250 2
34251 0
34252 2
34253 0
34254 1
34255 2
34256 1
34257 2
34258 0
34259 1
34260 0
34261 1
34262 0
34263 1
34264 2
34265 3
34266 1
34267 2
34268 3
34269 1
34270 0
34271 1
34272 2
34273 0
34274 1
34275 3
34276 2
34277 0
34278 1
34279 0
34280 2
34281 0
34282 2
34283 1
34284 2
34285 0
34286 3
34287 1
34288 2
34289 0
34290 2
34291 1
34292 0
34293 2
34294 1
34295 2
34296 0
34297 1
34298 0
34299 2
34300 1
34301 2
34302 0
34303 1
34304 2
34305 0
34306 1
34307 0
34308 1
34309 2
34310 0
34311 2
34312 0
34313 1
34314 2
34315 0
34316 1
34317 2
34318 0
34319 2
34320 1
34321 3
34322 2
34323 0
34324 1
34325 2
34326 0
34327 1
34328 0
34329 1
34330 0
34331 3
34332 2
34333 0
34334 1
34335 0
34336 1
34337 0
34338 1
34339 2
34340 0
34341 1
34342 0
34343 2
34344 1
34345 0
34346 2
34347 1
34348 3
34349 2
34350 3
34351 0
34352 1
34353 2
34354 1
34355 3
34356 2
34357 0
34358 2
34359 0
34360 1
34361 2
34362 1
34363 0
34364 2
34365 1
34366 2
34367 1
34368 0
34369 1
34370 3
34371 2
34372 0
34373 1
34374 2
34375 1
34376 2
34377 0
34378 2
34379 1
34380 0
34381 1
34382 0
34383 1
34384 2
34385 0
34386 2
34387 0
34388 1
34389 0
34390 2
34391 1
34392 0
34393 2
34394 1
34395 0
34396 1
34397 2
34398 0
34399 1
34400 0
34401 2
34402 0
34403 1
34404 2
34405 1
34406 0
34407 1
34408 3
34409 0
34410 1
34411 0
34412 1
34413 0
34414 2
34415 0
34416 1
34417 0
34418 2
34419 1
34420 0
34421 2
34422 1
34423 0
34424 1
34425 0
34426 1
34427 0
34428 1
34429 0
34430 1
34431 2
34432 0
34433 2
34434 1
34435 0
34436 2
34437 1
34438 2
34439 0
34440 2
34441 1
34442 0
34443 1
34444 2
34445 0
34446 2
34447 3
34448 1
34449 0
34450 1
34451 2
34452 3
34453 0
34454 1
34455 2
34456 1
34457 2
34458 1
34459 0
34460 1
34461 0
34462 2
34463 0
34464 1
34465 2
34466 1
34467 0
34468 1
34469 0
34470 2
34471 1
34472 3
34473 2
34474 1
34475 0
34476 1
34477 0
34478 1
34479 0
34480 1
34481 0
34482 1
34483 2
34484 1
34485 0
34486 2
34487 0
34488 2
34489 1
34490 2
34491 0
34492 1
34493 0
34494 2
34495 0
34496 1
34497 0
34498 1
34499 2
34500 0
34501 2
34502 0
34503 1
34504 2
34505 0
34506 1
34507 2
34508 3
34509 0
34510 2
34511 1
34512 2
34513 1
34514 2
34515 0
34516 1
34517 2
34518 1
34519 0
34520 1
34521 3
34522 0
34523 3
34524 0
34525 1
34526 2
34527 0
34528 1
34529 0
34530 2
34531 0
34532 1
34533 2
34534 0
34535 2
34536 3
34537 1
34538 0
34539 1
34540 2
34541 0
34542 2
34543 1
34544 0
34545 2
34546 1
34547 2
34548 1
34549 2
34550 1
34551 0
34552 1
34553 2
34554 1
34555 3
34556 2
34557 0
34558 2
34559 1
34560 0
34561 1
34562 2
34563 0
34564 1
34565 2
34566 1
34567 0
34568 1
34569 0
34570 1
34571 2
34572 1
34573 0
34574 1
34575 2
34576 1
34577 3
34578 2
34579 3
34580 1
34581 2
34582 0
34583 1
34584 0
34585 1
34586 0
34587 1
34588 2
34589 1
34590 2
34591 0
34592 1
34593 0
34594 1
34595 0
34596 1
34597 0
34598 2
34599 1
34600 0
34601 1
34602 0
34603 1
34604 0
34605 1
34606 0
34607 1
34608 0
34609 1
34610 0
34611 1
34612 2
34613 1
34614 0
34615 1
34616 2
34617 1
34618 0
34619 1
34620 0
34621 1
34622 2
34623 0
34624 2
34625 1
34626 2
34627 0
34628 1
34629 0
34630 2
34631 1
34632 3
34633 0
34634 1
34635 0
34636 2
34637 0
34638 3
34639 2
34640 0
34641 1
34642 2
34643 0
34644 1
34645 0
34646 1
34647 0
34648 1
34649 0
34650 1
34651 0
34652 1
34653 2
34654 0
34655 1
34656 2
34657 0
34658 2
34659 1
34660 0
34661 2
34662 0
34663 1
34664 2
34665 1
34666 2
34667 3
34668 0
34669 2
34670 1
34671 0
34672 2
34673 0
34674 2
34675 1
34676 0
34677 2
34678 1
34679 3
34680 0
34681 3
34682 1
34683 3
34684 0
34685 1
34686 0
34687 2
34688 0
34689 2
34690 1
34691 0
34692 2
34693 1
34694 0
34695 2
34696 0
34697 1
34698 0
34699 1
34700 2
34701 0
34702 2
34703 0
34704 2
34705 1
34706 2
34707 1
34708 2
34709 0
34710 1
34711 0
34712 1
34713 2
34714 0
34715 1
34716 0
34717 2
34718 1
34719 0
34720 1
34721 0
34722 1
34723 0
34724 2
34725 1
34726 0
34727 1
34728 0
34729 2
34730 0
34731 1
34732 0
34733 1
34734 0
34735 2
34736 1
34737 2
34738 3
34739 0
34740 2
34741 1
34742 0
34743 1
34744 0
34745 2
34746 1
34747 0
34748 2
34749 1
34750 2
34751 0
34752 1
34753 2
34754 0
34755 3
34756 2
34757 0
34758 1
34759 0
34760 1
34761 0
34762 1
34763 3
34764 0
34765 2
34766 1
34767 2
34768 0
34769 1
34770 0
34771 2
34772 1
34773 0
34774 2
34775 0
34776 1
34777 0
34778 1
34779 2
34780 1
34781 0
34782 1
34783 0
34784 1
34785 2
34786 1
34787 3
34788 0
34789 1
34790 0
34791 1
34792 2
34793 0
34794 3
34795 1
34796 0
34797 2
34798 1
34799 0
34800 2
34801 0
34802 2
34803 0
34804 1
34805 2
34806 3
34807 1
34808 0
34809 1
34810 2
34811 1
34812 3
34813 0
34814 1
34815 0
34816 2
34817 1
34818 0
34819 1
34820 0
34821 2
34822 1
34823 2
34824 0
34825 1
34826 0
34827 3
34828 1
34829 0
34830 1
34831 0
34832 2
34833 1
34834 3
34835 2
34836 0
34837 1
34838 0
34839 2
34840 1
34841 2
34842 0
34843 1
34844 0
34845 2
34846 0
34847 1
34848 0
34849 2
34850 1
34851 2
34852 0
34853 1
34854 0
34855 1
34856 2
34857 0
34858 1
34859 0
34860 1
34861 2
34862 0
34863 1
34864 0
34865 1
34866 2
34867 3
34868 1
34869 0
34870 2
34871 1
34872 0
34873 1
34874 0
34875 2
34876 1
34877 0
34878 3
34879 1
34880 0
34881 1
34882 0
34883 1
34884 0
34885 1
34886 2
34887 0
34888 1
34889 0
34890 1
34891 2
34892 0
34893 1
34894 2
34895 1
34896 0
34897 1
34898 0
34899 1
34900 0
34901 1
34902 3
34903 0
34904 1
34905 2
34906 0
34907 1
34908 2
34909 0
34910 1
34911 0
34912 1
34913 0
34914 1
34915 2
34916 3
34917 0
34918 2
34919 1
34920 2
34921 0
34922 1
34923 0
34924 2
34925 1
34926 0
34927 2
34928 1
34929 2
34930 1
34931 0
34932 1
34933 0
34934 2
34935 0
34936 1
34937 0
34938 2
34939 1
34940 0
34941 1
34942 2
34943 0
34944 2
34945 0
34946 2
34947 1
34948 2
34949 0
34950 1
34951 2
34952 1
34953 2
34954 0
34955 2
34956 3
34957 1
34958 0
34959 2
34960 1
34961 2
34962 0
34963 2
34964 0
34965 2
34966 0
34967 1
34968 0
34969 2
34970 1
34971 2
34972 1
34973 0
34974 1
34975 0
34976 1
34977 0
34978 1
34979 0
34980 2
34981 1
34982 0
34983 2
34984 1
34985 0
34986 1
34987 0
34988 1
34989 2
34990 0
34991 2
34992 1
34993 0
34994 1
34995 2
34996 0
34997 3
34998 2
34999 1
35000 2
35001 1
35002 0
35003 1
35004 0
35005 1
35006 2
35007 0
35008 2
35009 3
35010 1
35011 2
35012 1
35013 0
35014 1
35015 2
35016 0
35017 1
35018 2
35019 1
35020 2
35021 0
35022 1
35023 2
35024 1
35025 2
35026 0
35027 1
35028 2
35029 0
35030 1
35031 2
35032 1
35033 2
35034 0
35035 2
35036 1
35037 0
35038 2
35039 0
35040 1
35041 3
35042 0
35043 1
35044 0
35045 1
35046 0
35047 2
35048 1
35049 0
35050 1
35051 2
35052 0
35053 2
35054 0
35055 2
35056 0
35057 1
35058 2
35059 3
35060 2
35061 1
35062 2
35063 0
35064 1
35065 0
35066 1
35067 0
35068 2
35069 3
35070 1
35071 2
35072 0
35073 1
35074 2
35075 0
35076 1
35077 2
35078 0
35079 1
35080 2
35081 1
35082 0
35083 1
35084 0
35085 1
35086 0
35087 2
35088 0
35089 1
35090 2
35091 0
35092 2
35093 1
35094 0
35095 2
35096 0
35097 1
35098 2
35099 1
35100 0
35101 1
35102 2
35103 0
35104 1
35105 2
35106 0
35107 1
35108 2
35109 1
35110 0
35111 1
35112 0
35113 2
35114 1
35115 0
35116 2
35117 1
35118 2
35119 1
35120 0
35121 1
35122 0
35123 2
35124 0
35125 1
35126 0
35127 1
35128 0
35129 1
35130 0
35131 2
35132 0
35133 2
35134 1
35135 2
35136 0
35137 1
35138 2
35139 1
35140 2
35141 0
35142 2
35143 1
35144 0
35145 1
35146 0
35147 2
35148 1
35149 0
35150 1
35151 0
35152 2
35153 1
35154 0
35155 1
35156 2
35157 0
35158 1
35159 0
35160 1
35161 2
35162 0
35163 2
35164 1
35165 0
35166 2
35167 1
35168 0
35169 2
35170 1
35171 2
35172 0
35173 2
35174 1
35175 2
35176 1
35177 0
35178 2
35179 0
35180 1
35181 0
35182 2
35183 0
35184 2
35185 1
35186 2
35187 0
35188 1
35189 0
35190 2
35191 1
35192 2
35193 1
35194 2
35195 1
35196 0
35197 2
35198 1
35199 2
35200 3
35201 1
35202 2
35203 1
35204 0
35205 2
35206 1
35207 2
35208 0
35209 1
35210 2
35211 1
35212 0
35213 1
35214 2
35215 1
35216 0
35217 1
35218 2
35219 3
35220 0
35221 1
35222 0
35223 1
35224 0
35225 1
35226 0
35227 2
35228 1
35229 2
35230 1
35231 0
35232 1
35233 2
35234 3
35235 1
35236 2
35237 0
35238 2
35239 1
35240 0
35241 1
35242 2
35243 0
35244 1
35245 0
35246 1
35247 0
35248 1
35249 0
35250 2
35251 0
35252 2
35253 1
35254 0
35255 1
35256 0
35257 2
35258 0
35259 1
35260 0
35261 1
35262 2
35263 0
35264 2
35265 1
35266 2
35267 1
35268 0
35269 2
35270 1
35271 0
35272 2
35273 1
35274 0
35275 1
35276 0
35277 1
35278 0
35279 1
35280 0
35281 1
35282 2
35283 1
35284 0
35285 2
35286 1
35287 2
35288 0
35289 1
35290 2
35291 0
35292 1
35293 3
35294 0
35295 2
35296 0
35297 2
35298 1
35299 0
35300 1
35301 2
35302 0
35303 1
35304 2
35305 1
35306 0
35307 1
35308 0
35309 2
35310 0
35311 1
35312 2
35313 0
35314 1
35315 0
35316 1
35317 2
35318 0
35319 2
35320 1
35321 0
35322 2
35323 0
35324 2
35325 0
35326 1
35327 0
35328 1
35329 0
35330 1
35331 2
35332 3
35333 0
35334 2
35335 0
35336 1
35337 0
35338 1
35339 2
35340 1
35341 0
35342 1
35343 2
35344 1
35345 0
35346 2
35347 3
35348 1
35349 0
35350 1
35351 2
35352 1
35353 2
35354 0
35355 1
35356 2
35357 1
35358 0
35359 1
35360 2
35361 0
35362 1
35363 0
35364 1
35365 2
35366 0
35367 1
35368 0
35369 1
35370 2
35371 0
35372 2
35373 1
35374 0
35375 2
35376 0
35377 1
35378 0
35379 2
35380 3
35381 0
35382 1
35383 2
35384 0
35385 1
35386 0
35387 1
35388 0
35389 3
35390 0
35391 2
35392 1
35393 0
35394 2
35395 1
35396 0
35397 2
35398 0
35399 2
35400 1
35401 0
35402 1
35403 0
35404 2
35405 0
35406 2
35407 1
35408 0
35409 2
35410 0
35411 1
35412 0
35413 2
35414 0
35415 1
35416 0
35417 1
35418 2
35419 0
35420 2
35421 1
35422 0
35423 2
35424 1
35425 0
35426 1
35427 2
35428 0
35429 2
35430 1
35431 2
35432 0
35433 2
35434 0
35435 2
35436 1
35437 0
35438 1
35439 2
35440 1
35441 0
35442 1
35443 0
35444 1
35445 2
35446 0
35447 1
35448 2
35449 0
35450 1
35451 0
35452 1
35453 0
35454 3
35455 2
35456 1
35457 0
35458 1
35459 3
35460 1
35461 2
35462 1
35463 0
35464 2
35465 0
35466 2
35467 1
35468 0
35469 1
35470 0
35471 1
35472 0
35473 1
35474 0
35475 1
35476 2
35477 0
35478 2
35479 1
35480 0
35481 1
35482 2
35483 0
35484 2
35485 3
35486 0
35487 1
35488 2
35489 0
35490 1
35491 2
35492 0
35493 1
35494 2
35495 0
35496 1
35497 0
35498 1
35499 0
35500 1
35501 0
35502 1
35503 2
35504 1
35505 0
35506 2
35507 1
35508 0
35509 1
35510 0
35511 1
35512 0
35513 1
35514 0
35515 1
35516 2
35517 0
35518 1
35519 0
35520 2
35521 1
35522 0
35523 1
35524 2
35525 0
35526 1
35527 0
35528 1
35529 0
35530 3
35531 2
35532 0
35533 1
35534 2
35535 0
35536 2
35537 0
35538 1
35539 0
35540 2
35541 0
35542 2
35543 1
35544 0
35545 2
35546 0
35547 2
35548 1
35549 0
35550 1
35551 0
35552 1
35553 0
35554 2
35555 0
35556 1
35557 2
35558 0
35559 2
35560 3
35561 0
35562 2
35563 1
35564 2
35565 0
35566 1
35567 0
35568 2
35569 1
35570 3
35571 2
35572 1
35573 2
35574 1
35575 0
35576 1
35577 0
35578 2
35579 1
35580 2
35581 1
35582 2
35583 0
35584 3
35585 2
35586 1
35587 0
35588 1
35589 2
35590 3
35591 1
35592 2
35593 1
35594 0
35595 2
35596 1
35597 0
35598 2
35599 0
35600 2
35601 0
35602 2
35603 1
35604 2
35605 3
35606 1
35607 2
35608 1
35609 0
35610 1
35611 2
35612 0
35613 1
35614 2
35615 0
35616 2
35617 1
35618 3
35619 1
35620 0
35621 2
35622 1
35623 2
35624 0
35625 1
35626 0
35627 1
35628 0
35629 1
35630 0
35631 2
35632 1
35633 2
35634 0
35635 2
35636 0
35637 1
35638 0
35639 1
35640 0
35641 1
35642 2
35643 0
35644 2
35645 1
35646 2
35647 0
35648 1
35649 0
35650 2
35651 0
35652 1
35653 0
35654 1
35655 2
35656 0
35657 2
35658 1
35659 2
35660 1
35661 0
35662 2
35663 1
35664 2
35665 0
35666 1
35667 0
35668 1
35669 0
35670 1
35671 2
35672 0
35673 1
35674 2
35675 1
35676 0
35677 1
35678 0
35679 3
35680 1
35681 0
35682 1
35683 0
35684 1
35685 2
35686 0
35687 2
35688 0
35689 1
35690 2
35691 1
35692 2
35693 0
35694 2
35695 1
35696 0
35697 3
35698 2
35699 0
35700 2
35701 1
35702 0
35703 1
35704 2
35705 0
35706 1
35707 0
35708 2
35709 1
35710 0
35711 1
35712 2
35713 0
35714 1
35715 0
35716 1
35717 0
35718 1
35719 2
35720 1
35721 2
35722 0
35723 3
35724 2
35725 1
35726 0
35727 1
35728 2
35729 1
35730 2
35731 0
35732 2
35733 1
35734 2
35735 0
35736 1
35737 0
35738 1
35739 2
35740 0
35741 1
35742 0
35743 3
35744 1
35745 2
35746 1
35747 0
35748 2
35749 1
35750 2
35751 0
35752 1
35753 2
35754 0
35755 1
35756 0
35757 2
35758 1
35759 0
35760 1
35761 0
35762 2
35763 1
35764 0
35765 1
35766 0
35767 3
35768 2
35769 0
35770 1
35771 0
35772 1
35773 0
35774 1
35775 0
35776 2
35777 1
35778 0
35779 2
35780 0
35781 1
35782 0
35783 1
35784 0
35785 1
35786 0
35787 1
35788 0
35789 2
35790 1
35791 0
35792 1
35793 0
35794 3
35795 1
35796 0
35797 1
35798 0
35799 1
35800 0
35801 2
35802 1
35803 0
35804 1
35805 0
35806 2
35807 0
35808 3
35809 1
35810 0
35811 1
35812 0
35813 1
35814 0
35815 1
35816 2
35817 0
35818 1
35819 3
35820 2
35821 0
35822 1
35823 3
35824 1
35825 0
35826 1
35827 2
35828 0
35829 3
35830 2
35831 1
35832 2
35833 0
35834 1
35835 0
35836 1
35837 2
35838 0
35839 2
35840 0
35841 2
35842 1
35843 0
35844 1
35845 0
35846 1
35847 0
35848 3
35849 1
35850 0
35851 2
35852 3
35853 1
35854 0
35855 1
35856 2
35857 1
35858 0
35859 1
35860 0
35861 1
35862 0
35863 1
35864 2
35865 0
35866 2
35867 0
35868 2
35869 0
35870 1
35871 2
35872 0
35873 2
35874 1
35875 2
35876 0
35877 1
35878 0
35879 1
35880 2
35881 1
35882 2
35883 0
35884 1
35885 3
35886 0
35887 2
35888 1
35889 2
35890 1
35891 0
35892 1
35893 0
35894 1
35895 0
35896 2
35897 0
35898 2
35899 1
35900 0
35901 2
35902 1
35903 2
35904 0
35905 1
35906 0
35907 1
35908 0
35909 1
35910 0
35911 2
35912 1
35913 2
35914 0
35915 1
35916 2
35917 0
35918 3
35919 2
35920 0
35921 1
35922 0
35923 1
35924 0
35925 1
35926 0
35927 1
35928 0
35929 1
35930 0
35931 1
35932 2
35933 1
35934 2
35935 0
35936 2
35937 3
35938 2
35939 1
35940 0
35941 1
35942 0
35943 1
35944 0
35945 1
35946 2
35947 0
35948 1
35949 2
35950 0
35951 1
35952 2
35953 3
35954 0
35955 1
35956 0
35957 1
35958 0
35959 1
35960 0
35961 1
35962 0
35963 1
35964 2
35965 0
35966 1
35967 0
35968 1
35969 0
35970 1
35971 2
35972 1
35973 2
35974 0
35975 1
35976 2
35977 1
35978 2
35979 0
35980 1
35981 0
35982 1
35983 2
35984 0
35985 1
35986 2
35987 0
35988 1
35989 0
35990 2
35991 0
35992 2
35993 0
35994 2
35995 1
35996 2
35997 1
35998 0
35999 1
36000 2
36001 0
36002 2
36003 3
36004 1
36005 0
36006 1
36007 0
36008 3
36009 1
36010 0
36011 1
36012 2
36013 1
36014 0
36015 2
36016 3
36017 0
36018 1
36019 2
36020 0
36021 2
36022 0
36023 1
36024 0
36025 2
36026 0
36027 1
36028 0
36029 3
36030 2
36031 0
36032 2
36033 1
36034 0
36035 2
36036 1
36037 0
36038 1
36039 0
36040 1
36041 2
36042 0
36043 2
36044 0
36045 2
36046 1
36047 0
36048 2
36049 1
36050 2
36051 0
36052 2
36053 1
36054 2
36055 0
36056 1
36057 0
36058 2
36059 0
36060 3
36061 2
36062 0
36063 1
36064 0
36065 2
36066 1
36067 2
36068 0
36069 1
36070 0
36071 1
36072 2
36073 1
36074 2
36075 0
36076 2
36077 1
36078 0
36079 1
36080 0
36081 2
36082 0
36083 1
36084 0
36085 1
36086 0
36087 1
36088 0
36089 1
36090 0
36091 1
36092 0
36093 2
36094 1
36095 2
36096 0
36097 2
36098 1
36099 0
36100 2
36101 1
36102 2
36103 1
36104 2
36105 1
36106 2
36107 0
36108 1
36109 2
36110 0
36111 2
36112 1
36113 2
36114 0
36115 1
36116 0
36117 2
36118 1
36119 0
36120 1
36121 0
36122 1
36123 0
36124 1
36125 2
36126 1
36127 0
36128 2
36129 0
36130 2
36131 1
36132 2
36133 1
36134 2
36135 0
36136 1
36137 0
36138 1
36139 2
36140 0
36141 1
36142 2
36143 1
36144 2
36145 0
36146 1
36147 2
36148 0
36149 1
36150 0
36151 2
36152 1
36153 2
36154 0
36155 2
36156 0
36157 1
36158 0
36159 1
36160 2
36161 0
36162 1
36163 2
36164 3
36165 1
36166 2
36167 0
36168 1
36169 0
36170 2
36171 1
36172 0
36173 3
36174 2
36175 0
36176 1
36177 2
36178 0
36179 2
36180 1
36181 0
36182 1
36183 0
36184 1
36185 2
36186 1
36187 0
36188 2
36189 1
36190 0
36191 2
36192 1
36193 2
36194 1
36195 2
36196 1
36197 2
36198 1
36199 0
36200 1
36201 2
36202 1
36203 0
36204 1
36205 3
36206 2
36207 1
36208 0
36209 1
36210 0
36211 3
36212 1
36213 2
36214 0
36215 2
36216 1
36217 0
36218 1
36219 0
36220 2
36221 1
36222 0
36223 1
36224 2
36225 0
36226 1
36227 0
36228 1
36229 2
36230 0
36231 1
36232 0
36233 2
36234 0
36235 2
36236 0
36237 1
36238 0
36239 2
36240 1
36241 2
36242 0
36243 1
36244 0
36245 1
36246 2
36247 0
36248 1
36249 0
36250 1
36251 0
36252 1
36253 2
36254 1
36255 2
36256 0
36257 2
36258 1
36259 2
36260 0
36261 2
36262 1
36263 0
36264 2
36265 1
36266 0
36267 1
36268 0
36269 2
36270 1
36271 2
36272 0
36273 1
36274 2
36275 1
36276 2
36277 0
36278 1
36279 0
36280 1
36281 2
36282 0
36283 1
36284 0
36285 1
36286 0
36287 2
36288 1
36289 0
36290 1
36291 0
36292 2
36293 1
36294 0
36295 1
36296 0
36297 1
36298 0
36299 1
36300 2
36301 1
36302 0
36303 1
36304 0
36305 1
36306 0
36307 2
36308 0
36309 2
36310 0
36311 1
36312 0
36313 2
36314 1
36315 2
36316 1
36317 0
36318 2
36319 1
36320 0
36321 2
36322 1
36323 0
36324 1
36325 2
36326 1
36327 0
36328 1
36329 2
36330 1
36331 0
36332 1
36333 2
36334 1
36335 0
36336 1
36337 2
36338 0
36339 1
36340 0
36341 1
36342 0
36343 1
36344 0
36345 1
36346 2
36347 1
36348 0
36349 2
36350 0
36351 2
36352 0
36353 1
36354 2
36355 1
36356 2
36357 0
36358 2
36359 1
36360 0
36361 2
36362 0
36363 1
36364 2
36365 0
36366 2
36367 1
36368 2
36369 0
36370 2
36371 1
36372 2
36373 0
36374 3
36375 2
36376 1
36377 2
36378 0
36379 1
36380 2
36381 1
36382 0
36383 1
36384 2
36385 0
36386 1
36387 0
36388 1
36389 0
36390 2
36391 0
36392 2
36393 1
36394 2
36395 0
36396 2
36397 0
36398 1
36399 0
36400 1
36401 0
36402 2
36403 1
36404 0
36405 1
36406 0
36407 1
36408 2
36409 1
36410 2
36411 1
36412 0
36413 1
36414 2
36415 0
36416 1
36417 2
36418 1
36419 2
36420 1
36421 2
36422 1
36423 0
36424 3
36425 1
36426 0
36427 2
36428 1
36429 2
36430 0
36431 2
36432 1
36433 2
36434 0
36435 1
36436 3
36437 2
36438 1
36439 2
36440 0
36441 3
36442 2
36443 0
36444 2
36445 0
36446 1
36447 2
36448 0
36449 1
36450 0
36451 2
36452 1
36453 2
36454 1
36455 0
36456 1
36457 3
36458 0
36459 2
36460 1
36461 0
36462 1
36463 0
36464 2
36465 0
36466 1
36467 0
36468 2
36469 1
36470 3
36471 2
36472 0
36473 1
36474 3
36475 2
36476 0
36477 2
36478 1
36479 0
36480 1
36481 2
36482 0
36483 1
36484 2
36485 0
36486 1
36487 0
36488 2
36489 0
36490 1
36491 2
36492 0
36493 3
36494 1
36495 0
36496 1
36497 2
36498 1
36499 0
36500 1
36501 0
36502 2
36503 0
36504 1
36505 0
36506 1
36507 0
36508 2
36509 0
36510 2
36511 0
36512 2
36513 1
36514 0
36515 2
36516 0
36517 2
36518 1
36519 0
36520 1
36521 3
36522 0
36523 3
36524 0
36525 2
36526 0
36527 1
36528 0
36529 2
36530 1
36531 0
36532 1
36533 0
36534 2
36535 1
36536 2
36537 1
36538 0
36539 1
36540 2
36541 0
36542 2
36543 1
36544 0
36545 2
36546 0
36547 1
36548 2
36549 0
36550 2
36551 1
36552 0
36553 1
36554 0
36555 3
36556 0
36557 1
36558 0
36559 1
36560 2
36561 1
36562 0
36563 2
36564 1
36565 0
36566 1
36567 2
36568 0
36569 1
36570 2
36571 0
36572 1
36573 0
36574 2
36575 0
36576 2
36577 0
36578 1
36579 0
36580 1
36581 0
36582 1
36583 2
36584 0
36585 1
36586 0
36587 1
36588 0
36589 2
36590 1
36591 2
36592 1
36593 2
36594 1
36595 2
36596 3
36597 1
36598 2
36599 1
36600 0
36601 2
36602 1
36603 2
36604 3
36605 1
36606 2
36607 0
36608 2
36609 1
36610 0
36611 1
36612 0
36613 1
36614 2
36615 0
36616 1
36617 0
36618 2
36619 0
36620 2
36621 1
36622 3
36623 1
36624 2
36625 1
36626 2
36627 3
36628 1
36629 2
36630 0
36631 2
36632 1
36633 3
36634 0
36635 1
36636 0
36637 1
36638 0
36639 1
36640 0
36641 1
36642 0
36643 1
36644 0
36645 1
36646 2
36647 0
36648 2
36649 0
36650 2
36651 0
36652 2
36653 1
36654 2
36655 0
36656 2
36657 1
36658 0
36659 1
36660 0
36661 2
36662 0
36663 1
36664 0
36665 2
36666 1
36667 0
36668 1
36669 0
36670 1
36671 0
36672 1
36673 0
36674 1
36675 0
36676 1
36677 2
36678 0
36679 1
36680 2
36681 1
36682 2
36683 0
36684 1
36685 0
36686 2
36687 1
36688 0
36689 3
36690 1
36691 0
36692 1
36693 0
36694 2
36695 1
36696 2
36697 0
36698 2
36699 1
36700 3
36701 2
36702 0
36703 1
36704 0
36705 2
36706 0
36707 1
36708 2
36709 3
36710 2
36711 0
36712 1
36713 2
36714 1
36715 0
36716 3
36717 2
36718 1
36719 2
36720 0
36721 1
36722 0
36723 2
36724 1
36725 2
36726 0
36727 1
36728 2
36729 1
36730 0
36731 1
36732 0
36733 2
36734 1
36735 2
36736 0
36737 1
36738 0
36739 1
36740 0
36741 1
36742 2
36743 0
36744 2
36745 1
36746 0
36747 2
36748 0
36749 1
36750 0
36751 2
36752 1
36753 2
36754 0
36755 1
36756 2
36757 0
36758 2
36759 0
36760 1
36761 0
36762 2
36763 1
36764 2
36765 0
36766 1
36767 0
36768 2
36769 1
36770 0
36771 2
36772 0
36773 1
36774 0
36775 1
36776 0
36777 2
36778 1
36779 0
36780 1
36781 3
36782 2
36783 0
36784 1
36785 0
36786 2
36787 0
36788 1
36789 0
36790 2
36791 1
36792 0
36793 1
36794 0
36795 1
36796 0
36797 1
36798 0
36799 1
36800 2
36801 1
36802 0
36803 1
36804 3
36805 1
36806 2
36807 1
36808 0
36809 1
36810 2
36811 0
36812 1
36813 0
36814 1
36815 0
36816 1
36817 0
36818 1
36819 2
36820 0
36821 1
36822 2
36823 3
36824 1
36825 0
36826 2
36827 1
36828 2
36829 0
36830 1
36831 0
36832 1
36833 0
36834 2
36835 0
36836 1
36837 2
36838 0
36839 1
36840 2
36841 1
36842 0
36843 1
36844 2
36845 0
36846 2
36847 0
36848 1
36849 2
36850 1
36851 0
36852 1
36853 0
36854 3
36855 2
36856 3
36857 0
36858 1
36859 2
36860 0
36861 2
36862 3
36863 0
36864 1
36865 0
36866 1
36867 0
36868 1
36869 0
36870 1
36871 2
36872 1
36873 2
36874 3
36875 0
36876 1
36877 0
36878 2
36879 1
36880 2
36881 0
36882 1
36883 2
36884 0
36885 1
36886 3
36887 0
36888 2
36889 0
36890 1
36891 2
36892 0
36893 2
36894 0
36895 1
36896 0
36897 1
36898 2
36899 0
36900 2
36901 0
36902 1
36903 0
36904 1
36905 2
36906 0
36907 1
36908 2
36909 1
36910 0
36911 1
36912 0
36913 1
36914 2
36915 0
36916 1
36917 0
36918 1
36919 2
36920 3
36921 0
36922 2
36923 1
36924 0
36925 1
36926 2
36927 0
36928 1
36929 3
36930 0
36931 1
36932 2
36933 1
36934 3
36935 2
36936 0
36937 1
36938 0
36939 1
36940 2
36941 0
36942 1
36943 2
36944 0
36945 1
36946 2
36947 0
36948 2
36949 1
36950 0
36951 1
36952 0
36953 1
36954 0
36955 1
36956 0
36957 1
36958 0
36959 2
36960 0
36961 1
36962 0
36963 1
36964 2
36965 3
36966 0
36967 2
36968 0
36969 2
36970 0
36971 2
36972 0
36973 2
36974 1
36975 0
36976 2
36977 1
36978 2
36979 0
36980 2
36981 1
36982 2
36983 0
36984 1
36985 2
36986 1
36987 2
36988 0
36989 1
36990 0
36991 2
36992 0
36993 2
36994 1
36995 2
36996 0
36997 2
36998 1
36999 0
37000 1
37001 0
37002 1
37003 0
37004 2
37005 1
37006 2
37007 1
37008 0
37009 1
37010 2
37011 1
37012 0
37013 1
37014 0
37015 1
37016 0
37017 1
37018 2
37019 0
37020 1
37021 2
37022 0
37023 1
37024 0
37025 1
37026 2
37027 0
37028 1
37029 0
37030 2
37031 0
37032 3
37033 1
37034 2
37035 0
37036 2
37037 1
37038 0
37039 1
37040 2
37041 0
37042 1
37043 0
37044 2
37045 1
37046 2
37047 1
37048 0
37049 1
37050 2
37051 1
37052 2
37053 0
37054 1
37055 0
37056 1
37057 3
37058 2
37059 1
37060 2
37061 1
37062 2
37063 0
37064 2
37065 0
37066 2
37067 1
37068 2
37069 1
37070 2
37071 1
37072 0
37073 1
37074 0
37075 1
37076 0
37077 2
37078 1
37079 2
37080 1
37081 0
37082 1
37083 0
37084 1
37085 0
37086 1
37087 2
37088 0
37089 1
37090 3
37091 2
37092 0
37093 1
37094 2
37095 3
37096 0
37097 3
37098 2
37099 1
37100 0
37101 2
37102 1
37103 0
37104 1
37105 0
37106 1
37107 2
37108 0
37109 1
37110 3
37111 0
37112 1
37113 2
37114 0
37115 2
37116 0
37117 2
37118 1
37119 2
37120 0
37121 1
37122 0
37123 2
37124 1
37125 0
37126 3
37127 1
37128 0
37129 1
37130 0
37131 1
37132 2
37133 0
37134 1
37135 3
37136 0
37137 3
37138 2
37139 0
37140 1
37141 0
37142 1
37143 2
37144 0
37145 2
37146 0
37147 2
37148 1
37149 2
37150 1
37151 0
37152 2
37153 1
37154 0
37155 1
37156 2
37157 0
37158 2
37159 1
37160 2
37161 1
37162 0
37163 2
37164 1
37165 0
37166 2
37167 1
37168 0
37169 2
37170 3
37171 1
37172 3
37173 2
37174 1
37175 0
37176 2
37177 1
37178 0
37179 1
37180 0
37181 1
37182 0
37183 1
37184 2
37185 0
37186 1
37187 0
37188 1
37189 0
37190 1
37191 0
37192 1
37193 0
37194 1
37195 0
37196 2
37197 0
37198 2
37199 1
37200 0
37201 1
37202 2
37203 1
37204 2
37205 0
37206 1
37207 0
37208 1
37209 0
37210 1
37211 2
37212 0
37213 2
37214 0
37215 1
37216 2
37217 1
37218 2
37219 1
37220 2
37221 0
37222 1
37223 0
37224 1
37225 0
37226 2
37227 1
37228 3
37229 0
37230 2
37231 1
37232 2
37233 0
37234 1
37235 0
37236 2
37237 1
37238 0
37239 2
37240 1
37241 0
37242 1
37243 0
37244 1
37245 0
37246 1
37247 2
37248 0
37249 1
37250 3
37251 0
37252 2
37253 1
37254 0
37255 2
37256 1
37257 0
37258 1
37259 0
37260 1
37261 2
37262 0
37263 1
37264 0
37265 2
37266 1
37267 0
37268 3
37269 0
37270 3
37271 2
37272 0
37273 1
37274 2
37275 0
37276 1
37277 2
37278 0
37279 2
37280 0
37281 1
37282 0
37283 2
37284 1
37285 2
37286 0
37287 1
37288 0
37289 1
37290 2
37291 1
37292 3
37293 1
37294 2
37295 0
37296 1
37297 0
37298 2
37299 1
37300 2
37301 0
37302 1
37303 0
37304 2
37305 0
37306 1
37307 2
37308 0
37309 1
37310 0
37311 1
37312 0
37313 2
37314 1
37315 2
37316 0
37317 1
37318 0
37319 1
37320 2
37321 0
37322 1
37323 0
37324 1
37325 0
37326 1
37327 0
37328 1
37329 2
37330 0
37331 2
37332 1
37333 3
37334 2
37335 0
37336 1
37337 0
37338 1
37339 0
37340 1
37341 2
37342 0
37343 1
37344 2
37345 0
37346 1
37347 0
37348 1
37349 2
37350 0
37351 1
37352 0
37353 1
37354 0
37355 1
37356 3
37357 2
37358 0
37359 2
37360 3
37361 1
37362 0
37363 2
37364 0
37365 3
37366 1
37367 2
37368 0
37369 1
37370 0
37371 2
37372 1
37373 2
37374 1
37375 0
37376 1
37377 0
37378 1
37379 0
37380 1
37381 3
37382 0
37383 2
37384 3
37385 1
37386 0
37387 1
37388 0
37389 1
37390 2
37391 0
37392 1
37393 2
37394 1
37395 0
37396 2
37397 0
37398 1
37399 0
37400 1
37401 0
37402 1
37403 0
37404 3
37405 2
37406 0
37407 1
37408 2
37409 1
37410 0
37411 1
37412 0
37413 1
37414 2
37415 0
37416 2
37417 1
37418 0
37419 2
37420 0
37421 1
37422 0
37423 1
37424 0
37425 2
37426 1
37427 2
37428 1
37429 2
37430 0
37431 3
37432 2
37433 0
37434 1
37435 2
37436 1
37437 0
37438 2
37439 1
37440 0
37441 1
37442 0
37443 3
37444 1
37445 0
37446 1
37447 0
37448 1
37449 0
37450 1
37451 2
37452 0
37453 1
37454 0
37455 2
37456 1
37457 0
37458 1
37459 2
37460 0
37461 1
37462 2
37463 0
37464 1
37465 2
37466 3
37467 1
37468 0
37469 1
37470 2
37471 0
37472 1
37473 0
37474 1
37475 2
37476 0
37477 1
37478 0
37479 1
37480 0
37481 1
37482 0
37483 1
37484 0
37485 2
37486 1
37487 0
37488 2
37489 1
37490 2
37491 1
37492 0
37493 2
37494 0
37495 1
37496 0
37497 1
37498 2
37499 1
37500 2
37501 0
37502 1
37503 0
37504 2
37505 1
37506 2
37507 0
37508 1
37509 0
37510 2
37511 3
37512 1
37513 0
37514 1
37515 0
37516 2
37517 1
37518 0
37519 1
37520 0
37521 2
37522 1
37523 3
37524 2
37525 0
37526 2
37527 1
37528 2
37529 1
37530 0
37531 1
37532 0
37533 2
37534 1
37535 2
37536 0
37537 1
37538 0
37539 1
37540 2
37541 1
37542 0
37543 1
37544 2
37545 0
37546 1
37547 3
37548 0
37549 1
37550 0
37551 2
37552 0
37553 1
37554 3
37555 1
37556 2
37557 1
37558 0
37559 1
37560 2
37561 0
37562 2
37563 1
37564 0
37565 1
37566 0
37567 1
37568 0
37569 2
37570 1
37571 0
37572 1
37573 2
37574 0
37575 2
37576 1
37577 0
37578 1
37579 0
37580 1
37581 2
37582 1
37583 0
37584 1
37585 2
37586 1
37587 0
37588 1
37589 0
37590 2
37591 0
37592 2
37593 3
37594 1
37595 3
37596 2
37597 1
37598 2
37599 0
37600 2
37601 1
37602 0
37603 2
37604 1
37605 0
37606 1
37607 0
37608 1
37609 0
37610 1
37611 0
37612 1
37613 2
37614 1
37615 0
37616 1
37617 0
37618 1
37619 2
37620 1
37621 2
37622 0
37623 1
37624 0
37625 1
37626 0
37627 1
37628 0
37629 2
37630 0
37631 1
37632 0
37633 1
37634 0
37635 1
37636 0
37637 1
37638 0
37639 1
37640 0
37641 1
37642 0
37643 1
37644 2
37645 0
37646 1
37647 0
37648 1
37649 2
37650 0
37651 2
37652 1
37653 0
37654 2
37655 0
37656 1
37657 2
37658 0
37659 2
37660 1
37661 0
37662 1
37663 2
37664 1
37665 2
37666 0
37667 2
37668 1
37669 2
37670 0
37671 2
37672 1
37673 0
37674 1
37675 0
37676 1
37677 2
37678 1
37679 2
37680 1
37681 3
37682 0
37683 1
37684 2
37685 1
37686 0
37687 2
37688 0
37689 2
37690 1
37691 0
37692 1
37693 0
37694 1
37695 0
37696 1
37697 0
37698 1
37699 2
37700 3
37701 1
37702 0
37703 2
37704 0
37705 2
37706 1
37707 0
37708 1
37709 0
37710 1
37711 2
37712 0
37713 1
37714 2
37715 1
37716 2
37717 1
37718 0
37719 1
37720 0
37721 1
37722 0
37723 1
37724 0
37725 1
37726 2
37727 0
37728 1
37729 2
37730 3
37731 1
37732 0
37733 1
37734 0
37735 2
37736 3
37737 1
37738 0
37739 2
37740 1
37741 0
37742 2
37743 1
37744 0
37745 1
37746 0
37747 1
37748 2
37749 1
37750 3
37751 0
37752 1
37753 2
37754 0
37755 2
37756 1
37757 0
37758 1
37759 0
37760 2
37761 1
37762 0
37763 1
37764 0
37765 1
37766 0
37767 2
37768 0
37769 2
37770 1
37771 0
37772 1
37773 0
37774 2
37775 1
37776 0
37777 1
37778 0
37779 1
37780 0
37781 2
37782 1
37783 2
37784 0
37785 1
37786 2
37787 0
37788 2
37789 1
37790 2
37791 0
37792 2
37793 0
37794 1
37795 0
37796 2
37797 1
37798 2
37799 0
37800 2
37801 0
37802 1
37803 0
37804 2
37805 1
37806 2
37807 0
37808 1
37809 0
37810 2
37811 1
37812 0
37813 2
37814 1
37815 2
37816 0
37817 2
37818 0
37819 1
37820 0
37821 1
37822 0
37823 1
37824 0
37825 1
37826 0
37827 2
37828 1
37829 2
37830 1
37831 2
37832 0
37833 1
37834 0
37835 1
37836 0
37837 1
37838 2
37839 0
37840 1
37841 2
37842 0
37843 2
37844 1
37845 2
37846 1
37847 3
37848 0
37849 1
37850 0
37851 1
37852 2
37853 1
37854 0
37855 1
37856 2
37857 1
37858 2
37859 1
37860 2
37861 0
37862 2
37863 0
37864 1
37865 0
37866 2
37867 1
37868 3
37869 1
37870 0
37871 1
37872 0
37873 1
37874 2
37875 1
37876 0
37877 1
37878 2
37879 0
37880 2
37881 3
37882 0
37883 1
37884 3
37885 0
37886 1
37887 2
37888 0
37889 1
37890 0
37891 1
37892 2
37893 0
37894 2
37895 1
37896 0
37897 2
37898 0
37899 2
37900 1
37901 0
37902 3
37903 1
37904 2
37905 0
37906 1
37907 2
37908 0
37909 1
37910 0
37911 1
37912 0
37913 2
37914 1
37915 0
37916 1
37917 0
37918 1
37919 0
37920 1
37921 0
37922 1
37923 2
37924 1
37925 0
37926 2
37927 1
37928 2
37929 1
37930 0
37931 1
37932 2
37933 0
37934 3
37935 1
37936 2
37937 1
37938 0
37939 1
37940 0
37941 3
37942 1
37943 0
37944 1
37945 0
37946 2
37947 1
37948 0
37949 1
37950 2
37951 1
37952 2
37953 0
37954 1
37955 2
37956 1
37957 2
37958 0
37959 2
37960 1
37961 0
37962 2
37963 1
37964 2
37965 1
37966 2
37967 0
37968 3
37969 0
37970 1
37971 0
37972 1
37973 0
37974 1
37975 0
37976 1
37977 0
37978 1
37979 2
37980 1
37981 2
37982 0
37983 2
37984 0
37985 1
37986 2
37987 0
37988 1
37989 0
37990 1
37991 0
37992 2
37993 1
37994 0
37995 1
37996 2
37997 1
37998 0
37999 1
38000 0
38001 1
38002 2
38003 1
38004 2
38005 0
38006 1
38007 0
38008 2
38009 1
38010 0
38011 1
38012 0
38013 1
38014 0
38015 2
38016 1
38017 2
38018 0
38019 1
38020 0
38021 1
38022 0
38023 1
38024 0
38025 1
38026 0
38027 1
38028 0
38029 3
38030 2
38031 0
38032 1
38033 0
38034 1
38035 0
38036 1
38037 2
38038 1
38039 2
38040 0
38041 2
38042 0
38043 2
38044 0
38045 1
38046 0
38047 2
38048 1
38049 0
38050 1
38051 0
38052 1
38053 3
38054 2
38055 1
38056 0
38057 1
38058 0
38059 2
38060 1
38061 2
38062 0
38063 1
38064 0
38065 1
38066 0
38067 1
38068 0
38069 2
38070 1
38071 3
38072 2
38073 0
38074 2
38075 1
38076 0
38077 1
38078 2
38079 1
38080 2
38081 0
38082 1
38083 2
38084 1
38085 0
38086 1
38087 0
38088 2
38089 0
38090 1
38091 0
38092 1
38093 2
38094 0
38095 2
38096 1
38097 2
38098 0
38099 1
38100 2
38101 0
38102 2
38103 0
38104 1
38105 0
38106 2
38107 0
38108 1
38109 2
38110 0
38111 1
38112 0
38113 2
38114 1
38115 0
38116 2
38117 1
38118 0
38119 1
38120 3
38121 0
38122 2
38123 0
38124 1
38125 0
38126 1
38127 0
38128 1
38129 0
38130 1
38131 2
38132 1
38133 0
38134 2
38135 1
38136 0
38137 1
38138 0
38139 1
38140 2
38141 0
38142 1
38143 2
38144 0
38145 2
38146 1
38147 2
38148 1
38149 0
38150 1
38151 2
38152 0
38153 2
38154 1
38155 2
38156 1
38157 0
38158 1
38159 0
38160 3
38161 2
38162 1
38163 0
38164 1
38165 3
38166 2
38167 1
38168 2
38169 0
38170 2
38171 1
38172 0
38173 2
38174 0
38175 1
38176 2
38177 1
38178 0
38179 2
38180 0
38181 3
38182 1
38183 2
38184 0
38185 2
38186 1
38187 2
38188 1
38189 0
38190 1
38191 0
38192 2
38193 1
38194 2
38195 0
38196 2
38197 1
38198 0
38199 2
38200 0
38201 1
38202 0
38203 1
38204 2
38205 1
38206 0
38207 2
38208 0
38209 2
38210 1
38211 0
38212 2
38213 1
38214 0
38215 2
38216 0
38217 1
38218 0
38219 1
38220 0
38221 2
38222 1
38223 0
38224 2
38225 0
38226 1
38227 0
38228 1
38229 2
38230 1
38231 2
38232 3
38233 1
38234 0
38235 1
38236 0
38237 3
38238 2
38239 1
38240 0
38241 1
38242 0
38243 2
38244 0
38245 1
38246 2
38247 0
38248 1
38249 0
38250 2
38251 1
38252 0
38253 2
38254 1
38255 2
38256 0
38257 1
38258 0
38259 1
38260 0
38261 1
38262 0
38263 1
38264 0
38265 1
38266 2
38267 0
38268 1
38269 2
38270 0
38271 2
38272 1
38273 0
38274 1
38275 0
38276 1
38277 2
38278 0
38279 1
38280 2
38281 1
38282 0
38283 1
38284 0
38285 1
38286 2
38287 0
38288 2
38289 0
38290 1
38291 0
38292 1
38293 2
38294 1
38295 2
38296 1
38297 2
38298 1
38299 0
38300 2
38301 0
38302 1
38303 3
38304 0
38305 1
38306 0
38307 1
38308 0
38309 2
38310 0
38311 1
38312 0
38313 1
38314 2
38315 0
38316 1
38317 2
38318 0
38319 3
38320 1
38321 0
38322 1
38323 2
38324 1
38325 0
38326 1
38327 2
38328 0
38329 1
38330 0
38331 1
38332 0
38333 2
38334 1
38335 2
38336 1
38337 0
38338 1
38339 2
38340 0
38341 2
38342 1
38343 0
38344 1
38345 2
38346 0
38347 2
38348 1
38349 2
38350 1
38351 2
38352 1
38353 0
38354 2
38355 0
38356 1
38357 0
38358 1
38359 2
38360 0
38361 1
38362 3
38363 0
38364 2
38365 0
38366 1
38367 0
38368 2
38369 3
38370 1
38371 2
38372 0
38373 2
38374 0
38375 1
38376 3
38377 1
38378 0
38379 1
38380 2
38381 0
38382 1
38383 0
38384 2
38385 1
38386 2
38387 0
38388 2
38389 1
38390 0
38391 1
38392 0
38393 1
38394 0
38395 2
38396 1
38397 2
38398 0
38399 1
38400 2
38401 0
38402 1
38403 0
38404 2
38405 1
38406 0
38407 1
38408 0
38409 3
38410 2
38411 1
38412 2
38413 0
38414 1
38415 0
38416 1
38417 2
38418 0
38419 1
38420 0
38421 2
38422 1
38423 0
38424 1
38425 2
38426 0
38427 1
38428 2
38429 0
38430 1
38431 0
38432 1
38433 0
38434 1
38435 2
38436 0
38437 1
38438 2
38439 3
38440 1
38441 0
38442 1
38443 0
38444 2
38445 1
38446 2
38447 0
38448 2
38449 1
38450 0
38451 1
38452 2
38453 0
38454 1
38455 2
38456 0
38457 2
38458 1
38459 0
38460 1
38461 0
38462 1
38463 0
38464 1
38465 2
38466 0
38467 1
38468 2
38469 1
38470 2
38471 0
38472 1
38473 2
38474 0
38475 2
38476 0
38477 1
38478 2
38479 0
38480 2
38481 1
38482 2
38483 0
38484 1
38485 2
38486 1
38487 2
38488 1
38489 0
38490 1
38491 0
38492 1
38493 2
38494 0
38495 1
38496 0
38497 2
38498 1
38499 2
38500 1
38501 0
38502 1
38503 2
38504 0
38505 2
38506 1
38507 0
38508 2
38509 0
38510 1
38511 0
38512 2
38513 0
38514 1
38515 2
38516 0
38517 2
38518 0
38519 2
38520 0
38521 1
38522 2
38523 0
38524 2
38525 1
38526 0
38527 1
38528 0
38529 1
38530 0
38531 1
38532 2
38533 1
38534 2
38535 3
38536 1
38537 0
38538 2
38539 0
38540 2
38541 1
38542 2
38543 3
38544 1
38545 2
38546 3
38547 1
38548 3
38549 2
38550 1
38551 2
38552 1
38553 2
38554 3
38555 1
38556 2
38557 0
38558 1
38559 0
38560 1
38561 0
38562 2
38563 1
38564 0
38565 1
38566 0
38567 1
38568 0
38569 1
38570 0
38571 1
38572 2
38573 0
38574 3
38575 2
38576 3
38577 1
38578 0
38579 1
38580 0
38581 2
38582 3
38583 1
38584 0
38585 2
38586 1
38587 2
38588 0
38589 1
38590 0
38591 2
38592 1
38593 0
38594 1
38595 2
38596 0
38597 2
38598 0
38599 2
38600 1
38601 0
38602 2
38603 1
38604 0
38605 1
38606 0
38607 2
38608 1
38609 0
38610 1
38611 2
38612 0
38613 2
38614 3
38615 0
38616 1
38617 2
38618 3
38619 2
38620 0
38621 1
38622 2
38623 1
38624 2
38625 0
38626 1
38627 3
38628 0
38629 2
38630 0
38631 2
38632 0
38633 2
38634 1
38635 2
38636 3
38637 0
38638 2
38639 1
38640 2
38641 0
38642 2
38643 3
38644 0
38645 1
38646 3
38647 0
38648 2
38649 0
38650 1
38651 0
38652 1
38653 2
38654 0
38655 1
38656 0
38657 2
38658 0
38659 1
38660 0
38661 2
38662 1
38663 0
38664 1
38665 0
38666 1
38667 0
38668 1
38669 0
38670 2
38671 0
38672 1
38673 0
38674 1
38675 0
38676 1
38677 2
38678 1
38679 0
38680 2
38681 0
38682 1
38683 0
38684 2
38685 0
38686 1
38687 2
38688 0
38689 1
38690 0
38691 1
38692 2
38693 0
38694 2
38695 0
38696 1
38697 2
38698 1
38699 2
38700 1
38701 2
38702 0
38703 1
38704 0
38705 2
38706 0
38707 1
38708 0
38709 2
38710 0
38711 1
38712 2
38713 1
38714 0
38715 1
38716 0
38717 1
38718 0
38719 1
38720 0
38721 1
38722 0
38723 2
38724 1
38725 0
38726 1
38727 0
38728 2
38729 1
38730 2
38731 1
38732 2
38733 0
38734 1
38735 2
38736 0
38737 1
38738 0
38739 1
38740 2
38741 0
38742 1
38743 2
38744 3
38745 0
38746 2
38747 1
38748 0
38749 2
38750 1
38751 0
38752 1
38753 0
38754 2
38755 1
38756 0
38757 2
38758 1
38759 2
38760 1
38761 2
38762 0
38763 3
38764 2
38765 0
38766 1
38767 0
38768 1
38769 0
38770 1
38771 2
38772 0
38773 3
38774 2
38775 3
38776 0
38777 2
38778 0
38779 1
38780 2
38781 1
38782 0
38783 1
38784 2
38785 0
38786 1
38787 0
38788 2
38789 1
38790 0
38791 2
38792 1
38793 2
38794 1
38795 0
38796 1
38797 0
38798 1
38799 0
38800 1
38801 2
38802 0
38803 1
38804 0
38805 1
38806 2
38807 1
38808 0
38809 1
38810 0
38811 2
38812 1
38813 0
38814 2
38815 1
38816 2
38817 0
38818 1
38819 2
38820 0
38821 2
38822 0
38823 1
38824 2
38825 0
38826 2
38827 1
38828 0
38829 2
38830 1
38831 2
38832 3
38833 2
38834 1
38835 3
38836 1
38837 2
38838 0
38839 1
38840 2
38841 0
38842 2
38843 0
38844 1
38845 0
38846 2
38847 1
38848 0
38849 2
38850 1
38851 2
38852 1
38853 2
38854 1
38855 0
38856 2
38857 1
38858 0
38859 1
38860 2
38861 0
38862 2
38863 1
38864 0
38865 2
38866 1
38867 0
38868 2
38869 1
38870 0
38871 2
38872 0
38873 1
38874 0
38875 1
38876 0
38877 1
38878 0
38879 1
38880 2
38881 1
38882 0
38883 2
38884 3
38885 0
38886 1
38887 2
38888 0
38889 2
38890 1
38891 0
38892 2
38893 0
38894 2
38895 3
38896 0
38897 3
38898 2
38899 1
38900 0
38901 1
38902 0
38903 3
38904 0
38905 3
38906 2
38907 0
38908 1
38909 0
38910 1
38911 0
38912 1
38913 0
38914 2
38915 1
38916 0
38917 3
38918 0
38919 1
38920 2
38921 1
38922 2
38923 1
38924 0
38925 1
38926 2
38927 0
38928 2
38929 0
38930 1
38931 2
38932 1
38933 0
38934 3
38935 2
38936 0
38937 1
38938 2
38939 1
38940 0
38941 1
38942 0
38943 2
38944 1
38945 0
38946 3
38947 1
38948 2
38949 3
38950 1
38951 0
38952 1
38953 2
38954 1
38955 0
38956 2
38957 3
38958 0
38959 1
38960 0
38961 2
38962 3
38963 1
38964 3
38965 0
38966 2
38967 1
38968 0
38969 1
38970 0
38971 2
38972 1
38973 2
38974 0
38975 1
38976 0
38977 2
38978 0
38979 1
38980 0
38981 2
38982 1
38983 2
38984 1
38985 0
38986 2
38987 1
38988 0
38989 2
38990 3
38991 0
38992 1
38993 0
38994 1
38995 2
38996 0
38997 2
38998 3
38999 1
39000 0
39001 2
39002 1
39003 2
39004 0
39005 1
39006 2
39007 0
39008 1
39009 2
39010 0
39011 2
39012 1
39013 2
39014 1
39015 2
39016 1
39017 0
39018 1
39019 0
39020 1
39021 2
39022 0
39023 1
39024 2
39025 0
39026 2
39027 3
39028 0
39029 2
39030 1
39031 0
39032 1
39033 0
39034 1
39035 0
39036 2
39037 0
39038 3
39039 2
39040 1
39041 0
39042 2
39043 1
39044 0
39045 1
39046 0
39047 2
39048 0
39049 2
39050 1
39051 0
39052 1
39053 0
39054 1
39055 0
39056 1
39057 0
39058 2
39059 1
39060 0
39061 3
39062 0
39063 1
39064 0
39065 1
39066 3
39067 1
39068 2
39069 1
39070 3
39071 1
39072 3
39073 0
39074 2
39075 0
39076 1
39077 0
39078 2
39079 1
39080 0
39081 1
39082 0
39083 1
39084 2
39085 0
39086 1
39087 0
39088 1
39089 2
39090 0
39091 1
39092 0
39093 1
39094 0
39095 2
39096 0
39097 1
39098 0
39099 1
39100 0
39101 2
39102 0
39103 1
39104 0
39105 1
39106 0
39107 2
39108 1
39109 0
39110 1
39111 2
39112 1
39113 0
39114 3
39115 2
39116 3
39117 0
39118 1
39119 2
39120 1
39121 2
39122 1
39123 2
39124 0
39125 2
39126 0
39127 1
39128 2
39129 0
39130 2
39131 3
39132 0
39133 1
39134 0
39135 2
39136 0
39137 1
39138 0
39139 1
39140 2
39141 0
39142 2
39143 1
39144 2
39145 0
39146 1
39147 0
39148 1
39149 2
39150 3
39151 0
39152 1
39153 0
39154 1
39155 0
39156 1
39157 2
39158 0
39159 2
39160 0
39161 1
39162 3
39163 2
39164 1
39165 0
39166 1
39167 0
39168 1
39169 2
39170 0
39171 1
39172 2
39173 0
39174 2
39175 1
39176 2
39177 1
39178 0
39179 1
39180 0
39181 3
39182 0
39183 1
39184 2
39185 1
39186 2
39187 1
39188 2
39189 0
39190 1
39191 0
39192 1
39193 0
39194 1
39195 0
39196 2
39197 1
39198 0
39199 2
39200 1
39201 2
39202 0
39203 2
39204 1
39205 0
39206 2
39207 0
39208 2
39209 0
39210 2
39211 0
39212 3
39213 0
39214 1
39215 2
39216 1
39217 2
39218 0
39219 1
39220 2
39221 3
39222 1
39223 0
39224 2
39225 1
39226 0
39227 3
39228 1
39229 0
39230 2
39231 1
39232 2
39233 3
39234 1
39235 0
39236 2
39237 1
39238 0
39239 2
39240 0
39241 1
39242 0
39243 1
39244 0
39245 1
39246 2
39247 0
39248 2
39249 1
39250 0
39251 1
39252 2
39253 1
39254 2
39255 1
39256 2
39257 1
39258 2
39259 0
39260 1
39261 0
39262 1
39263 2
39264 1
39265 0
39266 2
39267 3
39268 1
39269 0
39270 1
39271 0
39272 1
39273 2
39274 0
39275 2
39276 1
39277 0
39278 1
39279 0
39280 3
39281 2
39282 1
39283 2
39284 1
39285 0
39286 2
39287 3
39288 0
39289 1
39290 0
39291 2
39292 1
39293 2
39294 0
39295 2
39296 1
39297 2
39298 0
39299 1
39300 2
39301 0
39302 2
39303 1
39304 0
39305 2
39306 1
39307 0
39308 1
39309 0
39310 2
39311 0
39312 2
39313 1
39314 0
39315 2
39316 1
39317 2
39318 0
39319 1
39320 2
39321 1
39322 0
39323 2
39324 1
39325 0
39326 1
39327 0
39328 1
39329 2
39330 1
39331 2
39332 1
39333 0
39334 1
39335 0
39336 1
39337 0
39338 1
39339 2
39340 1
39341 0
39342 3
39343 2
39344 1
39345 2
39346 1
39347 2
39348 0
39349 1
39350 3
39351 0
39352 1
39353 0
39354 2
39355 1
39356 3
39357 0
39358 1
39359 2
39360 0
39361 1
39362 2
39363 0
39364 1
39365 0
39366 2
39367 0
39368 1
39369 0
39370 2
39371 1
39372 2
39373 0
39374 1
39375 3
39376 2
39377 0
39378 1
39379 2
39380 0
39381 1
39382 0
39383 2
39384 1
39385 2
39386 0
39387 2
39388 0
39389 1
39390 2
39391 0
39392 1
39393 2
39394 0
39395 1
39396 2
39397 0
39398 1
39399 2
39400 1
39401 0
39402 2
39403 1
39404 0
39405 1
39406 0
39407 1
39408 0
39409 2
39410 0
39411 2
39412 1
39413 3
39414 0
39415 1
39416 0
39417 1
39418 2
39419 1
39420 2
39421 0
39422 2
39423 1
39424 2
39425 1
39426 2
39427 0
39428 2
39429 1
39430 0
39431 2
39432 1
39433 0
39434 1
39435 2
39436 1
39437 0
39438 1
39439 0
39440 1
39441 0
39442 2
39443 0
39444 2
39445 0
39446 3
39447 1
39448 0
39449 1
39450 0
39451 1
39452 0
39453 1
39454 0
39455 2
39456 0
39457 1
39458 2
39459 0
39460 2
39461 1
39462 0
39463 1
39464 0
39465 2
39466 0
39467 1
39468 0
39469 2
39470 0
39471 2
39472 0
39473 2
39474 0
39475 1
39476 3
39477 2
39478 1
39479 2
39480 0
39481 1
39482 0
39483 1
39484 2
39485 0
39486 1
39487 2
39488 0
39489 2
39490 1
39491 0
39492 2
39493 0
39494 1
39495 2
39496 3
39497 1
39498 2
39499 1
39500 2
39501 3
39502 1
39503 0
39504 2
39505 1
39506 0
39507 1
39508 0
39509 2
39510 1
39511 2
39512 1
39513 0
39514 1
39515 2
39516 0
39517 1
39518 2
39519 0
39520 1
39521 2
39522 0
39523 1
39524 2
39525 1
39526 0
39527 1
39528 3
39529 2
39530 0
39531 2
39532 0
39533 1
39534 0
39535 1
39536 2
39537 1
39538 0
39539 2
39540 1
39541 2
39542 0
39543 2
39544 1
39545 2
39546 1
39547 2
39548 1
39549 0
39550 1
39551 2
39552 0
39553 3
39554 2
39555 1
39556 0
39557 2
39558 1
39559 0
39560 1
39561 2
39562 3
39563 2
39564 1
39565 0
39566 2
39567 0
39568 2
39569 0
39570 1
39571 2
39572 0
39573 1
39574 2
39575 0
39576 1
39577 2
39578 0
39579 2
39580 1
39581 2
39582 1
39583 3
39584 2
39585 1
39586 2
39587 0
39588 1
39589 2
39590 1
39591 0
39592 1
39593 2
39594 0
39595 1
39596 0
39597 2
39598 0
39599 2
39600 1
39601 3
39602 2
39603 0
39604 1
39605 0
39606 2
39607 1
39608 2
39609 0
39610 1
39611 0
39612 1
39613 2
39614 0
39615 2
39616 0
39617 2
39618 3
39619 0
39620 2
39621 0
39622 1
39623 0
39624 1
39625 0
39626 1
39627 2
39628 0
39629 1
39630 2
39631 1
39632 0
39633 1
39634 2
39635 0
39636 2
39637 1
39638 2
39639 1
39640 2
39641 0
39642 1
39643 2
39644 0
39645 3
39646 2
39647 1
39648 2
39649 0
39650 1
39651 0
39652 1
39653 0
39654 1
39655 0
39656 2
39657 1
39658 0
39659 2
39660 0
39661 1
39662 0
39663 1
39664 0
39665 2
39666 1
39667 2
39668 1
39669 2
39670 3
39671 0
39672 2
39673 1
39674 0
39675 2
39676 1
39677 0
39678 1
39679 2
39680 0
39681 2
39682 1
39683 0
39684 1
39685 3
39686 0
39687 2
39688 0
39689 2
39690 0
39691 1
39692 0
39693 1
39694 0
39695 2
39696 0
39697 1
39698 3
39699 0
39700 1
39701 2
39702 0
39703 2
39704 3
39705 0
39706 1
39707 0
39708 1
39709 0
39710 1
39711 0
39712 1
39713 2
39714 0
39715 1
39716 2
39717 3
39718 0
39719 1
39720 0
39721 1
39722 3
39723 1
39724 0
39725 1
39726 2
39727 0
39728 1
39729 0
39730 1
39731 2
39732 0
39733 1
39734 0
39735 1
39736 2
39737 3
39738 0
39739 1
39740 0
39741 2
39742 1
39743 2
39744 0
39745 1
39746 0
39747 2
39748 1
39749 0
39750 2
39751 1
39752 2
39753 3
39754 1
39755 2
39756 0
39757 1
39758 2
39759 3
39760 2
39761 1
39762 0
39763 3
39764 2
39765 1
39766 2
39767 0
39768 1
39769 0
39770 2
39771 0
39772 1
39773 2
39774 0
39775 1
39776 0
39777 2
39778 1
39779 2
39780 0
39781 2
39782 0
39783 1
39784 0
39785 3
39786 1
39787 0
39788 1
39789 0
39790 1
39791 0
39792 2
39793 0
39794 1
39795 0
39796 1
39797 0
39798 1
39799 2
39800 0
39801 1
39802 0
39803 1
39804 2
39805 0
39806 1
39807 0
39808 1
39809 2
39810 0
39811 1
39812 0
39813 2
39814 1
39815 0
39816 2
39817 1
39818 2
39819 1
39820 0
39821 2
39822 0
39823 2
39824 1
39825 0
39826 1
39827 0
39828 1
39829 2
39830 1
39831 0
39832 1
39833 2
39834 0
39835 1
39836 0
39837 2
39838 0
39839 1
39840 0
39841 1
39842 2
39843 0
39844 1
39845 0
39846 1
39847 2
39848 0
39849 1
39850 2
39851 0
39852 2
39853 0
39854 1
39855 0
39856 1
39857 0
39858 2
39859 1
39860 0
39861 2
39862 1
39863 2
39864 0
39865 1
39866 2
39867 1
39868 0
39869 2
39870 1
39871 0
39872 1
39873 0
39874 1
39875 2
39876 3
39877 1
39878 0
39879 1
39880 3
39881 0
39882 3
39883 1
39884 2
39885 1
39886 0
39887 2
39888 1
39889 0
39890 2
39891 1
39892 0
39893 1
39894 0
39895 1
39896 0
39897 2
39898 0
39899 1
39900 0
39901 2
39902 1
39903 0
39904 2
39905 1
39906 0
39907 2
39908 1
39909 0
39910 1
39911 0
39912 1
39913 0
39914 1
39915 0
39916 1
39917 0
39918 1
39919 2
39920 1
39921 0
39922 1
39923 2
39924 0
39925 2
39926 1
39927 0
39928 2
39929 1
39930 2
39931 0
39932 2
39933 0
39934 3
39935 1
39936 2
39937 3
39938 0
39939 2
39940 0
39941 1
39942 2
39943 0
39944 2
39945 0
39946 1
39947 2
39948 0
39949 1
39950 2
39951 1
39952 0
39953 1
39954 2
39955 0
39956 2
39957 1
39958 0
39959 1
39960 3
39961 2
39962 0
39963 1
39964 2
39965 0
39966 1
39967 0
39968 2
39969 1
39970 2
39971 1
39972 0
39973 1
39974 3
39975 2
39976 1
39977 0
39978 1
39979 3
39980 2
39981 0
39982 1
39983 2
39984 1
39985 0
39986 1
39987 2
39988 0
39989 2
39990 1
39991 0
39992 1
39993 0
39994 1
39995 2
39996 1
39997 0
39998 2
39999 1
40000 0
40001 2
40002 0
40003 1
40004 0
40005 1
40006 2
40007 1
40008 2
40009 0
40010 2
40011 0
40012 1
40013 0
40014 2
40015 0
40016 2
40017 1
40018 0
40019 2
40020 3
40021 0
40022 1
40023 0
40024 1
40025 2
40026 0
40027 1
40028 0
40029 1
40030 2
40031 1
40032 3
40033 0
40034 1
40035 0
40036 2
40037 1
40038 3
40039 2
40040 0
40041 1
40042 0
40043 1
40044 0
40045 1
40046 0
40047 1
40048 2
40049 3
40050 0
40051 1
40052 2
40053 1
40054 0
40055 1
40056 0
40057 2
40058 3
40059 1
40060 0
40061 1
40062 2
40063 3
40064 1
40065 2
40066 0
40067 1
40068 2
40069 3
40070 2
40071 0
40072 1
40073 0
40074 1
40075 0
40076 1
40077 2
40078 0
40079 2
40080 0
40081 2
40082 0
40083 1
40084 0
40085 2
40086 1
40087 0
40088 3
40089 1
40090 0
40091 1
40092 0
40093 1
40094 3
40095 2
40096 0
40097 1
40098 0
40099 1
40100 0
40101 1
40102 2
40103 3
40104 1
40105 0
40106 2
40107 1
40108 0
40109 2
40110 1
40111 0
40112 1
40113 2
40114 0
40115 1
40116 0
40117 1
40118 0
40119 1
40120 2
40121 1
40122 0
40123 1
40124 2
40125 1
40126 0
40127 2
40128 0
40129 3
40130 2
40131 0
40132 1
40133 2
40134 0
40135 1
40136 2
40137 3
40138 0
40139 3
40140 1
40141 0
40142 2
40143 1
40144 2
40145 0
40146 1
40147 0
40148 1
40149 0
40150 2
40151 1
40152 0
40153 1
40154 2
40155 0
40156 1
40157 2
40158 1
40159 0
40160 1
40161 3
40162 2
40163 0
40164 1
40165 2
40166 0
40167 1
40168 2
40169 0
40170 1
40171 2
40172 0
40173 1
40174 2
40175 0
40176 1
40177 0
40178 1
40179 2
40180 0
40181 1
40182 0
40183 1
40184 0
40185 1
40186 0
40187 1
40188 0
40189 1
40190 0
40191 1
40192 0
40193 1
40194 0
40195 1
40196 0
40197 1
40198 0
40199 1
40200 0
40201 2
40202 1
40203 0
40204 1
40205 0
40206 1
40207 0
40208 2
40209 1
40210 0
40211 2
40212 1
40213 0
40214 1
40215 2
40216 0
40217 2
40218 0
40219 1
40220 2
40221 1
40222 2
40223 0
40224 2
40225 1
40226 2
40227 1
40228 0
40229 1
40230 0
40231 2
40232 0
40233 1
40234 0
40235 1
40236 0
40237 1
40238 0
40239 1
40240 2
40241 0
40242 1
40243 0
40244 2
40245 1
40246 2
40247 1
40248 2
40249 1
40250 0
40251 2
40252 0
40253 1
40254 0
40255 1
40256 0
40257 1
40258 2
40259 3
40260 1
40261 0
40262 2
40263 1
40264 0
40265 1
40266 2
40267 0
40268 2
40269 3
40270 1
40271 0
40272 1
40273 0
40274 1
40275 2
40276 1
40277 0
40278 1
40279 0
40280 2
40281 1
40282 2
40283 0
40284 1
40285 0
40286 1
40287 0
40288 1
40289 0
40290 1
40291 2
40292 1
40293 0
40294 1
40295 0
40296 1
40297 0
40298 1
40299 2
40300 1
40301 0
40302 1
40303 2
40304 1
40305 0
40306 1
40307 0
40308 3
40309 1
40310 0
40311 1
40312 0
40313 3
40314 1
40315 0
40316 1
40317 0
40318 1
40319 2
40320 1
40321 0
40322 1
40323 2
40324 0
40325 1
40326 2
40327 0
40328 2
40329 1
40330 2
40331 0
40332 2
40333 1
40334 0
40335 1
40336 0
40337 2
40338 1
40339 0
40340 1
40341 2
40342 0
40343 1
40344 0
40345 1
40346 2
40347 0
40348 2
40349 1
40350 2
40351 1
40352 0
40353 2
40354 3
40355 1
40356 0
40357 1
40358 2
40359 1
40360 2
40361 0
40362 1
40363 2
40364 1
40365 0
40366 2
40367 0
40368 2
40369 0
40370 1
40371 0
40372 2
40373 0
40374 1
40375 0
40376 1
40377 2
40378 0
40379 3
40380 0
40381 1
40382 0
40383 1
40384 3
40385 0
40386 1
40387 2
40388 0
40389 1
40390 0
40391 1
40392 2
40393 0
40394 1
40395 0
40396 1
40397 0
40398 1
40399 2
40400 0
40401 1
40402 2
40403 0
40404 1
40405 2
40406 0
40407 1
40408 3
40409 0
40410 1
40411 2
40412 1
40413 0
40414 1
40415 2
40416 1
40417 0
40418 1
40419 0
40420 2
40421 0
40422 2
40423 0
40424 1
40425 0
40426 2
40427 0
40428 2
40429 0
40430 1
40431 0
40432 1
40433 2
40434 0
40435 1
40436 2
40437 0
40438 1
40439 3
40440 2
40441 0
40442 2
40443 3
40444 1
40445 0
40446 1
40447 2
40448 1
40449 0
40450 2
40451 1
40452 2
40453 1
40454 0
40455 2
40456 1
40457 2
40458 0
40459 1
40460 2
40461 1
40462 0
40463 1
40464 2
40465 0
40466 3
40467 2
40468 3
40469 1
40470 3
40471 1
40472 3
40473 0
40474 2
40475 0
40476 2
40477 3
40478 0
40479 2
40480 4
40481 1
40482 0
40483 1
40484 2
40485 3
40486 0
40487 1
40488 2
40489 0
40490 1
40491 0
40492 1
40493 0
40494 1
40495 0
40496 1
40497 0
40498 2
40499 0
40500 1
40501 0
40502 2
40503 0
40504 2
40505 0
40506 1
40507 2
40508 0
40509 1
40510 2
40511 1
40512 2
40513 0
40514 2
40515 1
40516 0
40517 1
40518 2
40519 0
40520 1
40521 0
40522 1
40523 2
40524 0
40525 1
40526 0
40527 2
40528 0
40529 2
40530 1
40531 2
40532 3
40533 1
40534 2
40535 0
40536 1
40537 2
40538 0
40539 1
40540 2
40541 1
40542 0
40543 1
40544 0
40545 1
40546 2
40547 0
40548 1
40549 2
40550 0
40551 2
40552 0
40553 2
40554 1
40555 0
40556 1
40557 0
40558 1
40559 2
40560 1
40561 0
40562 1
40563 0
40564 1
40565 0
40566 2
40567 1
40568 2
40569 0
40570 2
40571 1
40572 0
40573 2
40574 1
40575 0
40576 3
40577 2
40578 1
40579 0
40580 2
40581 0
40582 2
40583 0
40584 1
40585 0
40586 2
40587 1
40588 2
40589 1
40590 2
40591 0
40592 1
40593 0
40594 2
40595 1
40596 0
40597 2
40598 1
40599 0
40600 2
40601 0
40602 2
40603 1
40604 3
40605 1
40606 0
40607 2
40608 1
40609 2
40610 0
40611 1
40612 2
40613 0
40614 1
40615 0
40616 1
40617 0
40618 2
40619 0
40620 1
40621 0
40622 2
40623 0
40624 2
40625 1
40626 2
40627 0
40628 2
40629 1
40630 2
40631 0
40632 1
40633 0
40634 2
40635 1
40636 2
40637 0
40638 2
40639 3
40640 1
40641 0
40642 2
40643 0
40644 1
40645 0
40646 1
40647 0
40648 1
40649 0
40650 1
40651 2
40652 1
40653 0
40654 1
40655 0
40656 2
40657 3
40658 1
40659 0
40660 1
40661 0
40662 1
40663 0
40664 3
40665 1
40666 2
40667 1
40668 0
40669 1
40670 0
40671 2
40672 1
40673 2
40674 0
40675 2
40676 1
40677 0
40678 1
40679 0
40680 1
40681 0
40682 1
40683 2
40684 0
40685 2
40686 0
40687 1
40688 0
40689 2
40690 1
40691 0
40692 2
40693 1
40694 2
40695 0
40696 1
40697 2
40698 0
40699 2
40700 0
40701 2
40702 1
40703 2
40704 1
40705 0
40706 1
40707 0
40708 2
40709 0
40710 2
40711 1
40712 3
40713 0
40714 1
40715 2
40716 0
40717 1
40718 0
40719 1
40720 0
40721 2
40722 1
40723 0
40724 2
40725 1
40726 2
40727 1
40728 2
40729 1
40730 0
40731 1
40732 0
40733 1
40734 2
40735 1
40736 0
40737 1
40738 0
40739 1
40740 2
40741 0
40742 1
40743 0
40744 3
40745 1
40746 2
40747 0
40748 1
40749 0
40750 1
40751 0
40752 1
40753 2
40754 0
40755 2
40756 1
40757 0
40758 1
40759 0
40760 2
40761 1
40762 0
40763 1
40764 0
40765 3
40766 1
40767 2
40768 3
40769 0
40770 1
40771 0
40772 1
40773 0
40774 2
40775 1
40776 0
40777 1
40778 3
40779 1
40780 0
40781 1
40782 0
40783 1
40784 0
40785 1
40786 3
40787 2
40788 0
40789 1
40790 0
40791 1
40792 2
40793 0
40794 3
40795 0
40796 1
40797 0
40798 1
40799 3
40800 2
40801 1
40802 2
40803 1
40804 2
40805 0
40806 1
40807 3
40808 2
40809 0
40810 1
40811 0
40812 1
40813 2
40814 0
40815 1
40816 0
40817 2
40818 0
40819 1
40820 2
40821 0
40822 2
40823 1
40824 0
40825 1
40826 0
40827 1
40828 0
40829 3
40830 1
40831 0
40832 1
40833 2
40834 0
40835 2
40836 1
40837 0
40838 1
40839 2
40840 1
40841 0
40842 1
40843 0
40844 3
40845 2
40846 1
40847 0
40848 2
40849 1
40850 2
40851 0
40852 2
40853 0
40854 1
40855 2
40856 1
40857 0
40858 1
40859 0
40860 2
40861 1
40862 2
40863 3
40864 1
40865 2
40866 1
40867 2
40868 0
40869 2
40870 3
40871 1
40872 2
40873 1
40874 0
40875 1
40876 2
40877 0
40878 1
40879 2
40880 0
40881 2
40882 3
40883 1
40884 2
40885 1
40886 0
40887 1
40888 0
40889 2
40890 1
40891 2
40892 0
40893 1
40894 0
40895 2
40896 0
40897 1
40898 2
40899 0
40900 1
40901 0
40902 2
40903 1
40904 0
40905 1
40906 0
40907 1
40908 0
40909 2
40910 3
40911 1
40912 2
40913 1
40914 0
40915 2
40916 0
40917 2
40918 1
40919 3
40920 2
40921 1
40922 0
40923 2
40924 1
40925 0
40926 2
40927 1
40928 2
40929 0
40930 1
40931 0
40932 2
40933 0
40934 1
40935 2
40936 1
40937 0
40938 1
40939 0
40940 1
40941 0
40942 2
40943 0
40944 1
40945 0
40946 1
40947 0
40948 1
40949 2
40950 0
40951 2
40952 0
40953 1
40954 2
40955 1
40956 2
40957 0
40958 1
40959 2
40960 1
40961 0
40962 1
40963 2
40964 0
40965 1
40966 0
40967 1
40968 0
40969 2
40970 1
40971 0
40972 2
40973 1
40974 0
40975 1
40976 0
40977 1
40978 0
40979 2
40980 0
40981 2
40982 3
40983 0
40984 2
40985 1
40986 0
40987 1
40988 2
40989 0
40990 1
40991 0
40992 2
40993 1
40994 2
40995 0
40996 1
40997 0
40998 1
40999 2
41000 3
41001 1
41002 2
41003 3
41004 0
41005 1
41006 0
41007 2
41008 1
41009 2
41010 0
41011 1
41012 2
41013 1
41014 2
41015 1
41016 2
41017 1
41018 0
41019 2
41020 1
41021 2
41022 1
41023 0
41024 2
41025 1
41026 0
41027 3
41028 1
41029 2
41030 1
41031 0
41032 1
41033 0
41034 1
41035 0
41036 1
41037 0
41038 1
41039 0
41040 1
41041 2
41042 1
41043 0
41044 1
41045 0
41046 1
41047 2
41048 0
41049 2
41050 1
41051 2
41052 0
41053 1
41054 0
41055 1
41056 0
41057 2
41058 0
41059 2
41060 1
41061 2
41062 0
41063 1
41064 0
41065 1
41066 2
41067 0
41068 2
41069 1
41070 2
41071 0
41072 2
41073 1
41074 0
41075 2
41076 1
41077 2
41078 3
41079 0
41080 1
41081 2
41082 0
41083 2
41084 0
41085 1
41086 2
41087 0
41088 1
41089 2
41090 0
41091 1
41092 2
41093 1
41094 0
41095 2
41096 0
41097 1
41098 0
41099 1
41100 0
41101 2
41102 3
41103 0
41104 1
41105 0
41106 1
41107 2
41108 3
41109 0
41110 1
41111 2
41112 0
41113 2
41114 1
41115 2
41116 3
41117 0
41118 1
41119 2
41120 0
41121 2
41122 0
41123 2
41124 0
41125 1
41126 2
41127 1
41128 0
41129 1
41130 0
41131 1
41132 0
41133 1
41134 0
41135 1
41136 2
41137 0
41138 2
41139 1
41140 0
41141 2
41142 3
41143 0
41144 2
41145 0
41146 2
41147 1
41148 2
41149 0
41150 1
41151 2
41152 0
41153 1
41154 2
41155 0
41156 1
41157 3
41158 2
41159 1
41160 2
41161 1
41162 0
41163 1
41164 2
41165 0
41166 1
41167 2
41168 0
41169 1
41170 0
41171 1
41172 2
41173 1
41174 0
41175 3
41176 1
41177 2
41178 3
41179 1
41180 2
41181 0
41182 1
41183 0
41184 1
41185 0
41186 1
41187 0
41188 1
41189 0
41190 1
41191 0
41192 1
41193 0
41194 1
41195 2
41196 0
41197 2
41198 1
41199 0
41200 2
41201 1
41202 2
41203 0
41204 2
41205 1
41206 2
41207 1
41208 0
41209 2
41210 1
41211 0
41212 2
41213 0
41214 1
41215 0
41216 1
41217 0
41218 2
41219 1
41220 2
41221 0
41222 2
41223 1
41224 2
41225 0
41226 2
41227 1
41228 2
41229 0
41230 1
41231 0
41232 2
41233 1
41234 0
41235 1
41236 0
41237 2
41238 1
41239 0
41240 2
41241 1
41242 2
41243 1
41244 0
41245 1
41246 2
41247 3
41248 0
41249 1
41250 0
41251 1
41252 0
41253 1
41254 0
41255 1
41256 0
41257 2
41258 0
41259 3
41260 1
41261 2
41262 1
41263 0
41264 1
41265 2
41266 0
41267 1
41268 2
41269 1
41270 0
41271 1
41272 0
41273 2
41274 0
41275 1
41276 2
41277 0
41278 1
41279 2
41280 0
41281 1
41282 2
41283 3
41284 1
41285 0
41286 1
41287 2
41288 1
41289 0
41290 2
41291 1
41292 0
41293 1
41294 2
41295 0
41296 2
41297 0
41298 1
41299 0
41300 2
41301 1
41302 2
41303 0
41304 1
41305 0
41306 1
41307 0
41308 2
41309 1
41310 2
41311 1
41312 0
41313 1
41314 0
41315 3
41316 2
41317 3
41318 1
41319 2
41320 1
41321 0
41322 2
41323 1
41324 0
41325 2
41326 1
41327 0
41328 1
41329 0
41330 1
41331 0
41332 1
41333 3
41334 1
41335 0
41336 1
41337 2
41338 1
41339 2
41340 1
41341 0
41342 1
41343 0
41344 1
41345 0
41346 2
41347 0
41348 1
41349 0
41350 2
41351 1
41352 2
41353 3
41354 0
41355 3
41356 2
41357 1
41358 2
41359 1
41360 0
41361 2
41362 0
41363 1
41364 2
41365 0
41366 2
41367 1
41368 2
41369 0
41370 2
41371 0
41372 1
41373 0
41374 1
41375 0
41376 1
41377 0
41378 1
41379 0
41380 2
41381 0
41382 2
41383 1
41384 2
41385 1
41386 0
41387 2
41388 3
41389 0
41390 2
41391 1
41392 2
41393 0
41394 2
41395 1
41396 0
41397 2
41398 1
41399 0
41400 1
41401 2
41402 0
41403 1
41404 0
41405 1
41406 3
41407 0
41408 1
41409 2
41410 3
41411 1
41412 0
41413 1
41414 0
41415 1
41416 0
41417 1
41418 0
41419 2
41420 1
41421 0
41422 3
41423 1
41424 2
41425 0
41426 1
41427 0
41428 1
41429 0
41430 3
41431 1
41432 0
41433 1
41434 2
41435 0
41436 2
41437 0
41438 1
41439 2
41440 0
41441 3
41442 2
41443 3
41444 1
41445 0
41446 2
41447 1
41448 0
41449 1
41450 0
41451 1
41452 0
41453 1
41454 0
41455 1
41456 0
41457 1
41458 0
41459 1
41460 3
41461 2
41462 0
41463 2
41464 3
41465 2
41466 1
41467 0
41468 1
41469 2
41470 1
41471 2
41472 0
41473 2
41474 1
41475 2
41476 1
41477 0
41478 1
41479 2
41480 0
41481 1
41482 2
41483 0
41484 2
41485 1
41486 0
41487 2
41488 0
41489 2
41490 0
41491 2
41492 0
41493 1
41494 2
41495 0
41496 1
41497 0
41498 2
41499 0
41500 1
41501 0
41502 2
41503 1
41504 0
41505 1
41506 2
41507 1
41508 2
41509 0
41510 1
41511 0
41512 1
41513 2
41514 0
41515 2
41516 1
41517 2
41518 1
41519 2
41520 1
41521 0
41522 1
41523 2
41524 0
41525 1
41526 0
41527 1
41528 0
41529 2
41530 3
41531 0
41532 1
41533 2
41534 0
41535 2
41536 0
41537 3
41538 1
41539 2
41540 3
41541 1
41542 2
41543 0
41544 2
41545 1
41546 0
41547 1
41548 2
41549 1
41550 2
41551 3
41552 2
41553 1
41554 0
41555 1
41556 0
41557 1
41558 0
41559 1
41560 0
41561 1
41562 0
41563 1
41564 3
41565 2
41566 3
41567 0
41568 2
41569 0
41570 2
41571 1
41572 0
41573 2
41574 1
41575 3
41576 0
41577 1
41578 0
41579 2
41580 1
41581 0
41582 1
41583 2
41584 1
41585 3
41586 0
41587 1
41588 0
41589 2
41590 1
41591 0
41592 2
41593 1
41594 2
41595 3
41596 1
41597 0
41598 1
41599 2
41600 0
41601 1
41602 2
41603 0
41604 3
41605 2
41606 0
41607 1
41608 0
41609 2
41610 1
41611 2
41612 1
41613 0
41614 1
41615 0
41616 1
41617 0
41618 1
41619 2
41620 0
41621 2
41622 1
41623 2
41624 1
41625 0
41626 1
41627 2
41628 1
41629 2
41630 0
41631 2
41632 3
41633 1
41634 3
41635 1
41636 0
41637 1
41638 2
41639 3
41640 1
41641 0
41642 2
41643 1
41644 0
41645 1
41646 0
41647 2
41648 3
41649 1
41650 0
41651 1
41652 2
41653 3
41654 0
41655 1
41656 0
41657 1
41658 0
41659 1
41660 0
41661 2
41662 1
41663 0
41664 2
41665 1
41666 2
41667 0
41668 1
41669 0
41670 3
41671 1
41672 0
41673 1
41674 0
41675 2
41676 0
41677 1
41678 2
41679 1
41680 0
41681 1
41682 2
41683 1
41684 2
41685 3
41686 0
41687 2
41688 1
41689 2
41690 1
41691 0
41692 1
41693 3
41694 0
41695 1
41696 0
41697 2
41698 1
41699 0
41700 1
41701 2
41702 0
41703 1
41704 0
41705 1
41706 0
41707 3
41708 2
41709 1
41710 0
41711 1
41712 0
41713 2
41714 1
41715 0
41716 3
41717 2
41718 0
41719 2
41720 0
41721 2
41722 1
41723 2
41724 1
41725 0
41726 1
41727 2
41728 1
41729 0
41730 2
41731 1
41732 0
41733 1
41734 0
41735 2
41736 1
41737 0
41738 2
41739 1
41740 2
41741 0
41742 1
41743 2
41744 1
41745 0
41746 2
41747 1
41748 0
41749 1
41750 0
41751 3
41752 2
41753 0
41754 2
41755 0
41756 2
41757 3
41758 1
41759 0
41760 1
41761 0
41762 1
41763 0
41764 1
41765 2
41766 1
41767 0
41768 2
41769 3
41770 1
41771 2
41772 0
41773 1
41774 2
41775 1
41776 0
41777 2
41778 0
41779 1
41780 2
41781 0
41782 1
41783 2
41784 1
41785 0
41786 2
41787 0
41788 1
41789 0
41790 2
41791 1
41792 0
41793 2
41794 0
41795 1
41796 3
41797 0
41798 1
41799 2
41800 1
41801 2
41802 3
41803 1
41804 2
41805 0
41806 2
41807 0
41808 2
41809 0
41810 2
41811 1
41812 0
41813 1
41814 2
41815 1
41816 0
41817 2
41818 0
41819 2
41820 1
41821 0
41822 1
41823 3
41824 2
41825 1
41826 2
41827 1
41828 0
41829 1
41830 0
41831 1
41832 0
41833 1
41834 2
41835 0
41836 1
41837 0
41838 2
41839 0
41840 1
41841 2
41842 1
41843 0
41844 2
41845 1
41846 0
41847 1
41848 0
41849 2
41850 1
41851 0
41852 1
41853 0
41854 3
41855 2
41856 0
41857 1
41858 2
41859 1
41860 0
41861 1
41862 2
41863 1
41864 2
41865 0
41866 2
41867 1
41868 0
41869 1
41870 0
41871 2
41872 3
41873 1
41874 2
41875 1
41876 0
41877 1
41878 0
41879 1
41880 0
41881 2
41882 3
41883 0
41884 2
41885 1
41886 0
41887 2
41888 1
41889 0
41890 1
41891 2
41892 0
41893 1
41894 2
41895 0
41896 1
41897 2
41898 0
41899 1
41900 0
41901 2
41902 1
41903 0
41904 2
41905 0
41906 2
41907 1
41908 2
41909 3
41910 0
41911 1
41912 0
41913 1
41914 2
41915 0
41916 2
41917 1
41918 2
41919 0
41920 1
41921 2
41922 0
41923 1
41924 0
41925 1
41926 2
41927 0
41928 2
41929 3
41930 1
41931 2
41932 0
41933 2
41934 0
41935 1
41936 0
41937 1
41938 3
41939 0
41940 1
41941 2
41942 0
41943 1
41944 2
41945 0
41946 1
41947 2
41948 0
41949 2
41950 1
41951 0
41952 2
41953 0
41954 1
41955 2
41956 1
41957 0
41958 1
41959 0
41960 1
41961 2
41962 1
41963 0
41964 1
41965 0
41966 1
41967 0
41968 1
41969 2
41970 0
41971 2
41972 0
41973 2
41974 0
41975 1
41976 2
41977 0
41978 1
41979 2
41980 0
41981 1
41982 0
41983 2
41984 1
41985 2
41986 0
41987 2
41988 1
41989 0
41990 1
41991 0
41992 2
41993 3
41994 0
41995 2
41996 1
41997 0
41998 1
41999 2
42000 0
42001 1
42002 0
42003 2
42004 1
42005 0
42006 2
42007 1
42008 0
42009 3
42010 1
42011 2
42012 0
42013 1
42014 0
42015 1
42016 3
42017 1
42018 2
42019 1
42020 2
42021 1
42022 2
42023 0
42024 1
42025 0
42026 1
42027 2
42028 0
42029 1
42030 0
42031 2
42032 1
42033 2
42034 1
42035 0
42036 1
42037 0
42038 1
42039 2
42040 1
42041 0
42042 1
42043 0
42044 2
42045 1
42046 0
42047 2
42048 1
42049 0
42050 1
42051 0
42052 3
42053 2
42054 0
42055 1
42056 3
42057 0
42058 2
42059 0
42060 1
42061 2
42062 0
42063 3
42064 2
42065 3
42066 0
42067 1
42068 0
42069 1
42070 2
42071 0
42072 1
42073 2
42074 1
42075 0
42076 3
42077 1
42078 0
42079 1
42080 0
42081 2
42082 3
42083 0
42084 2
42085 1
42086 0
42087 1
42088 2
42089 3
42090 0
42091 3
42092 2
42093 0
42094 2
42095 1
42096 0
42097 1
42098 2
42099 1
42100 0
42101 1
42102 0
42103 2
42104 0
42105 1
42106 2
42107 1
42108 0
42109 3
42110 2
42111 0
42112 2
42113 3
42114 0
42115 1
42116 3
42117 2
42118 0
42119 1
42120 2
42121 0
42122 2
42123 1
42124 2
42125 0
42126 2
42127 1
42128 0
42129 1
42130 0
42131 1
42132 2
42133 0
42134 1
42135 2
42136 1
42137 0
42138 2
42139 0
42140 1
42141 0
42142 1
42143 2
42144 0
42145 2
42146 1
42147 0
42148 1
42149 2
42150 1
42151 0
42152 2
42153 1
42154 2
42155 0
42156 1
42157 2
42158 0
42159 1
42160 2
42161 0
42162 1
42163 2
42164 3
42165 1
42166 2
42167 0
42168 2
42169 0
42170 2
42171 1
42172 2
42173 0
42174 2
42175 1
42176 0
42177 2
42178 3
42179 1
42180 3
42181 2
42182 0
42183 1
42184 0
42185 2
42186 1
42187 0
42188 1
42189 0
42190 1
42191 2
42192 0
42193 1
42194 0
42195 1
42196 2
42197 0
42198 2
42199 1
42200 2
42201 0
42202 2
42203 1
42204 2
42205 0
42206 1
42207 0
42208 3
42209 1
42210 0
42211 1
42212 0
42213 1
42214 3
42215 2
42216 1
42217 0
42218 3
42219 2
42220 1
42221 0
42222 1
42223 2
42224 0
42225 2
42226 1
42227 2
42228 1
42229 0
42230 1
42231 2
42232 0
42233 2
42234 1
42235 2
42236 0
42237 2
42238 1
42239 2
42240 0
42241 1
42242 2
42243 0
42244 2
42245 3
42246 2
42247 1
42248 2
42249 3
42250 1
42251 0
42252 1
42253 0
42254 1
42255 0
42256 2
42257 0
42258 1
42259 2
42260 3
42261 1
42262 0
42263 1
42264 2
42265 0
42266 1
42267 0
42268 1
42269 0
42270 1
42271 2
42272 0
42273 1
42274 2
42275 0
42276 1
42277 2
42278 0
42279 1
42280 2
42281 1
42282 0
42283 1
42284 2
42285 3
42286 1
42287 2
42288 0
42289 1
42290 2
42291 0
42292 2
42293 0
42294 2
42295 1
42296 0
42297 1
42298 2
42299 0
42300 2
42301 1
42302 3
42303 0
42304 1
42305 0
42306 2
42307 3
42308 1
42309 2
42310 1
42311 2
42312 0
42313 1
42314 2
42315 1
42316 0
42317 2
42318 1
42319 0
42320 2
42321 1
42322 0
42323 3
42324 1
42325 0
42326 2
42327 1
42328 0
42329 1
42330 0
42331 1
42332 0
42333 3
42334 1
42335 2
42336 0
42337 2
42338 1
42339 2
42340 1
42341 0
42342 3
42343 1
42344 2
42345 0
42346 1
42347 0
42348 1
42349 0
42350 1
42351 2
42352 1
42353 2
42354 3
42355 0
42356 1
42357 2
42358 0
42359 3
42360 0
42361 1
42362 2
42363 0
42364 2
42365 1
42366 2
42367 0
42368 1
42369 0
42370 1
42371 0
42372 1
42373 0
42374 2
42375 3
42376 1
42377 0
42378 1
42379 2
42380 3
42381 0
42382 1
42383 2
42384 0
42385 1
42386 2
42387 0
42388 2
42389 0
42390 2
42391 0
42392 2
42393 0
42394 1
42395 0
42396 2
42397 1
42398 2
42399 3
42400 2
42401 1
42402 0
42403 2
42404 1
42405 0
42406 1
42407 2
42408 0
42409 1
42410 2
42411 1
42412 0
42413 1
42414 2
42415 3
42416 0
42417 2
42418 1
42419 2
42420 0
42421 1
42422 0
42423 2
42424 0
42425 2
42426 0
42427 1
42428 2
42429 0
42430 1
42431 2
42432 0
42433 1
42434 2
42435 3
42436 1
42437 0
42438 1
42439 0
42440 1
42441 0
42442 2
42443 0
42444 1
42445 3
42446 2
42447 0
42448 1
42449 0
42450 1
42451 2
42452 0
42453 1
42454 2
42455 0
42456 2
42457 1
42458 0
42459 1
42460 0
42461 1
42462 0
42463 2
42464 1
42465 2
42466 0
42467 1
42468 2
42469 1
42470 0
42471 1
42472 0
42473 1
42474 0
42475 2
42476 0
42477 2
42478 1
42479 2
42480 0
42481 1
42482 0
42483 1
42484 0
42485 1
42486 2
42487 1
42488 2
42489 1
42490 2
42491 0
42492 1
42493 2
42494 3
42495 0
42496 1
42497 2
42498 1
42499 2
42500 0
42501 2
42502 1
42503 2
42504 3
42505 0
42506 1
42507 2
42508 3
42509 1
42510 2
42511 1
42512 2
42513 0
42514 2
42515 1
42516 2
42517 0
42518 1
42519 0
42520 1
42521 2
42522 1
42523 0
42524 2
42525 1
42526 0
42527 1
42528 2
42529 0
42530 1
42531 0
42532 1
42533 0
42534 1
42535 0
42536 1
42537 0
42538 1
42539 2
42540 1
42541 0
42542 1
42543 0
42544 1
42545 0
42546 1
42547 0
42548 1
42549 0
42550 3
42551 1
42552 3
42553 0
42554 1
42555 0
42556 2
42557 0
42558 2
42559 1
42560 0
42561 2
42562 3
42563 2
42564 1
42565 2
42566 0
42567 1
42568 2
42569 0
42570 2
42571 1
42572 0
42573 2
42574 0
42575 2
42576 1
42577 0
42578 1
42579 0
42580 2
42581 0
42582 1
42583 2
42584 0
42585 2
42586 1
42587 0
42588 1
42589 0
42590 1
42591 0
42592 1
42593 2
42594 0
42595 1
42596 2
42597 0
42598 1
42599 2
42600 0
42601 2
42602 0
42603 1
42604 2
42605 1
42606 0
42607 2
42608 1
42609 0
42610 1
42611 0
42612 2
42613 3
42614 0
42615 1
42616 2
42617 1
42618 0
42619 1
42620 2
42621 0
42622 2
42623 1
42624 0
42625 1
42626 2
42627 0
42628 2
42629 1
42630 0
42631 1
42632 2
42633 1
42634 2
42635 0
42636 2
42637 0
42638 1
42639 0
42640 1
42641 2
42642 0
42643 1
42644 2
42645 0
42646 1
42647 2
42648 0
42649 1
42650 2
42651 0
42652 2
42653 3
42654 0
42655 1
42656 2
42657 0
42658 1
42659 2
42660 0
42661 2
42662 3
42663 1
42664 0
42665 2
42666 1
42667 2
42668 0
42669 2
42670 0
42671 1
42672 2
42673 0
42674 1
42675 0
42676 1
42677 2
42678 0
42679 2
42680 0
42681 1
42682 2
42683 3
42684 1
42685 0
42686 1
42687 2
42688 0
42689 2
42690 1
42691 0
42692 2
42693 0
42694 3
42695 1
42696 0
42697 1
42698 2
42699 1
42700 0
42701 1
42702 0
42703 1
42704 0
42705 2
42706 1
42707 0
42708 1
42709 2
42710 1
42711 0
42712 1
42713 2
42714 0
42715 2
42716 1
42717 0
42718 1
42719 0
42720 1
42721 0
42722 2
42723 1
42724 2
42725 0
42726 1
42727 3
42728 0
42729 2
42730 0
42731 2
42732 1
42733 2
42734 0
42735 2
42736 1
42737 2
42738 0
42739 1
42740 2
42741 1
42742 3
42743 2
42744 0
42745 2
42746 1
42747 0
42748 1
42749 2
42750 0
42751 1
42752 2
42753 3
42754 4
42755 1
42756 0
42757 1
42758 0
42759 2
42760 1
42761 2
42762 3
42763 0
42764 2
42765 0
42766 1
42767 0
42768 2
42769 1
42770 0
42771 2
42772 3
42773 1
42774 2
42775 1
42776 2
42777 0
42778 1
42779 0
42780 1
42781 0
42782 2
42783 1
42784 0
42785 1
42786 0
42787 1
42788 0
42789 2
42790 0
42791 1
42792 0
42793 1
42794 0
42795 2
42796 0
42797 2
42798 3
42799 1
42800 2
42801 1
42802 0
42803 1
42804 2
42805 1
42806 2
42807 1
42808 2
42809 0
42810 1
42811 2
42812 1
42813 0
42814 2
42815 1
42816 0
42817 2
42818 1
42819 0
42820 2
42821 1
42822 0
42823 1
42824 2
42825 1
42826 2
42827 1
42828 0
42829 2
42830 3
42831 1
42832 0
42833 1
42834 2
42835 0
42836 1
42837 0
42838 1
42839 0
42840 2
42841 0
42842 1
42843 0
42844 2
42845 0
42846 2
42847 0
42848 2
42849 0
42850 1
42851 0
42852 3
42853 2
42854 0
42855 1
42856 2
42857 0
42858 1
42859 0
42860 2
42861 1
42862 2
42863 3
42864 0
42865 1
42866 0
42867 1
42868 0
42869 1
42870 2
42871 0
42872 1
42873 2
42874 3
42875 0
42876 2
42877 1
42878 2
42879 0
42880 2
42881 1
42882 0
42883 2
42884 1
42885 0
42886 1
42887 2
42888 0
42889 2
42890 0
42891 2
42892 1
42893 2
42894 0
42895 1
42896 2
42897 0
42898 1
42899 0
42900 1
42901 2
42902 0
42903 1
42904 0
42905 1
42906 0
42907 2
42908 0
42909 2
42910 0
42911 2
42912 1
42913 0
42914 1
42915 2
42916 0
42917 2
42918 0
42919 1
42920 0
42921 1
42922 2
42923 1
42924 2
42925 0
42926 2
42927 0
42928 1
42929 2
42930 0
42931 1
42932 2
42933 0
42934 2
42935 1
42936 2
42937 0
42938 1
42939 0
42940 1
42941 0
42942 2
42943 1
42944 0
42945 2
42946 1
42947 2
42948 1
42949 2
42950 3
42951 1
42952 2
42953 0
42954 2
42955 0
42956 1
42957 2
42958 3
42959 1
42960 0
42961 2
42962 0
42963 2
42964 0
42965 2
42966 1
42967 2
42968 0
42969 2
42970 1
42971 0
42972 1
42973 0
42974 1
42975 0
42976 1
42977 2
42978 0
42979 1
42980 2
42981 1
42982 0
42983 2
42984 1
42985 0
42986 2
42987 0
42988 1
42989 0
42990 1
42991 0
42992 1
42993 0
42994 2
42995 1
42996 0
42997 1
42998 0
42999 1
43000 2
43001 0
43002 1
43003 2
43004 1
43005 0
43006 2
43007 0
43008 1
43009 2
43010 0
43011 1
43012 2
43013 0
43014 1
43015 2
43016 0
43017 2
43018 1
43019 0
43020 1
43021 0
43022 1
43023 0
43024 2
43025 1
43026 0
43027 2
43028 1
43029 2
43030 0
43031 1
43032 2
43033 3
43034 2
43035 1
43036 2
43037 1
43038 2
43039 0
43040 1
43041 0
43042 1
43043 0
43044 2
43045 1
43046 2
43047 1
43048 0
43049 1
43050 2
43051 3
43052 0
43053 1
43054 0
43055 2
43056 3
43057 1
43058 0
43059 1
43060 0
43061 2
43062 1
43063 2
43064 0
43065 1
43066 0
43067 2
43068 0
43069 1
43070 2
43071 0
43072 1
43073 0
43074 2
43075 1
43076 0
43077 2
43078 1
43079 2
43080 3
43081 0
43082 3
43083 1
43084 0
43085 1
43086 2
43087 0
43088 1
43089 2
43090 1
43091 2
43092 1
43093 0
43094 2
43095 3
43096 1
43097 2
43098 0
43099 2
43100 0
43101 2
43102 1
43103 3
43104 0
43105 1
43106 0
43107 2
43108 1
43109 0
43110 2
43111 3
43112 0
43113 1
43114 3
43115 2
43116 0
43117 1
43118 0
43119 1
43120 2
43121 1
43122 0
43123 1
43124 2
43125 3
43126 0
43127 1
43128 3
43129 2
43130 0
43131 1
43132 0
43133 2
43134 1
43135 0
43136 2
43137 0
43138 1
43139 2
43140 0
43141 2
43142 1
43143 2
43144 0
43145 1
43146 0
43147 2
43148 1
43149 0
43150 1
43151 0
43152 2
43153 1
43154 0
43155 1
43156 0
43157 1
43158 0
43159 2
43160 1
43161 0
43162 1
43163 2
43164 3
43165 1
43166 0
43167 1
43168 0
43169 1
43170 0
43171 1
43172 0
43173 1
43174 0
43175 1
43176 2
43177 0
43178 1
43179 0
43180 1
43181 0
43182 1
43183 0
43184 1
43185 2
43186 0
43187 2
43188 0
43189 2
43190 1
43191 3
43192 1
43193 0
43194 2
43195 1
43196 2
43197 0
43198 1
43199 0
43200 1
43201 2
43202 0
43203 2
43204 1
43205 0
43206 1
43207 0
43208 1
43209 2
43210 0
43211 1
43212 2
43213 1
43214 2
43215 0
43216 1
43217 2
43218 1
43219 2
43220 3
43221 1
43222 2
43223 0
43224 3
43225 0
43226 2
43227 0
43228 1
43229 0
43230 2
43231 1
43232 2
43233 0
43234 2
43235 1
43236 0
43237 2
43238 1
43239 2
43240 0
43241 1
43242 0
43243 1
43244 0
43245 2
43246 1
43247 2
43248 0
43249 2
43250 0
43251 1
43252 2
43253 0
43254 2
43255 0
43256 1
43257 0
43258 1
43259 0
43260 1
43261 0
43262 2
43263 0
43264 1
43265 2
43266 1
43267 0
43268 2
43269 1
43270 2
43271 3
43272 0
43273 1
43274 0
43275 1
43276 2
43277 1
43278 2
43279 0
43280 1
43281 2
43282 1
43283 0
43284 2
43285 0
43286 1
43287 2
43288 0
43289 1
43290 0
43291 1
43292 0
43293 2
43294 1
43295 2
43296 0
43297 3
43298 2
43299 1
43300 2
43301 0
43302 1
43303 0
43304 1
43305 0
43306 2
43307 1
43308 0
43309 2
43310 3
43311 2
43312 1
43313 0
43314 1
43315 0
43316 3
43317 0
43318 2
43319 3
43320 0
43321 2
43322 1
43323 0
43324 1
43325 2
43326 1
43327 0
43328 2
43329 1
43330 0
43331 1
43332 0
43333 1
43334 0
43335 1
43336 0
43337 1
43338 2
43339 0
43340 1
43341 2
43342 0
43343 2
43344 0
43345 1
43346 2
43347 0
43348 1
43349 2
43350 0
43351 2
43352 0
43353 1
43354 0
43355 2
43356 1
43357 2
43358 0
43359 1
43360 0
43361 1
43362 2
43363 1
43364 2
43365 0
43366 2
43367 1
43368 0
43369 2
43370 1
43371 0
43372 1
43373 0
43374 2
43375 1
43376 0
43377 1
43378 2
43379 0
43380 1
43381 0
43382 1
43383 0
43384 3
43385 2
43386 3
43387 0
43388 1
43389 3
43390 2
43391 0
43392 2
43393 1
43394 3
43395 2
43396 0
43397 2
43398 1
43399 3
43400 2
43401 0
43402 3
43403 2
43404 1
43405 0
43406 2
43407 0
43408 1
43409 0
43410 1
43411 0
43412 1
43413 0
43414 1
43415 0
43416 1
43417 2
43418 0
43419 2
43420 1
43421 0
43422 1
43423 0
43424 1
43425 2
43426 0
43427 2
43428 3
43429 1
43430 0
43431 1
43432 0
43433 2
43434 0
43435 2
43436 1
43437 0
43438 2
43439 1
43440 0
43441 1
43442 2
43443 0
43444 2
43445 0
43446 3
43447 2
43448 0
43449 1
43450 2
43451 0
43452 2
43453 1
43454 2
43455 3
43456 1
43457 2
43458 0
43459 3
43460 0
43461 1
43462 2
43463 1
43464 0
43465 1
43466 2
43467 0
43468 2
43469 1
43470 0
43471 2
43472 1
43473 0
43474 1
43475 0
43476 1
43477 3
43478 2
43479 0
43480 1
43481 2
43482 0
43483 2
43484 1
43485 0
43486 1
43487 0
43488 1
43489 2
43490 1
43491 2
43492 0
43493 1
43494 2
43495 0
43496 2
43497 1
43498 0
43499 2
43500 0
43501 2
43502 3
43503 0
43504 1
43505 2
43506 0
43507 1
43508 0
43509 2
43510 0
43511 1
43512 0
43513 2
43514 0
43515 2
43516 1
43517 2
43518 1
43519 0
43520 1
43521 2
43522 1
43523 2
43524 1
43525 2
43526 0
43527 2
43528 0
43529 1
43530 3
43531 0
43532 2
43533 0
43534 2
43535 1
43536 0
43537 1
43538 2
43539 0
43540 1
43541 0
43542 2
43543 1
43544 2
43545 3
43546 0
43547 2
43548 3
43549 2
43550 0
43551 2
43552 1
43553 0
43554 1
43555 0
43556 2
43557 1
43558 2
43559 0
43560 3
43561 1
43562 0
43563 1
43564 2
43565 0
43566 2
43567 1
43568 2
43569 0
43570 1
43571 0
43572 1
43573 0
43574 2
43575 1
43576 0
43577 1
43578 2
43579 0
43580 2
43581 0
43582 2
43583 1
43584 0
43585 1
43586 0
43587 2
43588 0
43589 2
43590 1
43591 0
43592 2
43593 1
43594 0
43595 2
43596 1
43597 0
43598 2
43599 1
43600 2
43601 1
43602 0
43603 2
43604 0
43605 2
43606 3
43607 0
43608 2
43609 1
43610 0
43611 1
43612 0
43613 1
43614 0
43615 1
43616 2
43617 3
43618 1
43619 0
43620 2
43621 0
43622 1
43623 0
43624 1
43625 0
43626 2
43627 1
43628 2
43629 0
43630 2
43631 1
43632 3
43633 1
43634 2
43635 0
43636 1
43637 2
43638 0
43639 1
43640 0
43641 2
43642 1
43643 2
43644 1
43645 3
43646 2
43647 1
43648 0
43649 1
43650 3
43651 1
43652 2
43653 0
43654 2
43655 1
43656 2
43657 0
43658 1
43659 0
43660 1
43661 0
43662 1
43663 0
43664 1
43665 0
43666 2
43667 0
43668 2
43669 1
43670 0
43671 2
43672 1
43673 2
43674 0
43675 1
43676 2
43677 3
43678 1
43679 0
43680 1
43681 0
43682 1
43683 2
43684 0
43685 2
43686 1
43687 2
43688 1
43689 0
43690 2
43691 0
43692 1
43693 0
43694 2
43695 0
43696 1
43697 2
43698 0
43699 1
43700 2
43701 1
43702 2
43703 3
43704 0
43705 2
43706 0
43707 2
43708 0
43709 2
43710 1
43711 0
43712 1
43713 0
43714 1
43715 0
43716 1
43717 0
43718 2
43719 1
43720 0
43721 1
43722 0
43723 1
43724 0
43725 1
43726 2
43727 1
43728 2
43729 0
43730 3
43731 1
43732 2
43733 1
43734 2
43735 0
43736 1
43737 0
43738 1
43739 2
43740 0
43741 2
43742 1
43743 0
43744 3
43745 2
43746 1
43747 2
43748 0
43749 2
43750 0
43751 2
43752 1
43753 2
43754 0
43755 1
43756 0
43757 2
43758 1
43759 2
43760 0
43761 3
43762 2
43763 1
43764 0
43765 1
43766 2
43767 0
43768 1
43769 0
43770 1
43771 2
43772 0
43773 1
43774 0
43775 3
43776 1
43777 3
43778 2
43779 1
43780 2
43781 1
43782 0
43783 1
43784 0
43785 1
43786 0
43787 2
43788 0
43789 2
43790 1
43791 0
43792 2
43793 1
43794 2
43795 1
43796 0
43797 2
43798 1
43799 2
43800 1
43801 2
43802 1
43803 2
43804 3
43805 2
43806 1
43807 2
43808 0
43809 2
43810 0
43811 1
43812 0
43813 2
43814 0
43815 1
43816 0
43817 1
43818 2
43819 0
43820 2
43821 1
43822 2
43823 1
43824 2
43825 3
43826 0
43827 2
43828 1
43829 0
43830 1
43831 2
43832 1
43833 0
43834 1
43835 2
43836 3
43837 0
43838 1
43839 2
43840 1
43841 0
43842 1
43843 0
43844 1
43845 2
43846 0
43847 1
43848 2
43849 0
43850 1
43851 2
43852 0
43853 1
43854 0
43855 1
43856 3
43857 0
43858 2
43859 3
43860 0
43861 1
43862 2
43863 0
43864 2
43865 1
43866 2
43867 0
43868 1
43869 2
43870 1
43871 2
43872 0
43873 1
43874 0
43875 1
43876 2
43877 1
43878 2
43879 0
43880 1
43881 0
43882 1
43883 2
43884 1
43885 0
43886 2
43887 1
43888 0
43889 1
43890 0
43891 2
43892 0
43893 2
43894 1
43895 2
43896 0
43897 1
43898 0
43899 1
43900 0
43901 2
43902 0
43903 2
43904 3
43905 0
43906 2
43907 3
43908 0
43909 2
43910 0
43911 2
43912 1
43913 2
43914 3
43915 1
43916 2
43917 1
43918 0
43919 2
43920 1
43921 0
43922 2
43923 0
43924 1
43925 3
43926 2
43927 1
43928 0
43929 2
43930 0
43931 2
43932 1
43933 2
43934 0
43935 1
43936 0
43937 1
43938 0
43939 1
43940 2
43941 1
43942 0
43943 1
43944 0
43945 2
43946 1
43947 2
43948 0
43949 2
43950 0
43951 1
43952 2
43953 1
43954 2
43955 1
43956 2
43957 0
43958 2
43959 0
43960 1
43961 0
43962 2
43963 1
43964 0
43965 1
43966 2
43967 0
43968 2
43969 1
43970 0
43971 2
43972 1
43973 0
43974 1
43975 0
43976 2
43977 0
43978 2
43979 0
43980 1
43981 0
43982 1
43983 0
43984 2
43985 1
43986 2
43987 0
43988 2
43989 1
43990 2
43991 0
43992 2
43993 1
43994 0
43995 1
43996 0
43997 2
43998 1
43999 0
44000 2
44001 0
44002 2
44003 0
44004 1
44005 2
44006 1
44007 0
44008 1
44009 2
44010 0
44011 1
44012 0
44013 1
44014 2
44015 1
44016 0
44017 1
44018 2
44019 1
44020 2
44021 3
44022 0
44023 2
44024 1
44025 0
44026 1
44027 0
44028 2
44029 0
44030 3
44031 2
44032 1
44033 0
44034 1
44035 0
44036 2
44037 0
44038 3
44039 1
44040 2
44041 1
44042 0
44043 2
44044 1
44045 0
44046 1
44047 2
44048 0
44049 1
44050 0
44051 1
44052 0
44053 2
44054 1
44055 0
44056 2
44057 1
44058 2
44059 1
44060 2
44061 0
44062 1
44063 0
44064 1
44065 0
44066 2
44067 1
44068 2
44069 1
44070 0
44071 1
44072 0
44073 1
44074 0
44075 3
44076 2
44077 1
44078 3
44079 0
44080 3
44081 1
44082 2
44083 0
44084 2
44085 1
44086 0
44087 3
44088 2
44089 3
44090 0
44091 1
44092 0
44093 1
44094 0
44095 1
44096 0
44097 1
44098 2
44099 3
44100 1
44101 0
44102 1
44103 0
44104 2
44105 0
44106 1
44107 0
44108 1
44109 2
44110 0
44111 2
44112 0
44113 2
44114 1
44115 0
44116 1
44117 3
44118 2
44119 1
44120 3
44121 2
44122 0
44123 1
44124 2
44125 3
44126 0
44127 2
44128 1
44129 2
44130 1
44131 0
44132 1
44133 2
44134 0
44135 1
44136 3
44137 2
44138 0
44139 1
44140 0
44141 1
44142 2
44143 0
44144 1
44145 0
44146 1
44147 0
44148 1
44149 2
44150 1
44151 0
44152 2
44153 3
44154 1
44155 0
44156 2
44157 0
44158 1
44159 2
44160 1
44161 0
44162 2
44163 0
44164 2
44165 1
44166 0
44167 2
44168 1
44169 2
44170 1
44171 2
44172 0
44173 1
44174 0
44175 1
44176 0
44177 1
44178 0
44179 1
44180 2
44181 3
44182 0
44183 2
44184 1
44185 0
44186 2
44187 3
44188 0
44189 2
44190 1
44191 2
44192 0
44193 1
44194 2
44195 1
44196 2
44197 0
44198 2
44199 0
44200 1
44201 0
44202 1
44203 0
44204 2
44205 1
44206 0
44207 1
44208 2
44209 0
44210 2
44211 1
44212 0
44213 3
44214 1
44215 0
44216 1
44217 0
44218 1
44219 0
44220 1
44221 2
44222 0
44223 1
44224 0
44225 1
44226 2
44227 1
44228 0
44229 2
44230 0
44231 1
44232 0
44233 1
44234 0
44235 1
44236 0
44237 1
44238 0
44239 2
44240 1
44241 2
44242 0
44243 2
44244 3
44245 1
44246 0
44247 2
44248 0
44249 1
44250 2
44251 1
44252 0
44253 3
44254 1
44255 0
44256 2
44257 1
44258 2
44259 1
44260 2
44261 0
44262 1
44263 0
44264 2
44265 0
44266 1
44267 2
44268 1
44269 2
44270 0
44271 1
44272 0
44273 2
44274 1
44275 0
44276 2
44277 0
44278 1
44279 0
44280 1
44281 2
44282 1
44283 2
44284 1
44285 0
44286 1
44287 0
44288 1
44289 0
44290 2
44291 0
44292 2
44293 0
44294 1
44295 2
44296 0
44297 1
44298 2
44299 0
44300 1
44301 0
44302 2
44303 0
44304 1
44305 2
44306 1
44307 2
44308 0
44309 1
44310 0
44311 1
44312 2
44313 1
44314 2
44315 1
44316 2
44317 0
44318 2
44319 1
44320 0
44321 1
44322 3
44323 1
44324 2
44325 1
44326 2
44327 1
44328 0
44329 1
44330 0
44331 1
44332 2
44333 1
44334 0
44335 1
44336 0
44337 1
44338 0
44339 1
44340 2
44341 3
44342 1
44343 2
44344 0
44345 2
44346 1
44347 0
44348 1
44349 0
44350 1
44351 0
44352 2
44353 1
44354 2
44355 0
44356 3
44357 2
44358 0
44359 1
44360 2
44361 1
44362 0
44363 1
44364 2
44365 0
44366 2
44367 0
44368 3
44369 1
44370 2
44371 0
44372 1
44373 2
44374 1
44375 0
44376 2
44377 0
44378 2
44379 0
44380 1
44381 0
44382 3
44383 1
44384 0
44385 2
44386 1
44387 2
44388 1
44389 0
44390 1
44391 2
44392 0
44393 1
44394 0
44395 1
44396 2
44397 0
44398 2
44399 1
44400 2
44401 0
44402 1
44403 3
44404 2
44405 1
44406 0
44407 1
44408 2
44409 1
44410 2
44411 0
44412 1
44413 0
44414 1
44415 3
44416 1
44417 0
44418 2
44419 0
44420 2
44421 0
44422 2
44423 0
44424 1
44425 0
44426 1
44427 2
44428 0
44429 1
44430 0
44431 1
44432 0
44433 2
44434 1
44435 2
44436 3
44437 1
44438 0
44439 1
44440 0
44441 2
44442 0
44443 1
44444 2
44445 0
44446 2
44447 1
44448 2
44449 0
44450 1
44451 0
44452 1
44453 2
44454 3
44455 0
44456 2
44457 1
44458 3
44459 0
44460 1
44461 0
44462 1
44463 2
44464 0
44465 2
44466 1
44467 2
44468 0
44469 2
44470 1
44471 0
44472 1
44473 2
44474 0
44475 2
44476 0
44477 2
44478 1
44479 0
44480 1
44481 0
44482 1
44483 3
44484 2
44485 1
44486 2
44487 0
44488 1
44489 2
44490 0
44491 1
44492 0
44493 1
44494 2
44495 1
44496 0
44497 1
44498 2
44499 1
44500 0
44501 2
44502 0
44503 1
44504 0
44505 1
44506 0
44507 1
44508 0
44509 1
44510 0
44511 2
44512 1
44513 2
44514 0
44515 1
44516 0
44517 1
44518 2
44519 0
44520 1
44521 2
44522 0
44523 2
44524 0
44525 1
44526 0
44527 1
44528 0
44529 2
44530 1
44531 2
44532 1
44533 0
44534 2
44535 1
44536 0
44537 3
44538 2
44539 0
44540 1
44541 0
44542 1
44543 0
44544 1
44545 0
44546 1
44547 0
44548 1
44549 0
44550 1
44551 0
44552 3
44553 0
44554 1
44555 2
44556 0
44557 2
44558 1
44559 0
44560 1
44561 0
44562 1
44563 0
44564 1
44565 0
44566 2
44567 1
44568 0
44569 1
44570 2
44571 3
44572 0
44573 2
44574 3
44575 0
44576 2
44577 1
44578 2
44579 0
44580 1
44581 2
44582 0
44583 2
44584 1
44585 0
44586 1
44587 0
44588 1
44589 2
44590 0
44591 1
44592 0
44593 2
44594 1
44595 2
44596 0
44597 1
44598 2
44599 0
44600 2
44601 1
44602 2
44603 3
44604 1
44605 2
44606 1
44607 0
44608 2
44609 1
44610 0
44611 2
44612 1
44613 0
44614 1
44615 2
44616 1
44617 2
44618 1
44619 0
44620 1
44621 2
44622 0
44623 1
44624 0
44625 2
44626 3
44627 1
44628 0
44629 1
44630 2
44631 0
44632 1
44633 0
44634 1
44635 2
44636 1
44637 2
44638 0
44639 1
44640 0
44641 1
44642 2
44643 0
44644 1
44645 0
44646 1
44647 2
44648 1
44649 0
44650 2
44651 1
44652 0
44653 1
44654 2
44655 0
44656 2
44657 0
44658 1
44659 0
44660 1
44661 0
44662 1
44663 2
44664 1
44665 2
44666 1
44667 2
44668 0
44669 2
44670 0
44671 1
44672 0
44673 2
44674 1
44675 0
44676 1
44677 2
44678 0
44679 1
44680 0
44681 1
44682 0
44683 1
44684 0
44685 2
44686 1
44687 0
44688 1
44689 0
44690 1
44691 2
44692 0
44693 2
44694 3
44695 1
44696 2
44697 0
44698 1
44699 2
44700 0
44701 2
44702 0
44703 1
44704 0
44705 1
44706 2
44707 0
44708 2
44709 0
44710 3
44711 2
44712 0
44713 2
44714 0
44715 3
44716 1
44717 0
44718 1
44719 0
44720 2
44721 1
44722 2
44723 0
44724 1
44725 2
44726 0
44727 1
44728 0
44729 2
44730 3
44731 0
44732 1
44733 2
44734 0
44735 1
44736 2
44737 0
44738 1
44739 0
44740 2
44741 0
44742 2
44743 0
44744 1
44745 3
44746 0
44747 3
44748 1
44749 2
44750 0
44751 1
44752 0
44753 1
44754 0
44755 2
44756 0
44757 1
44758 2
44759 1
44760 2
44761 0
44762 2
44763 3
44764 1
44765 0
44766 3
44767 2
44768 3
44769 0
44770 1
44771 2
44772 3
44773 1
44774 0
44775 1
44776 2
44777 1
44778 2
44779 0
44780 1
44781 0
44782 1
44783 0
44784 1
44785 0
44786 1
44787 0
44788 1
44789 2
44790 0
44791 1
44792 3
44793 2
44794 0
44795 1
44796 2
44797 1
44798 0
44799 1
44800 0
44801 2
44802 0
44803 2
44804 1
44805 2
44806 1
44807 0
44808 2
44809 1
44810 0
44811 2
44812 1
44813 2
44814 0
44815 1
44816 0
44817 1
44818 0
44819 2
44820 1
44821 2
44822 0
44823 1
44824 2
44825 1
44826 0
44827 1
44828 2
44829 0
44830 1
44831 2
44832 0
44833 1
44834 0
44835 1
44836 2
44837 0
44838 1
44839 0
44840 1
44841 2
44842 1
44843 0
44844 1
44845 0
44846 2
44847 0
44848 1
44849 0
44850 3
44851 0
44852 1
44853 0
44854 2
44855 1
44856 0
44857 1
44858 0
44859 1
44860 3
44861 0
44862 1
44863 0
44864 1
44865 2
44866 3
44867 0
44868 1
44869 2
44870 1
44871 3
44872 0
44873 1
44874 0
44875 1
44876 0
44877 1
44878 0
44879 1
44880 2
44881 0
44882 1
44883 0
44884 1
44885 2
44886 1
44887 2
44888 0
44889 1
44890 2
44891 0
44892 2
44893 1
44894 0
44895 1
44896 2
44897 0
44898 2
44899 1
44900 2
44901 0
44902 1
44903 0
44904 2
44905 1
44906 2
44907 0
44908 1
44909 2
44910 0
44911 1
44912 2
44913 0
44914 1
44915 0
44916 2
44917 3
44918 0
44919 1
44920 0
44921 1
44922 0
44923 2
44924 3
44925 1
44926 3
44927 0
44928 2
44929 1
44930 2
44931 0
44932 1
44933 0
44934 1
44935 0
44936 2
44937 1
44938 0
44939 2
44940 1
44941 0
44942 1
44943 0
44944 2
44945 1
44946 0
44947 1
44948 2
44949 0
44950 1
44951 0
44952 1
44953 0
44954 1
44955 0
44956 1
44957 0
44958 1
44959 3
44960 0
44961 1
44962 0
44963 1
44964 0
44965 1
44966 2
44967 1
44968 3
44969 0
44970 1
44971 0
44972 2
44973 0
44974 1
44975 3
44976 0
44977 1
44978 0
44979 2
44980 0
44981 1
44982 2
44983 1
44984 2
44985 0
44986 1
44987 0
44988 1
44989 0
44990 1
44991 2
44992 1
44993 0
44994 1
44995 2
44996 0
44997 3
44998 2
44999 1
45000 0
45001 1
45002 2
45003 1
45004 2
45005 3
45006 0
45007 2
45008 1
45009 0
45010 2
45011 0
45012 1
45013 0
45014 1
45015 2
45016 1
45017 2
45018 3
45019 0
45020 1
45021 2
45022 1
45023 0
45024 2
45025 0
45026 1
45027 2
45028 1
45029 0
45030 1
45031 2
45032 1
45033 0
45034 1
45035 2
45036 1
45037 2
45038 0
45039 1
45040 0
45041 2
45042 3
45043 1
45044 0
45045 1
45046 0
45047 2
45048 0
45049 1
45050 3
45051 0
45052 2
45053 1
45054 0
45055 1
45056 2
45057 0
45058 1
45059 2
45060 0
45061 1
45062 2
45063 1
45064 0
45065 1
45066 0
45067 2
45068 0
45069 1
45070 2
45071 1
45072 2
45073 3
45074 1
45075 0
45076 1
45077 2
45078 0
45079 1
45080 0
45081 1
45082 0
45083 1
45084 2
45085 1
45086 0
45087 1
45088 0
45089 2
45090 1
45091 0
45092 1
45093 0
45094 2
45095 1
45096 2
45097 1
45098 0
45099 1
45100 0
45101 1
45102 0
45103 3
45104 2
45105 0
45106 1
45107 2
45108 1
45109 2
45110 0
45111 1
45112 0
45113 1
45114 2
45115 0
45116 1
45117 2
45118 0
45119 1
45120 2
45121 0
45122 2
45123 1
45124 2
45125 0
45126 1
45127 2
45128 3
45129 1
45130 0
45131 1
45132 2
45133 3
45134 1
45135 2
45136 0
45137 2
45138 1
45139 0
45140 1
45141 2
45142 1
45143 0
45144 1
45145 0
45146 1
45147 0
45148 1
45149 2
45150 1
45151 0
45152 1
45153 0
45154 1
45155 3
45156 0
45157 1
45158 2
45159 3
45160 1
45161 0
45162 2
45163 0
45164 1
45165 3
45166 0
45167 1
45168 0
45169 2
45170 1
45171 0
45172 2
45173 1
45174 0
45175 1
45176 0
45177 2
45178 1
45179 0
45180 2
45181 3
45182 1
45183 0
45184 1
45185 2
45186 0
45187 2
45188 1
45189 0
45190 1
45191 0
45192 1
45193 0
45194 1
45195 2
45196 0
45197 1
45198 2
45199 1
45200 0
45201 2
45202 1
45203 0
45204 1
45205 0
45206 2
45207 1
45208 2
45209 0
45210 1
45211 0
45212 1
45213 2
45214 0
45215 1
45216 0
45217 2
45218 0
45219 2
45220 1
45221 2
45222 1
45223 2
45224 1
45225 2
45226 3
45227 1
45228 3
45229 0
45230 1
45231 0
45232 1
45233 2
45234 0
45235 2
45236 1
45237 2
45238 0
45239 1
45240 2
45241 0
45242 3
45243 2
45244 3
45245 1
45246 0
45247 1
45248 2
45249 0
45250 1
45251 2
45252 1
45253 0
45254 1
45255 0
45256 1
45257 0
45258 1
45259 2
45260 1
45261 2
45262 0
45263 2
45264 0
45265 2
45266 1
45267 3
45268 2
45269 0
45270 1
45271 0
45272 1
45273 0
45274 1
45275 2
45276 3
45277 0
45278 1
45279 2
45280 1
45281 0
45282 2
45283 0
45284 1
45285 0
45286 1
45287 0
45288 1
45289 0
45290 1
45291 2
45292 1
45293 2
45294 0
45295 1
45296 0
45297 1
45298 0
45299 1
45300 2
45301 0
45302 1
45303 0
45304 1
45305 3
45306 2
45307 1
45308 2
45309 1
45310 0
45311 1
45312 3
45313 0
45314 1
45315 0
45316 1
45317 0
45318 2
45319 0
45320 1
45321 0
45322 1
45323 2
45324 0
45325 1
45326 2
45327 0
45328 1
45329 0
45330 1
45331 0
45332 2
45333 0
45334 2
45335 1
45336 0
45337 2
45338 1
45339 0
45340 1
45341 0
45342 1
45343 2
45344 0
45345 1
45346 0
45347 1
45348 2
45349 1
45350 2
45351 0
45352 2
45353 0
45354 1
45355 0
45356 1
45357 2
45358 0
45359 1
45360 2
45361 1
45362 2
45363 1
45364 2
45365 0
45366 2
45367 3
45368 0
45369 1
45370 0
45371 2
45372 1
45373 0
45374 2
45375 1
45376 2
45377 1
45378 0
45379 1
45380 2
45381 0
45382 1
45383 0
45384 1
45385 2
45386 0
45387 1
45388 0
45389 1
45390 0
45391 2
45392 1
45393 2
45394 0
45395 1
45396 2
45397 1
45398 0
45399 1
45400 0
45401 1
45402 2
45403 0
45404 1
45405 0
45406 1
45407 2
45408 0
45409 1
45410 0
45411 1
45412 0
45413 1
45414 2
45415 0
45416 2
45417 0
45418 1
45419 2
45420 3
45421 0
45422 3
45423 2
45424 1
45425 2
45426 0
45427 1
45428 0
45429 2
45430 1
45431 2
45432 0
45433 1
45434 2
45435 3
45436 1
45437 0
45438 2
45439 1
45440 2
45441 1
45442 0
45443 2
45444 1
45445 0
45446 1
45447 0
45448 1
45449 2
45450 1
45451 2
45452 1
45453 0
45454 2
45455 0
45456 1
45457 2
45458 0
45459 1
45460 2
45461 1
45462 2
45463 0
45464 1
45465 3
45466 2
45467 1
45468 2
45469 1
45470 3
45471 1
45472 2
45473 3
45474 1
45475 0
45476 1
45477 0
45478 2
45479 0
45480 1
45481 0
45482 2
45483 1
45484 3
45485 1
45486 3
45487 0
45488 2
45489 0
45490 1
45491 0
45492 1
45493 3
45494 0
45495 1
45496 2
45497 0
45498 2
45499 1
45500 2
45501 0
45502 1
45503 0
45504 1
45505 0
45506 1
45507 2
45508 0
45509 1
45510 0
45511 1
45512 2
45513 0
45514 1
45515 0
45516 1
45517 0
45518 1
45519 0
45520 2
45521 0
45522 1
45523 0
45524 1
45525 0
45526 2
45527 0
45528 1
45529 3
45530 1
45531 2
45532 1
45533 0
45534 2
45535 0
45536 1
45537 2
45538 0
45539 1
45540 0
45541 1
45542 0
45543 2
45544 1
45545 2
45546 0
45547 2
45548 1
45549 0
45550 1
45551 0
45552 2
45553 0
45554 1
45555 0
45556 1
45557 0
45558 1
45559 0
45560 1
45561 2
45562 0
45563 1
45564 0
45565 2
45566 0
45567 1
45568 2
45569 0
45570 2
45571 0
45572 1
45573 0
45574 1
45575 0
45576 2
45577 1
45578 2
45579 1
45580 0
45581 1
45582 0
45583 1
45584 0
45585 2
45586 1
45587 0
45588 1
45589 2
45590 3
45591 1
45592 0
45593 2
45594 1
45595 0
45596 2
45597 0
45598 2
45599 0
45600 2
45601 3
45602 0
45603 1
45604 2
45605 0
45606 1
45607 2
45608 0
45609 2
45610 1
45611 2
45612 0
45613 2
45614 1
45615 2
45616 1
45617 0
45618 2
45619 0
45620 2
45621 0
45622 1
45623 0
45624 1
45625 0
45626 1
45627 2
45628 1
45629 0
45630 2
45631 1
45632 2
45633 1
45634 0
45635 1
45636 2
45637 1
45638 0
45639 2
45640 0
45641 1
45642 0
45643 1
45644 0
45645 1
45646 0
45647 1
45648 2
45649 0
45650 2
45651 1
45652 0
45653 2
45654 1
45655 2
45656 0
45657 1
45658 2
45659 0
45660 1
45661 0
45662 1
45663 2
45664 1
45665 0
45666 1
45667 0
45668 3
45669 1
45670 2
45671 0
45672 1
45673 0
45674 1
45675 0
45676 1
45677 2
45678 0
45679 1
45680 2
45681 0
45682 2
45683 1
45684 0
45685 1
45686 0
45687 1
45688 0
45689 2
45690 0
45691 1
45692 0
45693 2
45694 1
45695 0
45696 1
45697 0
45698 3
45699 1
45700 2
45701 1
45702 0
45703 1
45704 0
45705 1
45706 2
45707 0
45708 1
45709 0
45710 1
45711 0
45712 1
45713 0
45714 1
45715 2
45716 1
45717 0
45718 1
45719 0
45720 1
45721 0
45722 1
45723 0
45724 2
45725 1
45726 0
45727 3
45728 1
45729 3
45730 0
45731 1
45732 2
45733 0
45734 1
45735 2
45736 3
45737 0
45738 1
45739 0
45740 1
45741 0
45742 2
45743 1
45744 0
45745 1
45746 0
45747 2
45748 1
45749 0
45750 1
45751 0
45752 1
45753 2
45754 1
45755 2
45756 1
45757 0
45758 1
45759 0
45760 2
45761 1
45762 2
45763 0
45764 1
45765 0
45766 3
45767 0
45768 1
45769 2
45770 0
45771 2
45772 1
45773 2
45774 1
45775 2
45776 1
45777 0
45778 2
45779 1
45780 3
45781 2
45782 3
45783 1
45784 0
45785 1
45786 0
45787 3
45788 1
45789 0
45790 2
45791 3
45792 0
45793 2
45794 1
45795 0
45796 1
45797 0
45798 1
45799 0
45800 1
45801 0
45802 2
45803 1
45804 2
45805 0
45806 1
45807 0
45808 1
45809 3
45810 2
45811 3
45812 0
45813 2
45814 1
45815 2
45816 1
45817 0
45818 1
45819 2
45820 1
45821 0
45822 1
45823 0
45824 1
45825 0
45826 2
45827 0
45828 1
45829 0
45830 1
45831 2
45832 1
45833 0
45834 2
45835 1
45836 0
45837 3
45838 2
45839 0
45840 1
45841 2
45842 0
45843 1
45844 2
45845 0
45846 2
45847 0
45848 1
45849 0
45850 3
45851 2
45852 1
45853 0
45854 2
45855 1
45856 0
45857 2
45858 1
45859 0
45860 2
45861 1
45862 0
45863 1
45864 0
45865 2
45866 1
45867 0
45868 1
45869 2
45870 1
45871 2
45872 0
45873 1
45874 2
45875 0
45876 1
45877 0
45878 1
45879 0
45880 2
45881 0
45882 1
45883 0
45884 1
45885 0
45886 2
45887 0
45888 1
45889 0
45890 1
45891 2
45892 0
45893 1
45894 0
45895 1
45896 3
45897 2
45898 0
45899 2
45900 1
45901 0
45902 1
45903 0
45904 1
45905 2
45906 0
45907 1
45908 0
45909 2
45910 1
45911 0
45912 1
45913 2
45914 1
45915 0
45916 1
45917 2
45918 1
45919 0
45920 1
45921 3
45922 2
45923 0
45924 1
45925 0
45926 1
45927 0
45928 1
45929 0
45930 1
45931 2
45932 0
45933 1
45934 0
45935 2
45936 1
45937 0
45938 2
45939 1
45940 0
45941 3
45942 1
45943 2
45944 0
45945 2
45946 1
45947 2
45948 0
45949 3
45950 2
45951 0
45952 1
45953 2
45954 0
45955 2
45956 0
45957 2
45958 1
45959 0
45960 3
45961 2
45962 1
45963 0
45964 2
45965 1
45966 2
45967 0
45968 1
45969 3
45970 0
45971 2
45972 1
45973 2
45974 0
45975 1
45976 2
45977 1
45978 2
45979 0
45980 1
45981 0
45982 1
45983 2
45984 1
45985 2
45986 1
45987 0
45988 1
45989 3
45990 2
45991 0
45992 3
45993 0
45994 1
45995 0
45996 1
45997 2
45998 0
45999 1
46000 0
46001 1
46002 2
46003 1
46004 2
46005 0
46006 1
46007 2
46008 0
46009 2
46010 1
46011 2
46012 3
46013 1
46014 0
46015 2
46016 3
46017 0
46018 1
46019 2
46020 0
46021 1
46022 2
46023 0
46024 1
46025 2
46026 0
46027 1
46028 2
46029 1
46030 0
46031 1
46032 0
46033 1
46034 2
46035 0
46036 2
46037 1
46038 0
46039 1
46040 0
46041 1
46042 2
46043 1
46044 0
46045 1
46046 3
46047 2
46048 3
46049 0
46050 3
46051 2
46052 1
46053 2
46054 0
46055 1
46056 0
46057 1
46058 0
46059 1
46060 0
46061 1
46062 2
46063 0
46064 3
46065 1
46066 2
46067 0
46068 1
46069 0
46070 1
46071 0
46072 1
46073 2
46074 1
46075 3
46076 2
46077 0
46078 1
46079 0
46080 2
46081 1
46082 0
46083 1
46084 3
46085 0
46086 2
46087 1
46088 0
46089 2
46090 1
46091 0
46092 2
46093 0
46094 1
46095 2
46096 0
46097 1
46098 2
46099 3
46100 0
46101 2
46102 1
46103 0
46104 1
46105 0
46106 2
46107 1
46108 2
46109 1
46110 2
46111 0
46112 2
46113 1
46114 3
46115 0
46116 1
46117 2
46118 0
46119 1
46120 2
46121 0
46122 2
46123 0
46124 1
46125 0
46126 1
46127 2
46128 0
46129 1
46130 2
46131 1
46132 0
46133 1
46134 0
46135 1
46136 2
46137 1
46138 2
46139 3
46140 0
46141 1
46142 2
46143 0
46144 1
46145 0
46146 1
46147 2
46148 0
46149 2
46150 0
46151 2
46152 1
46153 0
46154 2
46155 1
46156 2
46157 0
46158 1
46159 3
46160 2
46161 0
46162 1
46163 2
46164 3
46165 0
46166 1
46167 0
46168 1
46169 2
46170 1
46171 2
46172 1
46173 2
46174 0
46175 2
46176 3
46177 1
46178 2
46179 0
46180 1
46181 0
46182 2
46183 3
46184 0
46185 2
46186 1
46187 0
46188 2
46189 1
46190 0
46191 1
46192 2
46193 0
46194 1
46195 0
46196 2
46197 1
46198 2
46199 1
46200 0
46201 2
46202 3
46203 0
46204 1
46205 2
46206 1
46207 2
46208 0
46209 1
46210 0
46211 1
46212 0
46213 1
46214 0
46215 1
46216 3
46217 0
46218 2
46219 1
46220 0
46221 1
46222 2
46223 3
46224 0
46225 1
46226 0
46227 2
46228 1
46229 0
46230 3
46231 2
46232 0
46233 1
46234 0
46235 2
46236 1
46237 0
46238 1
46239 2
46240 0
46241 1
46242 0
46243 3
46244 2
46245 1
46246 2
46247 1
46248 2
46249 0
46250 2
46251 1
46252 2
46253 0
46254 1
46255 0
46256 3
46257 0
46258 2
46259 1
46260 2
46261 0
46262 1
46263 2
46264 0
46265 1
46266 2
46267 1
46268 0
46269 1
46270 0
46271 2
46272 1
46273 2
46274 0
46275 2
46276 1
46277 0
46278 1
46279 0
46280 3
46281 1
46282 0
46283 1
46284 2
46285 1
46286 0
46287 2
46288 1
46289 2
46290 0
46291 2
46292 1
46293 3
46294 0
46295 2
46296 0
46297 1
46298 2
46299 0
46300 1
46301 0
46302 2
46303 3
46304 0
46305 1
46306 0
46307 1
46308 2
46309 0
46310 2
46311 0
46312 1
46313 0
46314 2
46315 0
46316 1
46317 0
46318 2
46319 0
46320 1
46321 2
46322 0
46323 1
46324 3
46325 2
46326 0
46327 2
46328 1
46329 0
46330 2
46331 0
46332 1
46333 0
46334 2
46335 0
46336 1
46337 3
46338 2
46339 0
46340 2
46341 1
46342 0
46343 2
46344 0
46345 1
46346 0
46347 3
46348 0
46349 1
46350 0
46351 2
46352 0
46353 2
46354 0
46355 1
46356 0
46357 2
46358 1
46359 2
46360 1
46361 0
46362 2
46363 1
46364 2
46365 1
46366 3
46367 0
46368 2
46369 1
46370 2
46371 0
46372 1
46373 2
46374 1
46375 2
46376 0
46377 1
46378 0
46379 3
46380 1
46381 0
46382 2
46383 0
46384 1
46385 2
46386 0
46387 2
46388 1
46389 2
46390 1
46391 2
46392 0
46393 1
46394 2
46395 1
46396 2
46397 0
46398 1
46399 2
46400 0
46401 1
46402 2
46403 1
46404 0
46405 1
46406 2
46407 0
46408 1
46409 2
46410 0
46411 1
46412 2
46413 0
46414 2
46415 1
46416 0
46417 1
46418 0
46419 1
46420 0
46421 2
46422 0
46423 1
46424 2
46425 1
46426 0
46427 2
46428 1
46429 2
46430 0
46431 2
46432 1
46433 2
46434 1
46435 0
46436 2
46437 0
46438 1
46439 0
46440 2
46441 0
46442 1
46443 2
46444 0
46445 1
46446 0
46447 1
46448 0
46449 1
46450 2
46451 0
46452 1
46453 0
46454 3
46455 2
46456 0
46457 3
46458 0
46459 1
46460 2
46461 0
46462 2
46463 0
46464 1
46465 0
46466 1
46467 2
46468 0
46469 2
46470 3
46471 1
46472 0
46473 1
46474 2
46475 0
46476 1
46477 0
46478 2
46479 1
46480 2
46481 1
46482 2
46483 0
46484 3
46485 1
46486 0
46487 1
46488 2
46489 0
46490 2
46491 0
46492 1
46493 2
46494 0
46495 1
46496 2
46497 0
46498 2
46499 1
46500 2
46501 0
46502 1
46503 2
46504 0
46505 1
46506 3
46507 1
46508 2
46509 1
46510 2
46511 1
46512 0
46513 1
46514 0
46515 1
46516 0
46517 2
46518 0
46519 1
46520 2
46521 0
46522 2
46523 1
46524 2
46525 0
46526 2
46527 1
46528 2
46529 1
46530 2
46531 0
46532 1
46533 2
46534 0
46535 1
46536 3
46537 0
46538 2
46539 0
46540 1
46541 2
46542 1
46543 2
46544 1
46545 0
46546 2
46547 1
46548 3
46549 2
46550 1
46551 2
46552 1
46553 2
46554 0
46555 2
46556 0
46557 1
46558 0
46559 2
46560 0
46561 2
46562 0
46563 1
46564 0
46565 1
46566 0
46567 1
46568 0
46569 1
46570 2
46571 1
46572 0
46573 2
46574 1
46575 0
46576 2
46577 1
46578 2
46579 1
46580 0
46581 2
46582 1
46583 0
46584 2
46585 1
46586 2
46587 1
46588 2
46589 0
46590 2
46591 1
46592 0
46593 1
46594 0
46595 2
46596 1
46597 0
46598 1
46599 3
46600 2
46601 1
46602 2
46603 0
46604 1
46605 0
46606 1
46607 0
46608 1
46609 0
46610 2
46611 1
46612 2
46613 3
46614 1
46615 0
46616 1
46617 0
46618 1
46619 0
46620 1
46621 2
46622 3
46623 1
46624 2
46625 0
46626 1
46627 0
46628 1
46629 2
46630 0
46631 1
46632 2
46633 0
46634 1
46635 0
46636 1
46637 0
46638 1
46639 0
46640 2
46641 1
46642 0
46643 2
46644 1
46645 2
46646 0
46647 3
46648 1
46649 0
46650 1
46651 3
46652 0
46653 2
46654 1
46655 2
46656 3
46657 0
46658 1
46659 0
46660 2
46661 1
46662 2
46663 1
46664 2
46665 1
46666 0
46667 1
46668 3
46669 0
46670 2
46671 0
46672 1
46673 2
46674 0
46675 1
46676 0
46677 1
46678 0
46679 1
46680 2
46681 1
46682 0
46683 2
46684 0
46685 1
46686 0
46687 1
46688 0
46689 3
46690 1
46691 2
46692 1
46693 0
46694 1
46695 0
46696 1
46697 0
46698 1
46699 2
46700 3
46701 1
46702 2
46703 1
46704 2
46705 0
46706 3
46707 1
46708 2
46709 1
46710 0
46711 1
46712 0
46713 1
46714 2
46715 0
46716 2
46717 0
46718 1
46719 2
46720 1
46721 2
46722 0
46723 2
46724 0
46725 1
46726 2
46727 1
46728 2
46729 0
46730 1
46731 0
46732 1
46733 2
46734 0
46735 2
46736 1
46737 0
46738 2
46739 1
46740 2
46741 0
46742 1
46743 2
46744 0
46745 2
46746 1
46747 0
46748 3
46749 0
46750 2
46751 1
46752 0
46753 1
46754 0
46755 1
46756 0
46757 1
46758 2
46759 0
46760 2
46761 1
46762 2
46763 0
46764 1
46765 2
46766 1
46767 2
46768 0
46769 3
46770 2
46771 0
46772 1
46773 2
46774 0
46775 1
46776 0
46777 2
46778 1
46779 0
46780 2
46781 1
46782 0
46783 1
46784 0
46785 1
46786 0
46787 1
46788 2
46789 0
46790 3
46791 2
46792 0
46793 2
46794 1
46795 3
46796 2
46797 1
46798 0
46799 2
46800 0
46801 1
46802 2
46803 1
46804 3
46805 0
46806 1
46807 0
46808 2
46809 1
46810 3
46811 0
46812 1
46813 2
46814 1
46815 0
46816 2
46817 1
46818 2
46819 0
46820 1
46821 2
46822 0
46823 1
46824 0
46825 1
46826 2
46827 0
46828 2
46829 1
46830 0
46831 1
46832 2
46833 0
46834 1
46835 0
46836 1
46837 0
46838 1
46839 2
46840 3
46841 2
46842 0
46843 1
46844 2
46845 0
46846 1
46847 0
46848 1
46849 0
46850 1
46851 0
46852 1
46853 0
46854 1
46855 2
46856 1
46857 2
46858 0
46859 1
46860 2
46861 1
46862 0
46863 2
46864 0
46865 1
46866 0
46867 1
46868 0
46869 2
46870 1
46871 0
46872 2
46873 0
46874 1
46875 0
46876 1
46877 2
46878 0
46879 1
46880 2
46881 0
46882 1
46883 0
46884 1
46885 0
46886 2
46887 1
46888 0
46889 3
46890 2
46891 0
46892 1
46893 0
46894 2
46895 0
46896 3
46897 2
46898 1
46899 2
46900 0
46901 1
46902 2
46903 0
46904 1
46905 0
46906 1
46907 2
46908 3
46909 0
46910 1
46911 2
46912 1
46913 3
46914 0
46915 1
46916 0
46917 1
46918 0
46919 2
46920 1
46921 0
46922 1
46923 2
46924 1
46925 0
46926 2
46927 1
46928 2
46929 1
46930 2
46931 1
46932 0
46933 2
46934 1
46935 2
46936 3
46937 0
46938 2
46939 0
46940 1
46941 0
46942 2
46943 1
46944 2
46945 0
46946 2
46947 1
46948 0
46949 1
46950 0
46951 1
46952 3
46953 0
46954 2
46955 1
46956 0
46957 1
46958 2
46959 0
46960 1
46961 2
46962 0
46963 2
46964 1
46965 0
46966 1
46967 0
46968 1
46969 2
46970 0
46971 1
46972 0
46973 1
46974 0
46975 1
46976 0
46977 1
46978 0
46979 1
46980 0
46981 2
46982 1
46983 0
46984 3
46985 2
46986 1
46987 2
46988 0
46989 1
46990 0
46991 2
46992 0
46993 1
46994 0
46995 1
46996 0
46997 1
46998 0
46999 1
47000 0
47001 2
47002 1
47003 0
47004 1
47005 2
47006 1
47007 2
47008 1
47009 0
47010 1
47011 0
47012 1
47013 0
47014 2
47015 1
47016 0
47017 1
47018 2
47019 0
47020 2
47021 1
47022 0
47023 2
47024 0
47025 1
47026 2
47027 1
47028 2
47029 0
47030 2
47031 1
47032 0
47033 2
47034 3
47035 0
47036 2
47037 1
47038 3
47039 1
47040 3
47041 0
47042 2
47043 1
47044 0
47045 2
47046 1
47047 2
47048 0
47049 2
47050 0
47051 1
47052 0
47053 1
47054 0
47055 1
47056 0
47057 1
47058 0
47059 2
47060 0
47061 2
47062 0
47063 1
47064 2
47065 1
47066 0
47067 2
47068 1
47069 0
47070 1
47071 2
47072 3
47073 0
47074 1
47075 0
47076 2
47077 1
47078 0
47079 2
47080 1
47081 0
47082 1
47083 0
47084 2
47085 1
47086 0
47087 2
47088 1
47089 0
47090 1
47091 2
47092 0
47093 1
47094 0
47095 2
47096 1
47097 0
47098 2
47099 0
47100 2
47101 1
47102 0
47103 1
47104 2
47105 0
47106 1
47107 0
47108 2
47109 1
47110 3
47111 2
47112 1
47113 0
47114 2
47115 1
47116 2
47117 1
47118 0
47119 2
47120 3
47121 1
47122 0
47123 2
47124 0
47125 1
47126 0
47127 1
47128 2
47129 1
47130 0
47131 1
47132 2
47133 0
47134 1
47135 0
47136 2
47137 1
47138 2
47139 0
47140 1
47141 0
47142 1
47143 0
47144 2
47145 1
47146 0
47147 2
47148 1
47149 0
47150 1
47151 0
47152 2
47153 1
47154 2
47155 1
47156 2
47157 0
47158 2
47159 1
47160 2
47161 0
47162 2
47163 0
47164 1
47165 2
47166 1
47167 3
47168 2
47169 0
47170 2
47171 1
47172 0
47173 1
47174 0
47175 1
47176 0
47177 3
47178 1
47179 0
47180 2
47181 1
47182 2
47183 0
47184 1
47185 0
47186 1
47187 0
47188 2
47189 1
47190 2
47191 3
47192 0
47193 1
47194 0
47195 2
47196 0
47197 1
47198 2
47199 1
47200 0
47201 1
47202 2
47203 1
47204 2
47205 1
47206 2
47207 3
47208 1
47209 0
47210 1
47211 0
47212 1
47213 2
47214 0
47215 1
47216 3
47217 2
47218 0
47219 2
47220 1
47221 2
47222 1
47223 0
47224 1
47225 0
47226 2
47227 1
47228 0
47229 2
47230 0
47231 2
47232 0
47233 2
47234 0
47235 2
47236 1
47237 0
47238 2
47239 1
47240 2
47241 3
47242 1
47243 2
47244 0
47245 1
47246 2
47247 0
47248 2
47249 0
47250 1
47251 0
47252 1
47253 0
47254 1
47255 2
47256 0
47257 2
47258 0
47259 1
47260 0
47261 1
47262 2
47263 0
47264 1
47265 2
47266 1
47267 3
47268 1
47269 2
47270 1
47271 2
47272 0
47273 2
47274 1
47275 2
47276 1
47277 0
47278 1
47279 2
47280 0
47281 2
47282 1
47283 2
47284 0
47285 1
47286 0
47287 1
47288 2
47289 0
47290 2
47291 1
47292 2
47293 1
47294 2
47295 1
47296 2
47297 0
47298 3
47299 2
47300 1
47301 0
47302 2
47303 1
47304 0
47305 1
47306 2
47307 0
47308 1
47309 2
47310 1
47311 0
47312 1
47313 0
47314 1
47315 0
47316 1
47317 0
47318 2
47319 1
47320 0
47321 2
47322 1
47323 3
47324 2
47325 1
47326 0
47327 1
47328 0
47329 1
47330 0
47331 3
47332 2
47333 1
47334 0
47335 1
47336 0
47337 1
47338 0
47339 1
47340 2
47341 0
47342 1
47343 2
47344 0
47345 1
47346 0
47347 2
47348 1
47349 2
47350 0
47351 1
47352 3
47353 0
47354 2
47355 0
47356 1
47357 0
47358 1
47359 0
47360 2
47361 0
47362 1
47363 2
47364 1
47365 0
47366 1
47367 0
47368 2
47369 1
47370 0
47371 2
47372 1
47373 0
47374 1
47375 0
47376 2
47377 1
47378 0
47379 1
47380 2
47381 3
47382 0
47383 2
47384 1
47385 2
47386 3
47387 0
47388 2
47389 1
47390 0
47391 2
47392 1
47393 2
47394 1
47395 2
47396 0
47397 2
47398 1
47399 0
47400 3
47401 1
47402 0
47403 1
47404 0
47405 2
47406 1
47407 0
47408 2
47409 1
47410 0
47411 1
47412 0
47413 1
47414 0
47415 1
47416 0
47417 2
47418 1
47419 0
47420 3
47421 1
47422 0
47423 2
47424 0
47425 3
47426 2
47427 0
47428 1
47429 2
47430 0
47431 2
47432 1
47433 2
47434 0
47435 1
47436 3
47437 1
47438 2
47439 1
47440 0
47441 2
47442 1
47443 0
47444 2
47445 0
47446 2
47447 0
47448 2
47449 1
47450 2
47451 0
47452 1
47453 3
47454 0
47455 2
47456 0
47457 2
47458 0
47459 1
47460 2
47461 1
47462 0
47463 1
47464 2
47465 0
47466 2
47467 0
47468 2
47469 0
47470 1
47471 0
47472 1
47473 0
47474 1
47475 2
47476 0
47477 1
47478 0
47479 2
47480 1
47481 2
47482 1
47483 0
47484 1
47485 2
47486 3
47487 2
47488 1
47489 0
47490 1
47491 0
47492 1
47493 0
47494 1
47495 2
47496 0
47497 2
47498 1
47499 2
47500 1
47501 0
47502 2
47503 0
47504 2
47505 1
47506 2
47507 0
47508 2
47509 1
47510 0
47511 1
47512 0
47513 3
47514 2
47515 0
47516 1
47517 0
47518 3
47519 1
47520 0
47521 2
47522 1
47523 0
47524 1
47525 2
47526 0
47527 2
47528 1
47529 2
47530 0
47531 2
47532 1
47533 2
47534 1
47535 0
47536 1
47537 0
47538 1
47539 0
47540 1
47541 0
47542 2
47543 1
47544 2
47545 0
47546 1
47547 2
47548 3
47549 0
47550 1
47551 2
47552 1
47553 0
47554 2
47555 0
47556 2
47557 0
47558 1
47559 3
47560 2
47561 1
47562 0
47563 1
47564 0
47565 2
47566 0
47567 3
47568 1
47569 2
47570 0
47571 1
47572 0
47573 2
47574 3
47575 1
47576 0
47577 2
47578 1
47579 0
47580 2
47581 1
47582 0
47583 1
47584 0
47585 1
47586 2
47587 0
47588 1
47589 0
47590 1
47591 0
47592 1
47593 0
47594 1
47595 0
47596 3
47597 2
47598 0
47599 1
47600 0
47601 2
47602 1
47603 2
47604 0
47605 1
47606 0
47607 1
47608 0
47609 1
47610 0
47611 1
47612 0
47613 1
47614 2
47615 0
47616 1
47617 3
47618 2
47619 0
47620 1
47621 0
47622 2
47623 0
47624 1
47625 0
47626 1
47627 0
47628 1
47629 0
47630 1
47631 2
47632 1
47633 2
47634 1
47635 0
47636 1
47637 2
47638 1
47639 0
47640 1
47641 0
47642 2
47643 1
47644 2
47645 0
47646 1
47647 2
47648 1
47649 0
47650 2
47651 1
47652 0
47653 2
47654 1
47655 2
47656 1
47657 2
47658 0
47659 2
47660 3
47661 1
47662 2
47663 0
47664 1
47665 0
47666 2
47667 3
47668 0
47669 1
47670 0
47671 2
47672 1
47673 2
47674 1
47675 3
47676 0
47677 1
47678 0
47679 2
47680 1
47681 0
47682 1
47683 0
47684 2
47685 1
47686 0
47687 1
47688 0
47689 2
47690 0
47691 2
47692 1
47693 0
47694 1
47695 0
47696 1
47697 2
47698 1
47699 2
47700 1
47701 0
47702 1
47703 2
47704 0
47705 1
47706 0
47707 1
47708 2
47709 0
47710 1
47711 0
47712 1
47713 3
47714 2
47715 1
47716 0
47717 1
47718 2
47719 1
47720 2
47721 3
47722 0
47723 2
47724 1
47725 2
47726 3
47727 0
47728 1
47729 2
47730 1
47731 2
47732 0
47733 1
47734 0
47735 1
47736 2
47737 0
47738 2
47739 1
47740 0
47741 1
47742 0
47743 1
47744 2
47745 0
47746 1
47747 0
47748 2
47749 1
47750 0
47751 1
47752 3
47753 0
47754 2
47755 0
47756 1
47757 0
47758 2
47759 1
47760 0
47761 2
47762 0
47763 1
47764 2
47765 1
47766 0
47767 1
47768 0
47769 2
47770 1
47771 0
47772 1
47773 2
47774 1
47775 2
47776 1
47777 2
47778 1
47779 2
47780 0
47781 2
47782 1
47783 0
47784 1
47785 0
47786 1
47787 0
47788 1
47789 0
47790 2
47791 3
47792 1
47793 0
47794 2
47795 1
47796 2
47797 0
47798 1
47799 0
47800 1
47801 2
47802 0
47803 3
47804 0
47805 2
47806 1
47807 0
47808 2
47809 1
47810 3
47811 2
47812 1
47813 2
47814 3
47815 1
47816 2
47817 0
47818 2
47819 0
47820 1
47821 0
47822 1
47823 0
47824 1
47825 2
47826 0
47827 2
47828 0
47829 1
47830 0
47831 1
47832 2
47833 0
47834 1
47835 0
47836 2
47837 1
47838 3
47839 2
47840 3
47841 1
47842 0
47843 1
47844 0
47845 3
47846 2
47847 1
47848 2
47849 1
47850 0
47851 1
47852 2
47853 1
47854 0
47855 1
47856 2
47857 0
47858 1
47859 2
47860 0
47861 1
47862 0
47863 2
47864 1
47865 2
47866 1
47867 0
47868 1
47869 0
47870 1
47871 2
47872 0
47873 2
47874 3
47875 0
47876 1
47877 0
47878 1
47879 2
47880 0
47881 3
47882 0
47883 2
47884 1
47885 0
47886 2
47887 1
47888 0
47889 1
47890 0
47891 1
47892 3
47893 2
47894 1
47895 0
47896 1
47897 2
47898 0
47899 1
47900 2
47901 0
47902 1
47903 3
47904 2
47905 0
47906 3
47907 1
47908 0
47909 1
47910 2
47911 3
47912 1
47913 0
47914 1
47915 0
47916 2
47917 1
47918 0
47919 1
47920 0
47921 2
47922 1
47923 2
47924 1
47925 0
47926 2
47927 1
47928 2
47929 1
47930 2
47931 3
47932 1
47933 0
47934 1
47935 2
47936 1
47937 0
47938 1
47939 2
47940 1
47941 2
47942 0
47943 1
47944 0
47945 1
47946 3
47947 1
47948 2
47949 0
47950 1
47951 0
47952 1
47953 0
47954 1
47955 2
47956 1
47957 2
47958 1
47959 0
47960 2
47961 1
47962 2
47963 1
47964 3
47965 0
47966 2
47967 1
47968 3
47969 1
47970 0
47971 2
47972 3
47973 0
47974 1
47975 0
47976 1
47977 0
47978 1
47979 0
47980 2
47981 0
47982 3
47983 0
47984 2
47985 1
47986 2
47987 1
47988 0
47989 2
47990 0
47991 2
47992 1
47993 2
47994 0
47995 2
47996 1
47997 0
47998 1
47999 2
48000 1
48001 0
48002 1
48003 0
48004 1
48005 2
48006 0
48007 1
48008 0
48009 1
48010 0
48011 1
48012 0
48013 1
48014 2
48015 1
48016 0
48017 2
48018 0
48019 2
48020 1
48021 2
48022 0
48023 2
48024 0
48025 2
48026 0
48027 1
48028 0
48029 1
48030 0
48031 1
48032 2
48033 1
48034 0
48035 2
48036 0
48037 1
48038 0
48039 1
48040 2
48041 3
48042 0
48043 1
48044 2
48045 0
48046 2
48047 1
48048 0
48049 1
48050 0
48051 1
48052 0
48053 2
48054 0
48055 2
48056 1
48057 2
48058 0
48059 2
48060 0
48061 1
48062 0
48063 2
48064 0
48065 1
48066 0
48067 2
48068 1
48069 0
48070 1
48071 2
48072 0
48073 2
48074 0
48075 2
48076 0
48077 2
48078 1
48079 0
48080 2
48081 1
48082 0
48083 1
48084 2
48085 1
48086 2
48087 1
48088 0
48089 1
48090 0
48091 2
48092 1
48093 2
48094 0
48095 2
48096 1
48097 2
48098 1
48099 2
48100 1
48101 0
48102 2
48103 1
48104 0
48105 1
48106 2
48107 1
48108 0
48109 2
48110 0
48111 2
48112 0
48113 1
48114 2
48115 0
48116 2
48117 0
48118 2
48119 1
48120 0
48121 2
48122 0
48123 1
48124 3
48125 0
48126 1
48127 0
48128 1
48129 0
48130 1
48131 2
48132 0
48133 1
48134 0
48135 1
48136 2
48137 0
48138 1
48139 2
48140 0
48141 1
48142 0
48143 1
48144 0
48145 2
48146 1
48147 2
48148 3
48149 1
48150 2
48151 3
48152 1
48153 0
48154 1
48155 2
48156 3
48157 1
48158 2
48159 0
48160 1
48161 0
48162 1
48163 2
48164 0
48165 2
48166 0
48167 3
48168 2
48169 0
48170 2
48171 1
48172 2
48173 1
48174 0
48175 1
48176 2
48177 1
48178 0
48179 1
48180 2
48181 0
48182 1
48183 0
48184 2
48185 0
48186 2
48187 3
48188 1
48189 0
48190 1
48191 2
48192 0
48193 2
48194 1
48195 2
48196 1
48197 0
48198 1
48199 2
48200 1
48201 2
48202 0
48203 1
48204 0
48205 2
48206 0
48207 1
48208 0
48209 1
48210 2
48211 0
48212 1
48213 0
48214 1
48215 0
48216 2
48217 0
48218 1
48219 3
48220 2
48221 3
48222 1
48223 0
48224 2
48225 1
48226 0
48227 1
48228 2
48229 0
48230 3
48231 0
48232 2
48233 0
48234 1
48235 0
48236 1
48237 0
48238 1
48239 2
48240 1
48241 0
48242 2
48243 1
48244 0
48245 2
48246 0
48247 1
48248 2
48249 0
48250 2
48251 1
48252 2
48253 0
48254 1
48255 2
48256 1
48257 0
48258 1
48259 0
48260 2
48261 1
48262 0
48263 1
48264 0
48265 1
48266 0
48267 1
48268 0
48269 1
48270 2
48271 0
48272 1
48273 0
48274 1
48275 0
48276 2
48277 1
48278 2
48279 0
48280 1
48281 2
48282 1
48283 0
48284 2
48285 1
48286 0
48287 2
48288 1
48289 3
48290 2
48291 0
48292 1
48293 0
48294 1
48295 3
48296 2
48297 0
48298 2
48299 1
48300 0
48301 1
48302 0
48303 1
48304 0
48305 1
48306 0
48307 1
48308 2
48309 1
48310 0
48311 1
48312 0
48313 1
48314 0
48315 2
48316 0
48317 2
48318 1
48319 2
48320 0
48321 1
48322 2
48323 1
48324 2
48325 1
48326 0
48327 3
48328 1
48329 0
48330 1
48331 0
48332 2
48333 1
48334 0
48335 3
48336 1
48337 0
48338 2
48339 0
48340 1
48341 0
48342 3
48343 1
48344 0
48345 2
48346 1
48347 2
48348 1
48349 0
48350 1
48351 2
48352 0
48353 3
48354 1
48355 2
48356 3
48357 1
48358 0
48359 1
48360 0
48361 1
48362 0
48363 1
48364 0
48365 3
48366 2
48367 0
48368 1
48369 0
48370 1
48371 2
48372 0
48373 1
48374 2
48375 0
48376 1
48377 2
48378 0
48379 1
48380 0
48381 2
48382 1
48383 2
48384 1
48385 0
48386 1
48387 2
48388 0
48389 2
48390 0
48391 2
48392 0
48393 1
48394 2
48395 0
48396 1
48397 0
48398 2
48399 0
48400 1
48401 0
48402 1
48403 0
48404 1
48405 0
48406 2
48407 0
48408 2
48409 0
48410 1
48411 0
48412 1
48413 0
48414 1
48415 2
48416 3
48417 0
48418 3
48419 1
48420 2
48421 0
48422 2
48423 1
48424 2
48425 0
48426 2
48427 1
48428 0
48429 3
48430 2
48431 1
48432 2
48433 0
48434 1
48435 2
48436 0
48437 2
48438 1
48439 0
48440 1
48441 3
48442 0
48443 1
48444 2
48445 0
48446 2
48447 1
48448 2
48449 0
48450 2
48451 0
48452 2
48453 1
48454 2
48455 1
48456 0
48457 2
48458 1
48459 2
48460 1
48461 0
48462 2
48463 1
48464 2
48465 3
48466 2
48467 1
48468 0
48469 1
48470 0
48471 1
48472 2
48473 1
48474 2
48475 0
48476 1
48477 0
48478 1
48479 2
48480 0
48481 1
48482 2
48483 0
48484 1
48485 0
48486 2
48487 0
48488 2
48489 0
48490 1
48491 2
48492 1
48493 0
48494 2
48495 0
48496 3
48497 2
48498 0
48499 1
48500 0
48501 3
48502 1
48503 0
48504 2
48505 3
48506 0
48507 2
48508 0
48509 2
48510 0
48511 2
48512 1
48513 0
48514 2
48515 0
48516 1
48517 0
48518 2
48519 0
48520 2
48521 3
48522 0
48523 2
48524 0
48525 1
48526 0
48527 1
48528 0
48529 2
48530 1
48531 0
48532 3
48533 0
48534 1
48535 0
48536 1
48537 0
48538 1
48539 0
48540 1
48541 3
48542 0
48543 2
48544 0
48545 1
48546 2
48547 0
48548 2
48549 0
48550 2
48551 0
48552 1
48553 3
48554 2
48555 1
48556 0
48557 1
48558 0
48559 2
48560 1
48561 0
48562 2
48563 1
48564 3
48565 0
48566 1
48567 0
48568 1
48569 0
48570 1
48571 0
48572 1
48573 0
48574 1
48575 2
48576 0
48577 2
48578 1
48579 0
48580 1
48581 0
48582 2
48583 1
48584 2
48585 0
48586 1
48587 2
48588 0
48589 2
48590 0
48591 1
48592 2
48593 0
48594 1
48595 0
48596 1
48597 0
48598 2
48599 0
48600 2
48601 0
48602 1
48603 0
48604 1
48605 3
48606 1
48607 2
48608 1
48609 0
48610 2
48611 3
48612 2
48613 0
48614 2
48615 1
48616 0
48617 1
48618 3
48619 0
48620 3
48621 1
48622 2
48623 0
48624 1
48625 2
48626 0
48627 2
48628 1
48629 2
48630 0
48631 1
48632 2
48633 0
48634 1
48635 3
48636 1
48637 0
48638 2
48639 1
48640 2
48641 1
48642 2
48643 3
48644 0
48645 2
48646 0
48647 1
48648 0
48649 1
48650 2
48651 0
48652 1
48653 0
48654 2
48655 0
48656 2
48657 1
48658 2
48659 0
48660 1
48661 0
48662 2
48663 0
48664 2
48665 0
48666 1
48667 2
48668 3
48669 0
48670 1
48671 0
48672 1
48673 0
48674 1
48675 0
48676 1
48677 0
48678 2
48679 1
48680 0
48681 3
48682 1
48683 2
48684 0
48685 1
48686 2
48687 0
48688 2
48689 1
48690 0
48691 1
48692 0
48693 1
48694 0
48695 1
48696 0
48697 2
48698 3
48699 0
48700 2
48701 0
48702 1
48703 2
48704 1
48705 3
48706 2
48707 1
48708 2
48709 0
48710 2
48711 1
48712 0
48713 1
48714 0
48715 1
48716 2
48717 1
48718 0
48719 1
48720 0
48721 2
48722 0
48723 1
48724 2
48725 1
48726 2
48727 3
48728 1
48729 3
48730 2
48731 1
48732 0
48733 2
48734 1
48735 2
48736 0
48737 1
48738 0
48739 1
48740 0
48741 2
48742 0
48743 2
48744 0
48745 1
48746 0
48747 1
48748 0
48749 1
48750 0
48751 2
48752 0
48753 1
48754 0
48755 1
48756 2
48757 0
48758 1
48759 2
48760 0
48761 3
48762 2
48763 3
48764 1
48765 2
48766 1
48767 2
48768 0
48769 1
48770 0
48771 1
48772 0
48773 1
48774 0
48775 1
48776 0
48777 2
48778 0
48779 1
48780 2
48781 1
48782 0
48783 2
48784 1
48785 3
48786 2
48787 1
48788 2
48789 0
48790 1
48791 0
48792 2
48793 1
48794 2
48795 0
48796 2
48797 0
48798 1
48799 2
48800 1
48801 2
48802 0
48803 1
48804 2
48805 1
48806 2
48807 0
48808 1
48809 0
48810 3
48811 2
48812 1
48813 2
48814 3
48815 0
48816 1
48817 0
48818 2
48819 1
48820 2
48821 1
48822 0
48823 1
48824 2
48825 0
48826 3
48827 1
48828 2
48829 1
48830 0
48831 1
48832 2
48833 0
48834 1
48835 0
48836 2
48837 1
48838 0
48839 1
48840 2
48841 0
48842 2
48843 1
48844 0
48845 1
48846 2
48847 0
48848 1
48849 0
48850 3
48851 0
48852 1
48853 0
48854 1
48855 0
48856 1
48857 2
48858 0
48859 2
48860 0
48861 2
48862 3
48863 0
48864 1
48865 2
48866 0
48867 1
48868 0
48869 2
48870 1
48871 2
48872 0
48873 1
48874 0
48875 1
48876 0
48877 1
48878 2
48879 0
48880 1
48881 0
48882 1
48883 2
48884 3
48885 1
48886 2
48887 0
48888 2
48889 1
48890 0
48891 1
48892 0
48893 1
48894 2
48895 1
48896 0
48897 2
48898 1
48899 2
48900 0
48901 2
48902 0
48903 1
48904 0
48905 1
48906 2
48907 1
48908 0
48909 2
48910 1
48911 0
48912 1
48913 2
48914 0
48915 1
48916 2
48917 0
48918 2
48919 1
48920 3
48921 2
48922 0
48923 1
48924 2
48925 0
48926 1
48927 0
48928 1
48929 3
48930 0
48931 1
48932 0
48933 2
48934 1
48935 0
48936 1
48937 2
48938 1
48939 2
48940 0
48941 1
48942 2
48943 0
48944 2
48945 0
48946 1
48947 2
48948 1
48949 0
48950 2
48951 1
48952 2
48953 0
48954 1
48955 2
48956 0
48957 1
48958 0
48959 1
48960 0
48961 3
48962 0
48963 2
48964 0
48965 1
48966 0
48967 1
48968 2
48969 0
48970 1
48971 0
48972 2
48973 1
48974 0
48975 1
48976 2
48977 0
48978 2
48979 0
48980 1
48981 0
48982 1
48983 0
48984 3
48985 2
48986 0
48987 1
48988 2
48989 1
48990 0
48991 1
48992 2
48993 0
48994 2
48995 1
48996 2
48997 0
48998 2
48999 3
49000 2
49001 0
49002 1
49003 0
49004 2
49005 0
49006 1
49007 0
49008 3
49009 1
49010 0
49011 2
49012 1
49013 2
49014 0
49015 2
49016 1
49017 2
49018 1
49019 0
49020 2
49021 1
49022 2
49023 0
49024 1
49025 0
49026 1
49027 2
49028 0
49029 1
49030 2
49031 3
49032 0
49033 2
49034 1
49035 0
49036 2
49037 0
49038 1
49039 0
49040 1
49041 0
49042 1
49043 0
49044 2
49045 1
49046 0
49047 1
49048 0
49049 1
49050 3
49051 0
49052 2
49053 1
49054 2
49055 0
49056 1
49057 3
49058 0
49059 1
49060 2
49061 1
49062 2
49063 0
49064 1
49065 2
49066 1
49067 2
49068 1
49069 0
49070 1
49071 0
49072 2
49073 0
49074 1
49075 2
49076 1
49077 0
49078 1
49079 0
49080 1
49081 0
49082 2
49083 0
49084 1
49085 2
49086 0
49087 1
49088 0
49089 2
49090 0
49091 2
49092 1
49093 2
49094 1
49095 0
49096 2
49097 1
49098 0
49099 2
49100 3
49101 1
49102 2
49103 0
49104 1
49105 3
49106 0
49107 2
49108 0
49109 2
49110 1
49111 0
49112 1
49113 2
49114 1
49115 2
49116 0
49117 2
49118 1
49119 0
49120 1
49121 0
49122 1
49123 0
49124 2
49125 1
49126 2
49127 1
49128 2
49129 1
49130 0
49131 1
49132 0
49133 1
49134 2
49135 3
49136 0
49137 1
49138 2
49139 0
49140 2
49141 0
49142 2
49143 1
49144 0
49145 2
49146 0
49147 2
49148 0
49149 2
49150 1
49151 0
49152 1
49153 0
49154 1
49155 2
49156 0
49157 1
49158 0
49159 1
49160 0
49161 1
49162 0
49163 1
49164 0
49165 2
49166 0
49167 1
49168 0
49169 1
49170 0
49171 1
49172 0
49173 2
49174 1
49175 2
49176 1
49177 0
49178 2
49179 0
49180 2
49181 1
49182 0
49183 2
49184 1
49185 3
49186 2
49187 1
49188 2
49189 3
49190 1
49191 2
49192 1
49193 0
49194 2
49195 0
49196 2
49197 1
49198 2
49199 0
49200 1
49201 2
49202 3
49203 1
49204 2
49205 0
49206 2
49207 1
49208 2
49209 1
49210 2
49211 0
49212 3
49213 1
49214 0
49215 2
49216 1
49217 0
49218 2
49219 0
49220 2
49221 1
49222 2
49223 0
49224 2
49225 1
49226 2
49227 1
49228 2
49229 1
49230 0
49231 2
49232 3
49233 1
49234 2
49235 0
49236 2
49237 0
49238 1
49239 2
49240 3
49241 1
49242 2
49243 1
49244 2
49245 0
49246 1
49247 2
49248 0
49249 1
49250 3
49251 0
49252 2
49253 1
49254 0
49255 1
49256 0
49257 1
49258 0
49259 2
49260 1
49261 0
49262 1
49263 0
49264 2
49265 1
49266 0
49267 2
49268 0
49269 1
49270 2
49271 0
49272 1
49273 0
49274 1
49275 0
49276 1
49277 2
49278 1
49279 2
49280 1
49281 2
49282 0
49283 2
49284 0
49285 1
49286 0
49287 2
49288 0
49289 1
49290 2
49291 0
49292 2
49293 1
49294 2
49295 0
49296 2
49297 1
49298 2
49299 0
49300 1
49301 0
49302 1
49303 0
49304 1
49305 0
49306 1
49307 2
49308 1
49309 0
49310 1
49311 2
49312 0
49313 1
49314 0
49315 2
49316 0
49317 1
49318 0
49319 1
49320 2
49321 1
49322 2
49323 0
49324 2
49325 0
49326 1
49327 2
49328 0
49329 3
49330 0
49331 1
49332 2
49333 0
49334 2
49335 1
49336 2
49337 1
49338 0
49339 1
49340 2
49341 1
49342 0
49343 2
49344 1
49345 0
49346 1
49347 0
49348 1
49349 2
49350 0
49351 2
49352 0
49353 1
49354 0
49355 1
49356 0
49357 1
49358 0
49359 1
49360 0
49361 1
49362 0
49363 2
49364 0
49365 1
49366 2
49367 0
49368 3
49369 1
49370 2
49371 0
49372 2
49373 1
49374 0
49375 1
49376 2
49377 0
49378 2
49379 1
49380 2
49381 3
49382 0
49383 2
49384 1
49385 2
49386 0
49387 2
49388 0
49389 1
49390 0
49391 1
49392 2
49393 0
49394 1
49395 3
49396 2
49397 0
49398 1
49399 0
49400 1
49401 0
49402 2
49403 1
49404 2
49405 0
49406 1
49407 0
49408 2
49409 0
49410 1
49411 0
49412 2
49413 1
49414 2
49415 0
49416 1
49417 2
49418 0
49419 1
49420 2
49421 1
49422 0
49423 2
49424 1
49425 0
49426 1
49427 0
49428 1
49429 0
49430 1
49431 2
49432 0
49433 1
49434 2
49435 1
49436 0
49437 1
49438 2
49439 1
49440 3
49441 0
49442 1
49443 0
49444 1
49445 2
49446 0
49447 1
49448 2
49449 1
49450 2
49451 0
49452 1
49453 0
49454 2
49455 1
49456 2
49457 0
49458 1
49459 0
49460 1
49461 2
49462 0
49463 1
49464 0
49465 2
49466 0
49467 1
49468 0
49469 1
49470 2
49471 1
49472 0
49473 1
49474 3
49475 0
49476 1
49477 0
49478 1
49479 2
49480 1
49481 2
49482 0
49483 1
49484 0
49485 1
49486 2
49487 1
49488 0
49489 1
49490 0
49491 1
49492 0
49493 1
49494 2
49495 1
49496 0
49497 1
49498 0
49499 2
49500 0
49501 1
49502 2
49503 1
49504 2
49505 0
49506 2
49507 0
49508 2
49509 1
49510 0
49511 1
49512 0
49513 2
49514 1
49515 0
49516 2
49517 1
49518 2
49519 0
49520 2
49521 1
49522 0
49523 2
49524 1
49525 0
49526 1
49527 2
49528 0
49529 1
49530 0
49531 2
49532 0
49533 1
49534 0
49535 1
49536 0
49537 2
49538 0
49539 1
49540 0
49541 1
49542 0
49543 2
49544 0
49545 1
49546 2
49547 1
49548 2
49549 1
49550 0
49551 2
49552 1
49553 0
49554 2
49555 0
49556 2
49557 1
49558 2
49559 0
49560 1
49561 2
49562 1
49563 0
49564 3
49565 0
49566 1
49567 0
49568 1
49569 0
49570 2
49571 1
49572 0
49573 1
49574 2
49575 1
49576 0
49577 1
49578 2
49579 0
49580 1
49581 0
49582 1
49583 2
49584 0
49585 1
49586 0
49587 1
49588 0
49589 1
49590 2
49591 0
49592 2
49593 0
49594 2
49595 0
49596 2
49597 1
49598 0
49599 2
49600 0
49601 1
49602 0
49603 2
49604 0
49605 1
49606 2
49607 1
49608 0
49609 1
49610 0
49611 2
49612 0
49613 1
49614 0
49615 1
49616 0
49617 2
49618 0
49619 2
49620 0
49621 1
49622 0
49623 1
49624 2
49625 0
49626 1
49627 3
49628 2
49629 0
49630 2
49631 0
49632 1
49633 0
49634 1
49635 0
49636 1
49637 0
49638 2
49639 0
49640 2
49641 0
49642 2
49643 0
49644 1
49645 2
49646 3
49647 1
49648 2
49649 3
49650 0
49651 2
49652 1
49653 2
49654 0
49655 1
49656 2
49657 0
49658 2
49659 1
49660 0
49661 2
49662 1
49663 0
49664 2
49665 1
49666 0
49667 1
49668 0
49669 3
49670 1
49671 0
49672 1
49673 0
49674 1
49675 0
49676 1
49677 0
49678 2
49679 1
49680 0
49681 1
49682 2
49683 0
49684 1
49685 0
49686 1
49687 0
49688 2
49689 3
49690 0
49691 1
49692 2
49693 3
49694 0
49695 2
49696 1
49697 0
49698 1
49699 0
49700 1
49701 0
49702 1
49703 2
49704 1
49705 2
49706 1
49707 0
49708 2
49709 1
49710 0
49711 1
49712 0
49713 1
49714 0
49715 2
49716 1
49717 0
49718 2
49719 0
49720 2
49721 1
49722 0
49723 1
49724 0
49725 1
49726 2
49727 0
49728 1
49729 0
49730 1
49731 0
49732 1
49733 2
49734 1
49735 0
49736 1
49737 3
49738 2
49739 0
49740 1
49741 0
49742 2
49743 1
49744 2
49745 0
49746 1
49747 2
49748 1
49749 0
49750 1
49751 0
49752 2
49753 0
49754 1
49755 2
49756 1
49757 0
49758 1
49759 0
49760 1
49761 3
49762 2
49763 0
49764 2
49765 0
49766 1
49767 2
49768 3
49769 2
49770 1
49771 2
49772 0
49773 1
49774 2
49775 0
49776 2
49777 0
49778 1
49779 0
49780 2
49781 1
49782 3
49783 2
49784 0
49785 2
49786 1
49787 2
49788 1
49789 2
49790 3
49791 2
49792 1
49793 0
49794 1
49795 0
49796 2
49797 0
49798 2
49799 1
49800 2
49801 1
49802 0
49803 1
49804 0
49805 1
49806 2
49807 0
49808 2
49809 0
49810 1
49811 0
49812 2
49813 0
49814 1
49815 2
49816 1
49817 0
49818 3
49819 1
49820 0
49821 1
49822 2
49823 1
49824 0
49825 1
49826 2
49827 1
49828 2
49829 0
49830 2
49831 0
49832 1
49833 2
49834 1
49835 2
49836 0
49837 3
49838 1
49839 0
49840 1
49841 0
49842 1
49843 2
49844 0
49845 2
49846 0
49847 1
49848 2
49849 0
49850 2
49851 0
49852 1
49853 2
49854 1
49855 0
49856 1
49857 2
49858 0
49859 1
49860 0
49861 2
49862 0
49863 1
49864 2
49865 0
49866 2
49867 0
49868 2
49869 0
49870 1
49871 2
49872 1
49873 2
49874 1
49875 0
49876 1
49877 0
49878 1
49879 0
49880 1
49881 3
49882 0
49883 1
49884 0
49885 1
49886 0
49887 2
49888 0
49889 1
49890 2
49891 1
49892 0
49893 1
49894 2
49895 1
49896 3
49897 1
49898 0
49899 2
49900 3
49901 1
49902 2
49903 1
49904 0
49905 1
49906 2
49907 0
49908 2
49909 1
49910 0
49911 2
49912 1
49913 0
49914 2
49915 1
49916 0
49917 1
49918 2
49919 0
49920 2
49921 1
49922 0
49923 2
49924 0
49925 3
49926 2
49927 0
49928 1
49929 0
49930 2
49931 1
49932 0
49933 1
49934 2
49935 0
49936 2
49937 0
49938 1
49939 2
49940 3
49941 1
49942 2
49943 3
49944 0
49945 1
49946 0
49947 1
49948 0
49949 1
49950 0
49951 1
49952 0
49953 1
49954 0
49955 2
49956 0
49957 2
49958 1
49959 2
49960 0
49961 2
49962 1
49963 2
49964 0
49965 1
49966 0
49967 2
49968 1
49969 2
49970 0
49971 2
49972 0
49973 1
49974 0
49975 1
49976 2
49977 3
49978 0
49979 3
49980 1
49981 0
49982 1
49983 2
49984 1
49985 0
49986 1
49987 0
49988 2
49989 1
49990 2
49991 1
49992 0
49993 2
49994 1
49995 0
49996 1
49997 0
49998 1
49999 0
50000 2
50001 0
50002 2
50003 0
50004 1
50005 0
50006 2
50007 1
50008 0
50009 1
50010 2
50011 1
50012 2
50013 1
50014 0
50015 1
50016 0
50017 1
50018 0
50019 1
50020 0
50021 2
50022 3
50023 4
50024 0
50025 1
50026 2
50027 1
50028 0
50029 1
50030 0
50031 2
50032 1
50033 2
50034 3
50035 1
50036 0
50037 1
50038 0
50039 1
50040 2
50041 0
50042 2
50043 1
50044 0
50045 2
50046 0
50047 1
50048 0
50049 2
50050 0
50051 1
50052 0
50053 2
50054 1
50055 2
50056 1
50057 0
50058 1
50059 3
50060 0
50061 2
50062 1
50063 0
50064 1
50065 0
50066 1
50067 0
50068 1
50069 0
50070 1
50071 2
50072 0
50073 1
50074 0
50075 1
50076 2
50077 1
50078 2
50079 1
50080 2
50081 1
50082 0
50083 1
50084 0
50085 2
50086 1
50087 0
50088 2
50089 0
50090 1
50091 2
50092 0
50093 2
50094 1
50095 2
50096 0
50097 1
50098 0
50099 2
50100 1
50101 0
50102 2
50103 1
50104 2
50105 1
50106 2
50107 0
50108 1
50109 2
50110 1
50111 2
50112 1
50113 2
50114 0
50115 2
50116 1
50117 2
50118 0
50119 2
50120 3
50121 0
50122 1
50123 2
50124 0
50125 1
50126 2
50127 0
50128 1
50129 0
50130 1
50131 0
50132 2
50133 0
50134 1
50135 0
50136 1
50137 0
50138 3
50139 1
50140 0
50141 2
50142 0
50143 2
50144 1
50145 0
50146 2
50147 0
50148 1
50149 2
50150 0
50151 1
50152 0
50153 2
50154 0
50155 2
50156 1
50157 3
50158 1
50159 2
50160 3
50161 0
50162 1
50163 0
50164 1
50165 2
50166 3
50167 0
50168 1
50169 2
50170 0
50171 1
50172 0
50173 2
50174 1
50175 2
50176 0
50177 1
50178 2
50179 1
50180 2
50181 3
50182 1
50183 0
50184 1
50185 0
50186 2
50187 1
50188 0
50189 1
50190 0
50191 1
50192 2
50193 0
50194 1
50195 2
50196 0
50197 1
50198 0
50199 2
50200 1
50201 0
50202 2
50203 1
50204 0
50205 1
50206 2
50207 1
50208 0
50209 1
50210 2
50211 0
50212 1
50213 2
50214 0
50215 1
50216 0
50217 1
50218 2
50219 0
50220 1
50221 2
50222 0
50223 1
50224 3
50225 2
50226 0
50227 3
50228 2
50229 0
50230 1
50231 0
50232 2
50233 0
50234 1
50235 2
50236 0
50237 2
50238 1
50239 0
50240 2
50241 0
50242 2
50243 1
50244 2
50245 0
50246 1
50247 0
50248 2
50249 3
50250 1
50251 0
50252 1
50253 0
50254 1
50255 0
50256 1
50257 0
50258 1
50259 0
50260 2
50261 1
50262 0
50263 2
50264 1
50265 0
50266 2
50267 0
50268 1
50269 2
50270 0
50271 1
50272 2
50273 1
50274 0
50275 1
50276 0
50277 1
50278 2
50279 1
50280 0
50281 1
50282 0
50283 3
50284 1
50285 2
50286 3
50287 0
50288 1
50289 0
50290 1
50291 0
50292 2
50293 1
50294 2
50295 1
50296 0
50297 1
50298 2
50299 0
50300 2
50301 0
50302 1
50303 2
50304 3
50305 0
50306 1
50307 0
50308 3
50309 2
50310 0
50311 1
50312 0
50313 1
50314 2
50315 0
50316 1
50317 0
50318 1
50319 0
50320 2
50321 1
50322 0
50323 1
50324 2
50325 0
50326 3
50327 1
50328 2
50329 1
50330 0
50331 1
50332 2
50333 1
50334 0
50335 1
50336 0
50337 2
50338 1
50339 0
50340 2
50341 1
50342 0
50343 2
50344 0
50345 1
50346 3
50347 0
50348 1
50349 2
50350 3
50351 1
50352 2
50353 0
50354 1
50355 0
50356 2
50357 3
50358 0
50359 1
50360 2
50361 0
50362 1
50363 0
50364 1
50365 0
50366 1
50367 0
50368 1
50369 0
50370 2
50371 0
50372 1
50373 0
50374 1
50375 2
50376 1
50377 3
50378 0
50379 1
50380 2
50381 1
50382 0
50383 1
50384 0
50385 1
50386 2
50387 0
50388 1
50389 0
50390 2
50391 1
50392 0
50393 1
50394 2
50395 0
50396 1
50397 0
50398 2
50399 1
50400 0
50401 1
50402 0
50403 3
50404 2
50405 0
50406 1
50407 0
50408 2
50409 1
50410 0
50411 1
50412 0
50413 1
50414 2
50415 0
50416 1
50417 0
50418 2
50419 1
50420 2
50421 1
50422 2
50423 0
50424 1
50425 3
50426 2
50427 1
50428 2
50429 0
50430 2
50431 1
50432 2
50433 0
50434 2
50435 0
50436 1
50437 0
50438 2
50439 1
50440 0
50441 1
50442 2
50443 1
50444 0
50445 2
50446 0
50447 1
50448 0
50449 2
50450 1
50451 3
50452 1
50453 2
50454 0
50455 1
50456 0
50457 1
50458 0
50459 1
50460 0
50461 2
50462 1
50463 0
50464 2
50465 1
50466 2
50467 0
50468 1
50469 0
50470 2
50471 1
50472 0
50473 1
50474 2
50475 3
50476 1
50477 2
50478 1
50479 2
50480 1
50481 0
50482 2
50483 1
50484 0
50485 1
50486 2
50487 1
50488 0
50489 2
50490 0
50491 1
50492 0
50493 2
50494 1
50495 0
50496 1
50497 0
50498 1
50499 0
50500 3
50501 1
50502 2
50503 1
50504 2
50505 1
50506 0
50507 1
50508 0
50509 2
50510 1
50511 2
50512 0
50513 1
50514 2
50515 1
50516 0
50517 1
50518 0
50519 1
50520 0
50521 1
50522 2
50523 1
50524 0
50525 2
50526 0
50527 1
50528 2
50529 1
50530 0
50531 2
50532 3
50533 0
50534 2
50535 1
50536 0
50537 1
50538 0
50539 1
50540 0
50541 2
50542 1
50543 0
50544 1
50545 2
50546 0
50547 2
50548 1
50549 2
50550 0
50551 1
50552 0
50553 1
50554 2
50555 0
50556 2
50557 1
50558 2
50559 0
50560 2
50561 0
50562 2
50563 1
50564 0
50565 1
50566 3
50567 2
50568 0
50569 2
50570 1
50571 2
50572 1
50573 0
50574 1
50575 0
50576 1
50577 2
50578 1
50579 2
50580 1
50581 0
50582 2
50583 0
50584 1
50585 0
50586 1
50587 2
50588 1
50589 0
50590 2
50591 1
50592 2
50593 0
50594 2
50595 1
50596 0
50597 2
50598 1
50599 0
50600 2
50601 1
50602 0
50603 2
50604 0
50605 1
50606 0
50607 1
50608 0
50609 2
50610 1
50611 3
50612 0
50613 1
50614 0
50615 2
50616 3
50617 1
50618 0
50619 1
50620 0
50621 1
50622 0
50623 1
50624 2
50625 0
50626 2
50627 1
50628 0
50629 1
50630 0
50631 1
50632 0
50633 1
50634 0
50635 1
50636 0
50637 2
50638 3
50639 1
50640 0
50641 1
50642 0
50643 2
50644 3
50645 0
50646 1
50647 2
50648 1
50649 0
50650 1
50651 0
50652 1
50653 2
50654 1
50655 2
50656 1
50657 2
50658 0
50659 3
50660 2
50661 1
50662 2
50663 0
50664 2
50665 1
50666 2
50667 0
50668 1
50669 3
50670 0
50671 1
50672 0
50673 2
50674 0
50675 1
50676 2
50677 0
50678 2
50679 0
50680 2
50681 1
50682 0
50683 1
50684 3
50685 0
50686 1
50687 2
50688 3
50689 1
50690 2
50691 0
50692 1
50693 0
50694 2
50695 1
50696 2
50697 0
50698 1
50699 0
50700 1
50701 0
50702 2
50703 1
50704 0
50705 2
50706 1
50707 0
50708 1
50709 0
50710 2
50711 0
50712 1
50713 2
50714 1
50715 2
50716 1
50717 0
50718 1
50719 2
50720 3
50721 0
50722 1
50723 0
50724 1
50725 0
50726 2
50727 1
50728 0
50729 1
50730 0
50731 2
50732 3
50733 2
50734 1
50735 0
50736 1
50737 2
50738 1
50739 0
50740 2
50741 0
50742 1
50743 0
50744 2
50745 0
50746 1
50747 0
50748 2
50749 1
50750 2
50751 0
50752 1
50753 0
50754 1
50755 0
50756 1
50757 0
50758 1
50759 0
50760 2
50761 0
50762 1
50763 0
50764 2
50765 1
50766 0
50767 2
50768 1
50769 2
50770 1
50771 2
50772 0
50773 1
50774 0
50775 1
50776 0
50777 1
50778 2
50779 0
50780 1
50781 0
50782 1
50783 0
50784 1
50785 0
50786 1
50787 0
50788 1
50789 0
50790 2
50791 1
50792 0
50793 2
50794 0
50795 1
50796 0
50797 1
50798 2
50799 3
50800 1
50801 0
50802 1
50803 0
50804 1
50805 2
50806 0
50807 1
50808 2
50809 0
50810 3
50811 0
50812 1
50813 0
50814 1
50815 0
50816 2
50817 0
50818 3
50819 0
50820 1
50821 2
50822 0
50823 1
50824 0
50825 1
50826 0
50827 2
50828 0
50829 1
50830 0
50831 1
50832 0
50833 1
50834 0
50835 2
50836 1
50837 2
50838 0
50839 2
50840 1
50841 2
50842 0
50843 2
50844 1
50845 0
50846 1
50847 2
50848 0
50849 1
50850 0
50851 1
50852 2
50853 0
50854 2
50855 0
50856 1
50857 2
50858 0
50859 1
50860 0
50861 1
50862 0
50863 1
50864 2
50865 0
50866 1
50867 0
50868 1
50869 2
50870 3
50871 0
50872 1
50873 0
50874 2
50875 1
50876 0
50877 2
50878 1
50879 0
50880 1
50881 2
50882 1
50883 0
50884 1
50885 0
50886 1
50887 0
50888 1
50889 2
50890 0
50891 1
50892 0
50893 1
50894 0
50895 1
50896 3
50897 2
50898 3
50899 1
50900 2
50901 0
50902 1
50903 0
50904 2
50905 1
50906 0
50907 1
50908 2
50909 0
50910 1
50911 0
50912 2
50913 1
50914 0
50915 1
50916 0
50917 2
50918 3
50919 1
50920 0
50921 1
50922 0
50923 3
50924 1
50925 2
50926 0
50927 1
50928 2
50929 3
50930 0
50931 2
50932 1
50933 0
50934 3
50935 2
50936 1
50937 3
50938 2
50939 1
50940 2
50941 0
50942 1
50943 2
50944 0
50945 1
50946 0
50947 1
50948 0
50949 1
50950 2
50951 3
50952 1
50953 0
50954 1
50955 0
50956 1
50957 2
50958 1
50959 0
50960 2
50961 0
50962 2
50963 1
50964 2
50965 0
50966 1
50967 2
50968 1
50969 3
50970 2
50971 0
50972 2
50973 0
50974 2
50975 1
50976 2
50977 1
50978 0
50979 2
50980 1
50981 2
50982 0
50983 2
50984 1
50985 0
50986 3
50987 2
50988 0
50989 2
50990 3
50991 1
50992 2
50993 3
50994 1
50995 2
50996 1
50997 0
50998 2
50999 1
51000 0
51001 2
51002 1
51003 2
51004 0
51005 2
51006 3
51007 0
51008 2
51009 1
51010 2
51011 0
51012 2
51013 0
51014 1
51015 2
51016 0
51017 1
51018 2
51019 1
51020 0
51021 1
51022 2
51023 0
51024 1
51025 2
51026 3
51027 1
51028 0
51029 2
51030 3
51031 0
51032 2
51033 1
51034 2
51035 3
51036 1
51037 3
51038 1
51039 0
51040 1
51041 2
51042 1
51043 2
51044 1
51045 0
51046 1
51047 0
51048 1
51049 0
51050 1
51051 0
51052 1
51053 3
51054 2
51055 1
51056 0
51057 2
51058 1
51059 3
51060 0
51061 3
51062 1
51063 3
51064 0
51065 1
51066 0
51067 1
51068 0
51069 2
51070 1
51071 3
51072 2
51073 1
51074 2
51075 1
51076 0
51077 1
51078 2
51079 3
51080 1
51081 0
51082 1
51083 2
51084 1
51085 2
51086 0
51087 1
51088 0
51089 3
51090 1
51091 0
51092 2
51093 0
51094 1
51095 2
51096 0
51097 1
51098 2
51099 3
51100 1
51101 0
51102 1
51103 2
51104 1
51105 2
51106 0
51107 1
51108 2
51109 0
51110 2
51111 0
51112 2
51113 0
51114 2
51115 0
51116 1
51117 2
51118 1
51119 0
51120 2
51121 1
51122 2
51123 0
51124 2
51125 0
51126 2
51127 1
51128 2
51129 1
51130 0
51131 2
51132 1
51133 0
51134 2
51135 1
51136 0
51137 1
51138 0
51139 2
51140 3
51141 1
51142 0
51143 1
51144 0
51145 1
51146 2
51147 1
51148 0
51149 1
51150 2
51151 0
51152 2
51153 3
51154 0
51155 1
51156 2
51157 0
51158 2
51159 3
51160 1
51161 2
51162 0
51163 1
51164 0
51165 1
51166 2
51167 3
51168 0
51169 1
51170 2
51171 0
51172 2
51173 1
51174 2
51175 0
51176 1
51177 0
51178 1
51179 2
51180 0
51181 1
51182 2
51183 1
51184 0
51185 2
51186 0
51187 2
51188 1
51189 3
51190 0
51191 1
51192 3
51193 2
51194 1
51195 3
51196 2
51197 1
51198 0
51199 3
51200 2
51201 0
51202 1
51203 0
51204 1
51205 0
51206 2
51207 1
51208 0
51209 2
51210 1
51211 2
51212 1
51213 2
51214 1
51215 0
51216 2
51217 0
51218 1
51219 0
51220 1
51221 2
51222 1
51223 0
51224 2
51225 1
51226 0
51227 1
51228 0
51229 2
51230 1
51231 0
51232 1
51233 2
51234 0
51235 2
51236 0
51237 1
51238 0
51239 1
51240 0
51241 1
51242 2
51243 1
51244 2
51245 3
51246 0
51247 3
51248 1
51249 2
51250 0
51251 2
51252 0
51253 1
51254 2
51255 0
51256 2
51257 1
51258 2
51259 1
51260 0
51261 1
51262 0
51263 2
51264 1
51265 0
51266 2
51267 1
51268 2
51269 1
51270 0
51271 2
51272 1
51273 0
51274 1
51275 2
51276 0
51277 1
51278 0
51279 1
51280 0
51281 2
51282 0
51283 1
51284 0
51285 1
51286 0
51287 1
51288 2
51289 0
51290 1
51291 0
51292 1
51293 0
51294 1
51295 0
51296 1
51297 0
51298 1
51299 2
51300 0
51301 2
51302 1
51303 0
51304 1
51305 2
51306 0
51307 1
51308 2
51309 3
51310 1
51311 0
51312 2
51313 1
51314 2
51315 1
51316 0
51317 2
51318 1
51319 2
51320 0
51321 2
51322 1
51323 0
51324 1
51325 2
51326 0
51327 1
51328 0
51329 2
51330 1
51331 0
51332 2
51333 1
51334 0
51335 2
51336 1
51337 0
51338 2
51339 1
51340 2
51341 0
51342 1
51343 0
51344 2
51345 0
51346 1
51347 2
51348 1
51349 0
51350 1
51351 0
51352 1
51353 3
51354 2
51355 1
51356 0
51357 2
51358 0
51359 1
51360 2
51361 1
51362 0
51363 2
51364 0
51365 2
51366 1
51367 2
51368 0
51369 2
51370 0
51371 2
51372 1
51373 0
51374 1
51375 0
51376 1
51377 0
51378 1
51379 0
51380 1
51381 0
51382 2
51383 1
51384 3
51385 0
51386 2
51387 1
51388 0
51389 1
51390 2
51391 0
51392 1
51393 0
51394 1
51395 0
51396 1
51397 0
51398 1
51399 0
51400 1
51401 2
51402 1
51403 0
51404 1
51405 2
51406 1
51407 0
51408 1
51409 2
51410 1
51411 0
51412 1
51413 0
51414 2
51415 1
51416 0
51417 2
51418 0
51419 2
51420 0
51421 2
51422 1
51423 2
51424 1
51425 2
51426 1
51427 2
51428 1
51429 0
51430 2
51431 0
51432 1
51433 2
51434 1
51435 2
51436 0
51437 1
51438 0
51439 2
51440 1
51441 0
51442 2
51443 1
51444 2
51445 1
51446 2
51447 1
51448 2
51449 0
51450 1
51451 3
51452 0
51453 1
51454 2
51455 0
51456 1
51457 0
51458 2
51459 1
51460 2
51461 1
51462 2
51463 0
51464 1
51465 0
51466 1
51467 2
51468 1
51469 0
51470 1
51471 0
51472 2
51473 1
51474 0
51475 1
51476 2
51477 0
51478 2
51479 0
51480 2
51481 0
51482 1
51483 3
51484 1
51485 2
51486 0
51487 1
51488 2
51489 1
51490 0
51491 1
51492 2
51493 0
51494 2
51495 0
51496 2
51497 1
51498 3
51499 0
51500 1
51501 2
51502 0
51503 1
51504 2
51505 0
51506 1
51507 0
51508 1
51509 2
51510 0
51511 2
51512 1
51513 2
51514 0
51515 1
51516 0
51517 1
51518 0
51519 1
51520 0
51521 1
51522 2
51523 0
51524 1
51525 0
51526 1
51527 2
51528 0
51529 2
51530 0
51531 2
51532 1
51533 0
51534 1
51535 2
51536 0
51537 3
51538 0
51539 2
51540 0
51541 1
51542 0
51543 1
51544 0
51545 1
51546 0
51547 2
51548 0
51549 1
51550 0
51551 1
51552 2
51553 0
51554 1
51555 3
51556 0
51557 2
51558 1
51559 0
51560 1
51561 0
51562 1
51563 0
51564 2
51565 1
51566 0
51567 1
51568 2
51569 1
51570 0
51571 2
51572 0
51573 2
51574 3
51575 1
51576 0
51577 1
51578 2
51579 1
51580 0
51581 2
51582 1
51583 2
51584 0
51585 2
51586 0
51587 2
51588 0
51589 1
51590 0
51591 2
51592 1
51593 0
51594 2
51595 1
51596 0
51597 1
51598 2
51599 0
51600 2
51601 0
51602 2
51603 1
51604 2
51605 0
51606 1
51607 2
51608 1
51609 2
51610 0
51611 1
51612 2
51613 0
51614 1
51615 2
51616 1
51617 2
51618 0
51619 1
51620 2
51621 3
51622 1
51623 0
51624 1
51625 0
51626 2
51627 0
51628 2
51629 0
51630 1
51631 2
51632 1
51633 3
51634 2
51635 1
51636 2
51637 0
51638 2
51639 1
51640 2
51641 1
51642 0
51643 1
51644 0
51645 2
51646 0
51647 1
51648 0
51649 2
51650 3
51651 0
51652 2
51653 1
51654 0
51655 1
51656 2
51657 0
51658 2
51659 1
51660 0
51661 2
51662 1
51663 0
51664 1
51665 2
51666 1
51667 0
51668 2
51669 0
51670 1
51671 2
51672 0
51673 2
51674 1
51675 0
51676 1
51677 2
51678 1
51679 0
51680 1
51681 2
51682 1
51683 0
51684 1
51685 0
51686 2
51687 3
51688 1
51689 2
51690 3
51691 0
51692 2
51693 1
51694 2
51695 3
51696 1
51697 2
51698 3
51699 0
51700 2
51701 1
51702 0
51703 1
51704 0
51705 3
51706 1
51707 2
51708 0
51709 1
51710 2
51711 1
51712 0
51713 2
51714 1
51715 0
51716 1
51717 0
51718 2
51719 1
51720 0
51721 1
51722 0
51723 1
51724 0
51725 1
51726 2
51727 0
51728 1
51729 0
51730 1
51731 0
51732 2
51733 0
51734 1
51735 0
51736 2
51737 3
51738 0
51739 1
51740 0
51741 1
51742 2
51743 0
51744 1
51745 2
51746 0
51747 2
51748 1
51749 0
51750 1
51751 2
51752 0
51753 1
51754 0
51755 1
51756 0
51757 1
51758 2
51759 0
51760 1
51761 2
51762 0
51763 2
51764 0
51765 1
51766 0
51767 1
51768 0
51769 2
51770 0
51771 1
51772 2
51773 1
51774 2
51775 1
51776 0
51777 1
51778 3
51779 0
51780 1
51781 0
51782 1
51783 2
51784 3
51785 1
51786 0
51787 1
51788 0
51789 1
51790 0
51791 1
51792 2
51793 0
51794 2
51795 0
51796 1
51797 0
51798 2
51799 1
51800 2
51801 3
51802 0
51803 2
51804 0
51805 2
51806 0
51807 1
51808 0
51809 1
51810 2
51811 0
51812 1
51813 2
51814 1
51815 2
51816 0
51817 1
51818 3
51819 2
51820 3
51821 0
51822 1
51823 2
51824 0
51825 1
51826 0
51827 2
51828 1
51829 2
51830 0
51831 2
51832 1
51833 2
51834 3
51835 0
51836 2
51837 0
51838 1
51839 0
51840 2
51841 0
51842 1
51843 2
51844 0
51845 1
51846 0
51847 2
51848 1
51849 2
51850 1
51851 2
51852 1
51853 0
51854 1
51855 0
51856 1
51857 0
51858 1
51859 0
51860 1
51861 2
51862 3
51863 1
51864 2
51865 0
51866 1
51867 2
51868 3
51869 0
51870 1
51871 2
51872 0
51873 1
51874 0
51875 1
51876 0
51877 1
51878 0
51879 1
51880 2
51881 3
51882 0
51883 2
51884 1
51885 0
51886 3
51887 1
51888 0
51889 2
51890 1
51891 2
51892 0
51893 1
51894 2
51895 1
51896 2
51897 0
51898 1
51899 0
51900 1
51901 2
51902 0
51903 1
51904 0
51905 1
51906 0
51907 1
51908 2
51909 0
51910 1
51911 0
51912 2
51913 1
51914 0
51915 2
51916 0
51917 2
51918 1
51919 0
51920 2
51921 0
51922 1
51923 0
51924 1
51925 2
51926 0
51927 1
51928 2
51929 1
51930 2
51931 0
51932 1
51933 0
51934 2
51935 3
51936 0
51937 1
51938 0
51939 1
51940 2
51941 1
51942 0
51943 1
51944 2
51945 0
51946 1
51947 0
51948 1
51949 0
51950 1
51951 2
51952 0
51953 1
51954 0
51955 2
51956 1
51957 0
51958 2
51959 1
51960 2
51961 0
51962 1
51963 3
51964 1
51965 0
51966 1
51967 2
51968 1
51969 0
51970 1
51971 3
51972 1
51973 2
51974 0
51975 1
51976 0
51977 2
51978 1
51979 0
51980 1
51981 2
51982 3
51983 0
51984 1
51985 0
51986 1
51987 0
51988 2
51989 1
51990 0
51991 1
51992 0
51993 1
51994 0
51995 1
51996 0
51997 2
51998 1
51999 0
52000 2
52001 1
52002 0
52003 2
52004 0
52005 2
52006 1
52007 2
52008 1
52009 0
52010 2
52011 0
52012 2
52013 1
52014 0
52015 1
52016 2
52017 0
52018 1
52019 2
52020 0
52021 1
52022 2
52023 3
52024 0
52025 2
52026 3
52027 1
52028 0
52029 1
52030 2
52031 1
52032 0
52033 1
52034 2
52035 0
52036 2
52037 1
52038 0
52039 1
52040 0
52041 3
52042 2
52043 1
52044 2
52045 0
52046 1
52047 0
52048 1
52049 2
52050 0
52051 2
52052 0
52053 2
52054 1
52055 2
52056 1
52057 2
52058 0
52059 3
52060 2
52061 1
52062 2
52063 0
52064 3
52065 2
52066 1
52067 0
52068 2
52069 1
52070 0
52071 1
52072 0
52073 1
52074 3
52075 0
52076 1
52077 2
52078 3
52079 1
52080 0
52081 2
52082 1
52083 2
52084 0
52085 1
52086 0
52087 2
52088 0
52089 2
52090 1
52091 0
52092 1
52093 3
52094 0
52095 2
52096 3
52097 1
52098 2
52099 1
52100 0
52101 2
52102 0
52103 1
52104 0
52105 1
52106 0
52107 1
52108 2
52109 3
52110 2
52111 1
52112 0
52113 1
52114 2
52115 0
52116 1
52117 0
52118 2
52119 0
52120 2
52121 1
52122 0
52123 1
52124 0
52125 2
52126 1
52127 0
52128 1
52129 3
52130 2
52131 3
52132 1
52133 0
52134 1
52135 0
52136 3
52137 2
52138 3
52139 0
52140 2
52141 0
52142 2
52143 0
52144 2
52145 1
52146 2
52147 3
52148 0
52149 1
52150 0
52151 1
52152 0
52153 2
52154 0
52155 2
52156 3
52157 1
52158 2
52159 0
52160 1
52161 0
52162 2
52163 1
52164 0
52165 1
52166 0
52167 1
52168 0
52169 2
52170 1
52171 0
52172 2
52173 0
52174 2
52175 1
52176 0
52177 2
52178 1
52179 0
52180 1
52181 2
52182 1
52183 0
52184 2
52185 1
52186 2
52187 3
52188 2
52189 0
52190 2
52191 1
52192 0
52193 3
52194 1
52195 0
52196 1
52197 0
52198 2
52199 1
52200 0
52201 2
52202 1
52203 2
52204 0
52205 1
52206 0
52207 1
52208 2
52209 3
52210 0
52211 2
52212 1
52213 0
52214 1
52215 0
52216 2
52217 1
52218 0
52219 2
52220 1
52221 0
52222 1
52223 2
52224 0
52225 2
52226 1
52227 0
52228 2
52229 0
52230 1
52231 0
52232 1
52233 0
52234 2
52235 1
52236 2
52237 0
52238 1
52239 3
52240 0
52241 1
52242 2
52243 0
52244 1
52245 0
52246 1
52247 0
52248 1
52249 2
52250 0
52251 1
52252 2
52253 0
52254 1
52255 0
52256 2
52257 1
52258 0
52259 2
52260 0
52261 1
52262 0
52263 1
52264 2
52265 3
52266 0
52267 3
52268 2
52269 1
52270 2
52271 0
52272 1
52273 0
52274 1
52275 0
52276 1
52277 0
52278 1
52279 2
52280 0
52281 1
52282 0
52283 1
52284 0
52285 1
52286 2
52287 3
52288 0
52289 2
52290 3
52291 1
52292 0
52293 1
52294 0
52295 1
52296 0
52297 2
52298 1
52299 0
52300 1
52301 0
52302 2
52303 1
52304 0
52305 2
52306 1
52307 0
52308 1
52309 2
52310 1
52311 0
52312 2
52313 1
52314 2
52315 1
52316 2
52317 0
52318 1
52319 0
52320 1
52321 0
52322 2
52323 1
52324 2
52325 3
52326 1
52327 0
52328 1
52329 2
52330 0
52331 1
52332 0
52333 1
52334 0
52335 1
52336 0
52337 2
52338 3
52339 1
52340 2
52341 0
52342 1
52343 0
52344 2
52345 1
52346 2
52347 0
52348 2
52349 1
52350 2
52351 0
52352 1
52353 0
52354 2
52355 1
52356 2
52357 0
52358 2
52359 1
52360 2
52361 1
52362 0
52363 2
52364 1
52365 0
52366 1
52367 2
52368 1
52369 0
52370 2
52371 0
52372 2
52373 1
52374 0
52375 2
52376 3
52377 1
52378 2
52379 0
52380 1
52381 2
52382 0
52383 1
52384 0
52385 1
52386 0
52387 1
52388 0
52389 3
52390 1
52391 0
52392 1
52393 0
52394 1
52395 0
52396 2
52397 0
52398 2
52399 1
52400 0
52401 1
52402 2
52403 0
52404 2
52405 0
52406 2
52407 3
52408 2
52409 1
52410 0
52411 1
52412 0
52413 2
52414 1
52415 0
52416 2
52417 3
52418 1
52419 0
52420 2
52421 0
52422 1
52423 2
52424 1
52425 3
52426 2
52427 0
52428 1
52429 2
52430 1
52431 0
52432 2
52433 0
52434 1
52435 0
52436 2
52437 1
52438 0
52439 1
52440 2
52441 0
52442 2
52443 1
52444 0
52445 1
52446 0
52447 2
52448 1
52449 2
52450 3
52451 2
52452 1
52453 2
52454 0
52455 1
52456 2
52457 1
52458 0
52459 1
52460 0
52461 1
52462 0
52463 1
52464 0
52465 2
52466 1
52467 2
52468 1
52469 0
52470 1
52471 0
52472 1
52473 0
52474 1
52475 2
52476 0
52477 1
52478 0
52479 2
52480 0
52481 1
52482 0
52483 1
52484 2
52485 0
52486 2
52487 0
52488 1
52489 3
52490 1
52491 0
52492 2
52493 1
52494 0
52495 2
52496 0
52497 1
52498 0
52499 1
52500 2
52501 1
52502 0
52503 1
52504 0
52505 1
52506 0
52507 2
52508 1
52509 2
52510 0
52511 2
52512 0
52513 1
52514 0
52515 2
52516 0
52517 1
52518 0
52519 1
52520 0
52521 1
52522 0
52523 1
52524 0
52525 1
52526 3
52527 0
52528 2
52529 0
52530 3
52531 2
52532 0
52533 2
52534 1
52535 0
52536 2
52537 1
52538 0
52539 2
52540 1
52541 2
52542 0
52543 1
52544 0
52545 1
52546 0
52547 1
52548 0
52549 1
52550 2
52551 0
52552 2
52553 1
52554 2
52555 1
52556 0
52557 1
52558 0
52559 1
52560 2
52561 0
52562 2
52563 1
52564 0
52565 1
52566 0
52567 1
52568 2
52569 0
52570 2
52571 1
52572 0
52573 2
52574 1
52575 0
52576 2
52577 3
52578 0
52579 1
52580 0
52581 2
52582 1
52583 2
52584 0
52585 1
52586 0
52587 2
52588 0
52589 1
52590 0
52591 1
52592 3
52593 1
52594 0
52595 1
52596 2
52597 1
52598 2
52599 0
52600 2
52601 1
52602 2
52603 0
52604 1
52605 2
52606 0
52607 2
52608 1
52609 0
52610 1
52611 3
52612 1
52613 0
52614 1
52615 2
52616 3
52617 0
52618 1
52619 2
52620 3
52621 0
52622 1
52623 2
52624 0
52625 2
52626 3
52627 1
52628 2
52629 0
52630 1
52631 2
52632 1
52633 0
52634 1
52635 0
52636 2
52637 1
52638 0
52639 1
52640 2
52641 0
52642 1
52643 2
52644 0
52645 2
52646 1
52647 2
52648 0
52649 1
52650 2
52651 0
52652 2
52653 1
52654 3
52655 2
52656 0
52657 3
52658 0
52659 1
52660 0
52661 2
52662 0
52663 2
52664 3
52665 1
52666 0
52667 1
52668 0
52669 2
52670 0
52671 1
52672 0
52673 2
52674 1
52675 0
52676 1
52677 0
52678 2
52679 3
52680 1
52681 2
52682 3
52683 0
52684 2
52685 0
52686 2
52687 1
52688 0
52689 2
52690 1
52691 2
52692 0
52693 2
52694 1
52695 0
52696 1
52697 0
52698 1
52699 2
52700 0
52701 2
52702 1
52703 0
52704 1
52705 0
52706 1
52707 0
52708 2
52709 1
52710 2
52711 1
52712 0
52713 1
52714 0
52715 2
52716 3
52717 1
52718 0
52719 1
52720 0
52721 1
52722 2
52723 3
52724 0
52725 1
52726 2
52727 1
52728 0
52729 2
52730 1
52731 2
52732 0
52733 1
52734 2
52735 0
52736 3
52737 2
52738 3
52739 1
52740 3
52741 0
52742 1
52743 0
52744 1
52745 2
52746 0
52747 1
52748 2
52749 3
52750 1
52751 2
52752 0
52753 1
52754 2
52755 3
52756 1
52757 2
52758 0
52759 1
52760 0
52761 2
52762 0
52763 1
52764 2
52765 0
52766 1
52767 0
52768 1
52769 0
52770 2
52771 1
52772 2
52773 1
52774 2
52775 1
52776 0
52777 3
52778 2
52779 0
52780 2
52781 1
52782 0
52783 1
52784 2
52785 0
52786 1
52787 2
52788 1
52789 2
52790 0
52791 1
52792 0
52793 2
52794 0
52795 2
52796 1
52797 0
52798 2
52799 3
52800 1
52801 2
52802 0
52803 2
52804 1
52805 2
52806 3
52807 1
52808 0
52809 2
52810 1
52811 0
52812 1
52813 0
52814 2
52815 1
52816 0
52817 2
52818 1
52819 0
52820 1
52821 0
52822 1
52823 2
52824 3
52825 1
52826 0
52827 1
52828 0
52829 2
52830 1
52831 0
52832 2
52833 0
52834 1
52835 2
52836 1
52837 2
52838 0
52839 1
52840 0
52841 1
52842 0
52843 2
52844 1
52845 0
52846 1
52847 2
52848 0
52849 2
52850 3
52851 0
52852 1
52853 0
52854 1
52855 2
52856 0
52857 2
52858 1
52859 0
52860 1
52861 2
52862 0
52863 1
52864 0
52865 1
52866 0
52867 2
52868 0
52869 1
52870 0
52871 1
52872 0
52873 1
52874 0
52875 2
52876 1
52877 0
52878 3
52879 2
52880 1
52881 2
52882 1
52883 2
52884 0
52885 2
52886 1
52887 0
52888 1
52889 0
52890 1
52891 2
52892 1
52893 0
52894 1
52895 2
52896 0
52897 2
52898 1
52899 2
52900 1
52901 2
52902 1
52903 2
52904 0
52905 1
52906 0
52907 1
52908 2
52909 0
52910 1
52911 2
52912 1
52913 2
52914 1
52915 0
52916 2
52917 0
52918 1
52919 0
52920 2
52921 1
52922 0
52923 2
52924 1
52925 0
52926 1
52927 0
52928 2
52929 3
52930 0
52931 2
52932 1
52933 2
52934 0
52935 2
52936 1
52937 0
52938 2
52939 1
52940 2
52941 0
52942 1
52943 0
52944 1
52945 3
52946 2
52947 1
52948 2
52949 1
52950 2
52951 1
52952 0
52953 1
52954 0
52955 2
52956 3
52957 0
52958 2
52959 1
52960 0
52961 2
52962 0
52963 2
52964 1
52965 0
52966 2
52967 1
52968 0
52969 1
52970 2
52971 0
52972 1
52973 2
52974 0
52975 1
52976 2
52977 3
52978 0
52979 1
52980 2
52981 1
52982 0
52983 2
52984 1
52985 0
52986 1
52987 2
52988 0
52989 2
52990 1
52991 3
52992 2
52993 0
52994 2
52995 1
52996 0
52997 1
52998 0
52999 1
53000 2
53001 0
53002 1
53003 2
53004 0
53005 1
53006 0
53007 1
53008 2
53009 1
53010 0
53011 1
53012 2
53013 1
53014 3
53015 0
53016 2
53017 0
53018 1
53019 0
53020 1
53021 0
53022 2
53023 1
53024 3
53025 2
53026 0
53027 1
53028 2
53029 0
53030 2
53031 1
53032 2
53033 0
53034 3
53035 0
53036 3
53037 2
53038 1
53039 0
53040 1
53041 2
53042 0
53043 1
53044 0
53045 2
53046 1
53047 2
53048 0
53049 1
53050 0
53051 3
53052 2
53053 1
53054 0
53055 2
53056 0
53057 1
53058 2
53059 1
53060 2
53061 1
53062 2
53063 1
53064 0
53065 1
53066 2
53067 0
53068 1
53069 0
53070 2
53071 1
53072 0
53073 1
53074 0
53075 1
53076 2
53077 1
53078 0
53079 3
53080 2
53081 0
53082 1
53083 0
53084 1
53085 2
53086 0
53087 2
53088 1
53089 2
53090 0
53091 2
53092 1
53093 0
53094 2
53095 0
53096 1
53097 0
53098 1
53099 2
53100 3
53101 0
53102 1
53103 0
53104 1
53105 2
53106 1
53107 0
53108 1
53109 0
53110 1
53111 2
53112 1
53113 0
53114 2
53115 1
53116 2
53117 0
53118 1
53119 2
53120 0
53121 1
53122 0
53123 1
53124 2
53125 1
53126 0
53127 1
53128 0
53129 1
53130 2
53131 0
53132 1
53133 2
53134 0
53135 2
53136 1
53137 2
53138 0
53139 2
53140 0
53141 1
53142 0
53143 1
53144 2
53145 0
53146 1
53147 0
53148 1
53149 0
53150 2
53151 1
53152 0
53153 1
53154 0
53155 1
53156 2
53157 0
53158 2
53159 3
53160 1
53161 2
53162 3
53163 0
53164 2
53165 1
53166 2
53167 1
53168 0
53169 2
53170 3
53171 0
53172 1
53173 0
53174 2
53175 1
53176 0
53177 1
53178 0
53179 1
53180 2
53181 0
53182 2
53183 1
53184 0
53185 1
53186 0
53187 1
53188 0
53189 1
53190 2
53191 0
53192 1
53193 0
53194 2
53195 1
53196 3
53197 2
53198 0
53199 3
53200 1
53201 2
53202 0
53203 1
53204 2
53205 1
53206 0
53207 2
53208 0
53209 2
53210 1
53211 0
53212 1
53213 2
53214 0
53215 1
53216 0
53217 2
53218 1
53219 0
53220 3
53221 1
53222 0
53223 1
53224 2
53225 1
53226 2
53227 0
53228 1
53229 0
53230 1
53231 2
53232 0
53233 3
53234 1
53235 0
53236 2
53237 3
53238 0
53239 1
53240 2
53241 3
53242 1
53243 2
53244 1
53245 0
53246 1
53247 0
53248 1
53249 0
53250 1
53251 2
53252 1
53253 0
53254 2
53255 3
53256 0
53257 2
53258 0
53259 1
53260 0
53261 1
53262 2
53263 1
53264 0
53265 3
53266 1
53267 2
53268 1
53269 0
53270 2
53271 1
53272 2
53273 1
53274 0
53275 1
53276 0
53277 1
53278 0
53279 1
53280 0
53281 1
53282 0
53283 1
53284 0
53285 1
53286 2
53287 0
53288 2
53289 0
53290 1
53291 2
53292 0
53293 1
53294 2
53295 3
53296 0
53297 2
53298 1
53299 0
53300 2
53301 0
53302 1
53303 0
53304 1
53305 0
53306 2
53307 1
53308 0
53309 1
53310 2
53311 0
53312 1
53313 0
53314 1
53315 2
53316 1
53317 0
53318 2
53319 3
53320 0
53321 2
53322 0
53323 2
53324 0
53325 1
53326 0
53327 1
53328 0
53329 1
53330 0
53331 1
53332 0
53333 1
53334 0
53335 3
53336 0
53337 1
53338 0
53339 3
53340 0
53341 1
53342 2
53343 1
53344 0
53345 2
53346 1
53347 3
53348 1
53349 2
53350 0
53351 1
53352 0
53353 1
53354 2
53355 0
53356 1
53357 0
53358 1
53359 0
53360 2
53361 1
53362 2
53363 0
53364 2
53365 0
53366 1
53367 3
53368 2
53369 1
53370 0
53371 1
53372 3
53373 0
53374 2
53375 0
53376 1
53377 0
53378 1
53379 0
53380 2
53381 1
53382 0
53383 1
53384 0
53385 2
53386 0
53387 1
53388 0
53389 2
53390 0
53391 3
53392 2
53393 1
53394 0
53395 1
53396 0
53397 2
53398 1
53399 0
53400 2
53401 0
53402 1
53403 2
53404 1
53405 2
53406 0
53407 2
53408 0
53409 2
53410 3
53411 0
53412 1
53413 2
53414 1
53415 2
53416 0
53417 2
53418 1
53419 2
53420 1
53421 2
53422 1
53423 2
53424 1
53425 0
53426 1
53427 0
53428 1
53429 0
53430 1
53431 0
53432 1
53433 2
53434 0
53435 1
53436 2
53437 0
53438 2
53439 1
53440 0
53441 1
53442 2
53443 0
53444 2
53445 1
53446 2
53447 1
53448 2
53449 1
53450 2
53451 3
53452 0
53453 1
53454 0
53455 1
53456 3
53457 0
53458 2
53459 1
53460 0
53461 1
53462 2
53463 1
53464 2
53465 0
53466 2
53467 0
53468 2
53469 0
53470 1
53471 2
53472 0
53473 2
53474 1
53475 2
53476 3
53477 0
53478 1
53479 0
53480 2
53481 1
53482 0
53483 2
53484 0
53485 2
53486 0
53487 1
53488 0
53489 1
53490 2
53491 0
53492 2
53493 1
53494 2
53495 1
53496 2
53497 0
53498 2
53499 1
53500 3
53501 2
53502 0
53503 1
53504 0
53505 1
53506 0
53507 1
53508 2
53509 1
53510 0
53511 1
53512 2
53513 0
53514 1
53515 0
53516 1
53517 0
53518 2
53519 3
53520 0
53521 1
53522 2
53523 3
53524 0
53525 1
53526 0
53527 2
53528 0
53529 1
53530 3
53531 0
53532 1
53533 2
53534 3
53535 1
53536 2
53537 1
53538 0
53539 1
53540 0
53541 2
53542 1
53543 0
53544 1
53545 2
53546 1
53547 0
53548 2
53549 3
53550 1
53551 0
53552 1
53553 0
53554 1
53555 0
53556 2
53557 1
53558 0
53559 1
53560 3
53561 0
53562 1
53563 2
53564 1
53565 0
53566 1
53567 0
53568 2
53569 1
53570 0
53571 1
53572 0
53573 1
53574 0
53575 2
53576 1
53577 2
53578 0
53579 1
53580 2
53581 0
53582 2
53583 0
53584 1
53585 0
53586 2
53587 1
53588 0
53589 2
53590 1
53591 2
53592 1
53593 0
53594 2
53595 0
53596 1
53597 2
53598 1
53599 0
53600 1
53601 0
53602 1
53603 0
53604 1
53605 0
53606 2
53607 1
53608 0
53609 1
53610 0
53611 2
53612 0
53613 1
53614 2
53615 0
53616 1
53617 0
53618 1
53619 0
53620 1
53621 0
53622 2
53623 0
53624 1
53625 2
53626 0
53627 1
53628 0
53629 2
53630 1
53631 0
53632 1
53633 0
53634 1
53635 0
53636 1
53637 3
53638 0
53639 1
53640 2
53641 3
53642 1
53643 2
53644 0
53645 2
53646 1
53647 3
53648 1
53649 0
53650 3
53651 0
53652 1
53653 0
53654 1
53655 2
53656 1
53657 3
53658 0
53659 1
53660 2
53661 1
53662 2
53663 1
53664 0
53665 2
53666 4
53667 3
53668 0
53669 1
53670 0
53671 3
53672 2
53673 0
53674 1
53675 2
53676 0
53677 2
53678 0
53679 1
53680 2
53681 0
53682 1
53683 0
53684 1
53685 0
53686 1
53687 2
53688 0
53689 2
53690 1
53691 0
53692 1
53693 2
53694 1
53695 2
53696 0
53697 2
53698 1
53699 3
53700 0
53701 2
53702 1
53703 2
53704 0
53705 1
53706 2
53707 1
53708 0
53709 1
53710 2
53711 0
53712 2
53713 1
53714 0
53715 1
53716 2
53717 1
53718 0
53719 1
53720 0
53721 1
53722 0
53723 1
53724 2
53725 0
53726 2
53727 0
53728 2
53729 1
53730 2
53731 0
53732 1
53733 0
53734 1
53735 2
53736 0
53737 1
53738 2
53739 0
53740 3
53741 2
53742 1
53743 0
53744 1
53745 0
53746 2
53747 0
53748 1
53749 2
53750 0
53751 2
53752 0
53753 2
53754 0
53755 1
53756 0
53757 1
53758 0
53759 1
53760 2
53761 0
53762 1
53763 2
53764 0
53765 2
53766 1
53767 0
53768 1
53769 2
53770 0
53771 1
53772 0
53773 1
53774 0
53775 2
53776 0
53777 2
53778 3
53779 1
53780 0
53781 1
53782 2
53783 0
53784 3
53785 2
53786 1
53787 0
53788 2
53789 1
53790 0
53791 2
53792 1
53793 0
53794 2
53795 1
53796 2
53797 0
53798 1
53799 2
53800 1
53801 0
53802 1
53803 2
53804 1
53805 0
53806 1
53807 0
53808 2
53809 1
53810 2
53811 1
53812 2
53813 0
53814 1
53815 2
53816 1
53817 2
53818 0
53819 2
53820 1
53821 3
53822 2
53823 1
53824 2
53825 0
53826 2
53827 1
53828 2
53829 0
53830 1
53831 2
53832 0
53833 3
53834 0
53835 1
53836 0
53837 1
53838 0
53839 2
53840 3
53841 0
53842 1
53843 2
53844 1
53845 0
53846 1
53847 0
53848 2
53849 0
53850 2
53851 1
53852 0
53853 1
53854 0
53855 1
53856 0
53857 2
53858 0
53859 1
53860 2
53861 0
53862 1
53863 0
53864 2
53865 0
53866 2
53867 3
53868 1
53869 0
53870 2
53871 3
53872 0
53873 1
53874 0
53875 1
53876 0
53877 2
53878 0
53879 2
53880 1
53881 2
53882 0
53883 2
53884 0
53885 2
53886 1
53887 2
53888 0
53889 1
53890 2
53891 0
53892 1
53893 3
53894 1
53895 2
53896 0
53897 2
53898 1
53899 2
53900 1
53901 0
53902 1
53903 2
53904 3
53905 1
53906 0
53907 1
53908 2
53909 0
53910 2
53911 1
53912 2
53913 0
53914 2
53915 3
53916 2
53917 1
53918 0
53919 2
53920 1
53921 0
53922 2
53923 1
53924 2
53925 0
53926 2
53927 0
53928 2
53929 1
53930 0
53931 1
53932 0
53933 2
53934 0
53935 1
53936 2
53937 1
53938 0
53939 1
53940 0
53941 2
53942 1
53943 0
53944 2
53945 0
53946 2
53947 1
53948 0
53949 2
53950 1
53951 0
53952 1
53953 2
53954 0
53955 3
53956 1
53957 2
53958 1
53959 2
53960 1
53961 0
53962 1
53963 0
53964 2
53965 1
53966 0
53967 1
53968 0
53969 2
53970 1
53971 0
53972 1
53973 0
53974 3
53975 1
53976 0
53977 1
53978 2
53979 1
53980 0
53981 1
53982 0
53983 1
53984 2
53985 0
53986 2
53987 1
53988 3
53989 0
53990 2
53991 1
53992 3
53993 2
53994 1
53995 2
53996 0
53997 1
53998 2
53999 3
54000 1
54001 2
54002 0
54003 1
54004 0
54005 1
54006 0
54007 2
54008 1
54009 2
54010 0
54011 1
54012 0
54013 1
54014 0
54015 1
54016 2
54017 1
54018 0
54019 2
54020 3
54021 1
54022 0
54023 1
54024 0
54025 1
54026 0
54027 1
54028 0
54029 1
54030 2
54031 0
54032 1
54033 0
54034 2
54035 1
54036 2
54037 0
54038 1
54039 2
54040 1
54041 3
54042 1
54043 2
54044 3
54045 0
54046 2
54047 1
54048 0
54049 2
54050 1
54051 2
54052 1
54053 0
54054 1
54055 0
54056 1
54057 2
54058 0
54059 1
54060 2
54061 0
54062 2
54063 0
54064 2
54065 1
54066 0
54067 1
54068 0
54069 1
54070 2
54071 0
54072 1
54073 2
54074 3
54075 0
54076 1
54077 3
54078 0
54079 1
54080 0
54081 1
54082 0
54083 2
54084 1
54085 0
54086 1
54087 3
54088 0
54089 2
54090 0
54091 1
54092 0
54093 1
54094 2
54095 0
54096 2
54097 1
54098 0
54099 2
54100 1
54101 0
54102 1
54103 0
54104 2
54105 0
54106 1
54107 2
54108 0
54109 3
54110 2
54111 1
54112 0
54113 1
54114 2
54115 0
54116 1
54117 2
54118 0
54119 2
54120 0
54121 1
54122 2
54123 0
54124 1
54125 0
54126 2
54127 1
54128 2
54129 1
54130 0
54131 2
54132 1
54133 0
54134 1
54135 2
54136 1
54137 0
54138 2
54139 1
54140 2
54141 1
54142 0
54143 2
54144 3
54145 0
54146 1
54147 0
54148 1
54149 0
54150 1
54151 2
54152 1
54153 2
54154 0
54155 1
54156 2
54157 0
54158 1
54159 0
54160 1
54161 0
54162 2
54163 1
54164 2
54165 0
54166 3
54167 0
54168 1
54169 2
54170 1
54171 0
54172 1
54173 0
54174 1
54175 2
54176 0
54177 1
54178 0
54179 1
54180 0
54181 1
54182 2
54183 1
54184 0
54185 1
54186 2
54187 0
54188 2
54189 1
54190 0
54191 2
54192 1
54193 0
54194 1
54195 0
54196 1
54197 0
54198 1
54199 2
54200 0
54201 3
54202 2
54203 0
54204 2
54205 1
54206 0
54207 2
54208 1
54209 2
54210 0
54211 2
54212 1
54213 2
54214 0
54215 2
54216 1
54217 0
54218 1
54219 0
54220 1
54221 0
54222 1
54223 0
54224 1
54225 2
54226 1
54227 0
54228 1
54229 0
54230 1
54231 2
54232 1
54233 2
54234 0
54235 1
54236 0
54237 2
54238 1
54239 2
54240 0
54241 1
54242 2
54243 0
54244 1
54245 2
54246 0
54247 1
54248 0
54249 1
54250 2
54251 3
54252 0
54253 1
54254 0
54255 2
54256 1
54257 2
54258 1
54259 2
54260 0
54261 1
54262 0
54263 3
54264 1
54265 3
54266 0
54267 3
54268 2
54269 1
54270 0
54271 1
54272 0
54273 1
54274 2
54275 1
54276 0
54277 2
54278 1
54279 2
54280 1
54281 3
54282 0
54283 1
54284 2
54285 1
54286 0
54287 1
54288 0
54289 1
54290 0
54291 2
54292 0
54293 1
54294 2
54295 3
54296 0
54297 1
54298 2
54299 0
54300 2
54301 3
54302 0
54303 2
54304 1
54305 0
54306 1
54307 2
54308 1
54309 0
54310 2
54311 1
54312 0
54313 2
54314 3
54315 1
54316 2
54317 0
54318 2
54319 1
54320 2
54321 0
54322 1
54323 2
54324 1
54325 0
54326 2
54327 1
54328 0
54329 1
54330 0
54331 1
54332 0
54333 2
54334 0
54335 1
54336 2
54337 1
54338 2
54339 1
54340 0
54341 2
54342 1
54343 0
54344 1
54345 0
54346 2
54347 0
54348 1
54349 0
54350 2
54351 1
54352 0
54353 1
54354 2
54355 1
54356 0
54357 1
54358 0
54359 1
54360 2
54361 0
54362 1
54363 3
54364 0
54365 1
54366 2
54367 0
54368 1
54369 0
54370 1
54371 2
54372 0
54373 2
54374 0
54375 1
54376 3
54377 0
54378 2
54379 1
54380 2
54381 1
54382 0
54383 1
54384 0
54385 2
54386 0
54387 2
54388 1
54389 0
54390 1
54391 0
54392 2
54393 1
54394 2
54395 3
54396 0
54397 1
54398 0
54399 1
54400 0
54401 2
54402 1
54403 2
54404 1
54405 0
54406 1
54407 0
54408 1
54409 0
54410 2
54411 1
54412 2
54413 1
54414 2
54415 1
54416 2
54417 1
54418 0
54419 1
54420 0
54421 2
54422 0
54423 1
54424 0
54425 2
54426 0
54427 2
54428 3
54429 0
54430 2
54431 1
54432 0
54433 1
54434 0
54435 3
54436 2
54437 0
54438 1
54439 0
54440 1
54441 0
54442 3
54443 1
54444 0
54445 1
54446 0
54447 1
54448 0
54449 2
54450 0
54451 2
54452 1
54453 0
54454 1
54455 0
54456 3
54457 2
54458 0
54459 1
54460 0
54461 2
54462 0
54463 2
54464 1
54465 0
54466 1
54467 0
54468 3
54469 1
54470 0
54471 1
54472 2
54473 3
54474 1
54475 2
54476 1
54477 0
54478 2
54479 0
54480 1
54481 2
54482 1
54483 0
54484 2
54485 1
54486 0
54487 1
54488 2
54489 1
54490 2
54491 0
54492 3
54493 0
54494 2
54495 3
54496 1
54497 2
54498 1
54499 0
54500 1
54501 3
54502 0
54503 2
54504 3
54505 1
54506 2
54507 1
54508 2
54509 1
54510 2
54511 0
54512 1
54513 2
54514 0
54515 2
54516 1
54517 3
54518 1
54519 2
54520 0
54521 1
54522 0
54523 1
54524 0
54525 1
54526 0
54527 1
54528 2
54529 0
54530 1
54531 2
54532 0
54533 1
54534 0
54535 3
54536 1
54537 2
54538 1
54539 2
54540 1
54541 0
54542 2
54543 1
54544 0
54545 2
54546 0
54547 2
54548 1
54549 0
54550 1
54551 2
54552 0
54553 1
54554 2
54555 0
54556 1
54557 0
54558 2
54559 1
54560 0
54561 1
54562 0
54563 1
54564 2
54565 1
54566 0
54567 1
54568 0
54569 1
54570 0
54571 1
54572 2
54573 1
54574 0
54575 2
54576 0
54577 1
54578 2
54579 0
54580 1
54581 2
54582 0
54583 2
54584 1
54585 0
54586 1
54587 0
54588 2
54589 1
54590 2
54591 1
54592 2
54593 0
54594 1
54595 0
54596 1
54597 2
54598 1
54599 2
54600 0
54601 1
54602 0
54603 2
54604 0
54605 2
54606 0
54607 2
54608 1
54609 2
54610 3
54611 1
54612 0
54613 2
54614 1
54615 2
54616 0
54617 2
54618 1
54619 0
54620 1
54621 2
54622 3
54623 1
54624 2
54625 1
54626 2
54627 3
54628 1
54629 2
54630 1
54631 0
54632 1
54633 2
54634 1
54635 0
54636 1
54637 3
54638 2
54639 0
54640 1
54641 0
54642 1
54643 2
54644 0
54645 2
54646 0
54647 1
54648 0
54649 1
54650 2
54651 0
54652 1
54653 2
54654 0
54655 1
54656 0
54657 1
54658 0
54659 1
54660 3
54661 0
54662 1
54663 3
54664 0
54665 1
54666 2
54667 1
54668 0
54669 2
54670 1
54671 0
54672 1
54673 2
54674 0
54675 2
54676 1
54677 3
54678 0
54679 2
54680 1
54681 0
54682 1
54683 0
54684 1
54685 0
54686 2
54687 1
54688 0
54689 2
54690 0
54691 2
54692 1
54693 2
54694 0
54695 2
54696 1
54697 0
54698 2
54699 0
54700 1
54701 2
54702 1
54703 2
54704 0
54705 1
54706 0
54707 2
54708 0
54709 2
54710 1
54711 2
54712 1
54713 0
54714 1
54715 0
54716 1
54717 0
54718 2
54719 0
54720 1
54721 0
54722 1
54723 0
54724 1
54725 0
54726 2
54727 0
54728 1
54729 2
54730 0
54731 1
54732 0
54733 1
54734 2
54735 3
54736 0
54737 2
54738 1
54739 0
54740 1
54741 0
54742 3
54743 0
54744 1
54745 0
54746 1
54747 0
54748 1
54749 3
54750 0
54751 2
54752 0
54753 1
54754 0
54755 1
54756 0
54757 1
54758 2
54759 1
54760 0
54761 1
54762 2
54763 0
54764 2
54765 1
54766 0
54767 1
54768 0
54769 1
54770 3
54771 0
54772 1
54773 2
54774 3
54775 1
54776 2
54777 0
54778 1
54779 0
54780 1
54781 2
54782 1
54783 2
54784 3
54785 0
54786 2
54787 1
54788 2
54789 0
54790 1
54791 3
54792 2
54793 1
54794 2
54795 1
54796 2
54797 0
54798 1
54799 0
54800 1
54801 2
54802 0
54803 1
54804 0
54805 2
54806 0
54807 3
54808 2
54809 3
54810 1
54811 0
54812 1
54813 0
54814 1
54815 0
54816 2
54817 1
54818 2
54819 1
54820 2
54821 0
54822 2
54823 1
54824 0
54825 1
54826 2
54827 1
54828 0
54829 2
54830 3
54831 0
54832 3
54833 2
54834 1
54835 0
54836 1
54837 2
54838 0
54839 2
54840 0
54841 2
54842 1
54843 0
54844 1
54845 2
54846 0
54847 1
54848 0
54849 1
54850 0
54851 2
54852 1
54853 0
54854 1
54855 0
54856 3
54857 2
54858 1
54859 0
54860 1
54861 2
54862 1
54863 2
54864 0
54865 2
54866 0
54867 1
54868 3
54869 2
54870 0
54871 1
54872 3
54873 0
54874 1
54875 2
54876 0
54877 1
54878 0
54879 1
54880 2
54881 0
54882 1
54883 0
54884 3
54885 2
54886 1
54887 0
54888 2
54889 1
54890 0
54891 1
54892 2
54893 0
54894 2
54895 0
54896 2
54897 1
54898 2
54899 0
54900 2
54901 0
54902 1
54903 2
54904 3
54905 1
54906 2
54907 1
54908 2
54909 1
54910 0
54911 1
54912 0
54913 2
54914 1
54915 0
54916 1
54917 2
54918 3
54919 0
54920 2
54921 1
54922 2
54923 1
54924 0
54925 2
54926 1
54927 0
54928 1
54929 2
54930 0
54931 1
54932 0
54933 1
54934 0
54935 1
54936 0
54937 2
54938 1
54939 2
54940 1
54941 2
54942 0
54943 1
54944 0
54945 2
54946 1
54947 2
54948 0
54949 1
54950 0
54951 2
54952 0
54953 2
54954 1
54955 0
54956 1
54957 2
54958 0
54959 2
54960 1
54961 2
54962 0
54963 1
54964 0
54965 1
54966 0
54967 1
54968 2
54969 3
54970 0
54971 2
54972 1
54973 2
54974 1
54975 2
54976 0
54977 1
54978 2
54979 3
54980 0
54981 2
54982 1
54983 0
54984 1
54985 0
54986 1
54987 2
54988 1
54989 2
54990 0
54991 1
54992 2
54993 1
54994 2
54995 1
54996 2
54997 1
54998 0
54999 1
55000 0
55001 2
55002 0
55003 2
55004 1
55005 0
55006 1
55007 0
55008 1
55009 2
55010 0
55011 1
55012 0
55013 3
55014 2
55015 1
55016 2
55017 1
55018 2
55019 1
55020 2
55021 3
55022 0
55023 1
55024 2
55025 0
55026 2
55027 1
55028 0
55029 2
55030 0
55031 1
55032 3
55033 2
55034 3
55035 0
55036 2
55037 1
55038 0
55039 1
55040 0
55041 1
55042 0
55043 2
55044 1
55045 2
55046 1
55047 0
55048 1
55049 0
55050 1
55051 0
55052 1
55053 2
55054 1
55055 2
55056 0
55057 2
55058 1
55059 0
55060 1
55061 0
55062 1
55063 2
55064 0
55065 1
55066 2
55067 1
55068 0
55069 1
55070 3
55071 0
55072 1
55073 2
55074 0
55075 1
55076 0
55077 2
55078 1
55079 0
55080 1
55081 0
55082 2
55083 1
55084 0
55085 2
55086 1
55087 2
55088 1
55089 0
55090 1
55091 0
55092 2
55093 1
55094 2
55095 1
55096 0
55097 1
55098 0
55099 3
55100 1
55101 3
55102 1
55103 0
55104 1
55105 0
55106 1
55107 0
55108 2
55109 3
55110 0
55111 2
55112 1
55113 2
55114 0
55115 1
55116 2
55117 1
55118 0
55119 1
55120 0
55121 1
55122 0
55123 1
55124 2
55125 3
55126 1
55127 0
55128 2
55129 1
55130 0
55131 1
55132 0
55133 1
55134 2
55135 0
55136 1
55137 0
55138 1
55139 2
55140 1
55141 0
55142 2
55143 1
55144 0
55145 1
55146 2
55147 0
55148 2
55149 1
55150 0
55151 1
55152 2
55153 0
55154 1
55155 2
55156 0
55157 1
55158 0
55159 1
55160 0
55161 2
55162 1
55163 0
55164 1
55165 2
55166 0
55167 1
55168 0
55169 1
55170 2
55171 1
55172 0
55173 1
55174 0
55175 1
55176 0
55177 2
55178 1
55179 0
55180 2
55181 1
55182 0
55183 1
55184 0
55185 1
55186 2
55187 0
55188 2
55189 1
55190 0
55191 2
55192 0
55193 1
55194 0
55195 1
55196 0
55197 2
55198 1
55199 2
55200 0
55201 2
55202 1
55203 2
55204 1
55205 0
55206 1
55207 0
55208 1
55209 0
55210 2
55211 3
55212 1
55213 2
55214 0
55215 2
55216 1
55217 2
55218 1
55219 0
55220 2
55221 1
55222 0
55223 2
55224 0
55225 1
55226 2
55227 0
55228 1
55229 0
55230 3
55231 1
55232 0
55233 1
55234 0
55235 2
55236 4
55237 3
55238 0
55239 1
55240 0
55241 1
55242 2
55243 0
55244 2
55245 0
55246 2
55247 1
55248 0
55249 3
55250 0
55251 1
55252 2
55253 1
55254 0
55255 2
55256 3
55257 0
55258 2
55259 1
55260 0
55261 1
55262 0
55263 1
55264 2
55265 0
55266 1
55267 2
55268 3
55269 1
55270 2
55271 0
55272 1
55273 2
55274 0
55275 1
55276 0
55277 2
55278 1
55279 2
55280 0
55281 1
55282 0
55283 1
55284 0
55285 2
55286 1
55287 3
55288 0
55289 1
55290 2
55291 0
55292 2
55293 1
55294 0
55295 2
55296 1
55297 2
55298 0
55299 1
55300 0
55301 2
55302 0
55303 1
55304 2
55305 0
55306 2
55307 1
55308 2
55309 0
55310 1
55311 0
55312 1
55313 0
55314 2
55315 1
55316 2
55317 0
55318 3
55319 1
55320 2
55321 0
55322 2
55323 1
55324 0
55325 1
55326 0
55327 1
55328 0
55329 1
55330 2
55331 1
55332 2
55333 0
55334 2
55335 1
55336 0
55337 1
55338 0
55339 2
55340 1
55341 0
55342 1
55343 2
55344 0
55345 2
55346 1
55347 3
55348 2
55349 1
55350 2
55351 1
55352 2
55353 0
55354 1
55355 2
55356 1
55357 2
55358 3
55359 1
55360 0
55361 1
55362 2
55363 1
55364 0
55365 2
55366 0
55367 1
55368 0
55369 2
55370 0
55371 2
55372 1
55373 2
55374 0
55375 2
55376 0
55377 1
55378 2
55379 1
55380 2
55381 3
55382 1
55383 3
55384 0
55385 1
55386 0
55387 1
55388 2
55389 1
55390 0
55391 2
55392 0
55393 2
55394 3
55395 0
55396 2
55397 1
55398 0
55399 1
55400 2
55401 0
55402 1
55403 3
55404 2
55405 1
55406 0
55407 1
55408 0
55409 1
55410 0
55411 1
55412 2
55413 0
55414 1
55415 0
55416 2
55417 0
55418 1
55419 2
55420 3
55421 1
55422 2
55423 1
55424 2
55425 0
55426 2
55427 0
55428 2
55429 1
55430 2
55431 1
55432 2
55433 0
55434 1
55435 0
55436 2
55437 1
55438 2
55439 0
55440 1
55441 2
55442 1
55443 0
55444 1
55445 0
55446 2
55447 0
55448 2
55449 0
55450 2
55451 0
55452 2
55453 1
55454 0
55455 1
55456 0
55457 2
55458 3
55459 1
55460 0
55461 2
55462 0
55463 1
55464 0
55465 2
55466 1
55467 2
55468 1
55469 2
55470 0
55471 1
55472 2
55473 0
55474 2
55475 1
55476 2
55477 0
55478 3
55479 2
55480 0
55481 1
55482 0
55483 2
55484 1
55485 2
55486 0
55487 2
55488 1
55489 0
55490 2
55491 1
55492 0
55493 1
55494 0
55495 2
55496 1
55497 0
55498 1
55499 0
55500 1
55501 0
55502 1
55503 0
55504 3
55505 1
55506 0
55507 1
55508 0
55509 1
55510 2
55511 1
55512 0
55513 1
55514 0
55515 2
55516 0
55517 2
55518 0
55519 1
55520 0
55521 1
55522 2
55523 1
55524 0
55525 2
55526 3
55527 0
55528 1
55529 0
55530 1
55531 2
55532 1
55533 2
55534 0
55535 1
55536 2
55537 1
55538 2
55539 3
55540 0
55541 1
55542 0
55543 2
55544 1
55545 0
55546 1
55547 2
55548 1
55549 2
55550 0
55551 2
55552 0
55553 1
55554 0
55555 1
55556 2
55557 0
55558 2
55559 0
55560 1
55561 2
55562 0
55563 2
55564 1
55565 0
55566 2
55567 1
55568 2
55569 0
55570 1
55571 0
55572 1
55573 0
55574 1
55575 2
55576 1
55577 0
55578 2
55579 0
55580 2
55581 1
55582 2
55583 3
55584 2
55585 1
55586 0
55587 2
55588 0
55589 3
55590 2
55591 0
55592 1
55593 2
55594 1
55595 0
55596 2
55597 1
55598 0
55599 2
55600 1
55601 0
55602 2
55603 1
55604 0
55605 1
55606 2
55607 0
55608 2
55609 0
55610 2
55611 0
55612 1
55613 2
55614 0
55615 1
55616 2
55617 0
55618 1
55619 2
55620 1
55621 2
55622 3
55623 1
55624 2
55625 0
55626 2
55627 1
55628 0
55629 1
55630 2
55631 3
55632 1
55633 2
55634 1
55635 2
55636 0
55637 2
55638 1
55639 3
55640 2
55641 3
55642 1
55643 2
55644 1
55645 3
55646 0
55647 3
55648 0
55649 2
55650 0
55651 1
55652 0
55653 2
55654 1
55655 2
55656 0
55657 2
55658 3
55659 1
55660 0
55661 1
55662 0
55663 2
55664 1
55665 2
55666 3
55667 1
55668 0
55669 1
55670 2
55671 0
55672 1
55673 2
55674 0
55675 1
55676 0
55677 2
55678 3
55679 1
55680 2
55681 0
55682 2
55683 0
55684 3
55685 1
55686 0
55687 2
55688 3
55689 1
55690 2
55691 1
55692 2
55693 1
55694 0
55695 2
55696 0
55697 2
55698 1
55699 2
55700 1
55701 2
55702 0
55703 2
55704 1
55705 0
55706 2
55707 0
55708 2
55709 1
55710 0
55711 1
55712 0
55713 2
55714 1
55715 0
55716 2
55717 0
55718 2
55719 0
55720 1
55721 0
55722 2
55723 1
55724 2
55725 0
55726 2
55727 0
55728 1
55729 2
55730 1
55731 0
55732 1
55733 2
55734 0
55735 1
55736 2
55737 0
55738 2
55739 1
55740 2
55741 1
55742 2
55743 0
55744 2
55745 1
55746 2
55747 1
55748 0
55749 3
55750 1
55751 3
55752 2
55753 1
55754 2
55755 1
55756 0
55757 2
55758 0
55759 2
55760 3
55761 0
55762 2
55763 1
55764 0
55765 1
55766 0
55767 1
55768 0
55769 2
55770 3
55771 1
55772 0
55773 2
55774 1
55775 2
55776 0
55777 1
55778 0
55779 1
55780 2
55781 1
55782 0
55783 2
55784 1
55785 3
55786 2
55787 0
55788 1
55789 0
55790 2
55791 1
55792 2
55793 0
55794 1
55795 0
55796 2
55797 1
55798 3
55799 0
55800 1
55801 0
55802 2
55803 1
55804 2
55805 0
55806 1
55807 2
55808 0
55809 1
55810 2
55811 1
55812 2
55813 0
55814 2
55815 1
55816 2
55817 0
55818 2
55819 0
55820 1
55821 0
55822 2
55823 0
55824 1
55825 0
55826 2
55827 0
55828 3
55829 2
55830 3
55831 1
55832 0
55833 2
55834 1
55835 2
55836 0
55837 2
55838 0
55839 1
55840 0
55841 2
55842 1
55843 2
55844 0
55845 2
55846 1
55847 0
55848 1
55849 0
55850 1
55851 0
55852 1
55853 0
55854 1
55855 0
55856 1
55857 0
55858 2
55859 1
55860 0
55861 2
55862 0
55863 1
55864 2
55865 0
55866 1
55867 0
55868 2
55869 1
55870 0
55871 2
55872 1
55873 2
55874 1
55875 2
55876 1
55877 0
55878 2
55879 1
55880 2
55881 0
55882 1
55883 0
55884 2
55885 0
55886 2
55887 1
55888 2
55889 1
55890 0
55891 1
55892 0
55893 2
55894 1
55895 0
55896 2
55897 0
55898 1
55899 2
55900 0
55901 2
55902 1
55903 0
55904 1
55905 2
55906 1
55907 0
55908 1
55909 2
55910 3
55911 1
55912 0
55913 2
55914 0
55915 1
55916 0
55917 1
55918 2
55919 0
55920 1
55921 0
55922 1
55923 0
55924 1
55925 0
55926 2
55927 0
55928 1
55929 2
55930 0
55931 1
55932 2
55933 1
55934 0
55935 1
55936 3
55937 2
55938 0
55939 1
55940 0
55941 2
55942 1
55943 0
55944 1
55945 0
55946 1
55947 2
55948 0
55949 2
55950 1
55951 2
55952 0
55953 1
55954 0
55955 1
55956 0
55957 1
55958 0
55959 2
55960 0
55961 2
55962 1
55963 2
55964 1
55965 2
55966 1
55967 0
55968 2
55969 1
55970 2
55971 1
55972 3
55973 2
55974 0
55975 1
55976 2
55977 0
55978 1
55979 0
55980 1
55981 0
55982 1
55983 2
55984 1
55985 0
55986 2
55987 1
55988 2
55989 0
55990 1
55991 0
55992 1
55993 0
55994 1
55995 0
55996 2
55997 1
55998 2
55999 0
56000 2
56001 0
56002 2
56003 0
56004 2
56005 0
56006 1
56007 0
56008 2
56009 1
56010 0
56011 3
56012 1
56013 0
56014 1
56015 2
56016 0
56017 2
56018 1
56019 2
56020 0
56021 1
56022 0
56023 1
56024 2
56025 1
56026 0
56027 2
56028 1
56029 2
56030 0
56031 1
56032 0
56033 1
56034 2
56035 0
56036 2
56037 1
56038 0
56039 2
56040 3
56041 0
56042 2
56043 1
56044 2
56045 1
56046 0
56047 1
56048 2
56049 0
56050 3
56051 2
56052 0
56053 2
56054 1
56055 2
56056 0
56057 3
56058 0
56059 2
56060 1
56061 2
56062 0
56063 2
56064 1
56065 2
56066 0
56067 1
56068 2
56069 1
56070 0
56071 1
56072 2
56073 1
56074 0
56075 2
56076 0
56077 1
56078 0
56079 1
56080 0
56081 1
56082 0
56083 2
56084 0
56085 1
56086 0
56087 2
56088 1
56089 0
56090 2
56091 0
56092 1
56093 2
56094 1
56095 0
56096 1
56097 0
56098 1
56099 0
56100 2
56101 1
56102 2
56103 0
56104 1
56105 2
56106 0
56107 1
56108 2
56109 0
56110 1
56111 2
56112 0
56113 1
56114 0
56115 1
56116 2
56117 3
56118 1
56119 2
56120 1
56121 3
56122 2
56123 3
56124 1
56125 0
56126 1
56127 2
56128 1
56129 0
56130 2
56131 0
56132 1
56133 2
56134 0
56135 1
56136 0
56137 1
56138 2
56139 0
56140 2
56141 1
56142 0
56143 1
56144 0
56145 1
56146 2
56147 0
56148 1
56149 2
56150 0
56151 1
56152 2
56153 0
56154 2
56155 1
56156 0
56157 1
56158 0
56159 1
56160 0
56161 1
56162 2
56163 1
56164 0
56165 1
56166 0
56167 1
56168 2
56169 1
56170 2
56171 1
56172 0
56173 2
56174 1
56175 2
56176 1
56177 0
56178 2
56179 0
56180 2
56181 1
56182 0
56183 1
56184 0
56185 2
56186 1
56187 2
56188 0
56189 1
56190 0
56191 1
56192 2
56193 0
56194 1
56195 2
56196 0
56197 2
56198 1
56199 2
56200 0
56201 2
56202 1
56203 3
56204 2
56205 1
56206 2
56207 3
56208 0
56209 1
56210 2
56211 1
56212 0
56213 1
56214 0
56215 1
56216 2
56217 0
56218 1
56219 0
56220 1
56221 0
56222 1
56223 0
56224 2
56225 1
56226 0
56227 1
56228 0
56229 1
56230 0
56231 1
56232 0
56233 1
56234 2
56235 0
56236 2
56237 0
56238 1
56239 0
56240 1
56241 2
56242 1
56243 0
56244 1
56245 0
56246 1
56247 0
56248 1
56249 2
56250 0
56251 1
56252 0
56253 1
56254 2
56255 0
56256 3
56257 2
56258 0
56259 2
56260 0
56261 1
56262 2
56263 1
56264 2
56265 0
56266 1
56267 0
56268 1
56269 0
56270 1
56271 2
56272 1
56273 0
56274 1
56275 0
56276 2
56277 1
56278 0
56279 1
56280 0
56281 3
56282 1
56283 2
56284 0
56285 1
56286 2
56287 3
56288 2
56289 1
56290 0
56291 1
56292 0
56293 1
56294 2
56295 3
56296 0
56297 2
56298 1
56299 2
56300 0
56301 1
56302 3
56303 1
56304 0
56305 2
56306 3
56307 1
56308 2
56309 1
56310 2
56311 1
56312 0
56313 1
56314 0
56315 1
56316 2
56317 0
56318 1
56319 2
56320 0
56321 1
56322 0
56323 3
56324 0
56325 1
56326 0
56327 2
56328 0
56329 1
56330 0
56331 1
56332 2
56333 0
56334 2
56335 0
56336 1
56337 2
56338 0
56339 1
56340 2
56341 3
56342 0
56343 1
56344 0
56345 2
56346 0
56347 2
56348 0
56349 2
56350 3
56351 1
56352 2
56353 1
56354 2
56355 0
56356 1
56357 0
56358 2
56359 1
56360 2
56361 0
56362 1
56363 0
56364 1
56365 2
56366 0
56367 2
56368 1
56369 0
56370 1
56371 2
56372 0
56373 1
56374 0
56375 1
56376 2
56377 1
56378 0
56379 1
56380 0
56381 1
56382 0
56383 1
56384 0
56385 1
56386 0
56387 1
56388 0
56389 2
56390 1
56391 0
56392 1
56393 0
56394 1
56395 2
56396 1
56397 0
56398 1
56399 2
56400 0
56401 1
56402 0
56403 1
56404 0
56405 1
56406 2
56407 0
56408 1
56409 2
56410 0
56411 2
56412 1
56413 2
56414 0
56415 1
56416 2
56417 3
56418 0
56419 1
56420 2
56421 0
56422 1
56423 0
56424 1
56425 0
56426 1
56427 2
56428 0
56429 2
56430 1
56431 2
56432 1
56433 0
56434 1
56435 0
56436 1
56437 2
56438 0
56439 2
56440 1
56441 2
56442 0
56443 2
56444 0
56445 1
56446 0
56447 2
56448 0
56449 1
56450 0
56451 1
56452 0
56453 1
56454 0
56455 1
56456 0
56457 1
56458 2
56459 1
56460 3
56461 0
56462 2
56463 0
56464 2
56465 0
56466 3
56467 2
56468 0
56469 2
56470 1
56471 0
56472 1
56473 0
56474 1
56475 0
56476 1
56477 2
56478 0
56479 2
56480 1
56481 0
56482 1
56483 0
56484 1
56485 2
56486 0
56487 1
56488 0
56489 2
56490 1
56491 0
56492 2
56493 0
56494 1
56495 2
56496 0
56497 2
56498 0
56499 1
56500 2
56501 1
56502 2
56503 0
56504 2
56505 0
56506 1
56507 0
56508 2
56509 0
56510 1
56511 0
56512 2
56513 0
56514 1
56515 0
56516 1
56517 2
56518 0
56519 1
56520 0
56521 1
56522 0
56523 2
56524 0
56525 2
56526 1
56527 0
56528 1
56529 0
56530 1
56531 2
56532 1
56533 0
56534 2
56535 1
56536 0
56537 1
56538 0
56539 1
56540 0
56541 2
56542 1
56543 0
56544 3
56545 2
56546 0
56547 2
56548 1
56549 0
56550 1
56551 0
56552 2
56553 1
56554 0
56555 3
56556 1
56557 2
56558 1
56559 0
56560 2
56561 0
56562 1
56563 0
56564 1
56565 2
56566 0
56567 1
56568 3
56569 2
56570 3
56571 2
56572 0
56573 1
56574 3
56575 0
56576 1
56577 0
56578 1
56579 0
56580 1
56581 2
56582 0
56583 1
56584 2
56585 3
56586 0
56587 2
56588 1
56589 2
56590 0
56591 2
56592 1
56593 2
56594 0
56595 1
56596 2
56597 3
56598 2
56599 1
56600 2
56601 1
56602 0
56603 1
56604 0
56605 1
56606 2
56607 1
56608 0
56609 1
56610 0
56611 1
56612 0
56613 2
56614 1
56615 3
56616 2
56617 1
56618 0
56619 1
56620 0
56621 1
56622 0
56623 2
56624 1
56625 0
56626 1
56627 0
56628 2
56629 0
56630 1
56631 2
56632 3
56633 0
56634 2
56635 1
56636 2
56637 0
56638 1
56639 0
56640 1
56641 0
56642 2
56643 0
56644 1
56645 2
56646 0
56647 3
56648 1
56649 0
56650 2
56651 1
56652 2
56653 0
56654 1
56655 0
56656 2
56657 1
56658 2
56659 1
56660 2
56661 0
56662 1
56663 0
56664 1
56665 2
56666 1
56667 0
56668 1
56669 0
56670 1
56671 0
56672 2
56673 1
56674 0
56675 1
56676 0
56677 1
56678 2
56679 1
56680 2
56681 0
56682 1
56683 2
56684 1
56685 0
56686 1
56687 2
56688 0
56689 2
56690 1
56691 2
56692 1
56693 0
56694 1
56695 2
56696 1
56697 2
56698 0
56699 2
56700 3
56701 1
56702 0
56703 1
56704 0
56705 1
56706 3
56707 2
56708 0
56709 2
56710 1
56711 0
56712 1
56713 2
56714 0
56715 1
56716 0
56717 1
56718 0
56719 1
56720 0
56721 2
56722 1
56723 0
56724 1
56725 0
56726 2
56727 1
56728 0
56729 1
56730 2
56731 1
56732 0
56733 3
56734 1
56735 2
56736 0
56737 1
56738 3
56739 2
56740 1
56741 0
56742 2
56743 1
56744 2
56745 0
56746 2
56747 1
56748 0
56749 1
56750 2
56751 0
56752 1
56753 2
56754 0
56755 3
56756 0
56757 1
56758 0
56759 1
56760 2
56761 0
56762 1
56763 0
56764 2
56765 1
56766 2
56767 0
56768 1
56769 2
56770 1
56771 0
56772 2
56773 1
56774 0
56775 1
56776 0
56777 1
56778 2
56779 0
56780 1
56781 0
56782 1
56783 2
56784 3
56785 1
56786 2
56787 0
56788 2
56789 0
56790 1
56791 2
56792 1
56793 3
56794 0
56795 2
56796 1
56797 2
56798 1
56799 0
56800 1
56801 2
56802 0
56803 1
56804 3
56805 2
56806 1
56807 0
56808 1
56809 2
56810 0
56811 2
56812 1
56813 2
56814 1
56815 0
56816 1
56817 2
56818 3
56819 0
56820 1
56821 2
56822 0
56823 2
56824 1
56825 2
56826 3
56827 0
56828 2
56829 1
56830 2
56831 0
56832 2
56833 1
56834 2
56835 1
56836 2
56837 1
56838 2
56839 0
56840 1
56841 2
56842 0
56843 2
56844 1
56845 0
56846 3
56847 2
56848 1
56849 2
56850 1
56851 0
56852 1
56853 2
56854 1
56855 0
56856 1
56857 2
56858 1
56859 0
56860 1
56861 0
56862 1
56863 0
56864 2
56865 1
56866 0
56867 1
56868 2
56869 0
56870 1
56871 2
56872 1
56873 0
56874 1
56875 2
56876 0
56877 2
56878 1
56879 0
56880 1
56881 0
56882 2
56883 0
56884 1
56885 0
56886 1
56887 0
56888 1
56889 2
56890 3
56891 0
56892 1
56893 0
56894 1
56895 2
56896 1
56897 0
56898 1
56899 0
56900 2
56901 1
56902 0
56903 2
56904 0
56905 1
56906 0
56907 1
56908 2
56909 0
56910 1
56911 0
56912 3
56913 0
56914 1
56915 2
56916 0
56917 1
56918 0
56919 2
56920 3
56921 1
56922 2
56923 0
56924 1
56925 3
56926 2
56927 3
56928 2
56929 0
56930 1
56931 3
56932 2
56933 0
56934 1
56935 0
56936 1
56937 2
56938 1
56939 0
56940 2
56941 1
56942 0
56943 2
56944 1
56945 0
56946 1
56947 0
56948 1
56949 2
56950 0
56951 1
56952 0
56953 1
56954 2
56955 0
56956 2
56957 1
56958 0
56959 2
56960 0
56961 1
56962 2
56963 0
56964 1
56965 0
56966 2
56967 1
56968 0
56969 1
56970 2
56971 0
56972 2
56973 1
56974 3
56975 0
56976 1
56977 2
56978 0
56979 3
56980 1
56981 2
56982 0
56983 1
56984 0
56985 1
56986 0
56987 2
56988 1
56989 0
56990 1
56991 2
56992 1
56993 0
56994 1
56995 0
56996 2
56997 1
56998 0
56999 1
57000 0
57001 2
57002 1
57003 0
57004 1
57005 0
57006 2
57007 1
57008 0
57009 1
57010 0
57011 1
57012 0
57013 2
57014 0
57015 2
57016 1
57017 0
57018 2
57019 0
57020 1
57021 0
57022 1
57023 0
57024 1
57025 0
57026 1
57027 0
57028 1
57029 0
57030 1
57031 2
57032 3
57033 0
57034 2
57035 1
57036 2
57037 1
57038 2
57039 0
57040 2
57041 1
57042 0
57043 1
57044 2
57045 0
57046 2
57047 3
57048 0
57049 3
57050 2
57051 1
57052 0
57053 1
57054 0
57055 2
57056 0
57057 2
57058 1
57059 2
57060 0
57061 2
57062 1
57063 2
57064 0
57065 1
57066 2
57067 1
57068 0
57069 1
57070 2
57071 1
57072 2
57073 1
57074 0
57075 2
57076 0
57077 2
57078 0
57079 2
57080 1
57081 2
57082 0
57083 2
57084 1
57085 2
57086 0
57087 1
57088 0
57089 2
57090 0
57091 1
57092 3
57093 0
57094 2
57095 1
57096 2
57097 0
57098 2
57099 1
57100 2
57101 3
57102 2
57103 0
57104 1
57105 2
57106 0
57107 2
57108 1
57109 0
57110 2
57111 1
57112 0
57113 1
57114 2
57115 1
57116 0
57117 1
57118 2
57119 0
57120 2
57121 1
57122 3
57123 2
57124 0
57125 2
57126 1
57127 0
57128 1
57129 2
57130 3
57131 1
57132 2
57133 1
57134 2
57135 1
57136 0
57137 1
57138 0
57139 1
57140 2
57141 0
57142 1
57143 2
57144 1
57145 0
57146 1
57147 0
57148 1
57149 0
57150 1
57151 2
57152 1
57153 3
57154 2
57155 3
57156 0
57157 2
57158 1
57159 0
57160 2
57161 1
57162 2
57163 3
57164 0
57165 1
57166 2
57167 1
57168 0
57169 2
57170 0
57171 2
57172 3
57173 1
57174 2
57175 1
57176 0
57177 1
57178 2
57179 1
57180 0
57181 1
57182 2
57183 0
57184 1
57185 2
57186 0
57187 2
57188 1
57189 0
57190 1
57191 2
57192 1
57193 2
57194 0
57195 1
57196 2
57197 0
57198 2
57199 1
57200 2
57201 0
57202 2
57203 0
57204 1
57205 2
57206 1
57207 0
57208 1
57209 2
57210 0
57211 1
57212 0
57213 1
57214 3
57215 0
57216 1
57217 2
57218 0
57219 1
57220 2
57221 1
57222 2
57223 0
57224 2
57225 0
57226 2
57227 0
57228 2
57229 1
57230 2
57231 0
57232 1
57233 2
57234 0
57235 1
57236 0
57237 2
57238 3
57239 0
57240 1
57241 0
57242 1
57243 0
57244 1
57245 0
57246 3
57247 1
57248 0
57249 2
57250 0
57251 1
57252 0
57253 2
57254 1
57255 0
57256 1
57257 0
57258 3
57259 2
57260 3
57261 0
57262 1
57263 2
57264 0
57265 1
57266 0
57267 1
57268 0
57269 1
57270 0
57271 2
57272 1
57273 2
57274 0
57275 1
57276 0
57277 1
57278 0
57279 1
57280 0
57281 1
57282 0
57283 1
57284 2
57285 0
57286 1
57287 0
57288 2
57289 1
57290 2
57291 0
57292 1
57293 0
57294 1
57295 0
57296 1
57297 0
57298 3
57299 2
57300 1
57301 0
57302 1
57303 0
57304 2
57305 0
57306 2
57307 1
57308 2
57309 0
57310 1
57311 0
57312 1
57313 2
57314 1
57315 0
57316 3
57317 0
57318 1
57319 2
57320 0
57321 1
57322 0
57323 1
57324 2
57325 0
57326 2
57327 0
57328 2
57329 1
57330 0
57331 3
57332 2
57333 1
57334 3
57335 1
57336 2
57337 1
57338 2
57339 0
57340 2
57341 0
57342 2
57343 3
57344 1
57345 0
57346 1
57347 0
57348 1
57349 0
57350 2
57351 1
57352 2
57353 0
57354 1
57355 2
57356 0
57357 1
57358 2
57359 1
57360 0
57361 2
57362 0
57363 1
57364 2
57365 1
57366 2
57367 1
57368 0
57369 3
57370 1
57371 0
57372 1
57373 3
57374 2
57375 0
57376 2
57377 1
57378 0
57379 1
57380 0
57381 1
57382 0
57383 2
57384 1
57385 2
57386 1
57387 0
57388 2
57389 1
57390 0
57391 1
57392 0
57393 1
57394 0
57395 1
57396 2
57397 0
57398 1
57399 0
57400 2
57401 1
57402 0
57403 1
57404 0
57405 2
57406 0
57407 2
57408 0
57409 1
57410 0
57411 1
57412 2
57413 1
57414 0
57415 2
57416 0
57417 1
57418 0
57419 1
57420 0
57421 2
57422 0
57423 1
57424 0
57425 3
57426 1
57427 0
57428 3
57429 1
57430 0
57431 1
57432 0
57433 2
57434 1
57435 2
57436 1
57437 0
57438 1
57439 0
57440 1
57441 3
57442 0
57443 2
57444 0
57445 3
57446 1
57447 0
57448 2
57449 0
57450 1
57451 2
57452 1
57453 0
57454 2
57455 1
57456 2
57457 1
57458 0
57459 1
57460 0
57461 2
57462 1
57463 0
57464 1
57465 0
57466 2
57467 0
57468 1
57469 0
57470 1
57471 2
57472 1
57473 0
57474 2
57475 1
57476 0
57477 1
57478 0
57479 1
57480 0
57481 1
57482 2
57483 1
57484 2
57485 0
57486 2
57487 0
57488 1
57489 2
57490 1
57491 0
57492 1
57493 0
57494 1
57495 2
57496 0
57497 2
57498 1
57499 0
57500 2
57501 1
57502 0
57503 2
57504 1
57505 2
57506 1
57507 2
57508 3
57509 0
57510 1
57511 0
57512 2
57513 3
57514 0
57515 1
57516 3
57517 2
57518 1
57519 0
57520 2
57521 1
57522 2
57523 1
57524 0
57525 1
57526 2
57527 0
57528 3
57529 2
57530 0
57531 1
57532 2
57533 0
57534 2
57535 1
57536 0
57537 1
57538 0
57539 1
57540 2
57541 0
57542 1
57543 0
57544 1
57545 0
57546 1
57547 2
57548 0
57549 1
57550 0
57551 2
57552 0
57553 1
57554 2
57555 1
57556 2
57557 0
57558 3
57559 1
57560 2
57561 3
57562 1
57563 0
57564 1
57565 2
57566 1
57567 0
57568 2
57569 1
57570 0
57571 1
57572 3
57573 2
57574 3
57575 0
57576 1
57577 0
57578 1
57579 2
57580 3
57581 1
57582 2
57583 1
57584 2
57585 0
57586 1
57587 0
57588 1
57589 0
57590 1
57591 0
57592 1
57593 0
57594 2
57595 3
57596 1
57597 0
57598 1
57599 0
57600 1
57601 0
57602 1
57603 2
57604 1
57605 0
57606 1
57607 0
57608 2
57609 0
57610 2
57611 1
57612 0
57613 1
57614 0
57615 2
57616 0
57617 1
57618 0
57619 1
57620 2
57621 3
57622 1
57623 0
57624 1
57625 2
57626 0
57627 1
57628 0
57629 1
57630 2
57631 0
57632 1
57633 2
57634 0
57635 1
57636 2
57637 0
57638 2
57639 0
57640 2
57641 1
57642 2
57643 0
57644 1
57645 0
57646 2
57647 0
57648 1
57649 0
57650 2
57651 1
57652 3
57653 2
57654 0
57655 2
57656 1
57657 3
57658 0
57659 1
57660 2
57661 3
57662 0
57663 2
57664 1
57665 0
57666 2
57667 1
57668 2
57669 0
57670 1
57671 0
57672 2
57673 1
57674 2
57675 0
57676 2
57677 1
57678 0
57679 1
57680 0
57681 1
57682 2
57683 1
57684 0
57685 1
57686 2
57687 1
57688 2
57689 1
57690 0
57691 1
57692 0
57693 1
57694 2
57695 0
57696 1
57697 0
57698 1
57699 2
57700 0
57701 1
57702 0
57703 1
57704 2
57705 0
57706 1
57707 2
57708 0
57709 1
57710 3
57711 0
57712 1
57713 0
57714 1
57715 2
57716 3
57717 0
57718 1
57719 3
57720 2
57721 1
57722 0
57723 1
57724 2
57725 0
57726 2
57727 0
57728 2
57729 3
57730 0
57731 2
57732 0
57733 1
57734 0
57735 1
57736 0
57737 1
57738 0
57739 2
57740 1
57741 2
57742 1
57743 0
57744 2
57745 3
57746 0
57747 1
57748 2
57749 0
57750 2
57751 0
57752 3
57753 1
57754 2
57755 0
57756 1
57757 0
57758 1
57759 0
57760 2
57761 3
57762 0
57763 1
57764 0
57765 1
57766 0
57767 1
57768 2
57769 0
57770 1
57771 0
57772 1
57773 3
57774 0
57775 2
57776 1
57777 0
57778 2
57779 0
57780 1
57781 0
57782 2
57783 1
57784 0
57785 1
57786 2
57787 0
57788 1
57789 2
57790 0
57791 1
57792 0
57793 3
57794 1
57795 0
57796 1
57797 0
57798 1
57799 0
57800 1
57801 0
57802 1
57803 2
57804 1
57805 2
57806 1
57807 3
57808 0
57809 2
57810 1
57811 0
57812 2
57813 1
57814 0
57815 1
57816 2
57817 1
57818 0
57819 1
57820 0
57821 2
57822 1
57823 0
57824 1
57825 0
57826 1
57827 2
57828 1
57829 0
57830 1
57831 2
57832 0
57833 3
57834 0
57835 1
57836 2
57837 0
57838 2
57839 1
57840 2
57841 1
57842 0
57843 1
57844 3
57845 0
57846 1
57847 0
57848 2
57849 1
57850 0
57851 1
57852 2
57853 0
57854 1
57855 0
57856 2
57857 0
57858 1
57859 0
57860 1
57861 2
57862 0
57863 1
57864 2
57865 0
57866 1
57867 2
57868 1
57869 0
57870 2
57871 1
57872 0
57873 1
57874 0
57875 1
57876 2
57877 1
57878 2
57879 0
57880 1
57881 2
57882 0
57883 2
57884 0
57885 3
57886 1
57887 0
57888 1
57889 0
57890 1
57891 2
57892 1
57893 0
57894 2
57895 1
57896 2
57897 0
57898 2
57899 1
57900 0
57901 1
57902 0
57903 3
57904 2
57905 1
57906 0
57907 1
57908 0
57909 2
57910 1
57911 0
57912 2
57913 1
57914 0
57915 1
57916 0
57917 3
57918 1
57919 0
57920 2
57921 1
57922 0
57923 2
57924 1
57925 2
57926 1
57927 0
57928 1
57929 2
57930 0
57931 1
57932 0
57933 2
57934 1
57935 0
57936 2
57937 1
57938 0
57939 2
57940 1
57941 2
57942 1
57943 0
57944 3
57945 2
57946 0
57947 2
57948 3
57949 1
57950 0
57951 1
57952 0
57953 2
57954 0
57955 2
57956 0
57957 1
57958 0
57959 2
57960 0
57961 2
57962 1
57963 0
57964 2
57965 1
57966 0
57967 3
57968 2
57969 1
57970 2
57971 3
57972 2
57973 3
57974 1
57975 0
57976 1
57977 2
57978 0
57979 2
57980 0
57981 2
57982 1
57983 0
57984 1
57985 3
57986 0
57987 1
57988 2
57989 0
57990 1
57991 2
57992 1
57993 0
57994 2
57995 1
57996 0
57997 1
57998 2
57999 3
58000 1
58001 2
58002 1
58003 0
58004 2
58005 3
58006 0
58007 1
58008 0
58009 1
58010 2
58011 1
58012 0
58013 1
58014 0
58015 1
58016 0
58017 2
58018 0
58019 1
58020 2
58021 1
58022 0
58023 1
58024 2
58025 1
58026 0
58027 2
58028 3
58029 0
58030 1
58031 2
58032 1
58033 3
58034 2
58035 1
58036 2
58037 1
58038 0
58039 1
58040 2
58041 1
58042 2
58043 3
58044 1
58045 0
58046 1
58047 2
58048 1
58049 2
58050 1
58051 0
58052 2
58053 1
58054 2
58055 1
58056 2
58057 0
58058 1
58059 2
58060 0
58061 1
58062 0
58063 1
58064 2
58065 1
58066 0
58067 1
58068 2
58069 1
58070 2
58071 0
58072 2
58073 1
58074 2
58075 0
58076 1
58077 2
58078 0
58079 2
58080 1
58081 0
58082 1
58083 2
58084 0
58085 1
58086 2
58087 1
58088 0
58089 1
58090 0
58091 2
58092 1
58093 2
58094 1
58095 0
58096 2
58097 1
58098 0
58099 1
58100 2
58101 0
58102 2
58103 1
58104 0
58105 1
58106 3
58107 1
58108 0
58109 1
58110 0
58111 1
58112 0
58113 1
58114 0
58115 2
58116 1
58117 0
58118 1
58119 2
58120 0
58121 1
58122 2
58123 1
58124 0
58125 2
58126 1
58127 2
58128 3
58129 1
58130 2
58131 0
58132 1
58133 2
58134 3
58135 0
58136 1
58137 0
58138 2
58139 0
58140 1
58141 2
58142 1
58143 0
58144 1
58145 0
58146 1
58147 2
58148 0
58149 3
58150 1
58151 0
58152 1
58153 2
58154 0
58155 1
58156 2
58157 0
58158 1
58159 0
58160 1
58161 0
58162 1
58163 2
58164 0
58165 2
58166 1
58167 0
58168 2
58169 1
58170 0
58171 1
58172 0
58173 2
58174 1
58175 2
58176 0
58177 2
58178 1
58179 0
58180 1
58181 2
58182 1
58183 0
58184 3
58185 2
58186 3
58187 0
58188 2
58189 1
58190 2
58191 0
58192 1
58193 2
58194 1
58195 2
58196 3
58197 1
58198 2
58199 0
58200 1
58201 0
58202 1
58203 0
58204 1
58205 2
58206 0
58207 2
58208 1
58209 2
58210 0
58211 1
58212 2
58213 1
58214 2
58215 1
58216 0
58217 1
58218 0
58219 2
58220 1
58221 0
58222 1
58223 3
58224 2
58225 0
58226 1
58227 3
58228 2
58229 0
58230 1
58231 0
58232 2
58233 1
58234 2
58235 3
58236 2
58237 1
58238 0
58239 2
58240 1
58241 2
58242 0
58243 1
58244 0
58245 3
58246 0
58247 1
58248 2
58249 0
58250 2
58251 1
58252 0
58253 1
58254 2
58255 1
58256 2
58257 3
58258 0
58259 3
58260 1
58261 2
58262 1
58263 0
58264 3
58265 1
58266 3
58267 2
58268 0
58269 2
58270 1
58271 2
58272 0
58273 2
58274 3
58275 0
58276 2
58277 1
58278 0
58279 1
58280 0
58281 1
58282 2
58283 1
58284 2
58285 0
58286 2
58287 1
58288 0
58289 2
58290 1
58291 0
58292 2
58293 0
58294 2
58295 0
58296 3
58297 0
58298 1
58299 2
58300 0
58301 2
58302 3
58303 0
58304 2
58305 0
58306 1
58307 2
58308 0
58309 1
58310 0
58311 1
58312 2
58313 1
58314 0
58315 2
58316 3
58317 1
58318 3
58319 0
58320 1
58321 2
58322 1
58323 0
58324 1
58325 0
58326 2
58327 1
58328 0
58329 1
58330 2
58331 3
58332 0
58333 2
58334 1
58335 0
58336 1
58337 0
58338 1
58339 2
58340 0
58341 1
58342 2
58343 0
58344 1
58345 0
58346 1
58347 2
58348 0
58349 1
58350 2
58351 0
58352 2
58353 1
58354 0
58355 2
58356 1
58357 2
58358 1
58359 0
58360 1
58361 2
58362 3
58363 1
58364 0
58365 1
58366 0
58367 2
58368 1
58369 2
58370 1
58371 0
58372 1
58373 0
58374 1
58375 2
58376 1
58377 2
58378 1
58379 3
58380 0
58381 2
58382 1
58383 0
58384 1
58385 0
58386 1
58387 3
58388 2
58389 1
58390 0
58391 2
58392 1
58393 0
58394 1
58395 0
58396 1
58397 2
58398 3
58399 1
58400 2
58401 3
58402 0
58403 1
58404 3
58405 1
58406 0
58407 2
58408 1
58409 2
58410 0
58411 1
58412 0
58413 1
58414 0
58415 2
58416 1
58417 0
58418 1
58419 2
58420 3
58421 1
58422 2
58423 0
58424 1
58425 2
58426 0
58427 2
58428 1
58429 2
58430 0
58431 2
58432 1
58433 0
58434 1
58435 0
58436 2
58437 3
58438 2
58439 1
58440 0
58441 1
58442 2
58443 0
58444 1
58445 0
58446 1
58447 0
58448 1
58449 0
58450 2
58451 0
58452 1
58453 0
58454 1
58455 0
58456 2
58457 1
58458 2
58459 0
58460 2
58461 3
58462 1
58463 0
58464 1
58465 0
58466 1
58467 0
58468 2
58469 1
58470 2
58471 1
58472 2
58473 1
58474 0
58475 1
58476 3
58477 2
58478 3
58479 0
58480 1
58481 2
58482 0
58483 1
58484 0
58485 1
58486 0
58487 2
58488 0
58489 1
58490 0
58491 1
58492 2
58493 0
58494 1
58495 0
58496 2
58497 3
58498 0
58499 2
58500 0
58501 2
58502 0
58503 2
58504 1
58505 2
58506 0
58507 1
58508 0
58509 1
58510 0
58511 1
58512 2
58513 0
58514 1
58515 2
58516 0
58517 2
58518 0
58519 1
58520 2
58521 0
58522 1
58523 0
58524 2
58525 1
58526 2
58527 1
58528 2
58529 0
58530 2
58531 3
58532 0
58533 2
58534 1
58535 2
58536 1
58537 0
58538 2
58539 1
58540 0
58541 1
58542 3
58543 2
58544 0
58545 2
58546 1
58547 2
58548 0
58549 1
58550 2
58551 0
58552 2
58553 1
58554 0
58555 1
58556 3
58557 2
58558 0
58559 2
58560 1
58561 2
58562 1
58563 0
58564 2
58565 0
58566 2
58567 1
58568 0
58569 1
58570 0
58571 1
58572 0
58573 1
58574 3
58575 0
58576 2
58577 1
58578 0
58579 1
58580 0
58581 2
58582 1
58583 2
58584 0
58585 1
58586 0
58587 2
58588 1
58589 2
58590 0
58591 3
58592 0
58593 2
58594 0
58595 1
58596 2
58597 0
58598 1
58599 0
58600 1
58601 2
58602 0
58603 2
58604 1
58605 2
58606 1
58607 2
58608 0
58609 2
58610 3
58611 0
58612 2
58613 1
58614 2
58615 0
58616 2
58617 0
58618 1
58619 0
58620 1
58621 3
58622 0
58623 1
58624 2
58625 1
58626 3
58627 0
58628 2
58629 1
58630 0
58631 1
58632 0
58633 2
58634 1
58635 0
58636 1
58637 0
58638 1
58639 3
58640 2
58641 0
58642 1
58643 0
58644 1
58645 2
58646 0
58647 1
58648 0
58649 1
58650 0
58651 1
58652 2
58653 1
58654 0
58655 1
58656 0
58657 2
58658 1
58659 2
58660 0
58661 2
58662 1
58663 0
58664 1
58665 2
58666 0
58667 1
58668 0
58669 2
58670 0
58671 2
58672 1
58673 0
58674 1
58675 2
58676 1
58677 2
58678 0
58679 2
58680 3
58681 0
58682 2
58683 1
58684 2
58685 0
58686 1
58687 0
58688 1
58689 0
58690 1
58691 0
58692 2
58693 1
58694 2
58695 0
58696 1
58697 0
58698 1
58699 0
58700 2
58701 1
58702 0
58703 2
58704 3
58705 1
58706 2
58707 0
58708 1
58709 0
58710 3
58711 2
58712 0
58713 1
58714 3
58715 0
58716 2
58717 0
58718 1
58719 3
58720 2
58721 1
58722 0
58723 2
58724 0
58725 1
58726 3
58727 2
58728 0
58729 1
58730 0
58731 1
58732 0
58733 1
58734 2
58735 0
58736 2
58737 3
58738 2
58739 1
58740 2
58741 0
58742 1
58743 2
58744 1
58745 0
58746 1
58747 0
58748 1
58749 0
58750 2
58751 1
58752 3
58753 1
58754 2
58755 0
58756 1
58757 2
58758 0
58759 1
58760 0
58761 1
58762 2
58763 3
58764 1
58765 2
58766 1
58767 2
58768 1
58769 0
58770 3
58771 1
58772 0
58773 2
58774 0
58775 3
58776 0
58777 2
58778 0
58779 1
58780 2
58781 1
58782 3
58783 1
58784 0
58785 1
58786 3
58787 2
58788 0
58789 1
58790 2
58791 0
58792 1
58793 2
58794 0
58795 1
58796 2
58797 0
58798 2
58799 1
58800 0
58801 2
58802 1
58803 0
58804 2
58805 1
58806 0
58807 1
58808 0
58809 1
58810 2
58811 0
58812 1
58813 0
58814 1
58815 0
58816 1
58817 2
58818 1
58819 2
58820 1
58821 0
58822 1
58823 2
58824 1
58825 2
58826 0
58827 1
58828 0
58829 1
58830 0
58831 2
58832 3
58833 2
58834 1
58835 0
58836 1
58837 0
58838 1
58839 3
58840 2
58841 1
58842 0
58843 1
58844 2
58845 0
58846 2
58847 1
58848 2
58849 0
58850 2
58851 0
58852 1
58853 2
58854 1
58855 2
58856 3
58857 0
58858 2
58859 0
58860 2
58861 3
58862 2
58863 0
58864 1
58865 0
58866 1
58867 0
58868 1
58869 0
58870 2
58871 1
58872 2
58873 1
58874 2
58875 1
58876 2
58877 0
58878 1
58879 2
58880 1
58881 0
58882 1
58883 2
58884 0
58885 1
58886 2
58887 0
58888 1
58889 0
58890 2
58891 1
58892 2
58893 1
58894 0
58895 1
58896 0
58897 2
58898 0
58899 1
58900 0
58901 2
58902 3
58903 1
58904 0
58905 1
58906 2
58907 0
58908 1
58909 0
58910 1
58911 2
58912 3
58913 2
58914 0
58915 1
58916 2
58917 1
58918 0
58919 1
58920 2
58921 0
58922 1
58923 0
58924 1
58925 3
58926 1
58927 3
58928 1
58929 0
58930 2
58931 3
58932 0
58933 1
58934 2
58935 0
58936 3
58937 2
58938 1
58939 2
58940 0
58941 2
58942 1
58943 0
58944 2
58945 1
58946 0
58947 2
58948 1
58949 2
58950 1
58951 0
58952 2
58953 1
58954 2
58955 0
58956 2
58957 1
58958 2
58959 3
58960 1
58961 2
58962 0
58963 1
58964 0
58965 1
58966 2
58967 0
58968 1
58969 0
58970 2
58971 1
58972 2
58973 1
58974 2
58975 0
58976 3
58977 4
58978 1
58979 2
58980 0
58981 1
58982 0
58983 2
58984 0
58985 1
58986 0
58987 2
58988 1
58989 2
58990 1
58991 0
58992 1
58993 2
58994 1
58995 0
58996 2
58997 0
58998 1
58999 2
59000 0
59001 2
59002 0
59003 2
59004 1
59005 2
59006 0
59007 2
59008 0
59009 1
59010 2
59011 1
59012 2
59013 0
59014 2
59015 1
59016 2
59017 1
59018 0
59019 1
59020 0
59021 2
59022 1
59023 2
59024 0
59025 2
59026 0
59027 1
59028 0
59029 1
59030 0
59031 1
59032 2
59033 0
59034 1
59035 0
59036 1
59037 2
59038 3
59039 0
59040 2
59041 0
59042 2
59043 1
59044 2
59045 0
59046 1
59047 2
59048 1
59049 0
59050 1
59051 2
59052 1
59053 2
59054 0
59055 2
59056 1
59057 0
59058 1
59059 2
59060 0
59061 1
59062 3
59063 0
59064 1
59065 3
59066 0
59067 1
59068 2
59069 0
59070 2
59071 1
59072 2
59073 1
59074 0
59075 2
59076 1
59077 2
59078 0
59079 2
59080 3
59081 0
59082 1
59083 2
59084 1
59085 0
59086 2
59087 0
59088 3
59089 2
59090 1
59091 0
59092 1
59093 2
59094 1
59095 0
59096 1
59097 0
59098 2
59099 1
59100 2
59101 0
59102 2
59103 1
59104 2
59105 0
59106 1
59107 3
59108 0
59109 1
59110 2
59111 1
59112 0
59113 1
59114 0
59115 1
59116 3
59117 2
59118 3
59119 0
59120 2
59121 1
59122 0
59123 2
59124 1
59125 2
59126 1
59127 2
59128 1
59129 0
59130 1
59131 0
59132 1
59133 2
59134 1
59135 2
59136 1
59137 0
59138 1
59139 0
59140 1
59141 0
59142 1
59143 0
59144 1
59145 2
59146 0
59147 1
59148 0
59149 2
59150 0
59151 2
59152 1
59153 0
59154 1
59155 0
59156 2
59157 1
59158 2
59159 1
59160 4
59161 3
59162 0
59163 1
59164 2
59165 1
59166 2
59167 1
59168 0
59169 2
59170 1
59171 0
59172 1
59173 2
59174 0
59175 2
59176 0
59177 1
59178 2
59179 0
59180 2
59181 3
59182 2
59183 0
59184 2
59185 0
59186 1
59187 0
59188 2
59189 0
59190 1
59191 2
59192 3
59193 1
59194 0
59195 2
59196 0
59197 1
59198 0
59199 2
59200 0
59201 1
59202 2
59203 0
59204 1
59205 0
59206 1
59207 2
59208 0
59209 2
59210 1
59211 2
59212 1
59213 0
59214 2
59215 1
59216 2
59217 1
59218 0
59219 1
59220 0
59221 1
59222 0
59223 1
59224 0
59225 2
59226 1
59227 2
59228 0
59229 1
59230 2
59231 0
59232 2
59233 0
59234 2
59235 0
59236 2
59237 3
59238 1
59239 2
59240 1
59241 0
59242 2
59243 0
59244 2
59245 0
59246 1
59247 0
59248 1
59249 2
59250 1
59251 2
59252 0
59253 2
59254 1
59255 0
59256 1
59257 0
59258 2
59259 0
59260 2
59261 1
59262 0
59263 2
59264 1
59265 0
59266 1
59267 0
59268 1
59269 2
59270 0
59271 1
59272 0
59273 1
59274 2
59275 3
59276 2
59277 1
59278 0
59279 1
59280 0
59281 1
59282 2
59283 0
59284 1
59285 0
59286 2
59287 1
59288 2
59289 0
59290 2
59291 0
59292 2
59293 1
59294 2
59295 0
59296 2
59297 1
59298 0
59299 2
59300 1
59301 0
59302 1
59303 0
59304 1
59305 0
59306 2
59307 1
59308 0
59309 2
59310 0
59311 1
59312 0
59313 2
59314 0
59315 1
59316 2
59317 1
59318 0
59319 1
59320 0
59321 1
59322 0
59323 1
59324 2
59325 1
59326 3
59327 0
59328 1
59329 0
59330 1
59331 2
59332 3
59333 0
59334 2
59335 1
59336 2
59337 0
59338 1
59339 0
59340 2
59341 3
59342 1
59343 3
59344 0
59345 2
59346 1
59347 2
59348 1
59349 2
59350 1
59351 0
59352 2
59353 1
59354 3
59355 0
59356 2
59357 3
59358 0
59359 2
59360 0
59361 1
59362 0
59363 1
59364 2
59365 0
59366 1
59367 2
59368 0
59369 1
59370 0
59371 2
59372 1
59373 0
59374 1
59375 2
59376 1
59377 0
59378 1
59379 2
59380 1
59381 0
59382 1
59383 2
59384 0
59385 2
59386 1
59387 0
59388 1
59389 0
59390 1
59391 0
59392 1
59393 0
59394 1
59395 0
59396 1
59397 0
59398 1
59399 2
59400 0
59401 1
59402 0
59403 1
59404 2
59405 0
59406 2
59407 0
59408 2
59409 1
59410 2
59411 0
59412 1
59413 0
59414 1
59415 2
59416 1
59417 2
59418 1
59419 0
59420 1
59421 2
59422 3
59423 1
59424 0
59425 1
59426 0
59427 2
59428 1
59429 2
59430 0
59431 1
59432 0
59433 1
59434 0
59435 1
59436 0
59437 1
59438 2
59439 3
59440 1
59441 2
59442 0
59443 1
59444 0
59445 1
59446 0
59447 2
59448 1
59449 0
59450 1
59451 2
59452 0
59453 2
59454 0
59455 3
59456 2
59457 1
59458 2
59459 0
59460 2
59461 1
59462 0
59463 2
59464 1
59465 0
59466 1
59467 2
59468 0
59469 2
59470 1
59471 2
59472 0
59473 1
59474 2
59475 1
59476 3
59477 0
59478 1
59479 0
59480 1
59481 2
59482 0
59483 1
59484 0
59485 1
59486 0
59487 2
59488 0
59489 1
59490 0
59491 2
59492 1
59493 2
59494 1
59495 2
59496 0
59497 2
59498 1
59499 0
59500 2
59501 1
59502 0
59503 1
59504 0
59505 1
59506 0
59507 1
59508 2
59509 3
59510 2
59511 0
59512 1
59513 0
59514 1
59515 0
59516 1
59517 0
59518 1
59519 0
59520 1
59521 2
59522 0
59523 2
59524 1
59525 2
59526 0
59527 1
59528 2
59529 0
59530 2
59531 1
59532 0
59533 2
59534 0
59535 3
59536 1
59537 0
59538 2
59539 1
59540 0
59541 2
59542 1
59543 2
59544 1
59545 0
59546 1
59547 2
59548 3
59549 2
59550 1
59551 2
59552 0
59553 1
59554 2
59555 0
59556 2
59557 1
59558 2
59559 0
59560 1
59561 0
59562 2
59563 0
59564 1
59565 0
59566 1
59567 0
59568 3
59569 2
59570 1
59571 0
59572 2
59573 1
59574 2
59575 0
59576 2
59577 1
59578 0
59579 2
59580 0
59581 1
59582 0
59583 2
59584 1
59585 0
59586 1
59587 2
59588 1
59589 0
59590 2
59591 1
59592 0
59593 1
59594 0
59595 1
59596 2
59597 0
59598 2
59599 1
59600 0
59601 1
59602 0
59603 1
59604 2
59605 1
59606 0
59607 1
59608 2
59609 1
59610 2
59611 1
59612 0
59613 3
59614 1
59615 2
59616 3
59617 1
59618 3
59619 0
59620 1
59621 0
59622 1
59623 2
59624 1
59625 2
59626 0
59627 1
59628 0
59629 1
59630 0
59631 1
59632 2
59633 1
59634 2
59635 0
59636 1
59637 2
59638 0
59639 2
59640 0
59641 1
59642 0
59643 1
59644 2
59645 0
59646 1
59647 0
59648 2
59649 0
59650 2
59651 3
59652 1
59653 2
59654 0
59655 1
59656 2
59657 3
59658 0
59659 1
59660 2
59661 1
59662 2
59663 0
59664 2
59665 1
59666 0
59667 1
59668 0
59669 1
59670 0
59671 1
59672 2
59673 1
59674 0
59675 2
59676 1
59677 0
59678 1
59679 0
59680 2
59681 1
59682 0
59683 2
59684 1
59685 0
59686 1
59687 0
59688 1
59689 0
59690 1
59691 0
59692 2
59693 1
59694 2
59695 0
59696 1
59697 0
59698 1
59699 0
59700 1
59701 0
59702 1
59703 2
59704 1
59705 2
59706 1
59707 0
59708 2
59709 1
59710 2
59711 0
59712 1
59713 0
59714 1
59715 2
59716 1
59717 2
59718 0
59719 2
59720 1
59721 2
59722 1
59723 0
59724 2
59725 3
59726 0
59727 2
59728 3
59729 1
59730 2
59731 1
59732 0
59733 1
59734 0
59735 1
59736 0
59737 2
59738 0
59739 1
59740 0
59741 1
59742 0
59743 1
59744 0
59745 1
59746 2
59747 1
59748 0
59749 2
59750 0
59751 1
59752 2
59753 1
59754 2
59755 1
59756 0
59757 2
59758 0
59759 2
59760 0
59761 1
59762 0
59763 1
59764 2
59765 1
59766 2
59767 3
59768 0
59769 1
59770 2
59771 0
59772 1
59773 0
59774 1
59775 0
59776 1
59777 0
59778 1
59779 2
59780 1
59781 0
59782 1
59783 0
59784 1
59785 3
59786 1
59787 2
59788 1
59789 0
59790 1
59791 0
59792 2
59793 1
59794 2
59795 0
59796 2
59797 1
59798 0
59799 1
59800 2
59801 1
59802 0
59803 2
59804 0
59805 1
59806 0
59807 2
59808 1
59809 0
59810 2
59811 1
59812 2
59813 0
59814 1
59815 2
59816 3
59817 0
59818 1
59819 2
59820 0
59821 2
59822 0
59823 1
59824 0
59825 1
59826 0
59827 2
59828 0
59829 2
59830 1
59831 0
59832 2
59833 1
59834 0
59835 1
59836 2
59837 1
59838 0
59839 1
59840 0
59841 1
59842 2
59843 3
59844 0
59845 2
59846 0
59847 2
59848 1
59849 2
59850 0
59851 2
59852 1
59853 3
59854 2
59855 3
59856 1
59857 2
59858 1
59859 2
59860 1
59861 0
59862 1
59863 3
59864 0
59865 2
59866 0
59867 1
59868 0
59869 2
59870 1
59871 0
59872 2
59873 1
59874 0
59875 2
59876 1
59877 0
59878 1
59879 0
59880 1
59881 0
59882 2
59883 1
59884 0
59885 2
59886 0
59887 1
59888 2
59889 1
59890 0
59891 1
59892 3
59893 2
59894 0
59895 1
59896 2
59897 3
59898 0
59899 3
59900 0
59901 1
59902 0
59903 2
59904 0
59905 1
59906 0
59907 2
59908 3
59909 0
59910 2
59911 0
59912 2
59913 1
59914 2
59915 3
59916 0
59917 1
59918 2
59919 0
59920 1
59921 0
59922 2
59923 1
59924 2
59925 0
59926 1
59927 2
59928 0
59929 2
59930 1
59931 2
59932 0
59933 1
59934 0
59935 1
59936 2
59937 1
59938 2
59939 0
59940 2
59941 0
59942 3
59943 2
59944 0
59945 2
59946 1
59947 0
59948 2
59949 1
59950 0
59951 2
59952 1
59953 0
59954 1
59955 0
59956 1
59957 0
59958 1
59959 0
59960 1
59961 0
59962 2
59963 1
59964 2
59965 0
59966 1
59967 2
59968 0
59969 2
59970 1
59971 0
59972 3
59973 2
59974 1
59975 0
59976 3
59977 1
59978 2
59979 3
59980 0
59981 1
59982 2
59983 0
59984 1
59985 0
59986 1
59987 2
59988 1
59989 2
59990 0
59991 1
59992 2
59993 0
59994 2
59995 1
59996 0
59997 2
59998 0
59999 2
60000 1
60001 0
60002 2
60003 1
60004 0
60005 1
60006 0
60007 2
60008 0
60009 1
60010 2
60011 0
60012 1
60013 0
60014 2
60015 0
60016 1
60017 2
60018 0
60019 2
60020 0
60021 1
60022 2
60023 0
60024 1
60025 0
60026 1
60027 2
60028 0
60029 2
60030 1
60031 2
60032 3
60033 1
60034 2
60035 3
60036 1
60037 0
60038 1
60039 0
60040 1
60041 2
60042 3
60043 1
60044 2
60045 0
60046 2
60047 1
60048 0
60049 2
60050 1
60051 2
60052 0
60053 2
60054 1
60055 0
60056 2
60057 1
60058 0
60059 2
60060 0
60061 2
60062 0
60063 1
60064 0
60065 2
60066 1
60067 0
60068 2
60069 1
60070 0
60071 1
60072 0
60073 2
60074 0
60075 2
60076 1
60077 2
60078 1
60079 2
60080 1
60081 0
60082 2
60083 1
60084 0
60085 1
60086 0
60087 2
60088 0
60089 2
60090 0
60091 1
60092 0
60093 2
60094 3
60095 0
60096 3
60097 1
60098 0
60099 2
60100 3
60101 2
60102 1
60103 0
60104 2
60105 1
60106 0
60107 1
60108 2
60109 3
60110 1
60111 2
60112 0
60113 1
60114 0
60115 2
60116 1
60117 2
60118 3
60119 1
60120 0
60121 2
60122 1
60123 2
60124 0
60125 1
60126 0
60127 1
60128 0
60129 3
60130 0
60131 1
60132 0
60133 1
60134 0
60135 2
60136 0
60137 2
60138 1
60139 0
60140 1
60141 0
60142 1
60143 0
60144 2
60145 1
60146 2
60147 1
60148 2
60149 0
60150 2
60151 3
60152 0
60153 1
60154 2
60155 0
60156 1
60157 2
60158 0
60159 1
60160 0
60161 2
60162 1
60163 0
60164 1
60165 2
60166 3
60167 1
60168 2
60169 0
60170 2
60171 1
60172 0
60173 2
60174 1
60175 0
60176 1
60177 2
60178 0
60179 2
60180 1
60181 0
60182 2
60183 0
60184 2
60185 1
60186 2
60187 0
60188 1
60189 2
60190 0
60191 2
60192 1
60193 0
60194 2
60195 1
60196 0
60197 1
60198 0
60199 1
60200 0
60201 2
60202 0
60203 1
60204 0
60205 1
60206 0
60207 2
60208 0
60209 1
60210 0
60211 1
60212 2
60213 3
60214 1
60215 0
60216 2
60217 0
60218 1
60219 0
60220 2
60221 1
60222 0
60223 1
60224 2
60225 1
60226 0
60227 1
60228 2
60229 1
60230 2
60231 0
60232 1
60233 0
60234 2
60235 0
60236 2
60237 0
60238 1
60239 2
60240 1
60241 0
60242 1
60243 0
60244 1
60245 2
60246 0
60247 1
60248 0
60249 2
60250 0
60251 2
60252 1
60253 0
60254 1
60255 0
60256 2
60257 1
60258 0
60259 2
60260 0
60261 1
60262 0
60263 1
60264 0
60265 2
60266 3
60267 1
60268 0
60269 1
60270 0
60271 1
60272 0
60273 2
60274 0
60275 1
60276 2
60277 0
60278 2
60279 0
60280 2
60281 1
60282 0
60283 2
60284 1
60285 0
60286 1
60287 0
60288 1
60289 2
60290 1
60291 2
60292 0
60293 1
60294 2
60295 0
60296 3
60297 2
60298 1
60299 2
60300 0
60301 3
60302 1
60303 0
60304 1
60305 2
60306 3
60307 1
60308 2
60309 0
60310 1
60311 0
60312 1
60313 2
60314 3
60315 1
60316 0
60317 1
60318 0
60319 2
60320 1
60321 2
60322 0
60323 2
60324 1
60325 3
60326 2
60327 0
60328 1
60329 2
60330 0
60331 1
60332 0
60333 1
60334 0
60335 1
60336 0
60337 1
60338 0
60339 1
60340 2
60341 0
60342 1
60343 0
60344 2
60345 1
60346 2
60347 0
60348 1
60349 0
60350 1
60351 2
60352 0
60353 1
60354 3
60355 2
60356 0
60357 2
60358 3
60359 1
60360 2
60361 1
60362 0
60363 1
60364 2
60365 3
60366 1
60367 2
60368 0
60369 2
60370 0
60371 2
60372 1
60373 2
60374 0
60375 1
60376 0
60377 1
60378 0
60379 1
60380 0
60381 2
60382 1
60383 2
60384 3
60385 1
60386 2
60387 1
60388 2
60389 3
60390 1
60391 0
60392 2
60393 1
60394 0
60395 1
60396 0
60397 2
60398 1
60399 2
60400 1
60401 0
60402 2
60403 0
60404 2
60405 0
60406 1
60407 0
60408 1
60409 2
60410 1
60411 2
60412 1
60413 0
60414 1
60415 2
60416 0
60417 1
60418 2
60419 1
60420 0
60421 2
60422 1
60423 3
60424 2
60425 0
60426 2
60427 0
60428 2
60429 0
60430 1
60431 2
60432 0
60433 1
60434 0
60435 1
60436 0
60437 1
60438 2
60439 0
60440 1
60441 2
60442 0
60443 1
60444 0
60445 2
60446 0
60447 1
60448 0
60449 1
60450 2
60451 1
60452 0
60453 1
60454 3
60455 2
60456 1
60457 0
60458 2
60459 0
60460 1
60461 0
60462 1
60463 0
60464 1
60465 0
60466 2
60467 1
60468 2
60469 0
60470 3
60471 2
60472 1
60473 0
60474 2
60475 1
60476 2
60477 1
60478 2
60479 0
60480 1
60481 2
60482 0
60483 1
60484 0
60485 2
60486 1
60487 0
60488 1
60489 2
60490 0
60491 1
60492 0
60493 2
60494 1
60495 0
60496 1
60497 0
60498 2
60499 1
60500 0
60501 1
60502 2
60503 1
60504 0
60505 2
60506 1
60507 2
60508 1
60509 2
60510 1
60511 0
60512 1
60513 0
60514 1
60515 0
60516 1
60517 2
60518 0
60519 2
60520 1
60521 0
60522 1
60523 2
60524 1
60525 0
60526 1
60527 0
60528 1
60529 0
60530 2
60531 1
60532 0
60533 3
60534 2
60535 1
60536 2
60537 1
60538 2
60539 0
60540 1
60541 2
60542 0
60543 1
60544 2
60545 0
60546 2
60547 3
60548 0
60549 2
60550 3
60551 1
60552 0
60553 1
60554 0
60555 2
60556 1
60557 2
60558 3
60559 0
60560 2
60561 3
60562 0
60563 1
60564 2
60565 1
60566 2
60567 1
60568 0
60569 2
60570 1
60571 2
60572 0
60573 2
60574 1
60575 3
60576 2
60577 0
60578 1
60579 2
60580 1
60581 2
60582 1
60583 2
60584 0
60585 1
60586 0
60587 1
60588 2
60589 0
60590 2
60591 1
60592 2
60593 0
60594 3
60595 2
60596 3
60597 1
60598 0
60599 1
60600 2
60601 1
60602 2
60603 0
60604 2
60605 1
60606 0
60607 2
60608 1
60609 2
60610 0
60611 1
60612 0
60613 1
60614 0
60615 1
60616 3
60617 1
60618 0
60619 1
60620 3
60621 0
60622 2
60623 1
60624 2
60625 0
60626 1
60627 2
60628 1
60629 2
60630 0
60631 1
60632 2
60633 1
60634 0
60635 2
60636 0
60637 2
60638 1
60639 0
60640 2
60641 1
60642 2
60643 1
60644 3
60645 2
60646 1
60647 2
60648 0
60649 1
60650 2
60651 1
60652 0
60653 2
60654 1
60655 0
60656 3
60657 1
60658 0
60659 2
60660 1
60661 0
60662 2
60663 1
60664 0
60665 1
60666 2
60667 0
60668 1
60669 2
60670 0
60671 1
60672 0
60673 1
60674 2
60675 0
60676 2
60677 1
60678 0
60679 1
60680 2
60681 0
60682 1
60683 0
60684 1
60685 0
60686 2
60687 0
60688 2
60689 0
60690 1
60691 2
60692 3
60693 0
60694 2
60695 1
60696 2
60697 0
60698 2
60699 1
60700 2
60701 0
60702 2
60703 1
60704 2
60705 0
60706 1
60707 2
60708 0
60709 2
60710 0
60711 3
60712 2
60713 0
60714 2
60715 1
60716 2
60717 1
60718 0
60719 2
60720 1
60721 2
60722 0
60723 1
60724 2
60725 0
60726 2
60727 0
60728 1
60729 0
60730 1
60731 2
60732 0
60733 1
60734 0
60735 1
60736 3
60737 2
60738 0
60739 1
60740 0
60741 1
60742 0
60743 1
60744 0
60745 1
60746 2
60747 0
60748 1
60749 0
60750 1
60751 2
60752 0
60753 1
60754 0
60755 2
60756 3
60757 2
60758 0
60759 1
60760 0
60761 1
60762 2
60763 0
60764 3
60765 1
60766 2
60767 0
60768 1
60769 2
60770 3
60771 2
60772 0
60773 1
60774 0
60775 1
60776 2
60777 3
60778 0
60779 2
60780 1
60781 2
60782 0
60783 1
60784 2
60785 1
60786 2
60787 0
60788 1
60789 2
60790 0
60791 1
60792 2
60793 1
60794 0
60795 1
60796 2
60797 0
60798 1
60799 0
60800 2
60801 1
60802 0
60803 2
60804 0
60805 2
60806 1
60807 2
60808 0
60809 2
60810 1
60811 2
60812 0
60813 1
60814 0
60815 3
60816 1
60817 2
60818 3
60819 0
60820 1
60821 0
60822 1
60823 0
60824 3
60825 0
60826 2
60827 0
60828 1
60829 2
60830 1
60831 2
60832 0
60833 1
60834 0
60835 1
60836 0
60837 2
60838 0
60839 1
60840 2
60841 1
60842 0
60843 2
60844 3
60845 1
60846 3
60847 0
60848 1
60849 0
60850 1
60851 0
60852 2
60853 0
60854 3
60855 2
60856 0
60857 1
60858 0
60859 1
60860 2
60861 1
60862 0
60863 1
60864 2
60865 0
60866 2
60867 0
60868 1
60869 2
60870 0
60871 2
60872 1
60873 2
60874 0
60875 2
60876 1
60877 3
60878 0
60879 1
60880 0
60881 2
60882 1
60883 0
60884 2
60885 1
60886 0
60887 1
60888 3
60889 0
60890 2
60891 1
60892 0
60893 2
60894 0
60895 1
60896 2
60897 1
60898 0
60899 1
60900 0
60901 1
60902 2
60903 0
60904 1
60905 2
60906 1
60907 0
60908 2
60909 1
60910 0
60911 2
60912 0
60913 1
60914 0
60915 2
60916 0
60917 1
60918 0
60919 1
60920 0
60921 1
60922 0
60923 2
60924 0
60925 1
60926 2
60927 0
60928 1
60929 0
60930 2
60931 3
60932 1
60933 2
60934 1
60935 2
60936 0
60937 1
60938 2
60939 1
60940 0
60941 2
60942 1
60943 2
60944 0
60945 1
60946 0
60947 1
60948 0
60949 1
60950 2
60951 1
60952 2
60953 1
60954 0
60955 2
60956 1
60957 0
60958 3
60959 2
60960 3
60961 0
60962 1
60963 2
60964 1
60965 0
60966 2
60967 1
60968 2
60969 0
60970 2
60971 3
60972 1
60973 0
60974 1
60975 0
60976 1
60977 0
60978 2
60979 0
60980 2
60981 1
60982 0
60983 2
60984 1
60985 2
60986 0
60987 1
60988 2
60989 0
60990 1
60991 0
60992 1
60993 2
60994 0
60995 1
60996 3
60997 0
60998 2
60999 0
61000 1
61001 0
61002 2
61003 0
61004 1
61005 2
61006 0
61007 2
61008 3
61009 0
61010 2
61011 1
61012 0
61013 2
61014 0
61015 3
61016 0
61017 3
61018 2
61019 3
61020 1
61021 2
61022 0
61023 1
61024 0
61025 1
61026 2
61027 0
61028 3
61029 1
61030 0
61031 1
61032 2
61033 1
61034 2
61035 0
61036 2
61037 1
61038 0
61039 2
61040 0
61041 1
61042 2
61043 0
61044 1
61045 2
61046 0
61047 1
61048 2
61049 1
61050 0
61051 2
61052 3
61053 2
61054 0
61055 1
61056 0
61057 2
61058 3
61059 0
61060 1
61061 0
61062 1
61063 0
61064 1
61065 2
61066 1
61067 2
61068 1
61069 0
61070 2
61071 1
61072 2
61073 0
61074 1
61075 0
61076 3
61077 0
61078 2
61079 0
61080 2
61081 0
61082 1
61083 0
61084 1
61085 3
61086 2
61087 0
61088 2
61089 0
61090 1
61091 0
61092 1
61093 2
61094 1
61095 0
61096 1
61097 0
61098 2
61099 0
61100 2
61101 0
61102 2
61103 1
61104 2
61105 0
61106 2
61107 3
61108 1
61109 2
61110 1
61111 0
61112 2
61113 3
61114 1
61115 0
61116 2
61117 1
61118 0
61119 1
61120 0
61121 1
61122 0
61123 1
61124 0
61125 1
61126 0
61127 1
61128 2
61129 1
61130 2
61131 0
61132 2
61133 1
61134 2
61135 3
61136 0
61137 1
61138 2
61139 1
61140 0
61141 2
61142 1
61143 3
61144 1
61145 0
61146 1
61147 0
61148 2
61149 1
61150 0
61151 2
61152 0
61153 1
61154 0
61155 2
61156 1
61157 2
61158 1
61159 2
61160 0
61161 1
61162 2
61163 0
61164 2
61165 1
61166 0
61167 2
61168 1
61169 2
61170 0
61171 1
61172 0
61173 2
61174 1
61175 0
61176 3
61177 0
61178 2
61179 3
61180 0
61181 1
61182 2
61183 0
61184 1
61185 0
61186 2
61187 1
61188 0
61189 1
61190 0
61191 2
61192 1
61193 3
61194 2
61195 0
61196 1
61197 2
61198 3
61199 0
61200 2
61201 1
61202 3
61203 0
61204 1
61205 0
61206 1
61207 2
61208 0
61209 1
61210 0
61211 2
61212 1
61213 2
61214 0
61215 1
61216 0
61217 1
61218 0
61219 2
61220 1
61221 0
61222 2
61223 1
61224 0
61225 1
61226 0
61227 1
61228 0
61229 2
61230 0
61231 1
61232 2
61233 0
61234 2
61235 0
61236 1
61237 2
61238 0
61239 1
61240 2
61241 0
61242 2
61243 1
61244 0
61245 1
61246 3
61247 2
61248 3
61249 1
61250 2
61251 0
61252 1
61253 2
61254 0
61255 2
61256 1
61257 3
61258 0
61259 2
61260 0
61261 1
61262 0
61263 1
61264 2
61265 0
61266 1
61267 2
61268 0
61269 1
61270 0
61271 1
61272 2
61273 0
61274 2
61275 0
61276 1
61277 2
61278 0
61279 1
61280 0
61281 1
61282 0
61283 1
61284 2
61285 0
61286 2
61287 0
61288 3
61289 2
61290 1
61291 0
61292 1
61293 2
61294 1
61295 0
61296 2
61297 0
61298 2
61299 1
61300 0
61301 2
61302 3
61303 0
61304 1
61305 2
61306 1
61307 2
61308 0
61309 1
61310 2
61311 0
61312 2
61313 1
61314 2
61315 0
61316 1
61317 0
61318 1
61319 0
61320 2
61321 0
61322 1
61323 2
61324 0
61325 1
61326 3
61327 2
61328 1
61329 2
61330 1
61331 0
61332 2
61333 1
61334 0
61335 2
61336 1
61337 2
61338 0
61339 2
61340 1
61341 2
61342 1
61343 2
61344 0
61345 2
61346 1
61347 2
61348 1
61349 3
61350 1
61351 2
61352 0
61353 2
61354 1
61355 0
61356 1
61357 2
61358 0
61359 1
61360 0
61361 1
61362 0
61363 2
61364 0
61365 2
61366 1
61367 0
61368 1
61369 3
61370 0
61371 1
61372 0
61373 1
61374 3
61375 2
61376 1
61377 0
61378 2
61379 1
61380 0
61381 2
61382 3
61383 1
61384 0
61385 1
61386 0
61387 1
61388 0
61389 2
61390 0
61391 1
61392 0
61393 1
61394 0
61395 2
61396 0
61397 1
61398 0
61399 2
61400 1
61401 0
61402 1
61403 2
61404 3
61405 1
61406 0
61407 1
61408 0
61409 1
61410 0
61411 2
61412 1
61413 2
61414 0
61415 1
61416 2
61417 1
61418 0
61419 2
61420 0
61421 2
61422 0
61423 1
61424 0
61425 1
61426 2
61427 1
61428 2
61429 0
61430 1
61431 2
61432 1
61433 0
61434 2
61435 0
61436 1
61437 0
61438 2
61439 0
61440 2
61441 1
61442 0
61443 1
61444 0
61445 2
61446 1
61447 2
61448 1
61449 3
61450 0
61451 2
61452 1
61453 0
61454 1
61455 0
61456 1
61457 0
61458 1
61459 0
61460 3
61461 2
61462 1
61463 2
61464 0
61465 1
61466 0
61467 1
61468 0
61469 1
61470 2
61471 1
61472 0
61473 1
61474 2
61475 0
61476 2
61477 1
61478 0
61479 1
61480 0
61481 2
61482 0
61483 1
61484 2
61485 0
61486 1
61487 0
61488 2
61489 3
61490 0
61491 1
61492 2
61493 0
61494 1
61495 0
61496 2
61497 1
61498 2
61499 1
61500 0
61501 1
61502 2
61503 0
61504 2
61505 0
61506 1
61507 0
61508 2
61509 0
61510 1
61511 0
61512 2
61513 1
61514 0
61515 2
61516 0
61517 1
61518 0
61519 1
61520 3
61521 2
61522 1
61523 2
61524 0
61525 2
61526 1
61527 2
61528 0
61529 2
61530 1
61531 2
61532 0
61533 1
61534 2
61535 0
61536 2
61537 1
61538 0
61539 1
61540 0
61541 1
61542 2
61543 0
61544 1
61545 2
61546 1
61547 2
61548 0
61549 1
61550 2
61551 1
61552 0
61553 2
61554 1
61555 0
61556 1
61557 0
61558 2
61559 0
61560 2
61561 0
61562 1
61563 0
61564 1
61565 2
61566 1
61567 2
61568 3
61569 0
61570 1
61571 0
61572 2
61573 1
61574 0
61575 3
61576 1
61577 2
61578 0
61579 1
61580 0
61581 2
61582 1
61583 2
61584 0
61585 1
61586 2
61587 0
61588 2
61589 1
61590 0
61591 1
61592 0
61593 1
61594 2
61595 1
61596 2
61597 0
61598 2
61599 1
61600 0
61601 2
61602 1
61603 3
61604 2
61605 3
61606 1
61607 0
61608 1
61609 0
61610 2
61611 0
61612 1
61613 2
61614 0
61615 1
61616 2
61617 0
61618 2
61619 1
61620 0
61621 1
61622 2
61623 0
61624 2
61625 0
61626 1
61627 2
61628 0
61629 1
61630 2
61631 0
61632 2
61633 0
61634 1
61635 0
61636 1
61637 2
61638 0
61639 1
61640 0
61641 2
61642 1
61643 0
61644 3
61645 1
61646 2
61647 0
61648 2
61649 1
61650 2
61651 0
61652 1
61653 0
61654 2
61655 1
61656 2
61657 0
61658 1
61659 0
61660 1
61661 2
61662 0
61663 2
61664 1
61665 0
61666 1
61667 2
61668 0
61669 1
61670 2
61671 1
61672 3
61673 0
61674 2
61675 0
61676 2
61677 0
61678 2
61679 3
61680 1
61681 0
61682 2
61683 1
61684 2
61685 0
61686 1
61687 0
61688 1
61689 0
61690 1
61691 0
61692 1
61693 0
61694 2
61695 0
61696 1
61697 2
61698 0
61699 1
61700 2
61701 1
61702 2
61703 0
61704 2
61705 1
61706 0
61707 2
61708 0
61709 2
61710 3
61711 1
61712 0
61713 1
61714 0
61715 2
61716 0
61717 1
61718 0
61719 1
61720 2
61721 3
61722 0
61723 2
61724 1
61725 2
61726 3
61727 2
61728 1
61729 0
61730 1
61731 2
61732 3
61733 1
61734 2
61735 1
61736 3
61737 2
61738 0
61739 2
61740 1
61741 0
61742 1
61743 0
61744 1
61745 0
61746 1
61747 2
61748 0
61749 1
61750 2
61751 0
61752 1
61753 0
61754 2
61755 3
61756 1
61757 0
61758 2
61759 1
61760 0
61761 1
61762 2
61763 0
61764 2
61765 1
61766 0
61767 1
61768 2
61769 0
61770 2
61771 0
61772 2
61773 1
61774 3
61775 2
61776 0
61777 1
61778 2
61779 1
61780 0
61781 2
61782 0
61783 2
61784 1
61785 0
61786 1
61787 0
61788 1
61789 2
61790 0
61791 1
61792 2
61793 1
61794 0
61795 1
61796 2
61797 3
61798 1
61799 0
61800 1
61801 2
61802 0
61803 2
61804 1
61805 0
61806 1
61807 0
61808 2
61809 3
61810 1
61811 0
61812 1
61813 0
61814 1
61815 0
61816 1
61817 0
61818 1
61819 3
61820 2
61821 1
61822 2
61823 0
61824 2
61825 1
61826 0
61827 1
61828 0
61829 2
61830 1
61831 2
61832 1
61833 0
61834 1
61835 2
61836 0
61837 1
61838 0
61839 1
61840 0
61841 1
61842 2
61843 1
61844 0
61845 1
61846 0
61847 1
61848 2
61849 1
61850 0
61851 3
61852 1
61853 2
61854 1
61855 2
61856 0
61857 1
61858 0
61859 1
61860 0
61861 1
61862 3
61863 0
61864 1
61865 2
61866 1
61867 0
61868 1
61869 0
61870 1
61871 3
61872 2
61873 0
61874 2
61875 1
61876 0
61877 2
61878 1
61879 2
61880 0
61881 1
61882 0
61883 1
61884 2
61885 0
61886 1
61887 2
61888 0
61889 1
61890 0
61891 1
61892 2
61893 0
61894 1
61895 0
61896 1
61897 3
61898 1
61899 0
61900 2
61901 0
61902 1
61903 0
61904 1
61905 2
61906 1
61907 0
61908 1
61909 2
61910 1
61911 0
61912 1
61913 3
61914 2
61915 3
61916 0
61917 1
61918 0
61919 2
61920 0
61921 1
61922 2
61923 0
61924 1
61925 0
61926 1
61927 0
61928 1
61929 2
61930 3
61931 1
61932 3
61933 0
61934 2
61935 1
61936 2
61937 0
61938 2
61939 0
61940 1
61941 0
61942 2
61943 0
61944 2
61945 3
61946 0
61947 1
61948 0
61949 1
61950 0
61951 1
61952 0
61953 1
61954 0
61955 2
61956 1
61957 0
61958 2
61959 1
61960 0
61961 3
61962 2
61963 1
61964 0
61965 1
61966 0
61967 1
61968 0
61969 1
61970 0
61971 1
61972 2
61973 0
61974 2
61975 1
61976 2
61977 1
61978 2
61979 0
61980 2
61981 1
61982 3
61983 1
61984 0
61985 2
61986 1
61987 0
61988 1
61989 2
61990 1
61991 2
61992 0
61993 1
61994 0
61995 1
61996 0
61997 1
61998 0
61999 2
62000 1
62001 0
62002 1
62003 0
62004 2
62005 1
62006 0
62007 1
62008 0
62009 1
62010 0
62011 1
62012 2
62013 1
62014 2
62015 0
62016 1
62017 3
62018 1
62019 2
62020 1
62021 3
62022 2
62023 1
62024 0
62025 1
62026 2
62027 3
62028 1
62029 2
62030 1
62031 2
62032 0
62033 1
62034 0
62035 3
62036 2
62037 0
62038 2
62039 1
62040 0
62041 1
62042 2
62043 1
62044 0
62045 1
62046 2
62047 0
62048 1
62049 0
62050 1
62051 2
62052 0
62053 2
62054 1
62055 2
62056 0
62057 2
62058 1
62059 2
62060 0
62061 2
62062 1
62063 2
62064 0
62065 1
62066 2
62067 1
62068 0
62069 2
62070 0
62071 1
62072 0
62073 1
62074 2
62075 0
62076 1
62077 2
62078 3
62079 1
62080 2
62081 0
62082 1
62083 0
62084 1
62085 0
62086 2
62087 1
62088 2
62089 1
62090 0
62091 1
62092 0
62093 2
62094 1
62095 0
62096 2
62097 1
62098 0
62099 1
62100 2
62101 1
62102 2
62103 0
62104 2
62105 1
62106 0
62107 1
62108 0
62109 1
62110 0
62111 1
62112 0
62113 2
62114 1
62115 0
62116 2
62117 1
62118 0
62119 2
62120 0
62121 1
62122 3
62123 1
62124 0
62125 1
62126 0
62127 1
62128 3
62129 0
62130 2
62131 0
62132 2
62133 1
62134 0
62135 3
62136 1
62137 0
62138 1
62139 0
62140 1
62141 0
62142 1
62143 2
62144 0
62145 1
62146 0
62147 2
62148 1
62149 0
62150 1
62151 0
62152 1
62153 3
62154 2
62155 1
62156 0
62157 1
62158 2
62159 0
62160 1
62161 2
62162 1
62163 2
62164 1
62165 0
62166 1
62167 2
62168 0
62169 1
62170 2
62171 0
62172 1
62173 0
62174 1
62175 0
62176 1
62177 0
62178 1
62179 0
62180 2
62181 1
62182 0
62183 1
62184 0
62185 2
62186 1
62187 3
62188 0
62189 2
62190 1
62191 0
62192 1
62193 0
62194 1
62195 0
62196 1
62197 0
62198 1
62199 0
62200 1
62201 0
62202 1
62203 0
62204 2
62205 0
62206 2
62207 1
62208 0
62209 1
62210 2
62211 1
62212 2
62213 0
62214 2
62215 0
62216 2
62217 1
62218 0
62219 1
62220 0
62221 1
62222 2
62223 0
62224 1
62225 3
62226 2
62227 0
62228 1
62229 0
62230 1
62231 2
62232 1
62233 0
62234 1
62235 2
62236 1
62237 2
62238 0
62239 1
62240 0
62241 2
62242 1
62243 2
62244 0
62245 1
62246 0
62247 1
62248 0
62249 2
62250 0
62251 1
62252 0
62253 1
62254 0
62255 2
62256 1
62257 0
62258 1
62259 3
62260 1
62261 2
62262 3
62263 0
62264 1
62265 2
62266 1
62267 2
62268 0
62269 1
62270 2
62271 0
62272 1
62273 0
62274 2
62275 0
62276 1
62277 0
62278 1
62279 0
62280 2
62281 0
62282 1
62283 0
62284 1
62285 0
62286 2
62287 0
62288 1
62289 2
62290 1
62291 0
62292 3
62293 2
62294 1
62295 2
62296 0
62297 2
62298 0
62299 2
62300 1
62301 0
62302 1
62303 2
62304 0
62305 2
62306 1
62307 0
62308 1
62309 2
62310 1
62311 0
62312 2
62313 0
62314 2
62315 1
62316 0
62317 1
62318 2
62319 3
62320 1
62321 2
62322 0
62323 1
62324 2
62325 0
62326 1
62327 0
62328 2
62329 1
62330 0
62331 2
62332 1
62333 0
62334 2
62335 0
62336 1
62337 0
62338 2
62339 1
62340 0
62341 1
62342 2
62343 0
62344 2
62345 1
62346 0
62347 1
62348 2
62349 1
62350 2
62351 0
62352 1
62353 0
62354 1
62355 0
62356 1
62357 3
62358 0
62359 2
62360 1
62361 0
62362 1
62363 0
62364 1
62365 3
62366 0
62367 1
62368 2
62369 3
62370 1
62371 0
62372 2
62373 1
62374 2
62375 0
62376 1
62377 0
62378 1
62379 2
62380 1
62381 0
62382 1
62383 0
62384 2
62385 1
62386 0
62387 2
62388 3
62389 0
62390 2
62391 0
62392 1
62393 2
62394 0
62395 1
62396 0
62397 1
62398 0
62399 3
62400 2
62401 0
62402 1
62403 2
62404 1
62405 0
62406 1
62407 0
62408 2
62409 0
62410 3
62411 2
62412 1
62413 2
62414 0
62415 2
62416 1
62417 2
62418 0
62419 2
62420 1
62421 2
62422 0
62423 1
62424 0
62425 1
62426 0
62427 1
62428 2
62429 1
62430 2
62431 1
62432 0
62433 2
62434 1
62435 0
62436 2
62437 3
62438 1
62439 0
62440 1
62441 2
62442 0
62443 1
62444 2
62445 1
62446 2
62447 0
62448 1
62449 0
62450 1
62451 0
62452 2
62453 1
62454 3
62455 2
62456 1
62457 0
62458 1
62459 0
62460 2
62461 0
62462 1
62463 0
62464 1
62465 2
62466 1
62467 3
62468 0
62469 3
62470 0
62471 1
62472 2
62473 1
62474 0
62475 1
62476 2
62477 0
62478 1
62479 2
62480 0
62481 1
62482 2
62483 0
62484 3
62485 2
62486 1
62487 0
62488 2
62489 1
62490 0
62491 2
62492 1
62493 0
62494 1
62495 2
62496 0
62497 2
62498 1
62499 2
62500 0
62501 2
62502 0
62503 2
62504 3
62505 1
62506 2
62507 0
62508 1
62509 0
62510 2
62511 3
62512 1
62513 0
62514 1
62515 0
62516 1
62517 0
62518 2
62519 1
62520 2
62521 0
62522 1
62523 2
62524 0
62525 1
62526 2
62527 0
62528 1
62529 2
62530 0
62531 2
62532 0
62533 2
62534 1
62535 3
62536 0
62537 1
62538 0
62539 1
62540 2
62541 3
62542 1
62543 0
62544 2
62545 0
62546 2
62547 3
62548 1
62549 0
62550 1
62551 0
62552 1
62553 0
62554 2
62555 1
62556 2
62557 0
62558 3
62559 2
62560 1
62561 2
62562 0
62563 1
62564 2
62565 1
62566 2
62567 3
62568 1
62569 2
62570 0
62571 2
62572 1
62573 2
62574 1
62575 0
62576 1
62577 2
62578 1
62579 0
62580 2
62581 1
62582 2
62583 0
62584 1
62585 3
62586 2
62587 1
62588 0
62589 2
62590 1
62591 2
62592 0
62593 2
62594 3
62595 1
62596 0
62597 3
62598 0
62599 1
62600 0
62601 2
62602 1
62603 2
62604 0
62605 1
62606 2
62607 3
62608 0
62609 2
62610 0
62611 1
62612 2
62613 0
62614 2
62615 1
62616 0
62617 2
62618 0
62619 2
62620 0
62621 1
62622 0
62623 2
62624 0
62625 3
62626 0
62627 2
62628 1
62629 0
62630 1
62631 2
62632 1
62633 3
62634 2
62635 3
62636 0
62637 1
62638 0
62639 1
62640 2
62641 0
62642 1
62643 2
62644 0
62645 1
62646 0
62647 2
62648 0
62649 2
62650 0
62651 2
62652 1
62653 2
62654 3
62655 0
62656 2
62657 1
62658 0
62659 3
62660 1
62661 2
62662 1
62663 0
62664 2
62665 1
62666 2
62667 0
62668 1
62669 3
62670 2
62671 1
62672 2
62673 0
62674 2
62675 1
62676 3
62677 0
62678 1
62679 2
62680 1
62681 2
62682 0
62683 1
62684 2
62685 0
62686 1
62687 0
62688 3
62689 0
62690 1
62691 0
62692 1
62693 0
62694 1
62695 0
62696 1
62697 2
62698 1
62699 0
62700 1
62701 2
62702 0
62703 1
62704 0
62705 2
62706 0
62707 1
62708 2
62709 0
62710 1
62711 0
62712 1
62713 0
62714 1
62715 2
62716 0
62717 1
62718 0
62719 2
62720 1
62721 2
62722 0
62723 2
62724 0
62725 1
62726 0
62727 1
62728 0
62729 1
62730 0
62731 1
62732 0
62733 2
62734 3
62735 1
62736 2
62737 0
62738 2
62739 1
62740 0
62741 1
62742 0
62743 2
62744 0
62745 2
62746 1
62747 0
62748 3
62749 2
62750 0
62751 2
62752 1
62753 0
62754 2
62755 1
62756 3
62757 1
62758 2
62759 3
62760 0
62761 2
62762 0
62763 1
62764 0
62765 1
62766 0
62767 1
62768 2
62769 1
62770 0
62771 3
62772 1
62773 2
62774 0
62775 1
62776 2
62777 3
62778 1
62779 0
62780 1
62781 0
62782 3
62783 2
62784 1
62785 0
62786 1
62787 2
62788 0
62789 2
62790 1
62791 2
62792 3
62793 1
62794 0
62795 1
62796 2
62797 0
62798 2
62799 1
62800 3
62801 2
62802 0
62803 1
62804 0
62805 1
62806 2
62807 0
62808 2
62809 1
62810 0
62811 1
62812 0
62813 1
62814 3
62815 0
62816 1
62817 0
62818 1
62819 2
62820 0
62821 1
62822 0
62823 2
62824 1
62825 0
62826 1
62827 0
62828 3
62829 1
62830 2
62831 0
62832 1
62833 0
62834 3
62835 1
62836 0
62837 2
62838 1
62839 2
62840 0
62841 1
62842 0
62843 1
62844 0
62845 2
62846 1
62847 2
62848 3
62849 0
62850 2
62851 1
62852 2
62853 3
62854 0
62855 2
62856 3
62857 0
62858 1
62859 0
62860 2
62861 0
62862 2
62863 0
62864 1
62865 0
62866 2
62867 1
62868 2
62869 0
62870 1
62871 0
62872 1
62873 0
62874 1
62875 0
62876 2
62877 1
62878 2
62879 1
62880 0
62881 1
62882 0
62883 2
62884 1
62885 2
62886 0
62887 1
62888 0
62889 1
62890 0
62891 1
62892 2
62893 1
62894 0
62895 2
62896 0
62897 3
62898 2
62899 0
62900 1
62901 2
62902 0
62903 1
62904 2
62905 3
62906 1
62907 0
62908 1
62909 0
62910 3
62911 1
62912 2
62913 0
62914 2
62915 1
62916 0
62917 1
62918 2
62919 1
62920 2
62921 0
62922 3
62923 0
62924 1
62925 2
62926 0
62927 2
62928 0
62929 1
62930 0
62931 2
62932 0
62933 1
62934 2
62935 0
62936 1
62937 2
62938 1
62939 0
62940 1
62941 2
62942 1
62943 0
62944 1
62945 0
62946 1
62947 0
62948 1
62949 2
62950 0
62951 1
62952 0
62953 1
62954 0
62955 1
62956 0
62957 2
62958 1
62959 0
62960 2
62961 3
62962 1
62963 0
62964 3
62965 2
62966 1
62967 2
62968 0
62969 1
62970 0
62971 1
62972 0
62973 1
62974 0
62975 1
62976 2
62977 0
62978 2
62979 1
62980 2
62981 1
62982 0
62983 2
62984 0
62985 1
62986 0
62987 2
62988 0
62989 3
62990 2
62991 3
62992 0
62993 1
62994 0
62995 2
62996 3
62997 0
62998 1
62999 0
63000 1
63001 3
63002 0
63003 1
63004 0
63005 2
63006 1
63007 2
63008 3
63009 2
63010 3
63011 1
63012 2
63013 0
63014 1
63015 0
63016 1
63017 2
63018 1
63019 0
63020 1
63021 0
63022 2
63023 1
63024 2
63025 0
63026 3
63027 1
63028 2
63029 0
63030 1
63031 0
63032 1
63033 0
63034 1
63035 0
63036 2
63037 1
63038 0
63039 2
63040 0
63041 1
63042 2
63043 1
63044 0
63045 1
63046 0
63047 1
63048 0
63049 1
63050 2
63051 0
63052 1
63053 0
63054 2
63055 0
63056 2
63057 1
63058 0
63059 2
63060 3
63061 1
63062 2
63063 0
63064 2
63065 1
63066 3
63067 0
63068 1
63069 0
63070 1
63071 0
63072 2
63073 1
63074 2
63075 3
63076 0
63077 1
63078 2
63079 3
63080 0
63081 2
63082 0
63083 1
63084 0
63085 1
63086 2
63087 0
63088 1
63089 3
63090 2
63091 1
63092 0
63093 1
63094 3
63095 2
63096 0
63097 2
63098 1
63099 2
63100 3
63101 0
63102 1
63103 0
63104 1
63105 2
63106 1
63107 2
63108 1
63109 0
63110 2
63111 1
63112 0
63113 2
63114 0
63115 1
63116 2
63117 3
63118 0
63119 2
63120 1
63121 2
63122 0
63123 2
63124 0
63125 2
63126 3
63127 1
63128 2
63129 0
63130 1
63131 0
63132 1
63133 2
63134 0
63135 2
63136 1
63137 0
63138 1
63139 2
63140 3
63141 0
63142 2
63143 1
63144 0
63145 2
63146 1
63147 0
63148 3
63149 2
63150 0
63151 1
63152 0
63153 1
63154 2
63155 0
63156 2
63157 1
63158 2
63159 0
63160 1
63161 2
63162 0
63163 2
63164 1
63165 0
63166 1
63167 0
63168 2
63169 1
63170 2
63171 0
63172 2
63173 0
63174 2
63175 3
63176 1
63177 0
63178 1
63179 2
63180 0
63181 1
63182 0
63183 2
63184 1
63185 0
63186 1
63187 2
63188 0
63189 3
63190 0
63191 3
63192 1
63193 0
63194 1
63195 3
63196 4
63197 2
63198 3
63199 0
63200 1
63201 3
63202 0
63203 1
63204 3
63205 0
63206 2
63207 0
63208 2
63209 1
63210 0
63211 2
63212 1
63213 2
63214 0
63215 2
63216 0
63217 2
63218 1
63219 2
63220 0
63221 2
63222 0
63223 3
63224 0
63225 2
63226 1
63227 0
63228 2
63229 1
63230 0
63231 2
63232 1
63233 2
63234 1
63235 2
63236 0
63237 2
63238 1
63239 2
63240 1
63241 0
63242 2
63243 1
63244 2
63245 3
63246 1
63247 0
63248 1
63249 0
63250 2
63251 3
63252 0
63253 2
63254 0
63255 1
63256 0
63257 1
63258 0
63259 1
63260 0
63261 1
63262 0
63263 1
63264 0
63265 1
63266 2
63267 1
63268 0
63269 3
63270 2
63271 1
63272 2
63273 1
63274 2
63275 0
63276 2
63277 1
63278 0
63279 2
63280 1
63281 0
63282 1
63283 0
63284 1
63285 2
63286 1
63287 0
63288 1
63289 0
63290 1
63291 2
63292 0
63293 2
63294 0
63295 1
63296 0
63297 2
63298 1
63299 2
63300 0
63301 1
63302 0
63303 1
63304 2
63305 1
63306 0
63307 2
63308 1
63309 0
63310 1
63311 2
63312 0
63313 3
63314 1
63315 2
63316 1
63317 2
63318 0
63319 1
63320 0
63321 2
63322 1
63323 2
63324 1
63325 0
63326 1
63327 0
63328 1
63329 0
63330 2
63331 1
63332 0
63333 2
63334 1
63335 2
63336 0
63337 3
63338 0
63339 2
63340 1
63341 0
63342 2
63343 3
63344 0
63345 1
63346 0
63347 2
63348 1
63349 2
63350 0
63351 2
63352 1
63353 0
63354 1
63355 2
63356 1
63357 2
63358 0
63359 1
63360 0
63361 2
63362 1
63363 2
63364 0
63365 1
63366 0
63367 1
63368 2
63369 0
63370 1
63371 0
63372 2
63373 3
63374 1
63375 2
63376 1
63377 2
63378 0
63379 2
63380 3
63381 0
63382 1
63383 0
63384 1
63385 0
63386 2
63387 0
63388 1
63389 2
63390 0
63391 3
63392 1
63393 2
63394 0
63395 1
63396 0
63397 2
63398 0
63399 1
63400 0
63401 3
63402 2
63403 1
63404 0
63405 1
63406 2
63407 1
63408 0
63409 2
63410 1
63411 0
63412 1
63413 0
63414 1
63415 2
63416 1
63417 0
63418 2
63419 0
63420 1
63421 2
63422 3
63423 0
63424 3
63425 2
63426 1
63427 0
63428 1
63429 2
63430 0
63431 2
63432 1
63433 0
63434 1
63435 0
63436 1
63437 0
63438 2
63439 1
63440 2
63441 0
63442 1
63443 2
63444 0
63445 1
63446 2
63447 0
63448 2
63449 0
63450 2
63451 0
63452 2
63453 0
63454 2
63455 1
63456 0
63457 2
63458 1
63459 0
63460 3
63461 1
63462 0
63463 1
63464 0
63465 2
63466 1
63467 0
63468 1
63469 0
63470 2
63471 0
63472 1
63473 0
63474 1
63475 0
63476 1
63477 2
63478 1
63479 2
63480 0
63481 2
63482 1
63483 0
63484 1
63485 2
63486 1
63487 3
63488 1
63489 2
63490 1
63491 2
63492 0
63493 2
63494 1
63495 0
63496 2
63497 0
63498 2
63499 1
63500 0
63501 1
63502 2
63503 0
63504 1
63505 2
63506 0
63507 1
63508 0
63509 1
63510 0
63511 1
63512 2
63513 0
63514 1
63515 0
63516 2
63517 0
63518 1
63519 2
63520 1
63521 3
63522 2
63523 1
63524 0
63525 2
63526 3
63527 1
63528 0
63529 2
63530 0
63531 1
63532 2
63533 0
63534 1
63535 0
63536 1
63537 0
63538 1
63539 0
63540 1
63541 2
63542 0
63543 1
63544 0
63545 1
63546 2
63547 0
63548 2
63549 1
63550 0
63551 1
63552 0
63553 2
63554 0
63555 1
63556 0
63557 1
63558 2
63559 0
63560 2
63561 0
63562 1
63563 0
63564 1
63565 0
63566 1
63567 2
63568 0
63569 3
63570 0
63571 1
63572 0
63573 2
63574 1
63575 3
63576 2
63577 1
63578 2
63579 1
63580 0
63581 1
63582 3
63583 1
63584 0
63585 1
63586 2
63587 0
63588 2
63589 0
63590 1
63591 2
63592 0
63593 1
63594 2
63595 0
63596 2
63597 0
63598 1
63599 0
63600 2
63601 1
63602 0
63603 1
63604 0
63605 2
63606 1
63607 2
63608 1
63609 2
63610 0
63611 2
63612 1
63613 2
63614 1
63615 0
63616 1
63617 0
63618 1
63619 0
63620 3
63621 1
63622 0
63623 2
63624 0
63625 1
63626 2
63627 0
63628 2
63629 1
63630 0
63631 1
63632 2
63633 0
63634 1
63635 2
63636 0
63637 1
63638 0
63639 2
63640 0
63641 2
63642 1
63643 2
63644 1
63645 0
63646 1
63647 2
63648 0
63649 1
63650 3
63651 2
63652 0
63653 1
63654 0
63655 1
63656 0
63657 1
63658 0
63659 1
63660 2
63661 1
63662 2
63663 1
63664 0
63665 2
63666 0
63667 1
63668 2
63669 0
63670 2
63671 0
63672 1
63673 2
63674 1
63675 0
63676 1
63677 0
63678 1
63679 0
63680 3
63681 1
63682 0
63683 1
63684 2
63685 0
63686 1
63687 0
63688 3
63689 1
63690 0
63691 2
63692 0
63693 1
63694 0
63695 3
63696 1
63697 0
63698 2
63699 1
63700 0
63701 1
63702 2
63703 0
63704 2
63705 1
63706 0
63707 2
63708 1
63709 2
63710 1
63711 2
63712 0
63713 1
63714 0
63715 2
63716 1
63717 0
63718 1
63719 0
63720 1
63721 0
63722 1
63723 2
63724 0
63725 1
63726 0
63727 2
63728 1
63729 2
63730 0
63731 1
63732 0
63733 1
63734 2
63735 0
63736 1
63737 3
63738 1
63739 0
63740 1
63741 0
63742 2
63743 0
63744 1
63745 0
63746 2
63747 3
63748 1
63749 2
63750 1
63751 2
63752 0
63753 2
63754 1
63755 2
63756 1
63757 0
63758 1
63759 0
63760 1
63761 2
63762 3
63763 0
63764 2
63765 0
63766 2
63767 0
63768 1
63769 0
63770 2
63771 0
63772 1
63773 0
63774 2
63775 0
63776 1
63777 2
63778 1
63779 0
63780 2
63781 1
63782 2
63783 0
63784 3
63785 1
63786 2
63787 1
63788 0
63789 1
63790 0
63791 1
63792 0
63793 2
63794 0
63795 1
63796 2
63797 1
63798 0
63799 2
63800 0
63801 1
63802 2
63803 0
63804 1
63805 0
63806 1
63807 0
63808 1
63809 2
63810 0
63811 3
63812 1
63813 2
63814 1
63815 0
63816 2
63817 0
63818 1
63819 0
63820 1
63821 0
63822 2
63823 0
63824 1
63825 3
63826 0
63827 2
63828 1
63829 2
63830 1
63831 3
63832 2
63833 1
63834 2
63835 1
63836 2
63837 0
63838 1
63839 0
63840 1
63841 2
63842 1
63843 2
63844 0
63845 1
63846 2
63847 1
63848 0
63849 1
63850 0
63851 1
63852 0
63853 1
63854 0
63855 1
63856 2
63857 0
63858 2
63859 3
63860 1
63861 0
63862 2
63863 1
63864 0
63865 2
63866 1
63867 0
63868 1
63869 2
63870 1
63871 0
63872 1
63873 0
63874 2
63875 1
63876 0
63877 1
63878 0
63879 1
63880 2
63881 0
63882 1
63883 0
63884 1
63885 0
63886 2
63887 1
63888 2
63889 0
63890 2
63891 0
63892 1
63893 0
63894 1
63895 0
63896 1
63897 2
63898 3
63899 0
63900 2
63901 1
63902 2
63903 0
63904 1
63905 2
63906 1
63907 3
63908 2
63909 1
63910 2
63911 1
63912 2
63913 0
63914 1
63915 0
63916 2
63917 0
63918 1
63919 2
63920 0
63921 2
63922 1
63923 0
63924 3
63925 2
63926 0
63927 1
63928 2
63929 0
63930 2
63931 0
63932 1
63933 0
63934 1
63935 0
63936 2
63937 1
63938 0
63939 2
63940 1
63941 2
63942 0
63943 2
63944 1
63945 2
63946 1
63947 0
63948 2
63949 1
63950 2
63951 0
63952 2
63953 1
63954 0
63955 2
63956 0
63957 2
63958 0
63959 1
63960 0
63961 1
63962 0
63963 1
63964 2
63965 0
63966 2
63967 1
63968 0
63969 2
63970 1
63971 0
63972 2
63973 0
63974 1
63975 2
63976 0
63977 2
63978 0
63979 2
63980 1
63981 0
63982 1
63983 2
63984 0
63985 2
63986 1
63987 0
63988 2
63989 0
63990 1
63991 2
63992 0
63993 1
63994 2
63995 1
63996 3
63997 2
63998 0
63999 1
64000 0
64001 1
64002 2
64003 0
64004 2
64005 3
64006 1
64007 0
64008 2
64009 1
64010 0
64011 1
64012 3
64013 2
64014 1
64015 2
64016 1
64017 2
64018 1
64019 2
64020 1
64021 2
64022 1
64023 0
64024 1
64025 0
64026 1
64027 0
64028 1
64029 0
64030 1
64031 2
64032 0
64033 1
64034 0
64035 2
64036 0
64037 2
64038 0
64039 1
64040 0
64041 2
64042 3
64043 2
64044 1
64045 0
64046 1
64047 0
64048 1
64049 0
64050 2
64051 1
64052 0
64053 2
64054 0
64055 1
64056 2
64057 0
64058 1
64059 0
64060 1
64061 0
64062 2
64063 3
64064 2
64065 1
64066 0
64067 1
64068 0
64069 1
64070 2
64071 0
64072 2
64073 0
64074 2
64075 3
64076 1
64077 0
64078 2
64079 0
64080 1
64081 2
64082 0
64083 3
64084 1
64085 0
64086 1
64087 0
64088 1
64089 0
64090 2
64091 0
64092 2
64093 1
64094 0
64095 1
64096 2
64097 3
64098 0
64099 2
64100 0
64101 1
64102 0
64103 1
64104 0
64105 1
64106 2
64107 0
64108 1
64109 0
64110 1
64111 0
64112 1
64113 0
64114 1
64115 2
64116 0
64117 3
64118 0
64119 2
64120 1
64121 2
64122 1
64123 2
64124 3
64125 2
64126 1
64127 2
64128 1
64129 0
64130 1
64131 2
64132 1
64133 2
64134 1
64135 0
64136 2
64137 1
64138 2
64139 1
64140 0
64141 1
64142 0
64143 1
64144 2
64145 0
64146 1
64147 0
64148 2
64149 1
64150 0
64151 2
64152 1
64153 0
64154 1
64155 0
64156 1
64157 3
64158 4
64159 0
64160 1
64161 0
64162 1
64163 0
64164 1
64165 2
64166 0
64167 1
64168 0
64169 1
64170 2
64171 0
64172 1
64173 2
64174 1
64175 0
64176 2
64177 1
64178 2
64179 0
64180 2
64181 0
64182 1
64183 0
64184 1
64185 0
64186 2
64187 0
64188 1
64189 2
64190 1
64191 0
64192 2
64193 0
64194 2
64195 0
64196 1
64197 0
64198 1
64199 0
64200 1
64201 0
64202 2
64203 1
64204 0
64205 2
64206 1
64207 0
64208 2
64209 1
64210 2
64211 0
64212 1
64213 2
64214 0
64215 2
64216 0
64217 1
64218 2
64219 0
64220 1
64221 0
64222 2
64223 0
64224 2
64225 0
64226 2
64227 1
64228 0
64229 2
64230 1
64231 2
64232 0
64233 2
64234 1
64235 2
64236 1
64237 0
64238 1
64239 2
64240 0
64241 2
64242 1
64243 0
64244 1
64245 2
64246 3
64247 1
64248 2
64249 0
64250 2
64251 0
64252 2
64253 4
64254 3
64255 2
64256 3
64257 1
64258 2
64259 1
64260 2
64261 0
64262 2
64263 1
64264 0
64265 1
64266 0
64267 1
64268 2
64269 1
64270 0
64271 1
64272 0
64273 1
64274 2
64275 3
64276 1
64277 0
64278 2
64279 0
64280 2
64281 1
64282 0
64283 2
64284 1
64285 2
64286 0
64287 1
64288 0
64289 2
64290 3
64291 2
64292 0
64293 2
64294 0
64295 1
64296 0
64297 2
64298 1
64299 2
64300 1
64301 3
64302 2
64303 1
64304 0
64305 2
64306 0
64307 1
64308 0
64309 2
64310 1
64311 0
64312 2
64313 0
64314 2
64315 1
64316 0
64317 2
64318 1
64319 0
64320 1
64321 2
64322 1
64323 0
64324 1
64325 2
64326 3
64327 0
64328 3
64329 1
64330 0
64331 2
64332 0
64333 2
64334 1
64335 0
64336 2
64337 0
64338 2
64339 0
64340 1
64341 0
64342 1
64343 0
64344 1
64345 0
64346 1
64347 0
64348 1
64349 0
64350 1
64351 0
64352 2
64353 0
64354 2
64355 1
64356 0
64357 1
64358 2
64359 1
64360 0
64361 1
64362 0
64363 1
64364 2
64365 0
64366 2
64367 1
64368 2
64369 0
64370 1
64371 0
64372 2
64373 0
64374 1
64375 0
64376 1
64377 0
64378 2
64379 1
64380 2
64381 0
64382 1
64383 2
64384 0
64385 1
64386 2
64387 0
64388 2
64389 1
64390 0
64391 1
64392 0
64393 1
64394 0
64395 1
64396 0
64397 2
64398 0
64399 2
64400 0
64401 2
64402 1
64403 2
64404 3
64405 0
64406 1
64407 0
64408 2
64409 0
64410 1
64411 0
64412 2
64413 3
64414 2
64415 0
64416 2
64417 1
64418 0
64419 2
64420 0
64421 1
64422 2
64423 0
64424 3
64425 1
64426 2
64427 1
64428 0
64429 2
64430 1
64431 0
64432 1
64433 2
64434 0
64435 1
64436 0
64437 3
64438 1
64439 2
64440 0
64441 1
64442 0
64443 2
64444 0
64445 1
64446 0
64447 1
64448 2
64449 3
64450 0
64451 2
64452 0
64453 1
64454 0
64455 2
64456 3
64457 0
64458 3
64459 1
64460 2
64461 0
64462 1
64463 2
64464 0
64465 1
64466 2
64467 0
64468 1
64469 0
64470 1
64471 2
64472 1
64473 0
64474 2
64475 0
64476 1
64477 2
64478 0
64479 2
64480 1
64481 2
64482 0
64483 1
64484 2
64485 0
64486 2
64487 1
64488 0
64489 1
64490 0
64491 2
64492 1
64493 0
64494 2
64495 1
64496 2
64497 1
64498 2
64499 0
64500 2
64501 0
64502 2
64503 1
64504 0
64505 1
64506 2
64507 0
64508 3
64509 1
64510 2
64511 1
64512 0
64513 1
64514 2
64515 1
64516 0
64517 2
64518 0
64519 2
64520 1
64521 0
64522 2
64523 0
64524 1
64525 0
64526 2
64527 1
64528 0
64529 1
64530 0
64531 2
64532 1
64533 2
64534 0
64535 2
64536 1
64537 0
64538 1
64539 0
64540 1
64541 2
64542 0
64543 1
64544 2
64545 1
64546 3
64547 0
64548 1
64549 2
64550 0
64551 2
64552 1
64553 2
64554 1
64555 2
64556 0
64557 1
64558 0
64559 1
64560 2
64561 3
64562 1
64563 2
64564 0
64565 1
64566 2
64567 1
64568 0
64569 1
64570 2
64571 0
64572 1
64573 0
64574 1
64575 3
64576 2
64577 0
64578 1
64579 0
64580 1
64581 2
64582 1
64583 2
64584 1
64585 0
64586 2
64587 1
64588 0
64589 2
64590 1
64591 0
64592 3
64593 0
64594 2
64595 1
64596 3
64597 0
64598 2
64599 0
64600 2
64601 1
64602 2
64603 1
64604 0
64605 2
64606 0
64607 1
64608 2
64609 0
64610 2
64611 0
64612 1
64613 0
64614 1
64615 0
64616 1
64617 0
64618 2
64619 1
64620 0
64621 1
64622 0
64623 2
64624 1
64625 2
64626 1
64627 0
64628 2
64629 0
64630 2
64631 0
64632 1
64633 0
64634 1
64635 0
64636 1
64637 2
64638 0
64639 1
64640 2
64641 0
64642 2
64643 0
64644 1
64645 2
64646 0
64647 1
64648 2
64649 1
64650 3
64651 2
64652 0
64653 1
64654 2
64655 0
64656 1
64657 0
64658 1
64659 2
64660 0
64661 1
64662 2
64663 0
64664 1
64665 0
64666 3
64667 1
64668 0
64669 1
64670 2
64671 1
64672 0
64673 1
64674 2
64675 1
64676 2
64677 1
64678 2
64679 0
64680 1
64681 0
64682 2
64683 1
64684 0
64685 1
64686 2
64687 0
64688 1
64689 2
64690 0
64691 2
64692 0
64693 2
64694 3
64695 2
64696 1
64697 2
64698 1
64699 0
64700 2
64701 1
64702 0
64703 1
64704 0
64705 2
64706 1
64707 0
64708 1
64709 2
64710 0
64711 2
64712 1
64713 3
64714 0
64715 1
64716 2
64717 1
64718 2
64719 1
64720 0
64721 1
64722 0
64723 1
64724 2
64725 1
64726 0
64727 2
64728 0
64729 1
64730 2
64731 0
64732 2
64733 1
64734 0
64735 2
64736 1
64737 0
64738 3
64739 1
64740 0
64741 1
64742 2
64743 0
64744 1
64745 0
64746 1
64747 0
64748 1
64749 2
64750 0
64751 1
64752 0
64753 2
64754 0
64755 1
64756 2
64757 1
64758 0
64759 2
64760 1
64761 0
64762 1
64763 2
64764 1
64765 0
64766 1
64767 0
64768 2
64769 1
64770 0
64771 1
64772 0
64773 2
64774 3
64775 0
64776 1
64777 2
64778 0
64779 2
64780 1
64781 2
64782 0
64783 1
64784 0
64785 2
64786 1
64787 2
64788 0
64789 1
64790 0
64791 1
64792 0
64793 1
64794 2
64795 1
64796 0
64797 2
64798 1
64799 2
64800 0
64801 2
64802 1
64803 0
64804 1
64805 0
64806 1
64807 0
64808 2
64809 1
64810 2
64811 0
64812 1
64813 2
64814 1
64815 0
64816 1
64817 2
64818 0
64819 1
64820 0
64821 1
64822 0
64823 1
64824 2
64825 1
64826 2
64827 0
64828 2
64829 1
64830 2
64831 0
64832 2
64833 0
64834 1
64835 2
64836 0
64837 3
64838 1
64839 0
64840 2
64841 1
64842 2
64843 1
64844 2
64845 1
64846 0
64847 3
64848 1
64849 2
64850 3
64851 1
64852 2
64853 0
64854 1
64855 0
64856 1
64857 2
64858 1
64859 0
64860 1
64861 0
64862 3
64863 0
64864 1
64865 0
64866 1
64867 0
64868 1
64869 0
64870 1
64871 2
64872 0
64873 2
64874 1
64875 0
64876 1
64877 2
64878 0
64879 1
64880 2
64881 0
64882 3
64883 2
64884 3
64885 0
64886 1
64887 0
64888 1
64889 0
64890 1
64891 2
64892 0
64893 1
64894 2
64895 0
64896 2
64897 1
64898 0
64899 2
64900 1
64901 2
64902 0
64903 1
64904 2
64905 0
64906 2
64907 1
64908 0
64909 2
64910 0
64911 2
64912 1
64913 0
64914 1
64915 2
64916 0
64917 1
64918 0
64919 2
64920 1
64921 0
64922 2
64923 1
64924 0
64925 1
64926 2
64927 0
64928 1
64929 0
64930 1
64931 2
64932 3
64933 1
64934 2
64935 1
64936 2
64937 0
64938 2
64939 1
64940 0
64941 1
64942 0
64943 1
64944 0
64945 1
64946 0
64947 2
64948 1
64949 0
64950 1
64951 2
64952 1
64953 2
64954 0
64955 1
64956 0
64957 2
64958 3
64959 1
64960 2
64961 0
64962 2
64963 1
64964 2
64965 0
64966 2
64967 0
64968 1
64969 0
64970 2
64971 3
64972 1
64973 2
64974 0
64975 2
64976 1
64977 0
64978 2
64979 0
64980 1
64981 0
64982 2
64983 0
64984 1
64985 0
64986 1
64987 2
64988 0
64989 2
64990 1
64991 2
64992 3
64993 0
64994 1
64995 0
64996 2
64997 3
64998 0
64999 2
65000 0
65001 2
65002 0
65003 2
65004 0
65005 1
65006 0
65007 1
65008 2
65009 1
65010 0
65011 2
65012 0
65013 1
65014 0
65015 1
65016 2
65017 0
65018 2
65019 0
65020 2
65021 1
65022 0
65023 1
65024 2
65025 0
65026 1
65027 0
65028 2
65029 1
65030 0
65031 1
65032 0
65033 2
65034 1
65035 2
65036 1
65037 0
65038 2
65039 0
65040 2
65041 1
65042 0
65043 2
65044 1
65045 2
65046 3
65047 1
65048 0
65049 1
65050 0
65051 1
65052 0
65053 1
65054 0
65055 1
65056 2
65057 0
65058 2
65059 1
65060 2
65061 1
65062 2
65063 0
65064 1
65065 0
65066 2
65067 1
65068 0
65069 1
65070 2
65071 0
65072 2
65073 1
65074 0
65075 1
65076 2
65077 0
65078 1
65079 2
65080 0
65081 1
65082 2
65083 0
65084 1
65085 2
65086 3
65087 1
65088 2
65089 0
65090 1
65091 2
65092 0
65093 2
65094 0
65095 1
65096 2
65097 0
65098 1
65099 2
65100 0
65101 2
65102 1
65103 0
65104 1
65105 2
65106 0
65107 2
65108 1
65109 0
65110 1
65111 0
65112 2
65113 1
65114 0
65115 1
65116 2
65117 1
65118 2
65119 1
65120 0
65121 1
65122 2
65123 1
65124 0
65125 3
65126 0
65127 1
65128 0
65129 2
65130 0
65131 1
65132 0
65133 2
65134 1
65135 3
65136 2
65137 1
65138 2
65139 0
65140 2
65141 0
65142 2
65143 1
65144 2
65145 0
65146 2
65147 1
65148 0
65149 1
65150 0
65151 2
65152 1
65153 0
65154 1
65155 0
65156 1
65157 0
65158 2
65159 3
65160 1
65161 2
65162 0
65163 1
65164 2
65165 1
65166 0
65167 1
65168 0
65169 1
65170 2
65171 0
65172 2
65173 1
65174 2
65175 0
65176 2
65177 1
65178 0
65179 2
65180 1
65181 2
65182 0
65183 2
65184 1
65185 2
65186 0
65187 2
65188 1
65189 2
65190 0
65191 1
65192 0
65193 2
65194 1
65195 0
65196 1
65197 0
65198 1
65199 0
65200 1
65201 2
65202 1
65203 0
65204 1
65205 2
65206 0
65207 3
65208 1
65209 0
65210 1
65211 2
65212 3
65213 0
65214 1
65215 0
65216 1
65217 2
65218 3
65219 0
65220 1
65221 0
65222 2
65223 1
65224 0
65225 1
65226 0
65227 2
65228 1
65229 0
65230 1
65231 2
65232 0
65233 2
65234 1
65235 3
65236 2
65237 0
65238 1
65239 0
65240 1
65241 0
65242 3
65243 2
65244 1
65245 2
65246 1
65247 0
65248 2
65249 1
65250 2
65251 0
65252 2
65253 1
65254 0
65255 2
65256 1
65257 2
65258 1
65259 3
65260 2
65261 1
65262 2
65263 1
65264 0
65265 1
65266 0
65267 2
65268 1
65269 0
65270 1
65271 0
65272 2
65273 0
65274 1
65275 0
65276 2
65277 3
65278 0
65279 2
65280 0
65281 2
65282 0
65283 1
65284 2
65285 0
65286 1
65287 0
65288 1
65289 2
65290 1
65291 2
65292 0
65293 1
65294 0
65295 1
65296 0
65297 1
65298 3
65299 1
65300 0
65301 1
65302 2
65303 0
65304 1
65305 2
65306 1
65307 0
65308 1
65309 0
65310 2
65311 0
65312 1
65313 0
65314 1
65315 0
65316 1
65317 2
65318 1
65319 0
65320 1
65321 2
65322 1
65323 0
65324 1
65325 2
65326 1
65327 3
65328 2
65329 1
65330 0
65331 1
65332 2
65333 0
65334 2
65335 0
65336 1
65337 0
65338 1
65339 2
65340 0
65341 1
65342 0
65343 3
65344 1
65345 0
65346 1
65347 0
65348 1
65349 0
65350 2
65351 1
65352 2
65353 1
65354 0
65355 2
65356 0
65357 2
65358 0
65359 1
65360 2
65361 1
65362 0
65363 2
65364 3
65365 0
65366 1
65367 2
65368 0
65369 2
65370 1
65371 0
65372 2
65373 1
65374 2
65375 1
65376 0
65377 2
65378 1
65379 0
65380 2
65381 0
65382 1
65383 0
65384 1
65385 0
65386 3
65387 2
65388 1
65389 2
65390 1
65391 2
65392 0
65393 2
65394 1
65395 2
65396 1
65397 0
65398 2
65399 1
65400 0
65401 1
65402 0
65403 1
65404 0
65405 3
65406 1
65407 0
65408 1
65409 0
65410 2
65411 1
65412 2
65413 1
65414 0
65415 1
65416 0
65417 2
65418 1
65419 0
65420 2
65421 1
65422 2
65423 0
65424 1
65425 2
65426 1
65427 2
65428 1
65429 2
65430 0
65431 3
65432 1
65433 2
65434 1
65435 0
65436 2
65437 1
65438 0
65439 1
65440 2
65441 1
65442 2
65443 0
65444 1
65445 0
65446 1
65447 2
65448 0
65449 1
65450 3
65451 0
65452 1
65453 0
65454 1
65455 2
65456 0
65457 2
65458 3
65459 0
65460 1
65461 2
65462 3
65463 1
65464 2
65465 3
65466 1
65467 2
65468 0
65469 1
65470 0
65471 2
65472 1
65473 2
65474 0
65475 3
65476 2
65477 1
65478 2
65479 1
65480 2
65481 0
65482 1
65483 2
65484 0
65485 1
65486 0
65487 1
65488 0
65489 1
65490 0
65491 1
65492 2
65493 0
65494 2
65495 0
65496 2
65497 1
65498 2
65499 0
65500 1
65501 2
65502 0
65503 2
65504 0
65505 1
65506 2
65507 1
65508 2
65509 0
65510 1
65511 2
65512 0
65513 2
65514 0
65515 3
65516 2
65517 0
65518 1
65519 0
65520 2
65521 0
65522 1
65523 2
65524 0
65525 2
65526 1
65527 0
65528 1
65529 0
65530 2
65531 1
65532 2
65533 1
65534 2
65535 1
65536 0
65537 1
65538 0
65539 1
65540 0
65541 2
65542 0
65543 2
65544 0
65545 1
65546 2
65547 0
65548 2
65549 1
65550 0
65551 1
65552 3
65553 2
65554 0
65555 1
65556 2
65557 0
65558 1
65559 0
65560 1
65561 0
65562 2
65563 1
65564 0
65565 2
65566 1
65567 0
65568 2
65569 1
65570 0
65571 1
65572 0
65573 1
65574 0
65575 1
65576 2
65577 1
65578 0
65579 2
65580 0
65581 2
65582 1
65583 2
65584 0
65585 1
65586 0
65587 1
65588 3
65589 2
65590 0
65591 1
65592 0
65593 1
65594 2
65595 1
65596 0
65597 3
65598 2
65599 1
65600 2
65601 3
65602 0
65603 1
65604 0
65605 2
65606 3
65607 1
65608 2
65609 3
65610 1
65611 0
65612 2
65613 1
65614 0
65615 1
65616 0
65617 2
65618 0
65619 2
65620 1
65621 2
65622 1
65623 2
65624 1
65625 2
65626 1
65627 2
65628 0
65629 1
65630 0
65631 2
65632 0
65633 1
65634 0
65635 2
65636 1
65637 0
65638 1
65639 0
65640 2
65641 3
65642 1
65643 3
65644 0
65645 1
65646 2
65647 0
65648 1
65649 2
65650 3
65651 1
65652 0
65653 2
65654 1
65655 2
65656 3
65657 0
65658 1
65659 0
65660 1
65661 0
65662 2
65663 1
65664 3
65665 2
65666 1
65667 2
65668 1
65669 2
65670 0
65671 2
65672 0
65673 1
65674 2
65675 0
65676 1
65677 0
65678 1
65679 2
65680 1
65681 0
65682 2
65683 1
65684 2
65685 1
65686 2
65687 0
65688 1
65689 2
65690 0
65691 1
65692 0
65693 1
65694 0
65695 1
65696 0
65697 1
65698 3
65699 2
65700 0
65701 2
65702 1
65703 2
65704 3
65705 2
65706 1
65707 0
65708 2
65709 0
65710 1
65711 0
65712 2
65713 1
65714 0
65715 3
65716 1
65717 0
65718 1
65719 0
65720 1
65721 2
65722 1
65723 3
65724 2
65725 0
65726 2
65727 1
65728 2
65729 1
65730 0
65731 1
65732 2
65733 1
65734 0
65735 1
65736 2
65737 0
65738 2
65739 3
65740 0
65741 1
65742 2
65743 0
65744 1
65745 0
65746 2
65747 0
65748 1
65749 0
65750 1
65751 0
65752 1
65753 0
65754 1
65755 2
65756 0
65757 1
65758 2
65759 0
65760 2
65761 0
65762 2
65763 1
65764 0
65765 1
65766 0
65767 1
65768 2
65769 1
65770 0
65771 2
65772 0
65773 1
65774 0
65775 1
65776 0
65777 3
65778 2
65779 1
65780 2
65781 0
65782 1
65783 0
65784 1
65785 3
65786 2
65787 0
65788 1
65789 0
65790 2
65791 0
65792 1
65793 0
65794 1
65795 2
65796 0
65797 1
65798 0
65799 2
65800 1
65801 0
65802 2
65803 1
65804 0
65805 2
65806 1
65807 0
65808 2
65809 0
65810 1
65811 2
65812 0
65813 1
65814 0
65815 1
65816 0
65817 2
65818 3
65819 1
65820 0
65821 1
65822 2
65823 1
65824 3
65825 0
65826 1
65827 0
65828 2
65829 0
65830 1
65831 2
65832 3
65833 0
65834 1
65835 2
65836 0
65837 2
65838 1
65839 0
65840 3
65841 1
65842 0
65843 1
65844 2
65845 1
65846 2
65847 0
65848 2
65849 1
65850 2
65851 1
65852 0
65853 1
65854 0
65855 2
65856 1
65857 2
65858 1
65859 0
65860 2
65861 0
65862 3
65863 1
65864 0
65865 1
65866 0
65867 1
65868 2
65869 0
65870 1
65871 3
65872 2
65873 1
65874 0
65875 2
65876 3
65877 0
65878 1
65879 2
65880 0
65881 1
65882 2
65883 0
65884 3
65885 1
65886 0
65887 1
65888 0
65889 2
65890 1
65891 0
65892 2
65893 1
65894 2
65895 0
65896 2
65897 1
65898 0
65899 1
65900 2
65901 0
65902 2
65903 0
65904 1
65905 0
65906 1
65907 0
65908 1
65909 0
65910 1
65911 0
65912 1
65913 0
65914 1
65915 2
65916 0
65917 2
65918 1
65919 0
65920 1
65921 2
65922 0
65923 2
65924 0
65925 2
65926 1
65927 0
65928 1
65929 2
65930 0
65931 1
65932 2
65933 1
65934 2
65935 1
65936 2
65937 1
65938 3
65939 2
65940 1
65941 2
65942 1
65943 2
65944 0
65945 1
65946 0
65947 1
65948 2
65949 0
65950 1
65951 0
65952 2
65953 0
65954 3
65955 2
65956 1
65957 0
65958 1
65959 2
65960 0
65961 3
65962 1
65963 2
65964 3
65965 1
65966 2
65967 1
65968 0
65969 2
65970 1
65971 2
65972 1
65973 0
65974 2
65975 0
65976 2
65977 0
65978 1
65979 2
65980 1
65981 2
65982 1
65983 0
65984 2
65985 0
65986 1
65987 2
65988 1
65989 2
65990 0
65991 1
65992 0
65993 1
65994 0
65995 2
65996 1
65997 2
65998 0
65999 1
66000 2
66001 0
66002 2
66003 1
66004 0
66005 1
66006 0
66007 1
66008 0
66009 2
66010 3
66011 0
66012 1
66013 0
66014 1
66015 0
66016 2
66017 0
66018 1
66019 2
66020 0
66021 2
66022 1
66023 0
66024 1
66025 0
66026 2
66027 0
66028 1
66029 2
66030 1
66031 0
66032 2
66033 0
66034 1
66035 0
66036 1
66037 2
66038 1
66039 0
66040 1
66041 0
66042 1
66043 2
66044 1
66045 2
66046 1
66047 0
66048 2
66049 1
66050 0
66051 2
66052 1
66053 2
66054 0
66055 1
66056 2
66057 0
66058 2
66059 1
66060 2
66061 0
66062 1
66063 3
66064 2
66065 1
66066 0
66067 1
66068 2
66069 1
66070 2
66071 0
66072 1
66073 3
66074 0
66075 1
66076 2
66077 1
66078 0
66079 2
66080 3
66081 1
66082 3
66083 2
66084 1
66085 2
66086 3
66087 0
66088 3
66089 1
66090 2
66091 0
66092 2
66093 1
66094 2
66095 0
66096 2
66097 1
66098 2
66099 1
66100 0
66101 1
66102 2
66103 1
66104 2
66105 1
66106 2
66107 0
66108 1
66109 0
66110 1
66111 0
66112 1
66113 0
66114 1
66115 0
66116 1
66117 2
66118 3
66119 1
66120 2
66121 0
66122 1
66123 0
66124 1
66125 2
66126 1
66127 2
66128 0
66129 1
66130 0
66131 1
66132 2
66133 1
66134 2
66135 1
66136 0
66137 2
66138 0
66139 3
66140 2
66141 0
66142 1
66143 0
66144 1
66145 0
66146 1
66147 0
66148 1
66149 2
66150 3
66151 0
66152 2
66153 0
66154 1
66155 2
66156 0
66157 2
66158 3
66159 0
66160 2
66161 1
66162 0
66163 2
66164 0
66165 1
66166 2
66167 0
66168 2
66169 3
66170 0
66171 1
66172 3
66173 2
66174 3
66175 0
66176 2
66177 1
66178 2
66179 0
66180 1
66181 0
66182 2
66183 0
66184 1
66185 3
66186 0
66187 1
66188 2
66189 0
66190 1
66191 0
66192 1
66193 0
66194 1
66195 3
66196 2
66197 0
66198 1
66199 0
66200 2
66201 1
66202 2
66203 1
66204 0
66205 1
66206 2
66207 0
66208 1
66209 2
66210 0
66211 1
66212 0
66213 1
66214 2
66215 0
66216 2
66217 1
66218 2
66219 0
66220 1
66221 0
66222 3
66223 0
66224 1
66225 2
66226 0
66227 2
66228 1
66229 0
66230 2
66231 1
66232 0
66233 2
66234 1
66235 2
66236 0
66237 2
66238 1
66239 0
66240 2
66241 1
66242 0
66243 1
66244 3
66245 2
66246 3
66247 2
66248 0
66249 1
66250 2
66251 1
66252 2
66253 1
66254 2
66255 0
66256 2
66257 0
66258 2
66259 1
66260 2
66261 0
66262 1
66263 2
66264 0
66265 2
66266 1
66267 2
66268 0
66269 1
66270 2
66271 0
66272 1
66273 2
66274 0
66275 1
66276 2
66277 0
66278 1
66279 2
66280 1
66281 2
66282 0
66283 1
66284 2
66285 0
66286 1
66287 0
66288 1
66289 2
66290 3
66291 0
66292 2
66293 1
66294 0
66295 1
66296 2
66297 0
66298 1
66299 2
66300 1
66301 0
66302 1
66303 0
66304 3
66305 2
66306 1
66307 2
66308 1
66309 0
66310 2
66311 1
66312 0
66313 1
66314 0
66315 2
66316 0
66317 1
66318 3
66319 2
66320 1
66321 0
66322 1
66323 2
66324 1
66325 0
66326 2
66327 3
66328 0
66329 2
66330 1
66331 0
66332 1
66333 0
66334 2
66335 0
66336 2
66337 1
66338 2
66339 0
66340 1
66341 0
66342 2
66343 1
66344 2
66345 3
66346 0
66347 2
66348 1
66349 2
66350 0
66351 1
66352 2
66353 0
66354 1
66355 2
66356 1
66357 0
66358 1
66359 0
66360 2
66361 0
66362 2
66363 1
66364 3
66365 1
66366 0
66367 1
66368 0
66369 1
66370 2
66371 1
66372 0
66373 2
66374 1
66375 2
66376 0
66377 3
66378 2
66379 0
66380 1
66381 2
66382 1
66383 0
66384 1
66385 0
66386 1
66387 0
66388 1
66389 0
66390 1
66391 2
66392 0
66393 2
66394 1
66395 0
66396 1
66397 0
66398 1
66399 2
66400 0
66401 1
66402 0
66403 1
66404 2
66405 0
66406 1
66407 0
66408 1
66409 0
66410 1
66411 0
66412 1
66413 2
66414 3
66415 0
66416 1
66417 0
66418 1
66419 0
66420 2
66421 0
66422 1
66423 0
66424 1
66425 2
66426 0
66427 1
66428 0
66429 2
66430 0
66431 1
66432 2
66433 1
66434 2
66435 0
66436 2
66437 1
66438 0
66439 1
66440 0
66441 1
66442 0
66443 1
66444 0
66445 2
66446 0
66447 1
66448 0
66449 1
66450 0
66451 1
66452 0
66453 1
66454 0
66455 1
66456 2
66457 0
66458 2
66459 0
66460 2
66461 1
66462 0
66463 1
66464 0
66465 2
66466 0
66467 1
66468 0
66469 2
66470 1
66471 0
66472 1
66473 2
66474 3
66475 0
66476 1
66477 0
66478 1
66479 0
66480 2
66481 1
66482 2
66483 0
66484 2
66485 1
66486 2
66487 0
66488 1
66489 0
66490 1
66491 2
66492 0
66493 2
66494 0
66495 2
66496 1
66497 2
66498 0
66499 1
66500 0
66501 2
66502 1
66503 2
66504 3
66505 0
66506 3
66507 2
66508 1
66509 0
66510 1
66511 0
66512 2
66513 1
66514 0
66515 3
66516 2
66517 3
66518 2
66519 1
66520 3
66521 1
66522 2
66523 1
66524 0
66525 2
66526 3
66527 1
66528 3
66529 0
66530 1
66531 0
66532 2
66533 1
66534 0
66535 2
66536 1
66537 0
66538 1
66539 2
66540 0
66541 1
66542 2
66543 0
66544 3
66545 1
66546 0
66547 2
66548 0
66549 2
66550 0
66551 1
66552 3
66553 2
66554 0
66555 1
66556 0
66557 1
66558 3
66559 2
66560 0
66561 1
66562 0
66563 1
66564 0
66565 2
66566 1
66567 0
66568 2
66569 0
66570 1
66571 2
66572 0
66573 2
66574 1
66575 2
66576 0
66577 3
66578 1
66579 2
66580 1
66581 2
66582 0
66583 1
66584 0
66585 1
66586 2
66587 3
66588 1
66589 2
66590 1
66591 0
66592 1
66593 2
66594 1
66595 0
66596 3
66597 2
66598 0
66599 2
66600 0
66601 1
66602 0
66603 2
66604 1
66605 0
66606 1
66607 0
66608 2
66609 0
66610 3
66611 1
66612 0
66613 1
66614 0
66615 1
66616 2
66617 1
66618 0
66619 1
66620 2
66621 1
66622 0
66623 1
66624 0
66625 2
66626 0
66627 2
66628 0
66629 2
66630 0
66631 1
66632 2
66633 0
66634 1
66635 3
66636 2
66637 1
66638 2
66639 1
66640 0
66641 1
66642 2
66643 1
66644 0
66645 2
66646 3
66647 1
66648 0
66649 1
66650 2
66651 0
66652 1
66653 0
66654 2
66655 0
66656 2
66657 0
66658 2
66659 0
66660 2
66661 1
66662 0
66663 2
66664 3
66665 0
66666 1
66667 3
66668 0
66669 3
66670 2
66671 0
66672 1
66673 0
66674 1
66675 0
66676 2
66677 3
66678 0
66679 2
66680 1
66681 0
66682 2
66683 1
66684 2
66685 0
66686 2
66687 1
66688 0
66689 1
66690 0
66691 2
66692 1
66693 2
66694 0
66695 2
66696 1
66697 0
66698 1
66699 2
66700 1
66701 0
66702 1
66703 0
66704 2
66705 1
66706 2
66707 1
66708 2
66709 3
66710 0
66711 3
66712 2
66713 0
66714 1
66715 2
66716 1
66717 0
66718 1
66719 2
66720 0
66721 2
66722 1
66723 0
66724 2
66725 0
66726 2
66727 1
66728 0
66729 1
66730 0
66731 2
66732 1
66733 0
66734 2
66735 3
66736 0
66737 2
66738 3
66739 0
66740 1
66741 0
66742 1
66743 2
66744 0
66745 2
66746 1
66747 2
66748 1
66749 2
66750 0
66751 1
66752 2
66753 0
66754 1
66755 2
66756 0
66757 1
66758 0
66759 1
66760 3
66761 2
66762 3
66763 0
66764 3
66765 0
66766 1
66767 2
66768 0
66769 1
66770 2
66771 3
66772 0
66773 2
66774 1
66775 0
66776 1
66777 0
66778 1
66779 2
66780 1
66781 2
66782 3
66783 1
66784 0
66785 1
66786 0
66787 1
66788 2
66789 1
66790 0
66791 1
66792 0
66793 1
66794 2
66795 0
66796 1
66797 2
66798 0
66799 2
66800 0
66801 2
66802 0
66803 2
66804 1
66805 2
66806 0
66807 1
66808 2
66809 1
66810 2
66811 1
66812 0
66813 2
66814 0
66815 1
66816 0
66817 1
66818 2
66819 0
66820 1
66821 0
66822 1
66823 2
66824 1
66825 2
66826 1
66827 0
66828 2
66829 0
66830 1
66831 2
66832 0
66833 2
66834 3
66835 1
66836 0
66837 2
66838 1
66839 2
66840 0
66841 1
66842 2
66843 0
66844 1
66845 2
66846 0
66847 2
66848 1
66849 0
66850 2
66851 1
66852 0
66853 1
66854 0
66855 2
66856 1
66857 0
66858 1
66859 2
66860 1
66861 2
66862 3
66863 0
66864 1
66865 2
66866 3
66867 1
66868 2
66869 0
66870 2
66871 0
66872 1
66873 3
66874 2
66875 0
66876 3
66877 2
66878 1
66879 0
66880 2
66881 0
66882 1
66883 2
66884 1
66885 0
66886 1
66887 0
66888 1
66889 0
66890 1
66891 0
66892 1
66893 2
66894 1
66895 2
66896 0
66897 2
66898 1
66899 0
66900 1
66901 0
66902 1
66903 0
66904 1
66905 2
66906 0
66907 2
66908 1
66909 0
66910 2
66911 1
66912 2
66913 1
66914 2
66915 0
66916 1
66917 0
66918 1
66919 2
66920 3
66921 1
66922 0
66923 2
66924 1
66925 0
66926 1
66927 2
66928 3
66929 2
66930 1
66931 2
66932 0
66933 1
66934 0
66935 1
66936 2
66937 0
66938 2
66939 1
66940 0
66941 2
66942 0
66943 1
66944 0
66945 1
66946 0
66947 1
66948 0
66949 1
66950 2
66951 1
66952 2
66953 0
66954 1
66955 2
66956 1
66957 0
66958 1
66959 2
66960 3
66961 0
66962 1
66963 0
66964 1
66965 0
66966 1
66967 0
66968 2
66969 3
66970 0
66971 1
66972 0
66973 2
66974 1
66975 2
66976 1
66977 2
66978 0
66979 1
66980 2
66981 0
66982 1
66983 0
66984 2
66985 0
66986 4
66987 3
66988 0
66989 2
66990 1
66991 2
66992 0
66993 1
66994 0
66995 1
66996 2
66997 1
66998 0
66999 2
67000 0
67001 3
67002 1
67003 2
67004 0
67005 1
67006 0
67007 1
67008 0
67009 2
67010 1
67011 0
67012 2
67013 1
67014 3
67015 0
67016 2
67017 3
67018 2
67019 0
67020 1
67021 0
67022 1
67023 2
67024 0
67025 1
67026 2
67027 1
67028 0
67029 1
67030 0
67031 1
67032 0
67033 1
67034 0
67035 2
67036 0
67037 3
67038 1
67039 0
67040 3
67041 1
67042 0
67043 1
67044 2
67045 0
67046 1
67047 2
67048 0
67049 1
67050 2
67051 0
67052 3
67053 0
67054 2
67055 1
67056 0
67057 1
67058 0
67059 1
67060 0
67061 2
67062 0
67063 1
67064 2
67065 1
67066 2
67067 1
67068 2
67069 0
67070 2
67071 1
67072 2
67073 3
67074 1
67075 0
67076 2
67077 1
67078 2
67079 0
67080 1
67081 2
67082 0
67083 1
67084 2
67085 0
67086 2
67087 0
67088 1
67089 0
67090 2
67091 1
67092 2
67093 0
67094 2
67095 1
67096 2
67097 0
67098 2
67099 1
67100 2
67101 0
67102 1
67103 2
67104 1
67105 2
67106 1
67107 0
67108 1
67109 2
67110 0
67111 1
67112 3
67113 0
67114 1
67115 0
67116 2
67117 1
67118 2
67119 1
67120 0
67121 1
67122 3
67123 0
67124 2
67125 1
67126 0
67127 2
67128 1
67129 2
67130 1
67131 2
67132 0
67133 1
67134 0
67135 1
67136 2
67137 1
67138 0
67139 1
67140 2
67141 0
67142 1
67143 2
67144 0
67145 1
67146 0
67147 1
67148 2
67149 1
67150 0
67151 1
67152 2
67153 1
67154 2
67155 1
67156 2
67157 1
67158 2
67159 0
67160 2
67161 1
67162 0
67163 1
67164 2
67165 0
67166 2
67167 1
67168 0
67169 2
67170 0
67171 1
67172 3
67173 1
67174 0
67175 1
67176 0
67177 1
67178 0
67179 2
67180 1
67181 2
67182 0
67183 1
67184 0
67185 2
67186 1
67187 0
67188 1
67189 0
67190 1
67191 2
67192 0
67193 1
67194 0
67195 1
67196 2
67197 0
67198 1
67199 2
67200 1
67201 0
67202 1
67203 2
67204 0
67205 1
67206 2
67207 0
67208 1
67209 2
67210 1
67211 0
67212 1
67213 0
67214 2
67215 1
67216 2
67217 1
67218 0
67219 1
67220 0
67221 2
67222 3
67223 1
67224 2
67225 0
67226 2
67227 1
67228 2
67229 0
67230 2
67231 0
67232 2
67233 1
67234 0
67235 1
67236 0
67237 2
67238 1
67239 2
67240 0
67241 1
67242 2
67243 0
67244 2
67245 1
67246 2
67247 0
67248 1
67249 0
67250 1
67251 0
67252 1
67253 2
67254 1
67255 2
67256 0
67257 2
67258 0
67259 1
67260 0
67261 1
67262 0
67263 2
67264 0
67265 2
67266 0
67267 1
67268 0
67269 2
67270 0
67271 1
67272 2
67273 0
67274 1
67275 0
67276 1
67277 0
67278 1
67279 2
67280 0
67281 2
67282 0
67283 1
67284 2
67285 0
67286 3
67287 2
67288 0
67289 1
67290 2
67291 3
67292 1
67293 2
67294 0
67295 1
67296 3
67297 2
67298 0
67299 1
67300 0
67301 1
67302 0
67303 2
67304 0
67305 2
67306 0
67307 1
67308 0
67309 1
67310 0
67311 1
67312 0
67313 1
67314 0
67315 1
67316 0
67317 1
67318 0
67319 1
67320 0
67321 2
67322 1
67323 0
67324 1
67325 2
67326 1
67327 0
67328 1
67329 0
67330 2
67331 0
67332 1
67333 0
67334 1
67335 0
67336 1
67337 2
67338 1
67339 3
67340 0
67341 2
67342 1
67343 2
67344 3
67345 1
67346 0
67347 3
67348 2
67349 0
67350 1
67351 2
67352 1
67353 0
67354 1
67355 0
67356 1
67357 2
67358 0
67359 1
67360 3
67361 2
67362 0
67363 1
67364 3
67365 0
67366 1
67367 2
67368 1
67369 2
67370 0
67371 2
67372 3
67373 0
67374 1
67375 0
67376 2
67377 1
67378 2
67379 0
67380 2
67381 1
67382 2
67383 3
67384 1
67385 0
67386 2
67387 1
67388 0
67389 1
67390 0
67391 1
67392 2
67393 0
67394 1
67395 2
67396 0
67397 1
67398 2
67399 0
67400 2
67401 1
67402 0
67403 1
67404 2
67405 1
67406 0
67407 1
67408 2
67409 1
67410 0
67411 2
67412 1
67413 0
67414 1
67415 0
67416 2
67417 3
67418 0
67419 1
67420 3
67421 0
67422 1
67423 2
67424 1
67425 2
67426 0
67427 1
67428 0
67429 1
67430 0
67431 1
67432 2
67433 0
67434 1
67435 0
67436 2
67437 1
67438 0
67439 1
67440 2
67441 0
67442 1
67443 0
67444 1
67445 0
67446 2
67447 1
67448 0
67449 1
67450 0
67451 1
67452 0
67453 1
67454 0
67455 1
67456 0
67457 1
67458 2
67459 0
67460 1
67461 2
67462 1
67463 2
67464 1
67465 2
67466 0
67467 1
67468 0
67469 1
67470 0
67471 1
67472 0
67473 3
67474 0
67475 1
67476 0
67477 1
67478 2
67479 1
67480 0
67481 1
67482 0
67483 1
67484 2
67485 0
67486 1
67487 2
67488 1
67489 2
67490 1
67491 0
67492 2
67493 1
67494 0
67495 1
67496 0
67497 1
67498 2
67499 1
67500 2
67501 0
67502 1
67503 0
67504 1
67505 2
67506 0
67507 1
67508 0
67509 1
67510 0
67511 1
67512 0
67513 1
67514 3
67515 2
67516 0
67517 1
67518 0
67519 2
67520 1
67521 2
67522 0
67523 2
67524 3
67525 1
67526 3
67527 2
67528 1
67529 0
67530 1
67531 2
67532 0
67533 2
67534 1
67535 2
67536 1
67537 0
67538 2
67539 1
67540 0
67541 1
67542 0
67543 1
67544 0
67545 1
67546 0
67547 1
67548 2
67549 0
67550 2
67551 0
67552 1
67553 0
67554 1
67555 0
67556 1
67557 0
67558 1
67559 2
67560 3
67561 1
67562 0
67563 2
67564 1
67565 2
67566 1
67567 0
67568 1
67569 0
67570 1
67571 2
67572 0
67573 2
67574 1
67575 0
67576 1
67577 2
67578 0
67579 2
67580 1
67581 2
67582 0
67583 2
67584 0
67585 2
67586 0
67587 1
67588 0
67589 3
67590 1
67591 3
67592 2
67593 1
67594 2
67595 1
67596 0
67597 2
67598 0
67599 2
67600 1
67601 3
67602 1
67603 3
67604 1
67605 0
67606 2
67607 1
67608 0
67609 1
67610 2
67611 0
67612 1
67613 2
67614 1
67615 2
67616 1
67617 0
67618 2
67619 1
67620 0
67621 1
67622 0
67623 1
67624 0
67625 2
67626 1
67627 2
67628 3
67629 1
67630 2
67631 1
67632 0
67633 1
67634 2
67635 0
67636 1
67637 2
67638 1
67639 2
67640 0
67641 2
67642 1
67643 0
67644 1
67645 0
67646 1
67647 0
67648 2
67649 1
67650 0
67651 1
67652 2
67653 1
67654 2
67655 0
67656 1
67657 2
67658 0
67659 1
67660 2
67661 0
67662 2
67663 0
67664 1
67665 0
67666 2
67667 1
67668 2
67669 3
67670 0
67671 2
67672 1
67673 2
67674 0
67675 2
67676 1
67677 2
67678 0
67679 1
67680 0
67681 2
67682 1
67683 2
67684 0
67685 2
67686 1
67687 0
67688 2
67689 1
67690 2
67691 0
67692 2
67693 1
67694 0
67695 1
67696 2
67697 1
67698 0
67699 1
67700 2
67701 0
67702 1
67703 2
67704 0
67705 1
67706 0
67707 2
67708 1
67709 2
67710 1
67711 0
67712 2
67713 1
67714 2
67715 0
67716 1
67717 0
67718 2
67719 1
67720 2
67721 1
67722 0
67723 1
67724 2
67725 1
67726 0
67727 1
67728 2
67729 0
67730 2
67731 0
67732 2
67733 1
67734 0
67735 1
67736 0
67737 3
67738 2
67739 3
67740 1
67741 0
67742 1
67743 2
67744 0
67745 1
67746 0
67747 2
67748 0
67749 1
67750 0
67751 2
67752 0
67753 2
67754 0
67755 1
67756 3
67757 2
67758 1
67759 0
67760 1
67761 0
67762 1
67763 2
67764 0
67765 2
67766 1
67767 2
67768 0
67769 1
67770 0
67771 1
67772 0
67773 1
67774 0
67775 3
67776 1
67777 0
67778 2
67779 0
67780 1
67781 0
67782 2
67783 1
67784 2
67785 0
67786 1
67787 0
67788 1
67789 0
67790 4
67791 2
67792 1
67793 3
67794 1
67795 3
67796 2
67797 1
67798 2
67799 1
67800 0
67801 1
67802 2
67803 1
67804 2
67805 1
67806 0
67807 2
67808 1
67809 2
67810 3
67811 0
67812 1
67813 2
67814 0
67815 2
67816 1
67817 0
67818 1
67819 0
67820 1
67821 2
67822 1
67823 0
67824 2
67825 0
67826 2
67827 1
67828 0
67829 1
67830 0
67831 2
67832 1
67833 2
67834 0
67835 1
67836 0
67837 1
67838 2
67839 0
67840 1
67841 2
67842 1
67843 2
67844 3
67845 1
67846 3
67847 0
67848 3
67849 1
67850 2
67851 1
67852 0
67853 1
67854 0
67855 2
67856 1
67857 0
67858 1
67859 2
67860 1
67861 0
67862 1
67863 2
67864 1
67865 0
67866 1
67867 3
67868 1
67869 0
67870 1
67871 2
67872 0
67873 2
67874 1
67875 2
67876 0
67877 2
67878 1
67879 0
67880 1
67881 3
67882 2
67883 0
67884 1
67885 2
67886 1
67887 2
67888 0
67889 2
67890 0
67891 1
67892 0
67893 2
67894 0
67895 1
67896 2
67897 1
67898 0
67899 1
67900 2
67901 0
67902 2
67903 1
67904 2
67905 0
67906 1
67907 0
67908 1
67909 0
67910 2
67911 0
67912 1
67913 2
67914 0
67915 1
67916 0
67917 2
67918 1
67919 0
67920 1
67921 2
67922 0
67923 1
67924 2
67925 0
67926 1
67927 0
67928 2
67929 1
67930 3
67931 0
67932 2
67933 0
67934 1
67935 2
67936 1
67937 2
67938 3
67939 1
67940 0
67941 2
67942 0
67943 3
67944 2
67945 3
67946 1
67947 0
67948 1
67949 2
67950 1
67951 2
67952 1
67953 0
67954 1
67955 2
67956 0
67957 1
67958 0
67959 3
67960 1
67961 2
67962 0
67963 1
67964 0
67965 2
67966 0
67967 1
67968 0
67969 2
67970 1
67971 0
67972 2
67973 0
67974 2
67975 1
67976 2
67977 1
67978 0
67979 1
67980 2
67981 3
67982 1
67983 3
67984 0
67985 1
67986 2
67987 0
67988 2
67989 0
67990 1
67991 0
67992 1
67993 2
67994 1
67995 0
67996 1
67997 2
67998 1
67999 0
68000 1
68001 0
68002 3
68003 1
68004 0
68005 1
68006 2
68007 0
68008 1
68009 3
68010 2
68011 3
68012 1
68013 0
68014 3
68015 0
68016 2
68017 1
68018 0
68019 3
68020 2
68021 1
68022 0
68023 1
68024 2
68025 1
68026 2
68027 0
68028 1
68029 2
68030 0
68031 1
68032 0
68033 2
68034 1
68035 0
68036 1
68037 2
68038 0
68039 2
68040 1
68041 0
68042 1
68043 2
68044 0
68045 2
68046 0
68047 2
68048 1
68049 3
68050 0
68051 1
68052 0
68053 2
68054 3
68055 1
68056 0
68057 1
68058 2
68059 1
68060 2
68061 1
68062 0
68063 2
68064 0
68065 2
68066 0
68067 2
68068 0
68069 1
68070 3
68071 2
68072 3
68073 1
68074 2
68075 0
68076 2
68077 0
68078 2
68079 1
68080 0
68081 1
68082 2
68083 0
68084 2
68085 1
68086 3
68087 2
68088 0
68089 2
68090 0
68091 3
68092 1
68093 0
68094 2
68095 1
68096 3
68097 0
68098 1
68099 2
68100 3
68101 1
68102 0
68103 1
68104 2
68105 0
68106 1
68107 3
68108 2
68109 0
68110 1
68111 0
68112 1
68113 2
68114 0
68115 2
68116 0
68117 1
68118 2
68119 0
68120 1
68121 0
68122 1
68123 2
68124 1
68125 2
68126 0
68127 1
68128 2
68129 1
68130 0
68131 2
68132 1
68133 2
68134 0
68135 1
68136 2
68137 1
68138 0
68139 2
68140 1
68141 0
68142 1
68143 0
68144 1
68145 0
68146 1
68147 0
68148 1
68149 2
68150 0
68151 2
68152 1
68153 0
68154 1
68155 0
68156 1
68157 3
68158 0
68159 1
68160 0
68161 2
68162 1
68163 2
68164 0
68165 2
68166 0
68167 1
68168 0
68169 1
68170 0
68171 3
68172 2
68173 1
68174 3
68175 1
68176 0
68177 1
68178 2
68179 0
68180 2
68181 1
68182 2
68183 0
68184 2
68185 3
68186 1
68187 0
68188 2
68189 0
68190 2
68191 1
68192 2
68193 1
68194 0
68195 2
68196 0
68197 2
68198 1
68199 0
68200 2
68201 0
68202 2
68203 1
68204 2
68205 0
68206 1
68207 2
68208 0
68209 2
68210 1
68211 0
68212 1
68213 0
68214 1
68215 2
68216 0
68217 1
68218 0
68219 1
68220 0
68221 1
68222 0
68223 2
68224 1
68225 0
68226 2
68227 0
68228 2
68229 0
68230 2
68231 1
68232 0
68233 2
68234 1
68235 0
68236 1
68237 0
68238 1
68239 2
68240 1
68241 2
68242 0
68243 1
68244 0
68245 1
68246 0
68247 1
68248 0
68249 1
68250 0
68251 3
68252 2
68253 1
68254 2
68255 3
68256 1
68257 2
68258 0
68259 3
68260 1
68261 2
68262 0
68263 1
68264 0
68265 1
68266 2
68267 1
68268 0
68269 2
68270 1
68271 0
68272 2
68273 1
68274 0
68275 1
68276 0
68277 1
68278 0
68279 1
68280 2
68281 1
68282 2
68283 0
68284 1
68285 0
68286 1
68287 2
68288 0
68289 1
68290 0
68291 1
68292 2
68293 0
68294 2
68295 1
68296 0
68297 2
68298 1
68299 2
68300 0
68301 1
68302 2
68303 0
68304 2
68305 1
68306 2
68307 1
68308 0
68309 1
68310 0
68311 2
68312 1
68313 2
68314 1
68315 0
68316 1
68317 0
68318 2
68319 0
68320 1
68321 2
68322 0
68323 2
68324 1
68325 2
68326 0
68327 2
68328 1
68329 2
68330 1
68331 0
68332 2
68333 0
68334 1
68335 0
68336 1
68337 2
68338 0
68339 2
68340 0
68341 1
68342 2
68343 0
68344 1
68345 2
68346 0
68347 1
68348 0
68349 2
68350 1
68351 2
68352 0
68353 1
68354 0
68355 1
68356 2
68357 1
68358 0
68359 1
68360 0
68361 2
68362 1
68363 0
68364 1
68365 0
68366 1
68367 0
68368 2
68369 1
68370 2
68371 0
68372 1
68373 2
68374 1
68375 2
68376 0
68377 1
68378 0
68379 2
68380 1
68381 2
68382 0
68383 1
68384 3
68385 2
68386 1
68387 0
68388 2
68389 1
68390 2
68391 3
68392 1
68393 0
68394 1
68395 0
68396 3
68397 2
68398 0
68399 2
68400 0
68401 1
68402 0
68403 1
68404 0
68405 1
68406 2
68407 0
68408 1
68409 0
68410 2
68411 1
68412 0
68413 1
68414 0
68415 2
68416 0
68417 3
68418 0
68419 1
68420 0
68421 1
68422 2
68423 0
68424 1
68425 0
68426 3
68427 1
68428 2
68429 0
68430 1
68431 0
68432 1
68433 2
68434 1
68435 0
68436 1
68437 0
68438 2
68439 0
68440 2
68441 1
68442 0
68443 2
68444 1
68445 2
68446 1
68447 2
68448 0
68449 1
68450 2
68451 0
68452 2
68453 1
68454 2
68455 0
68456 2
68457 1
68458 2
68459 1
68460 0
68461 1
68462 2
68463 0
68464 2
68465 1
68466 2
68467 0
68468 2
68469 1
68470 3
68471 2
68472 1
68473 2
68474 0
68475 2
68476 3
68477 1
68478 0
68479 2
68480 0
68481 1
68482 0
68483 2
68484 1
68485 0
68486 1
68487 0
68488 1
68489 0
68490 1
68491 0
68492 3
68493 1
68494 2
68495 0
68496 2
68497 1
68498 0
68499 2
68500 0
68501 1
68502 0
68503 1
68504 0
68505 1
68506 0
68507 1
68508 2
68509 0
68510 2
68511 1
68512 2
68513 1
68514 0
68515 1
68516 0
68517 1
68518 0
68519 1
68520 2
68521 0
68522 2
68523 1
68524 2
68525 1
68526 0
68527 2
68528 3
68529 1
68530 2
68531 1
68532 0
68533 1
68534 2
68535 0
68536 2
68537 1
68538 3
68539 1
68540 3
68541 2
68542 3
68543 0
68544 1
68545 0
68546 1
68547 2
68548 0
68549 1
68550 0
68551 1
68552 0
68553 2
68554 1
68555 2
68556 3
68557 1
68558 0
68559 1
68560 0
68561 1
68562 3
68563 2
68564 1
68565 2
68566 1
68567 2
68568 0
68569 2
68570 1
68571 0
68572 1
68573 0
68574 1
68575 0
68576 2
68577 3
68578 1
68579 2
68580 0
68581 1
68582 0
68583 2
68584 0
68585 1
68586 2
68587 1
68588 2
68589 0
68590 1
68591 2
68592 1
68593 3
68594 0
68595 2
68596 1
68597 2
68598 1
68599 2
68600 0
68601 2
68602 3
68603 1
68604 2
68605 0
68606 1
68607 0
68608 3
68609 0
68610 1
68611 2
68612 1
68613 2
68614 0
68615 1
68616 0
68617 2
68618 1
68619 0
68620 2
68621 1
68622 0
68623 2
68624 1
68625 2
68626 1
68627 2
68628 1
68629 2
68630 1
68631 3
68632 0
68633 1
68634 0
68635 2
68636 1
68637 0
68638 1
68639 0
68640 1
68641 2
68642 1
68643 0
68644 1
68645 2
68646 1
68647 0
68648 2
68649 3
68650 0
68651 2
68652 1
68653 2
68654 1
68655 0
68656 2
68657 1
68658 0
68659 2
68660 0
68661 2
68662 0
68663 2
68664 1
68665 2
68666 0
68667 1
68668 0
68669 1
68670 0
68671 1
68672 2
68673 1
68674 0
68675 1
68676 0
68677 3
68678 1
68679 0
68680 1
68681 0
68682 1
68683 2
68684 0
68685 3
68686 0
68687 1
68688 2
68689 0
68690 1
68691 0
68692 1
68693 2
68694 3
68695 0
68696 2
68697 0
68698 2
68699 1
68700 0
68701 2
68702 0
68703 2
68704 0
68705 2
68706 0
68707 2
68708 0
68709 2
68710 3
68711 0
68712 1
68713 0
68714 2
68715 3
68716 1
68717 0
68718 3
68719 0
68720 2
68721 1
68722 2
68723 0
68724 2
68725 1
68726 0
68727 1
68728 2
68729 3
68730 1
68731 0
68732 1
68733 0
68734 2
68735 1
68736 2
68737 1
68738 0
68739 1
68740 2
68741 1
68742 0
68743 1
68744 0
68745 1
68746 0
68747 1
68748 3
68749 2
68750 3
68751 1
68752 2
68753 0
68754 2
68755 1
68756 0
68757 2
68758 0
68759 3
68760 1
68761 0
68762 1
68763 2
68764 0
68765 2
68766 0
68767 2
68768 0
68769 1
68770 2
68771 1
68772 2
68773 3
68774 1
68775 0
68776 2
68777 0
68778 1
68779 2
68780 0
68781 3
68782 2
68783 1
68784 2
68785 0
68786 1
68787 0
68788 1
68789 2
68790 0
68791 1
68792 2
68793 1
68794 2
68795 0
68796 2
68797 1
68798 2
68799 0
68800 2
68801 1
68802 2
68803 0
68804 1
68805 0
68806 1
68807 2
68808 3
68809 0
68810 1
68811 2
68812 1
68813 2
68814 0
68815 1
68816 0
68817 2
68818 0
68819 2
68820 1
68821 0
68822 2
68823 1
68824 0
68825 2
68826 1
68827 3
68828 0
68829 2
68830 1
68831 2
68832 0
68833 2
68834 0
68835 2
68836 1
68837 2
68838 1
68839 2
68840 0
68841 2
68842 1
68843 2
68844 1
68845 2
68846 0
68847 2
68848 1
68849 0
68850 2
68851 1
68852 0
68853 2
68854 3
68855 0
68856 2
68857 1
68858 3
68859 2
68860 1
68861 2
68862 0
68863 1
68864 3
68865 0
68866 1
68867 2
68868 3
68869 0
68870 2
68871 0
68872 1
68873 2
68874 1
68875 0
68876 1
68877 0
68878 2
68879 3
68880 0
68881 1
68882 0
68883 2
68884 0
68885 1
68886 0
68887 1
68888 0
68889 2
68890 0
68891 2
68892 0
68893 1
68894 0
68895 2
68896 1
68897 2
68898 0
68899 1
68900 0
68901 2
68902 1
68903 2
68904 0
68905 2
68906 1
68907 0
68908 1
68909 0
68910 1
68911 0
68912 1
68913 3
68914 2
68915 3
68916 0
68917 1
68918 0
68919 1
68920 0
68921 2
68922 1
68923 0
68924 1
68925 0
68926 2
68927 1
68928 0
68929 1
68930 2
68931 1
68932 2
68933 0
68934 2
68935 3
68936 1
68937 0
68938 2
68939 0
68940 1
68941 2
68942 1
68943 0
68944 1
68945 0
68946 1
68947 0
68948 2
68949 0
68950 2
68951 1
68952 2
68953 1
68954 3
68955 2
68956 0
68957 1
68958 2
68959 1
68960 0
68961 1
68962 0
68963 1
68964 2
68965 0
68966 1
68967 2
68968 0
68969 2
68970 0
68971 1
68972 2
68973 0
68974 2
68975 0
68976 3
68977 2
68978 1
68979 0
68980 1
68981 0
68982 2
68983 0
68984 2
68985 1
68986 0
68987 1
68988 0
68989 1
68990 2
68991 1
68992 2
68993 3
68994 1
68995 2
68996 0
68997 1
68998 0
68999 1
69000 2
69001 1
69002 0
69003 3
69004 1
69005 3
69006 2
69007 3
69008 1
69009 3
69010 2
69011 1
69012 0
69013 1
69014 0
69015 1
69016 2
69017 0
69018 1
69019 0
69020 1
69021 2
69022 1
69023 0
69024 3
69025 1
69026 0
69027 1
69028 2
69029 0
69030 2
69031 0
69032 1
69033 0
69034 1
69035 0
69036 1
69037 0
69038 1
69039 2
69040 0
69041 1
69042 0
69043 1
69044 0
69045 2
69046 1
69047 2
69048 0
69049 2
69050 1
69051 0
69052 1
69053 0
69054 1
69055 2
69056 1
69057 0
69058 2
69059 1
69060 0
69061 1
69062 2
69063 1
69064 0
69065 1
69066 2
69067 0
69068 3
69069 0
69070 1
69071 0
69072 2
69073 0
69074 2
69075 3
69076 0
69077 2
69078 1
69079 2
69080 0
69081 1
69082 0
69083 1
69084 2
69085 0
69086 3
69087 2
69088 0
69089 1
69090 2
69091 0
69092 1
69093 0
69094 1
69095 0
69096 1
69097 0
69098 1
69099 0
69100 1
69101 0
69102 2
69103 1
69104 0
69105 2
69106 1
69107 0
69108 1
69109 2
69110 0
69111 1
69112 3
69113 2
69114 3
69115 1
69116 2
69117 0
69118 1
69119 0
69120 2
69121 0
69122 1
69123 0
69124 2
69125 1
69126 2
69127 1
69128 0
69129 2
69130 1
69131 3
69132 1
69133 0
69134 1
69135 0
69136 1
69137 0
69138 2
69139 1
69140 2
69141 0
69142 1
69143 2
69144 0
69145 2
69146 0
69147 1
69148 0
69149 1
69150 2
69151 3
69152 1
69153 0
69154 2
69155 1
69156 0
69157 1
69158 0
69159 1
69160 0
69161 2
69162 1
69163 0
69164 1
69165 2
69166 0
69167 1
69168 2
69169 1
69170 0
69171 2
69172 0
69173 1
69174 0
69175 2
69176 1
69177 0
69178 2
69179 1
69180 0
69181 1
69182 3
69183 2
69184 1
69185 0
69186 1
69187 0
69188 2
69189 1
69190 0
69191 1
69192 0
69193 1
69194 2
69195 0
69196 2
69197 1
69198 0
69199 2
69200 0
69201 1
69202 2
69203 0
69204 1
69205 0
69206 1
69207 0
69208 2
69209 0
69210 1
69211 2
69212 3
69213 0
69214 1
69215 2
69216 1
69217 2
69218 0
69219 2
69220 1
69221 2
69222 1
69223 0
69224 2
69225 0
69226 2
69227 1
69228 0
69229 1
69230 0
69231 1
69232 0
69233 2
69234 0
69235 1
69236 3
69237 0
69238 2
69239 1
69240 0
69241 1
69242 3
69243 1
69244 0
69245 2
69246 1
69247 0
69248 2
69249 1
69250 0
69251 1
69252 2
69253 0
69254 1
69255 2
69256 0
69257 1
69258 2
69259 1
69260 0
69261 2
69262 1
69263 0
69264 1
69265 0
69266 1
69267 0
69268 1
69269 0
69270 2
69271 1
69272 2
69273 1
69274 0
69275 1
69276 2
69277 1
69278 2
69279 0
69280 1
69281 3
69282 1
69283 2
69284 1
69285 3
69286 0
69287 2
69288 1
69289 0
69290 1
69291 0
69292 1
69293 0
69294 1
69295 0
69296 1
69297 0
69298 1
69299 3
69300 2
69301 1
69302 2
69303 0
69304 1
69305 0
69306 2
69307 0
69308 1
69309 0
69310 1
69311 2
69312 0
69313 1
69314 2
69315 0
69316 1
69317 0
69318 1
69319 2
69320 0
69321 2
69322 1
69323 2
69324 3
69325 0
69326 2
69327 1
69328 0
69329 3
69330 2
69331 1
69332 2
69333 1
69334 0
69335 1
69336 2
69337 1
69338 2
69339 3
69340 1
69341 0
69342 2
69343 1
69344 0
69345 1
69346 2
69347 0
69348 1
69349 0
69350 1
69351 2
69352 0
69353 2
69354 1
69355 0
69356 2
69357 0
69358 1
69359 2
69360 3
69361 1
69362 0
69363 1
69364 0
69365 2
69366 0
69367 2
69368 1
69369 2
69370 3
69371 1
69372 0
69373 1
69374 0
69375 1
69376 0
69377 1
69378 0
69379 1
69380 0
69381 3
69382 2
69383 1
69384 2
69385 1
69386 0
69387 2
69388 1
69389 0
69390 1
69391 2
69392 1
69393 0
69394 1
69395 0
69396 1
69397 0
69398 1
69399 2
69400 0
69401 1
69402 0
69403 1
69404 3
69405 0
69406 3
69407 1
69408 2
69409 3
69410 0
69411 1
69412 2
69413 0
69414 1
69415 2
69416 0
69417 1
69418 2
69419 0
69420 1
69421 3
69422 2
69423 1
69424 0
69425 1
69426 0
69427 2
69428 1
69429 2
69430 0
69431 1
69432 2
69433 1
69434 2
69435 0
69436 2
69437 0
69438 2
69439 1
69440 0
69441 1
69442 2
69443 3
69444 0
69445 2
69446 1
69447 2
69448 0
69449 2
69450 1
69451 2
69452 0
69453 1
69454 0
69455 2
69456 3
69457 0
69458 2
69459 1
69460 0
69461 1
69462 0
69463 1
69464 2
69465 0
69466 2
69467 1
69468 0
69469 2
69470 3
69471 1
69472 2
69473 0
69474 1
69475 2
69476 1
69477 2
69478 0
69479 1
69480 2
69481 0
69482 1
69483 3
69484 2
69485 0
69486 1
69487 0
69488 1
69489 3
69490 0
69491 2
69492 0
69493 2
69494 1
69495 2
69496 3
69497 1
69498 0
69499 1
69500 0
69501 1
69502 0
69503 2
69504 1
69505 3
69506 0
69507 2
69508 0
69509 1
69510 0
69511 2
69512 0
69513 2
69514 1
69515 2
69516 1
69517 2
69518 0
69519 1
69520 0
69521 1
69522 0
69523 1
69524 0
69525 2
69526 0
69527 1
69528 0
69529 2
69530 0
69531 1
69532 0
69533 2
69534 1
69535 2
69536 0
69537 1
69538 0
69539 2
69540 0
69541 1
69542 2
69543 0
69544 1
69545 2
69546 0
69547 1
69548 0
69549 1
69550 2
69551 1
69552 0
69553 1
69554 2
69555 1
69556 2
69557 1
69558 2
69559 1
69560 0
69561 1
69562 0
69563 2
69564 1
69565 2
69566 1
69567 2
69568 0
69569 1
69570 0
69571 2
69572 1
69573 2
69574 0
69575 1
69576 0
69577 1
69578 0
69579 2
69580 1
69581 2
69582 0
69583 1
69584 0
69585 2
69586 0
69587 2
69588 1
69589 0
69590 2
69591 0
69592 1
69593 2
69594 0
69595 2
69596 1
69597 2
69598 3
69599 0
69600 1
69601 0
69602 2
69603 0
69604 1
69605 2
69606 1
69607 0
69608 2
69609 1
69610 2
69611 1
69612 3
69613 2
69614 0
69615 1
69616 0
69617 2
69618 0
69619 1
69620 2
69621 3
69622 0
69623 1
69624 0
69625 1
69626 2
69627 0
69628 2
69629 1
69630 0
69631 1
69632 0
69633 3
69634 0
69635 2
69636 1
69637 2
69638 0
69639 1
69640 2
69641 0
69642 2
69643 1
69644 2
69645 3
69646 2
69647 0
69648 1
69649 0
69650 2
69651 0
69652 1
69653 0
69654 2
69655 1
69656 2
69657 1
69658 0
69659 2
69660 1
69661 0
69662 1
69663 0
69664 2
69665 1
69666 2
69667 1
69668 0
69669 1
69670 2
69671 0
69672 1
69673 0
69674 2
69675 1
69676 0
69677 1
69678 2
69679 0
69680 2
69681 0
69682 2
69683 1
69684 3
69685 0
69686 2
69687 1
69688 0
69689 2
69690 0
69691 1
69692 0
69693 1
69694 0
69695 2
69696 1
69697 0
69698 2
69699 1
69700 0
69701 1
69702 2
69703 1
69704 2
69705 0
69706 1
69707 0
69708 2
69709 1
69710 0
69711 1
69712 2
69713 3
69714 0
69715 2
69716 0
69717 2
69718 3
69719 1
69720 2
69721 1
69722 2
69723 0
69724 1
69725 2
69726 0
69727 2
69728 3
69729 1
69730 0
69731 1
69732 2
69733 0
69734 2
69735 0
69736 3
69737 1
69738 0
69739 2
69740 1
69741 0
69742 1
69743 0
69744 1
69745 0
69746 1
69747 0
69748 1
69749 0
69750 2
69751 1
69752 2
69753 1
69754 0
69755 1
69756 0
69757 2
69758 1
69759 2
69760 3
69761 1
69762 2
69763 0
69764 1
69765 2
69766 0
69767 1
69768 0
69769 1
69770 2
69771 0
69772 2
69773 1
69774 0
69775 1
69776 0
69777 2
69778 1
69779 2
69780 1
69781 0
69782 1
69783 2
69784 1
69785 2
69786 1
69787 2
69788 0
69789 2
69790 0
69791 2
69792 1
69793 0
69794 1
69795 0
69796 2
69797 0
69798 3
69799 1
69800 0
69801 2
69802 0
69803 1
69804 0
69805 2
69806 1
69807 2
69808 0
69809 1
69810 0
69811 2
69812 0
69813 2
69814 1
69815 2
69816 1
69817 0
69818 2
69819 1
69820 2
69821 0
69822 1
69823 2
69824 0
69825 2
69826 0
69827 3
69828 2
69829 0
69830 1
69831 0
69832 1
69833 0
69834 1
69835 2
69836 0
69837 2
69838 1
69839 2
69840 1
69841 0
69842 1
69843 0
69844 1
69845 2
69846 3
69847 1
69848 0
69849 2
69850 1
69851 0
69852 1
69853 2
69854 0
69855 2
69856 0
69857 1
69858 0
69859 2
69860 1
69861 0
69862 2
69863 0
69864 2
69865 0
69866 3
69867 1
69868 2
69869 0
69870 2
69871 0
69872 2
69873 3
69874 1
69875 2
69876 0
69877 1
69878 0
69879 1
69880 0
69881 1
69882 0
69883 1
69884 2
69885 1
69886 2
69887 1
69888 0
69889 1
69890 0
69891 2
69892 1
69893 2
69894 1
69895 2
69896 0
69897 1
69898 3
69899 2
69900 1
69901 0
69902 2
69903 0
69904 2
69905 0
69906 2
69907 0
69908 1
69909 0
69910 1
69911 0
69912 1
69913 3
69914 0
69915 2
69916 1
69917 0
69918 1
69919 2
69920 1
69921 0
69922 1
69923 0
69924 2
69925 0
69926 1
69927 0
69928 2
69929 1
69930 2
69931 0
69932 2
69933 0
69934 3
69935 2
69936 3
69937 1
69938 0
69939 1
69940 2
69941 0
69942 2
69943 1
69944 0
69945 2
69946 0
69947 1
69948 2
69949 0
69950 2
69951 1
69952 0
69953 2
69954 0
69955 3
69956 1
69957 2
69958 1
69959 2
69960 0
69961 1
69962 0
69963 1
69964 2
69965 0
69966 1
69967 0
69968 1
69969 0
69970 2
69971 1
69972 2
69973 1
69974 0
69975 1
69976 0
69977 2
69978 1
69979 0
69980 2
69981 1
69982 2
69983 0
69984 1
69985 0
69986 3
69987 1
69988 3
69989 2
69990 0
69991 1
69992 2
69993 1
69994 0
69995 2
69996 1
69997 2
69998 0
69999 1
70000 2
70001 0
70002 1
70003 0
70004 2
70005 1
70006 0
70007 1
70008 0
70009 2
70010 1
70011 0
70012 3
70013 2
70014 1
70015 0
70016 2
70017 0
70018 2
70019 1
70020 2
70021 0
70022 2
70023 0
70024 1
70025 2
70026 1
70027 2
70028 1
70029 0
70030 1
70031 3
70032 2
70033 0
70034 1
70035 2
70036 0
70037 1
70038 0
70039 1
70040 0
70041 1
70042 0
70043 1
70044 2
70045 1
70046 0
70047 1
70048 0
70049 1
70050 0
70051 2
70052 1
70053 2
70054 1
70055 0
70056 1
70057 0
70058 2
70059 0
70060 1
70061 0
70062 2
70063 0
70064 3
70065 2
70066 0
70067 1
70068 3
70069 0
70070 2
70071 0
70072 2
70073 0
70074 1
70075 0
70076 1
70077 2
70078 1
70079 0
70080 1
70081 0
70082 1
70083 0
70084 1
70085 0
70086 1
70087 2
70088 1
70089 0
70090 1
70091 0
70092 2
70093 1
70094 2
70095 0
70096 2
70097 1
70098 2
70099 0
70100 1
70101 0
70102 1
70103 0
70104 2
70105 1
70106 0
70107 2
70108 0
70109 2
70110 1
70111 0
70112 1
70113 0
70114 1
70115 2
70116 1
70117 0
70118 2
70119 0
70120 2
70121 1
70122 3
70123 2
70124 3
70125 0
70126 1
70127 0
70128 2
70129 0
70130 1
70131 2
70132 1
70133 3
70134 2
70135 1
70136 0
70137 1
70138 3
70139 2
70140 1
70141 2
70142 1
70143 0
70144 1
70145 0
70146 1
70147 0
70148 1
70149 2
70150 0
70151 1
70152 2
70153 3
70154 1
70155 0
70156 1
70157 0
70158 2
70159 1
70160 0
70161 1
70162 2
70163 1
70164 2
70165 1
70166 0
70167 1
70168 0
70169 1
70170 0
70171 3
70172 1
70173 2
70174 1
70175 0
70176 1
70177 0
70178 1
70179 2
70180 0
70181 1
70182 0
70183 2
70184 0
70185 1
70186 0
70187 1
70188 0
70189 2
70190 0
70191 2
70192 0
70193 1
70194 2
70195 1
70196 0
70197 2
70198 0
70199 1
70200 0
70201 1
70202 0
70203 2
70204 1
70205 0
70206 1
70207 0
70208 1
70209 2
70210 1
70211 0
70212 1
70213 0
70214 2
70215 1
70216 0
70217 1
70218 0
70219 1
70220 0
70221 1
70222 2
70223 0
70224 2
70225 0
70226 2
70227 0
70228 1
70229 0
70230 3
70231 1
70232 0
70233 1
70234 3
70235 2
70236 0
70237 2
70238 3
70239 0
70240 3
70241 0
70242 1
70243 0
70244 2
70245 0
70246 2
70247 0
70248 2
70249 1
70250 0
70251 1
70252 0
70253 1
70254 0
70255 3
70256 1
70257 2
70258 1
70259 2
70260 1
70261 0
70262 1
70263 0
70264 1
70265 0
70266 2
70267 0
70268 2
70269 1
70270 0
70271 1
70272 3
70273 1
70274 3
70275 2
70276 1
70277 0
70278 1
70279 2
70280 1
70281 0
70282 2
70283 3
70284 0
70285 2
70286 0
70287 1
70288 0
70289 1
70290 0
70291 1
70292 2
70293 0
70294 2
70295 1
70296 0
70297 1
70298 2
70299 1
70300 2
70301 1
70302 2
70303 0
70304 1
70305 2
70306 0
70307 1
70308 2
70309 0
70310 2
70311 0
70312 2
70313 1
70314 0
70315 2
70316 1
70317 2
70318 0
70319 2
70320 1
70321 2
70322 1
70323 0
70324 2
70325 1
70326 2
70327 1
70328 2
70329 0
70330 1
70331 2
70332 1
70333 0
70334 1
70335 0
70336 1
70337 0
70338 1
70339 0
70340 1
70341 2
70342 0
70343 1
70344 0
70345 2
70346 0
70347 1
70348 3
70349 1
70350 0
70351 2
70352 1
70353 2
70354 0
70355 1
70356 2
70357 1
70358 2
70359 1
70360 0
70361 2
70362 1
70363 0
70364 1
70365 0
70366 2
70367 1
70368 2
70369 1
70370 2
70371 0
70372 1
70373 0
70374 1
70375 0
70376 2
70377 1
70378 0
70379 1
70380 0
70381 3
70382 2
70383 0
70384 2
70385 0
70386 1
70387 0
70388 2
70389 3
70390 1
70391 0
70392 1
70393 2
70394 0
70395 1
70396 0
70397 2
70398 0
70399 1
70400 2
70401 1
70402 2
70403 1
70404 0
70405 1
70406 0
70407 2
70408 1
70409 0
70410 1
70411 2
70412 1
70413 0
70414 1
70415 2
70416 3
70417 1
70418 2
70419 0
70420 1
70421 2
70422 3
70423 0
70424 3
70425 1
70426 0
70427 1
70428 0
70429 2
70430 0
70431 2
70432 1
70433 2
70434 1
70435 0
70436 2
70437 1
70438 2
70439 0
70440 1
70441 3
70442 2
70443 1
70444 0
70445 1
70446 0
70447 2
70448 1
70449 0
70450 2
70451 3
70452 0
70453 1
70454 0
70455 2
70456 1
70457 0
70458 2
70459 1
70460 0
70461 1
70462 0
70463 1
70464 2
70465 1
70466 2
70467 0
70468 2
70469 1
70470 2
70471 1
70472 3
70473 2
70474 0
70475 1
70476 0
70477 1
70478 2
70479 0
70480 1
70481 2
70482 0
70483 1
70484 2
70485 0
70486 1
70487 0
70488 2
70489 1
70490 2
70491 1
70492 0
70493 2
70494 1
70495 0
70496 2
70497 1
70498 0
70499 1
70500 0
70501 1
70502 0
70503 2
70504 1
70505 2
70506 1
70507 0
70508 1
70509 2
70510 3
70511 0
70512 1
70513 0
70514 1
70515 0
70516 1
70517 2
70518 0
70519 1
70520 2
70521 1
70522 0
70523 2
70524 1
70525 0
70526 1
70527 2
70528 1
70529 0
70530 1
70531 2
70532 3
70533 0
70534 2
70535 1
70536 2
70537 3
70538 1
70539 0
70540 1
70541 0
70542 1
70543 2
70544 0
70545 2
70546 1
70547 0
70548 3
70549 2
70550 1
70551 2
70552 1
70553 2
70554 0
70555 2
70556 0
70557 2
70558 1
70559 0
70560 1
70561 2
70562 0
70563 1
70564 0
70565 1
70566 2
70567 1
70568 0
70569 2
70570 1
70571 0
70572 1
70573 2
70574 0
70575 1
70576 0
70577 2
70578 1
70579 3
70580 0
70581 1
70582 2
70583 1
70584 2
70585 1
70586 2
70587 0
70588 1
70589 0
70590 1
70591 2
70592 1
70593 0
70594 1
70595 3
70596 2
70597 1
70598 2
70599 1
70600 0
70601 1
70602 2
70603 1
70604 0
70605 1
70606 2
70607 0
70608 1
70609 2
70610 1
70611 0
70612 3
70613 1
70614 0
70615 1
70616 0
70617 2
70618 1
70619 2
70620 0
70621 3
70622 0
70623 2
70624 0
70625 2
70626 1
70627 2
70628 0
70629 1
70630 2
70631 1
70632 0
70633 1
70634 2
70635 0
70636 1
70637 2
70638 3
70639 0
70640 2
70641 1
70642 2
70643 0
70644 1
70645 0
70646 3
70647 1
70648 2
70649 0
70650 1
70651 0
70652 2
70653 3
70654 2
70655 0
70656 2
70657 1
70658 0
70659 2
70660 0
70661 3
70662 0
70663 1
70664 2
70665 1
70666 3
70667 2
70668 1
70669 0
70670 2
70671 1
70672 2
70673 1
70674 0
70675 1
70676 0
70677 2
70678 1
70679 0
70680 2
70681 3
70682 2
70683 0
70684 2
70685 0
70686 3
70687 1
70688 0
70689 1
70690 2
70691 0
70692 1
70693 0
70694 1
70695 0
70696 2
70697 1
70698 2
70699 0
70700 1
70701 0
70702 2
70703 1
70704 0
70705 2
70706 1
70707 2
70708 3
70709 0
70710 2
70711 3
70712 1
70713 2
70714 0
70715 2
70716 1
70717 3
70718 0
70719 1
70720 0
70721 1
70722 2
70723 0
70724 2
70725 0
70726 1
70727 0
70728 2
70729 1
70730 2
70731 0
70732 1
70733 0
70734 1
70735 0
70736 1
70737 2
70738 0
70739 1
70740 0
70741 2
70742 1
70743 2
70744 0
70745 1
70746 2
70747 3
70748 0
70749 2
70750 0
70751 2
70752 1
70753 2
70754 0
70755 1
70756 0
70757 1
70758 3
70759 2
70760 1
70761 2
70762 3
70763 0
70764 2
70765 1
70766 2
70767 0
70768 1
70769 2
70770 1
70771 2
70772 0
70773 1
70774 0
70775 2
70776 1
70777 3
70778 1
70779 0
70780 2
70781 1
70782 2
70783 1
70784 0
70785 2
70786 1
70787 0
70788 1
70789 0
70790 2
70791 1
70792 3
70793 0
70794 2
70795 0
70796 1
70797 3
70798 0
70799 1
70800 2
70801 1
70802 2
70803 3
70804 0
70805 3
70806 1
70807 0
70808 2
70809 1
70810 0
70811 1
70812 0
70813 1
70814 3
70815 0
70816 2
70817 1
70818 2
70819 0
70820 1
70821 0
70822 1
70823 2
70824 1
70825 0
70826 2
70827 1
70828 2
70829 1
70830 2
70831 0
70832 1
70833 2
70834 0
70835 1
70836 0
70837 1
70838 2
70839 0
70840 2
70841 1
70842 0
70843 1
70844 2
70845 1
70846 0
70847 1
70848 0
70849 1
70850 2
70851 3
70852 2
70853 0
70854 1
70855 0
70856 2
70857 1
70858 3
70859 0
70860 2
70861 0
70862 2
70863 1
70864 2
70865 1
70866 0
70867 2
70868 1
70869 2
70870 0
70871 1
70872 0
70873 2
70874 0
70875 2
70876 1
70877 2
70878 0
70879 2
70880 0
70881 2
70882 1
70883 2
70884 0
70885 1
70886 0
70887 3
70888 0
70889 1
70890 0
70891 1
70892 0
70893 1
70894 0
70895 2
70896 0
70897 1
70898 0
70899 1
70900 0
70901 2
70902 0
70903 1
70904 2
70905 0
70906 1
70907 0
70908 2
70909 1
70910 0
70911 2
70912 0
70913 2
70914 1
70915 0
70916 1
70917 0
70918 2
70919 0
70920 1
70921 0
70922 1
70923 0
70924 2
70925 1
70926 0
70927 2
70928 0
70929 2
70930 0
70931 1
70932 0
70933 1
70934 2
70935 1
70936 0
70937 1
70938 0
70939 1
70940 0
70941 1
70942 0
70943 1
70944 2
70945 0
70946 1
70947 2
70948 0
70949 3
70950 4
70951 0
70952 1
70953 0
70954 2
70955 1
70956 0
70957 1
70958 0
70959 1
70960 2
70961 0
70962 1
70963 0
70964 1
70965 2
70966 0
70967 1
70968 2
70969 0
70970 1
70971 0
70972 1
70973 2
70974 0
70975 2
70976 0
70977 1
70978 0
70979 2
70980 1
70981 2
70982 0
70983 2
70984 3
70985 1
70986 0
70987 1
70988 0
70989 1
70990 2
70991 0
70992 2
70993 1
70994 0
70995 1
70996 2
70997 0
70998 1
70999 2
71000 0
71001 1
71002 2
71003 0
71004 1
71005 0
71006 1
71007 0
71008 1
71009 2
71010 0
71011 1
71012 2
71013 0
71014 1
71015 0
71016 2
71017 1
71018 2
71019 0
71020 1
71021 0
71022 1
71023 0
71024 1
71025 0
71026 1
71027 0
71028 1
71029 0
71030 2
71031 1
71032 2
71033 0
71034 1
71035 3
71036 1
71037 0
71038 3
71039 0
71040 3
71041 1
71042 0
71043 1
71044 0
71045 2
71046 3
71047 1
71048 0
71049 2
71050 1
71051 2
71052 0
71053 2
71054 1
71055 0
71056 1
71057 0
71058 1
71059 2
71060 1
71061 2
71062 0
71063 1
71064 2
71065 0
71066 1
71067 2
71068 0
71069 1
71070 0
71071 2
71072 0
71073 1
71074 2
71075 0
71076 2
71077 0
71078 1
71079 2
71080 0
71081 2
71082 0
71083 2
71084 1
71085 2
71086 0
71087 2
71088 0
71089 1
71090 0
71091 2
71092 1
71093 2
71094 0
71095 1
71096 2
71097 1
71098 0
71099 1
71100 3
71101 0
71102 2
71103 1
71104 0
71105 2
71106 0
71107 1
71108 2
71109 0
71110 1
71111 0
71112 2
71113 0
71114 2
71115 1
71116 0
71117 1
71118 0
71119 1
71120 0
71121 2
71122 3
71123 1
71124 0
71125 1
71126 0
71127 1
71128 0
71129 2
71130 1
71131 2
71132 1
71133 2
71134 0
71135 1
71136 2
71137 0
71138 1
71139 0
71140 1
71141 2
71142 0
71143 2
71144 3
71145 1
71146 2
71147 1
71148 0
71149 1
71150 0
71151 1
71152 0
71153 1
71154 2
71155 0
71156 2
71157 1
71158 2
71159 3
71160 4
71161 2
71162 0
71163 2
71164 1
71165 2
71166 0
71167 2
71168 1
71169 3
71170 2
71171 0
71172 1
71173 2
71174 0
71175 1
71176 2
71177 1
71178 2
71179 0
71180 3
71181 2
71182 0
71183 1
71184 0
71185 2
71186 0
71187 2
71188 0
71189 1
71190 0
71191 1
71192 2
71193 0
71194 1
71195 3
71196 0
71197 2
71198 1
71199 2
71200 0
71201 1
71202 2
71203 1
71204 3
71205 0
71206 2
71207 1
71208 0
71209 1
71210 2
71211 0
71212 2
71213 1
71214 0
71215 1
71216 2
71217 0
71218 1
71219 0
71220 2
71221 3
71222 1
71223 2
71224 1
71225 0
71226 1
71227 0
71228 1
71229 2
71230 0
71231 2
71232 1
71233 0
71234 1
71235 0
71236 1
71237 0
71238 2
71239 1
71240 0
71241 2
71242 0
71243 1
71244 0
71245 1
71246 2
71247 0
71248 1
71249 3
71250 2
71251 0
71252 2
71253 1
71254 3
71255 0
71256 1
71257 0
71258 1
71259 2
71260 0
71261 2
71262 1
71263 0
71264 2
71265 1
71266 2
71267 0
71268 2
71269 0
71270 3
71271 2
71272 1
71273 0
71274 2
71275 3
71276 1
71277 0
71278 2
71279 1
71280 0
71281 2
71282 0
71283 1
71284 2
71285 0
71286 2
71287 1
71288 0
71289 1
71290 0
71291 1
71292 0
71293 1
71294 2
71295 1
71296 0
71297 3
71298 1
71299 0
71300 1
71301 0
71302 1
71303 2
71304 0
71305 1
71306 2
71307 0
71308 1
71309 0
71310 2
71311 1
71312 2
71313 0
71314 2
71315 1
71316 0
71317 1
71318 0
71319 2
71320 0
71321 2
71322 1
71323 0
71324 1
71325 2
71326 1
71327 0
71328 2
71329 0
71330 1
71331 0
71332 1
71333 0
71334 2
71335 1
71336 2
71337 1
71338 0
71339 1
71340 0
71341 2
71342 1
71343 2
71344 1
71345 0
71346 3
71347 2
71348 1
71349 2
71350 3
71351 0
71352 1
71353 2
71354 1
71355 0
71356 2
71357 1
71358 2
71359 0
71360 2
71361 0
71362 2
71363 1
71364 2
71365 0
71366 2
71367 1
71368 2
71369 0
71370 1
71371 0
71372 1
71373 0
71374 2
71375 1
71376 0
71377 2
71378 1
71379 2
71380 0
71381 2
71382 3
71383 1
71384 0
71385 2
71386 1
71387 2
71388 0
71389 1
71390 0
71391 1
71392 0
71393 2
71394 0
71395 1
71396 2
71397 3
71398 1
71399 0
71400 1
71401 2
71402 3
71403 1
71404 0
71405 2
71406 0
71407 1
71408 0
71409 2
71410 0
71411 1
71412 0
71413 2
71414 1
71415 2
71416 1
71417 0
71418 2
71419 1
71420 0
71421 1
71422 0
71423 1
71424 0
71425 1
71426 3
71427 2
71428 0
71429 1
71430 3
71431 0
71432 2
71433 0
71434 1
71435 2
71436 0
71437 2
71438 1
71439 0
71440 1
71441 2
71442 0
71443 1
71444 0
71445 1
71446 0
71447 2
71448 1
71449 2
71450 0
71451 1
71452 2
71453 0
71454 1
71455 2
71456 1
71457 0
71458 1
71459 2
71460 1
71461 2
71462 1
71463 2
71464 0
71465 2
71466 0
71467 2
71468 1
71469 0
71470 1
71471 2
71472 1
71473 2
71474 0
71475 1
71476 0
71477 1
71478 2
71479 0
71480 1
71481 2
71482 1
71483 0
71484 1
71485 0
71486 3
71487 2
71488 0
71489 1
71490 0
71491 1
71492 0
71493 1
71494 2
71495 0
71496 3
71497 1
71498 0
71499 2
71500 1
71501 0
71502 1
71503 0
71504 1
71505 0
71506 1
71507 2
71508 0
71509 2
71510 1
71511 2
71512 0
71513 2
71514 1
71515 2
71516 1
71517 2
71518 0
71519 1
71520 0
71521 2
71522 3
71523 2
71524 0
71525 1
71526 2
71527 3
71528 1
71529 0
71530 1
71531 0
71532 2
71533 1
71534 2
71535 1
71536 3
71537 2
71538 0
71539 2
71540 3
71541 0
71542 2
71543 1
71544 2
71545 1
71546 2
71547 1
71548 0
71549 2
71550 1
71551 2
71552 1
71553 0
71554 2
71555 0
71556 1
71557 2
71558 1
71559 0
71560 1
71561 2
71562 0
71563 1
71564 0
71565 2
71566 1
71567 0
71568 3
71569 2
71570 0
71571 1
71572 2
71573 0
71574 1
71575 2
71576 0
71577 1
71578 2
71579 1
71580 2
71581 0
71582 2
71583 3
71584 0
71585 2
71586 1
71587 2
71588 0
71589 2
71590 1
71591 0
71592 2
71593 0
71594 1
71595 0
71596 2
71597 1
71598 0
71599 2
71600 1
71601 2
71602 3
71603 1
71604 0
71605 2
71606 1
71607 2
71608 0
71609 2
71610 0
71611 3
71612 1
71613 2
71614 1
71615 0
71616 1
71617 2
71618 0
71619 2
71620 1
71621 0
71622 2
71623 1
71624 2
71625 0
71626 2
71627 1
71628 0
71629 2
71630 1
71631 0
71632 2
71633 1
71634 0
71635 2
71636 3
71637 0
71638 2
71639 1
71640 2
71641 3
71642 1
71643 0
71644 1
71645 2
71646 0
71647 2
71648 3
71649 0
71650 3
71651 0
71652 1
71653 0
71654 1
71655 2
71656 1
71657 2
71658 1
71659 0
71660 1
71661 0
71662 1
71663 0
71664 2
71665 0
71666 1
71667 0
71668 1
71669 0
71670 2
71671 1
71672 0
71673 1
71674 0
71675 2
71676 0
71677 1
71678 2
71679 0
71680 1
71681 0
71682 1
71683 0
71684 2
71685 1
71686 0
71687 1
71688 2
71689 0
71690 1
71691 2
71692 1
71693 0
71694 2
71695 1
71696 2
71697 0
71698 1
71699 0
71700 2
71701 1
71702 2
71703 0
71704 2
71705 0
71706 2
71707 3
71708 0
71709 2
71710 1
71711 2
71712 0
71713 2
71714 1
71715 0
71716 1
71717 0
71718 1
71719 2
71720 3
71721 0
71722 2
71723 1
71724 2
71725 1
71726 3
71727 2
71728 0
71729 1
71730 2
71731 0
71732 1
71733 0
71734 1
71735 0
71736 2
71737 1
71738 2
71739 0
71740 1
71741 2
71742 0
71743 1
71744 2
71745 0
71746 2
71747 1
71748 2
71749 1
71750 2
71751 0
71752 2
71753 0
71754 2
71755 1
71756 3
71757 0
71758 1
71759 0
71760 1
71761 2
71762 0
71763 1
71764 2
71765 0
71766 1
71767 2
71768 0
71769 1
71770 2
71771 3
71772 1
71773 3
71774 2
71775 0
71776 1
71777 0
71778 1
71779 0
71780 2
71781 0
71782 2
71783 1
71784 0
71785 3
71786 1
71787 2
71788 0
71789 2
71790 3
71791 1
71792 0
71793 1
71794 2
71795 0
71796 1
71797 2
71798 1
71799 0
71800 2
71801 1
71802 3
71803 2
71804 1
71805 2
71806 0
71807 2
71808 3
71809 1
71810 0
71811 2
71812 1
71813 0
71814 1
71815 0
71816 1
71817 2
71818 1
71819 0
71820 1
71821 2
71822 1
71823 0
71824 1
71825 0
71826 2
71827 3
71828 0
71829 2
71830 1
71831 2
71832 1
71833 2
71834 1
71835 0
71836 2
71837 0
71838 1
71839 0
71840 1
71841 0
71842 2
71843 1
71844 2
71845 0
71846 1
71847 0
71848 3
71849 0
71850 2
71851 1
71852 2
71853 0
71854 1
71855 2
71856 0
71857 2
71858 1
71859 0
71860 1
71861 0
71862 2
71863 1
71864 0
71865 1
71866 0
71867 2
71868 0
71869 2
71870 3
71871 1
71872 2
71873 0
71874 1
71875 0
71876 1
71877 2
71878 0
71879 2
71880 1
71881 0
71882 2
71883 1
71884 0
71885 2
71886 1
71887 0
71888 2
71889 1
71890 2
71891 0
71892 1
71893 2
71894 1
71895 0
71896 1
71897 0
71898 2
71899 3
71900 1
71901 0
71902 2
71903 1
71904 0
71905 1
71906 0
71907 2
71908 1
71909 2
71910 0
71911 1
71912 0
71913 1
71914 2
71915 0
71916 2
71917 0
71918 1
71919 2
71920 1
71921 0
71922 1
71923 0
71924 1
71925 3
71926 0
71927 1
71928 0
71929 1
71930 0
71931 1
71932 0
71933 2
71934 3
71935 1
71936 2
71937 0
71938 2
71939 1
71940 2
71941 0
71942 2
71943 1
71944 0
71945 1
71946 0
71947 3
71948 2
71949 1
71950 0
71951 2
71952 0
71953 2
71954 1
71955 0
71956 1
71957 0
71958 3
71959 2
71960 0
71961 2
71962 1
71963 2
71964 0
71965 1
71966 2
71967 0
71968 1
71969 2
71970 1
71971 3
71972 0
71973 1
71974 0
71975 1
71976 2
71977 0
71978 1
71979 0
71980 1
71981 2
71982 3
71983 0
71984 2
71985 0
71986 1
71987 0
71988 1
71989 0
71990 1
71991 0
71992 1
71993 2
71994 0
71995 2
71996 1
71997 2
71998 0
71999 1
72000 2
72001 1
72002 0
72003 2
72004 0
72005 2
72006 0
72007 2
72008 1
72009 0
72010 1
72011 0
72012 1
72013 0
72014 2
72015 3
72016 1
72017 0
72018 1
72019 0
72020 1
72021 0
72022 1
72023 0
72024 1
72025 2
72026 1
72027 2
72028 0
72029 2
72030 1
72031 0
72032 2
72033 1
72034 0
72035 1
72036 2
72037 0
72038 1
72039 2
72040 1
72041 2
72042 0
72043 1
72044 0
72045 2
72046 1
72047 2
72048 0
72049 1
72050 2
72051 0
72052 1
72053 0
72054 1
72055 0
72056 3
72057 2
72058 1
72059 0
72060 2
72061 3
72062 0
72063 2
72064 0
72065 1
72066 2
72067 0
72068 1
72069 0
72070 2
72071 1
72072 0
72073 2
72074 0
72075 1
72076 2
72077 0
72078 2
72079 3
72080 0
72081 1
72082 2
72083 0
72084 1
72085 4
72086 3
72087 1
72088 0
72089 2
72090 1
72091 0
72092 2
72093 1
72094 2
72095 1
72096 0
72097 1
72098 0
72099 1
72100 0
72101 1
72102 0
72103 3
72104 1
72105 2
72106 3
72107 0
72108 2
72109 0
72110 1
72111 0
72112 1
72113 2
72114 0
72115 3
72116 2
72117 0
72118 2
72119 1
72120 0
72121 2
72122 0
72123 2
72124 3
72125 0
72126 1
72127 2
72128 0
72129 2
72130 1
72131 2
72132 0
72133 3
72134 1
72135 0
72136 2
72137 1
72138 2
72139 1
72140 2
72141 0
72142 2
72143 0
72144 2
72145 1
72146 2
72147 0
72148 1
72149 0
72150 1
72151 0
72152 1
72153 0
72154 2
72155 0
72156 1
72157 0
72158 3
72159 2
72160 0
72161 1
72162 0
72163 1
72164 0
72165 2
72166 0
72167 1
72168 0
72169 1
72170 0
72171 2
72172 1
72173 0
72174 1
72175 0
72176 2
72177 1
72178 3
72179 2
72180 3
72181 2
72182 0
72183 2
72184 1
72185 2
72186 0
72187 2
72188 1
72189 2
72190 1
72191 2
72192 0
72193 3
72194 1
72195 0
72196 1
72197 2
72198 1
72199 2
72200 0
72201 1
72202 0
72203 1
72204 2
72205 0
72206 1
72207 2
72208 1
72209 2
72210 3
72211 1
72212 0
72213 1
72214 2
72215 0
72216 2
72217 0
72218 1
72219 0
72220 2
72221 3
72222 0
72223 3
72224 2
72225 0
72226 2
72227 0
72228 2
72229 0
72230 2
72231 1
72232 0
72233 2
72234 1
72235 3
72236 1
72237 2
72238 0
72239 1
72240 2
72241 0
72242 3
72243 2
72244 3
72245 1
72246 0
72247 1
72248 0
72249 1
72250 2
72251 0
72252 1
72253 2
72254 0
72255 1
72256 0
72257 2
72258 1
72259 4
72260 3
72261 2
72262 1
72263 2
72264 3
72265 1
72266 0
72267 1
72268 0
72269 2
72270 1
72271 2
72272 0
72273 2
72274 0
72275 2
72276 1
72277 0
72278 1
72279 0
72280 1
72281 0
72282 3
72283 0
72284 1
72285 2
72286 0
72287 1
72288 0
72289 1
72290 0
72291 1
72292 0
72293 2
72294 0
72295 2
72296 0
72297 1
72298 0
72299 1
72300 2
72301 1
72302 2
72303 1
72304 0
72305 2
72306 1
72307 2
72308 3
72309 0
72310 1
72311 4
72312 2
72313 1
72314 2
72315 3
72316 2
72317 0
72318 1
72319 0
72320 1
72321 0
72322 2
72323 0
72324 1
72325 0
72326 2
72327 0
72328 2
72329 3
72330 1
72331 2
72332 1
72333 2
72334 0
72335 2
72336 1
72337 2
72338 1
72339 0
72340 1
72341 0
72342 1
72343 2
72344 1
72345 2
72346 0
72347 2
72348 1
72349 0
72350 1
72351 0
72352 1
72353 0
72354 2
72355 1
72356 2
72357 3
72358 1
72359 0
72360 2
72361 1
72362 0
72363 1
72364 0
72365 1
72366 2
72367 0
72368 1
72369 0
72370 1
72371 0
72372 2
72373 1
72374 2
72375 0
72376 1
72377 2
72378 0
72379 1
72380 3
72381 2
72382 3
72383 0
72384 1
72385 0
72386 1
72387 0
72388 2
72389 1
72390 0
72391 2
72392 1
72393 0
72394 1
72395 2
72396 0
72397 1
72398 2
72399 1
72400 2
72401 0
72402 1
72403 2
72404 1
72405 0
72406 1
72407 2
72408 0
72409 2
72410 3
72411 0
72412 2
72413 3
72414 1
72415 0
72416 2
72417 1
72418 0
72419 1
72420 0
72421 2
72422 0
72423 1
72424 0
72425 2
72426 1
72427 0
72428 1
72429 0
72430 2
72431 0
72432 1
72433 0
72434 1
72435 2
72436 0
72437 1
72438 0
72439 1
72440 2
72441 0
72442 2
72443 1
72444 0
72445 2
72446 0
72447 2
72448 0
72449 2
72450 1
72451 0
72452 1
72453 0
72454 1
72455 2
72456 0
72457 1
72458 0
72459 2
72460 0
72461 2
72462 1
72463 2
72464 0
72465 1
72466 2
72467 3
72468 0
72469 1
72470 2
72471 0
72472 1
72473 0
72474 1
72475 0
72476 1
72477 2
72478 1
72479 2
72480 3
72481 1
72482 2
72483 3
72484 1
72485 2
72486 0
72487 1
72488 0
72489 1
72490 0
72491 1
72492 0
72493 1
72494 0
72495 3
72496 0
72497 2
72498 0
72499 1
72500 3
72501 0
72502 2
72503 0
72504 2
72505 0
72506 2
72507 0
72508 1
72509 2
72510 0
72511 3
72512 2
72513 1
72514 2
72515 0
72516 1
72517 2
72518 1
72519 0
72520 1
72521 0
72522 2
72523 1
72524 2
72525 1
72526 2
72527 0
72528 1
72529 0
72530 3
72531 2
72532 3
72533 1
72534 0
72535 2
72536 0
72537 2
72538 0
72539 1
72540 0
72541 1
72542 2
72543 0
72544 2
72545 1
72546 2
72547 3
72548 2
72549 1
72550 3
72551 1
72552 2
72553 0
72554 1
72555 2
72556 3
72557 1
72558 0
72559 1
72560 0
72561 3
72562 0
72563 2
72564 0
72565 1
72566 2
72567 1
72568 0
72569 1
72570 0
72571 1
72572 0
72573 1
72574 3
72575 0
72576 2
72577 0
72578 1
72579 2
72580 1
72581 0
72582 2
72583 0
72584 2
72585 0
72586 1
72587 0
72588 1
72589 2
72590 0
72591 1
72592 0
72593 2
72594 1
72595 2
72596 1
72597 2
72598 1
72599 0
72600 1
72601 2
72602 0
72603 3
72604 1
72605 2
72606 0
72607 2
72608 1
72609 0
72610 2
72611 1
72612 2
72613 0
72614 2
72615 1
72616 0
72617 2
72618 3
72619 1
72620 0
72621 1
72622 3
72623 1
72624 3
72625 2
72626 3
72627 0
72628 2
72629 1
72630 2
72631 0
72632 1
72633 0
72634 1
72635 3
72636 4
72637 2
72638 3
72639 0
72640 2
72641 0
72642 1
72643 2
72644 0
72645 1
72646 0
72647 1
72648 2
72649 0
72650 2
72651 1
72652 0
72653 2
72654 1
72655 2
72656 1
72657 0
72658 2
72659 1
72660 0
72661 1
72662 2
72663 3
72664 4
72665 0
72666 1
72667 0
72668 1
72669 0
72670 1
72671 0
72672 1
72673 2
72674 0
72675 1
72676 0
72677 1
72678 0
72679 1
72680 0
72681 1
72682 0
72683 1
72684 0
72685 2
72686 3
72687 0
72688 3
72689 2
72690 1
72691 0
72692 2
72693 1
72694 0
72695 2
72696 3
72697 2
72698 0
72699 1
72700 0
72701 1
72702 0
72703 1
72704 0
72705 1
72706 0
72707 2
72708 0
72709 2
72710 1
72711 0
72712 1
72713 2
72714 0
72715 1
72716 0
72717 2
72718 3
72719 1
72720 2
72721 0
72722 1
72723 0
72724 1
72725 2
72726 1
72727 2
72728 1
72729 0
72730 1
72731 0
72732 2
72733 1
72734 2
72735 1
72736 3
72737 0
72738 1
72739 0
72740 1
72741 0
72742 1
72743 0
72744 1
72745 2
72746 0
72747 2
72748 1
72749 2
72750 0
72751 2
72752 0
72753 1
72754 2
72755 1
72756 0
72757 1
72758 2
72759 3
72760 0
72761 2
72762 0
72763 2
72764 3
72765 0
72766 1
72767 0
72768 2
72769 0
72770 1
72771 2
72772 1
72773 0
72774 1
72775 2
72776 1
72777 2
72778 0
72779 2
72780 1
72781 0
72782 1
72783 2
72784 0
72785 2
72786 1
72787 0
72788 1
72789 2
72790 1
72791 2
72792 1
72793 2
72794 0
72795 1
72796 0
72797 2
72798 0
72799 1
72800 2
72801 1
72802 0
72803 1
72804 0
72805 1
72806 0
72807 1
72808 0
72809 2
72810 1
72811 3
72812 1
72813 0
72814 1
72815 0
72816 2
72817 0
72818 2
72819 1
72820 2
72821 0
72822 2
72823 0
72824 1
72825 0
72826 3
72827 1
72828 0
72829 2
72830 3
72831 2
72832 1
72833 0
72834 2
72835 1
72836 0
72837 2
72838 1
72839 0
72840 1
72841 0
72842 1
72843 2
72844 0
72845 1
72846 0
72847 3
72848 2
72849 0
72850 1
72851 0
72852 2
72853 0
72854 2
72855 1
72856 2
72857 0
72858 3
72859 1
72860 0
72861 1
72862 3
72863 1
72864 2
72865 1
72866 0
72867 1
72868 0
72869 2
72870 0
72871 1
72872 2
72873 1
72874 0
72875 1
72876 2
72877 1
72878 3
72879 4
72880 1
72881 2
72882 1
72883 2
72884 0
72885 2
72886 1
72887 0
72888 1
72889 2
72890 1
72891 0
72892 2
72893 1
72894 0
72895 1
72896 0
72897 2
72898 1
72899 0
72900 1
72901 0
72902 1
72903 0
72904 2
72905 3
72906 0
72907 2
72908 1
72909 0
72910 1
72911 0
72912 1
72913 2
72914 1
72915 0
72916 1
72917 2
72918 0
72919 1
72920 0
72921 1
72922 2
72923 3
72924 1
72925 0
72926 1
72927 0
72928 1
72929 2
72930 0
72931 3
72932 1
72933 2
72934 0
72935 1
72936 3
72937 2
72938 1
72939 2
72940 0
72941 2
72942 1
72943 3
72944 2
72945 0
72946 2
72947 0
72948 2
72949 1
72950 0
72951 2
72952 1
72953 0
72954 2
72955 1
72956 2
72957 1
72958 0
72959 2
72960 1
72961 0
72962 2
72963 1
72964 2
72965 0
72966 2
72967 1
72968 2
72969 1
72970 0
72971 2
72972 1
72973 2
72974 0
72975 1
72976 0
72977 2
72978 0
72979 1
72980 3
72981 1
72982 2
72983 1
72984 0
72985 1
72986 2
72987 0
72988 2
72989 1
72990 0
72991 1
72992 2
72993 0
72994 1
72995 0
72996 2
72997 1
72998 0
72999 1
73000 0
73001 2
73002 0
73003 1
73004 3
73005 0
73006 2
73007 3
73008 0
73009 2
73010 3
73011 1
73012 0
73013 2
73014 1
73015 0
73016 1
73017 2
73018 3
73019 0
73020 1
73021 3
73022 2
73023 1
73024 2
73025 1
73026 2
73027 0
73028 2
73029 0
73030 2
73031 0
73032 1
73033 0
73034 1
73035 0
73036 1
73037 2
73038 0
73039 1
73040 0
73041 1
73042 0
73043 2
73044 0
73045 3
73046 2
73047 1
73048 0
73049 1
73050 0
73051 1
73052 2
73053 1
73054 0
73055 1
73056 0
73057 3
73058 2
73059 1
73060 2
73061 3
73062 0
73063 2
73064 0
73065 2
73066 0
73067 1
73068 2
73069 1
73070 0
73071 2
73072 0
73073 1
73074 2
73075 0
73076 1
73077 0
73078 1
73079 2
73080 0
73081 1
73082 2
73083 0
73084 2
73085 1
73086 2
73087 1
73088 0
73089 2
73090 1
73091 0
73092 1
73093 2
73094 1
73095 2
73096 0
73097 1
73098 3
73099 0
73100 1
73101 0
73102 1
73103 2
73104 1
73105 2
73106 0
73107 1
73108 2
73109 0
73110 1
73111 0
73112 1
73113 2
73114 0
73115 1
73116 2
73117 0
73118 1
73119 0
73120 2
73121 1
73122 0
73123 1
73124 0
73125 1
73126 0
73127 2
73128 0
73129 1
73130 2
73131 0
73132 1
73133 0
73134 1
73135 2
73136 1
73137 3
73138 0
73139 2
73140 1
73141 2
73142 0
73143 1
73144 2
73145 0
73146 3
73147 2
73148 3
73149 1
73150 2
73151 0
73152 2
73153 1
73154 0
73155 3
73156 1
73157 2
73158 0
73159 1
73160 2
73161 0
73162 1
73163 3
73164 0
73165 1
73166 2
73167 3
73168 1
73169 3
73170 0
73171 1
73172 2
73173 0
73174 1
73175 0
73176 2
73177 0
73178 1
73179 0
73180 1
73181 2
73182 0
73183 1
73184 2
73185 1
73186 0
73187 1
73188 0
73189 3
73190 2
73191 1
73192 0
73193 1
73194 0
73195 1
73196 3
73197 1
73198 0
73199 1
73200 0
73201 2
73202 1
73203 2
73204 0
73205 2
73206 1
73207 0
73208 2
73209 3
73210 1
73211 2
73212 0
73213 1
73214 0
73215 2
73216 0
73217 1
73218 2
73219 1
73220 0
73221 2
73222 1
73223 0
73224 3
73225 0
73226 2
73227 0
73228 1
73229 2
73230 0
73231 2
73232 1
73233 0
73234 2
73235 0
73236 2
73237 3
73238 0
73239 3
73240 1
73241 0
73242 2
73243 1
73244 2
73245 0
73246 1
73247 0
73248 2
73249 3
73250 1
73251 0
73252 1
73253 2
73254 0
73255 2
73256 0
73257 1
73258 0
73259 2
73260 1
73261 2
73262 0
73263 1
73264 0
73265 2
73266 0
73267 2
73268 1
73269 0
73270 1
73271 0
73272 3
73273 0
73274 1
73275 3
73276 2
73277 1
73278 0
73279 2
73280 0
73281 1
73282 2
73283 3
73284 1
73285 2
73286 0
73287 1
73288 2
73289 0
73290 2
73291 3
73292 1
73293 0
73294 1
73295 0
73296 1
73297 3
73298 2
73299 3
73300 0
73301 1
73302 2
73303 0
73304 2
73305 1
73306 2
73307 1
73308 0
73309 1
73310 0
73311 1
73312 2
73313 0
73314 2
73315 1
73316 0
73317 1
73318 0
73319 1
73320 2
73321 0
73322 2
73323 0
73324 2
73325 0
73326 1
73327 2
73328 3
73329 1
73330 0
73331 2
73332 1
73333 3
73334 0
73335 1
73336 0
73337 1
73338 3
73339 2
73340 0
73341 1
73342 2
73343 1
73344 0
73345 1
73346 0
73347 1
73348 0
73349 2
73350 1
73351 0
73352 1
73353 2
73354 0
73355 2
73356 1
73357 0
73358 2
73359 1
73360 0
73361 1
73362 0
73363 1
73364 0
73365 2
73366 0
73367 1
73368 0
73369 2
73370 3
73371 0
73372 1
73373 0
73374 2
73375 1
73376 3
73377 2
73378 0
73379 2
73380 3
73381 1
73382 2
73383 1
73384 0
73385 2
73386 1
73387 0
73388 2
73389 0
73390 1
73391 3
73392 0
73393 1
73394 0
73395 2
73396 0
73397 1
73398 0
73399 1
73400 0
73401 1
73402 2
73403 1
73404 0
73405 3
73406 2
73407 0
73408 2
73409 1
73410 2
73411 1
73412 0
73413 2
73414 1
73415 0
73416 2
73417 1
73418 2
73419 0
73420 1
73421 2
73422 1
73423 0
73424 1
73425 2
73426 0
73427 1
73428 3
73429 0
73430 3
73431 0
73432 2
73433 1
73434 0
73435 1
73436 0
73437 2
73438 1
73439 2
73440 0
73441 2
73442 0
73443 2
73444 1
73445 2
73446 1
73447 2
73448 0
73449 1
73450 0
73451 2
73452 0
73453 1
73454 0
73455 2
73456 1
73457 0
73458 1
73459 2
73460 0
73461 3
73462 2
73463 0
73464 2
73465 0
73466 1
73467 0
73468 1
73469 0
73470 1
73471 0
73472 2
73473 1
73474 0
73475 1
73476 0
73477 1
73478 0
73479 1
73480 2
73481 1
73482 2
73483 3
73484 0
73485 2
73486 0
73487 2
73488 1
73489 2
73490 0
73491 1
73492 0
73493 1
73494 0
73495 2
73496 3
73497 0
73498 2
73499 0
73500 3
73501 1
73502 2
73503 0
73504 2
73505 1
73506 2
73507 0
73508 1
73509 0
73510 1
73511 2
73512 0
73513 1
73514 0
73515 1
73516 0
73517 1
73518 0
73519 2
73520 1
73521 2
73522 3
73523 0
73524 2
73525 3
73526 1
73527 2
73528 0
73529 2
73530 1
73531 0
73532 2
73533 1
73534 0
73535 2
73536 0
73537 1
73538 2
73539 3
73540 2
73541 1
73542 2
73543 0
73544 1
73545 2
73546 3
73547 1
73548 0
73549 1
73550 2
73551 1
73552 2
73553 3
73554 1
73555 2
73556 1
73557 2
73558 0
73559 1
73560 2
73561 0
73562 2
73563 1
73564 3
73565 0
73566 2
73567 1
73568 0
73569 3
73570 2
73571 0
73572 2
73573 1
73574 2
73575 0
73576 1
73577 2
73578 0
73579 1
73580 2
73581 3
73582 0
73583 2
73584 1
73585 3
73586 1
73587 0
73588 1
73589 0
73590 2
73591 1
73592 0
73593 2
73594 1
73595 0
73596 2
73597 1
73598 0
73599 1
73600 0
73601 1
73602 2
73603 0
73604 1
73605 0
73606 2
73607 0
73608 2
73609 1
73610 0
73611 3
73612 0
73613 2
73614 0
73615 2
73616 1
73617 0
73618 2
73619 1
73620 2
73621 3
73622 0
73623 1
73624 2
73625 0
73626 2
73627 1
73628 2
73629 1
73630 2
73631 1
73632 3
73633 0
73634 1
73635 2
73636 1
73637 0
73638 2
73639 1
73640 0
73641 2
73642 1
73643 2
73644 0
73645 2
73646 0
73647 1
73648 3
73649 1
73650 0
73651 1
73652 2
73653 0
73654 1
73655 2
73656 0
73657 1
73658 3
73659 0
73660 1
73661 2
73662 0
73663 1
73664 0
73665 2
73666 1
73667 2
73668 3
73669 1
73670 2
73671 1
73672 2
73673 0
73674 2
73675 1
73676 2
73677 3
73678 1
73679 2
73680 1
73681 2
73682 1
73683 0
73684 1
73685 0
73686 2
73687 1
73688 2
73689 3
73690 1
73691 0
73692 1
73693 2
73694 0
73695 3
73696 2
73697 0
73698 1
73699 0
73700 1
73701 3
73702 0
73703 3
73704 1
73705 2
73706 1
73707 2
73708 3
73709 1
73710 3
73711 1
73712 2
73713 3
73714 0
73715 2
73716 0
73717 2
73718 0
73719 1
73720 0
73721 2
73722 3
73723 0
73724 1
73725 2
73726 0
73727 1
73728 2
73729 0
73730 2
73731 1
73732 0
73733 1
73734 0
73735 1
73736 0
73737 2
73738 1
73739 2
73740 3
73741 1
73742 3
73743 0
73744 1
73745 0
73746 3
73747 2
73748 1
73749 2
73750 3
73751 1
73752 0
73753 1
73754 2
73755 0
73756 2
73757 1
73758 0
73759 1
73760 0
73761 2
73762 0
73763 1
73764 0
73765 2
73766 1
73767 0
73768 1
73769 2
73770 0
73771 2
73772 0
73773 1
73774 2
73775 0
73776 2
73777 3
73778 0
73779 2
73780 1
73781 2
73782 3
73783 0
73784 1
73785 0
73786 1
73787 0
73788 1
73789 2
73790 0
73791 1
73792 0
73793 1
73794 2
73795 1
73796 0
73797 1
73798 0
73799 1
73800 0
73801 1
73802 0
73803 1
73804 0
73805 1
73806 2
73807 1
73808 0
73809 1
73810 0
73811 2
73812 1
73813 0
73814 1
73815 0
73816 1
73817 2
73818 0
73819 1
73820 2
73821 0
73822 1
73823 2
73824 1
73825 0
73826 1
73827 2
73828 0
73829 1
73830 2
73831 1
73832 0
73833 1
73834 3
73835 2
73836 1
73837 0
73838 2
73839 0
73840 3
73841 0
73842 1
73843 2
73844 0
73845 1
73846 2
73847 3
73848 1
73849 2
73850 0
73851 1
73852 0
73853 1
73854 0
73855 2
73856 1
73857 0
73858 2
73859 0
73860 2
73861 0
73862 1
73863 0
73864 1
73865 0
73866 1
73867 0
73868 1
73869 0
73870 1
73871 2
73872 0
73873 3
73874 0
73875 2
73876 0
73877 3
73878 2
73879 0
73880 1
73881 2
73882 0
73883 1
73884 2
73885 1
73886 2
73887 0
73888 2
73889 1
73890 2
73891 3
73892 0
73893 2
73894 1
73895 2
73896 1
73897 0
73898 2
73899 1
73900 0
73901 1
73902 2
73903 1
73904 0
73905 2
73906 1
73907 2
73908 0
73909 2
73910 3
73911 0
73912 2
73913 3
73914 0
73915 1
73916 0
73917 1
73918 3
73919 1
73920 2
73921 1
73922 0
73923 1
73924 0
73925 2
73926 3
73927 2
73928 1
73929 0
73930 2
73931 1
73932 2
73933 3
73934 1
73935 2
73936 0
73937 1
73938 2
73939 0
73940 2
73941 1
73942 3
73943 2
73944 1
73945 3
73946 2
73947 3
73948 0
73949 3
73950 1
73951 2
73952 1
73953 0
73954 2
73955 1
73956 0
73957 2
73958 3
73959 2
73960 0
73961 1
73962 0
73963 2
73964 0
73965 2
73966 1
73967 2
73968 0
73969 3
73970 0
73971 1
73972 0
73973 1
73974 0
73975 1
73976 0
73977 2
73978 0
73979 2
73980 1
73981 0
73982 1
73983 2
73984 0
73985 1
73986 0
73987 2
73988 1
73989 0
73990 1
73991 2
73992 0
73993 2
73994 3
73995 0
73996 1
73997 0
73998 1
73999 0
74000 3
74001 2
74002 3
74003 0
74004 2
74005 1
74006 2
74007 0
74008 2
74009 1
74010 0
74011 3
74012 2
74013 3
74014 0
74015 2
74016 0
74017 1
74018 0
74019 1
74020 0
74021 1
74022 0
74023 1
74024 2
74025 1
74026 3
74027 0
74028 2
74029 0
74030 1
74031 2
74032 0
74033 1
74034 2
74035 3
74036 0
74037 2
74038 1
74039 0
74040 1
74041 0
74042 2
74043 0
74044 2
74045 0
74046 2
74047 3
74048 0
74049 2
74050 1
74051 0
74052 1
74053 0
74054 1
74055 0
74056 1
74057 0
74058 2
74059 1
74060 0
74061 1
74062 2
74063 0
74064 1
74065 0
74066 1
74067 2
74068 1
74069 2
74070 0
74071 1
74072 0
74073 1
74074 0
74075 1
74076 3
74077 2
74078 1
74079 0
74080 2
74081 1
74082 0
74083 2
74084 0
74085 2
74086 1
74087 2
74088 3
74089 2
74090 0
74091 1
74092 0
74093 1
74094 2
74095 0
74096 2
74097 1
74098 0
74099 2
74100 1
74101 2
74102 0
74103 1
74104 2
74105 1
74106 2
74107 0
74108 2
74109 0
74110 1
74111 0
74112 2
74113 0
74114 2
74115 0
74116 1
74117 0
74118 2
74119 0
74120 1
74121 3
74122 2
74123 1
74124 0
74125 3
74126 2
74127 0
74128 1
74129 0
74130 1
74131 0
74132 1
74133 3
74134 1
74135 0
74136 3
74137 1
74138 2
74139 0
74140 2
74141 0
74142 1
74143 0
74144 1
74145 2
74146 1
74147 0
74148 2
74149 1
74150 0
74151 1
74152 3
74153 4
74154 1
74155 2
74156 1
74157 2
74158 0
74159 1
74160 2
74161 0
74162 1
74163 0
74164 1
74165 0
74166 1
74167 2
74168 1
74169 2
74170 0
74171 2
74172 0
74173 1
74174 0
74175 1
74176 0
74177 1
74178 2
74179 0
74180 2
74181 0
74182 1
74183 2
74184 0
74185 1
74186 0
74187 1
74188 0
74189 1
74190 0
74191 2
74192 0
74193 1
74194 2
74195 1
74196 0
74197 2
74198 1
74199 2
74200 0
74201 2
74202 0
74203 2
74204 3
74205 0
74206 1
74207 3
74208 2
74209 3
74210 0
74211 2
74212 3
74213 1
74214 0
74215 1
74216 2
74217 0
74218 1
74219 0
74220 2
74221 1
74222 0
74223 1
74224 0
74225 1
74226 2
74227 1
74228 2
74229 0
74230 1
74231 2
74232 1
74233 2
74234 1
74235 0
74236 3
74237 1
74238 0
74239 1
74240 0
74241 1
74242 2
74243 0
74244 2
74245 1
74246 0
74247 2
74248 1
74249 0
74250 2
74251 0
74252 1
74253 0
74254 2
74255 0
74256 2
74257 0
74258 1
74259 0
74260 2
74261 1
74262 2
74263 1
74264 2
74265 0
74266 2
74267 1
74268 2
74269 3
74270 1
74271 2
74272 3
74273 1
74274 2
74275 0
74276 2
74277 1
74278 3
74279 2
74280 1
74281 3
74282 0
74283 1
74284 0
74285 1
74286 2
74287 3
74288 0
74289 1
74290 0
74291 1
74292 3
74293 0
74294 1
74295 2
74296 1
74297 2
74298 3
74299 0
74300 2
74301 1
74302 2
74303 0
74304 2
74305 1
74306 0
74307 1
74308 0
74309 1
74310 0
74311 2
74312 0
74313 1
74314 0
74315 1
74316 0
74317 2
74318 1
74319 2
74320 1
74321 0
74322 1
74323 2
74324 1
74325 0
74326 2
74327 1
74328 0
74329 2
74330 0
74331 2
74332 1
74333 3
74334 2
74335 0
74336 2
74337 1
74338 2
74339 0
74340 1
74341 0
74342 1
74343 2
74344 1
74345 0
74346 1
74347 0
74348 2
74349 3
74350 1
74351 0
74352 2
74353 1
74354 2
74355 0
74356 1
74357 2
74358 1
74359 2
74360 1
74361 2
74362 3
74363 1
74364 2
74365 0
74366 1
74367 3
74368 0
74369 1
74370 0
74371 1
74372 2
74373 1
74374 2
74375 1
74376 2
74377 1
74378 3
74379 2
74380 3
74381 1
74382 2
74383 3
74384 1
74385 0
74386 1
74387 0
74388 2
74389 1
74390 0
74391 2
74392 0
74393 2
74394 1
74395 2
74396 0
74397 1
74398 2
74399 1
74400 0
74401 1
74402 0
74403 1
74404 0
74405 1
74406 0
74407 1
74408 2
74409 1
74410 0
74411 1
74412 2
74413 1
74414 2
74415 0
74416 3
74417 2
74418 1
74419 0
74420 1
74421 0
74422 3
74423 2
74424 0
74425 2
74426 1
74427 0
74428 2
74429 3
74430 0
74431 1
74432 0
74433 3
74434 1
74435 0
74436 1
74437 0
74438 1
74439 0
74440 1
74441 0
74442 2
74443 0
74444 1
74445 0
74446 1
74447 2
74448 0
74449 1
74450 0
74451 1
74452 2
74453 1
74454 0
74455 2
74456 3
74457 1
74458 0
74459 1
74460 0
74461 1
74462 2
74463 0
74464 1
74465 3
74466 0
74467 1
74468 2
74469 1
74470 0
74471 1
74472 0
74473 1
74474 0
74475 1
74476 0
74477 1
74478 2
74479 0
74480 1
74481 2
74482 1
74483 0
74484 2
74485 1
74486 3
74487 2
74488 0
74489 3
74490 2
74491 0
74492 1
74493 0
74494 2
74495 3
74496 1
74497 2
74498 0
74499 1
74500 0
74501 2
74502 0
74503 1
74504 2
74505 0
74506 1
74507 2
74508 1
74509 0
74510 1
74511 2
74512 1
74513 2
74514 1
74515 0
74516 1
74517 0
74518 2
74519 0
74520 1
74521 2
74522 1
74523 0
74524 1
74525 2
74526 0
74527 2
74528 1
74529 2
74530 1
74531 0
74532 1
74533 0
74534 1
74535 0
74536 1
74537 0
74538 2
74539 1
74540 0
74541 2
74542 0
74543 2
74544 1
74545 2
74546 0
74547 1
74548 0
74549 2
74550 0
74551 1
74552 2
74553 0
74554 3
74555 1
74556 0
74557 2
74558 1
74559 2
74560 0
74561 1
74562 2
74563 0
74564 2
74565 1
74566 0
74567 2
74568 1
74569 0
74570 1
74571 0
74572 2
74573 0
74574 2
74575 1
74576 0
74577 1
74578 0
74579 1
74580 0
74581 1
74582 2
74583 0
74584 1
74585 0
74586 1
74587 3
74588 2
74589 1
74590 0
74591 1
74592 2
74593 0
74594 1
74595 0
74596 1
74597 2
74598 1
74599 2
74600 0
74601 1
74602 0
74603 1
74604 3
74605 0
74606 2
74607 3
74608 0
74609 2
74610 3
74611 0
74612 2
74613 0
74614 2
74615 1
74616 3
74617 0
74618 1
74619 0
74620 1
74621 0
74622 1
74623 0
74624 1
74625 0
74626 1
74627 0
74628 1
74629 2
74630 1
74631 0
74632 1
74633 2
74634 0
74635 2
74636 1
74637 0
74638 1
74639 0
74640 2
74641 1
74642 0
74643 1
74644 2
74645 1
74646 0
74647 2
74648 0
74649 1
74650 2
74651 0
74652 2
74653 1
74654 0
74655 3
74656 2
74657 3
74658 0
74659 2
74660 1
74661 0
74662 1
74663 2
74664 0
74665 2
74666 1
74667 2
74668 0
74669 1
74670 0
74671 1
74672 0
74673 1
74674 2
74675 0
74676 1
74677 0
74678 1
74679 2
74680 1
74681 2
74682 0
74683 1
74684 0
74685 2
74686 3
74687 0
74688 1
74689 0
74690 2
74691 1
74692 2
74693 0
74694 2
74695 0
74696 2
74697 1
74698 0
74699 1
74700 0
74701 1
74702 2
74703 1
74704 0
74705 2
74706 1
74707 0
74708 2
74709 0
74710 2
74711 1
74712 2
74713 1
74714 0
74715 2
74716 1
74717 0
74718 3
74719 1
74720 2
74721 0
74722 1
74723 2
74724 1
74725 3
74726 2
74727 0
74728 1
74729 0
74730 1
74731 2
74732 0
74733 2
74734 3
74735 1
74736 2
74737 0
74738 3
74739 1
74740 3
74741 0
74742 2
74743 1
74744 0
74745 1
74746 0
74747 2
74748 1
74749 2
74750 0
74751 1
74752 2
74753 0
74754 2
74755 3
74756 0
74757 2
74758 1
74759 2
74760 0
74761 1
74762 0
74763 2
74764 0
74765 1
74766 2
74767 0
74768 2
74769 1
74770 0
74771 1
74772 0
74773 1
74774 0
74775 1
74776 2
74777 0
74778 1
74779 2
74780 3
74781 1
74782 0
74783 1
74784 2
74785 0
74786 2
74787 0
74788 1
74789 0
74790 1
74791 0
74792 1
74793 0
74794 1
74795 0
74796 2
74797 1
74798 0
74799 1
74800 0
74801 1
74802 2
74803 0
74804 1
74805 0
74806 1
74807 0
74808 2
74809 0
74810 1
74811 0
74812 1
74813 3
74814 2
74815 0
74816 1
74817 2
74818 0
74819 1
74820 2
74821 0
74822 1
74823 0
74824 2
74825 1
74826 0
74827 1
74828 2
74829 0
74830 1
74831 0
74832 1
74833 0
74834 1
74835 0
74836 1
74837 2
74838 0
74839 1
74840 2
74841 1
74842 0
74843 1
74844 2
74845 0
74846 2
74847 1
74848 2
74849 0
74850 1
74851 3
74852 2
74853 0
74854 2
74855 1
74856 2
74857 0
74858 2
74859 1
74860 0
74861 2
74862 1
74863 2
74864 0
74865 1
74866 0
74867 3
74868 1
74869 0
74870 1
74871 0
74872 2
74873 1
74874 0
74875 1
74876 2
74877 3
74878 0
74879 1
74880 0
74881 2
74882 1
74883 2
74884 1
74885 2
74886 0
74887 1
74888 0
74889 1
74890 0
74891 3
74892 2
74893 0
74894 1
74895 0
74896 2
74897 1
74898 2
74899 0
74900 1
74901 0
74902 1
74903 0
74904 1
74905 0
74906 2
74907 1
74908 2
74909 3
74910 0
74911 2
74912 1
74913 3
74914 1
74915 0
74916 1
74917 0
74918 1
74919 0
74920 2
74921 3
74922 0
74923 1
74924 0
74925 2
74926 0
74927 1
74928 0
74929 1
74930 2
74931 1
74932 2
74933 1
74934 0
74935 3
74936 2
74937 0
74938 1
74939 2
74940 0
74941 1
74942 0
74943 1
74944 3
74945 1
74946 0
74947 3
74948 2
74949 1
74950 2
74951 0
74952 2
74953 1
74954 3
74955 0
74956 1
74957 2
74958 1
74959 0
74960 1
74961 2
74962 0
74963 1
74964 0
74965 1
74966 2
74967 1
74968 2
74969 1
74970 2
74971 0
74972 1
74973 0
74974 2
74975 1
74976 2
74977 0
74978 3
74979 1
74980 0
74981 1
74982 0
74983 1
74984 2
74985 0
74986 1
74987 2
74988 0
74989 2
74990 1
74991 0
74992 1
74993 2
74994 0
74995 1
74996 2
74997 1
74998 2
74999 1
75000 0
75001 1
75002 0
75003 2
75004 0
75005 1
75006 0
75007 1
75008 0
75009 2
75010 1
75011 0
75012 2
75013 1
75014 0
75015 1
75016 0
75017 1
75018 2
75019 1
75020 3
75021 2
75022 1
75023 0
75024 2
75025 0
75026 1
75027 0
75028 3
75029 2
75030 0
75031 1
75032 0
75033 1
75034 3
75035 1
75036 0
75037 1
75038 0
75039 1
75040 0
75041 1
75042 2
75043 1
75044 0
75045 1
75046 0
75047 2
75048 1
75049 0
75050 2
75051 1
75052 0
75053 2
75054 1
75055 2
75056 0
75057 2
75058 0
75059 1
75060 0
75061 1
75062 0
75063 1
75064 2
75065 0
75066 2
75067 1
75068 2
75069 0
75070 1
75071 2
75072 1
75073 0
75074 2
75075 0
75076 2
75077 0
75078 1
75079 2
75080 1
75081 0
75082 2
75083 1
75084 2
75085 3
75086 1
75087 0
75088 2
75089 1
75090 2
75091 0
75092 1
75093 0
75094 1
75095 0
75096 1
75097 2
75098 1
75099 2
75100 1
75101 0
75102 2
75103 3
75104 1
75105 2
75106 0
75107 1
75108 0
75109 3
75110 2
75111 0
75112 1
75113 0
75114 1
75115 0
75116 2
75117 1
75118 0
75119 1
75120 2
75121 0
75122 2
75123 1
75124 0
75125 2
75126 0
75127 1
75128 0
75129 2
75130 1
75131 0
75132 1
75133 0
75134 1
75135 2
75136 0
75137 1
75138 2
75139 1
75140 0
75141 1
75142 2
75143 1
75144 2
75145 0
75146 1
75147 0
75148 1
75149 2
75150 0
75151 1
75152 0
75153 1
75154 0
75155 2
75156 3
75157 0
75158 1
75159 0
75160 1
75161 0
75162 3
75163 1
75164 0
75165 1
75166 2
75167 1
75168 3
75169 0
75170 3
75171 1
75172 2
75173 0
75174 1
75175 0
75176 1
75177 2
75178 1
75179 2
75180 3
75181 2
75182 1
75183 2
75184 0
75185 2
75186 3
75187 1
75188 2
75189 1
75190 2
75191 1
75192 0
75193 1
75194 2
75195 0
75196 1
75197 2
75198 0
75199 1
75200 3
75201 0
75202 1
75203 2
75204 1
75205 0
75206 2
75207 0
75208 2
75209 0
75210 1
75211 0
75212 1
75213 0
75214 2
75215 1
75216 0
75217 1
75218 0
75219 2
75220 0
75221 1
75222 0
75223 2
75224 1
75225 0
75226 1
75227 0
75228 1
75229 0
75230 2
75231 1
75232 0
75233 2
75234 0
75235 1
75236 0
75237 1
75238 3
75239 0
75240 1
75241 0
75242 2
75243 0
75244 1
75245 0
75246 2
75247 1
75248 2
75249 0
75250 2
75251 1
75252 0
75253 1
75254 0
75255 2
75256 0
75257 1
75258 2
75259 0
75260 1
75261 3
75262 2
75263 0
75264 2
75265 0
75266 1
75267 2
75268 0
75269 2
75270 0
75271 1
75272 2
75273 1
75274 0
75275 1
75276 0
75277 2
75278 1
75279 2
75280 3
75281 1
75282 0
75283 1
75284 2
75285 0
75286 2
75287 1
75288 2
75289 3
75290 0
75291 1
75292 0
75293 2
75294 1
75295 0
75296 1
75297 0
75298 1
75299 2
75300 3
75301 1
75302 3
75303 2
75304 0
75305 1
75306 2
75307 0
75308 3
75309 0
75310 1
75311 0
75312 1
75313 2
75314 1
75315 2
75316 0
75317 1
75318 0
75319 1
75320 3
75321 1
75322 0
75323 2
75324 1
75325 2
75326 0
75327 1
75328 2
75329 1
75330 0
75331 1
75332 0
75333 2
75334 1
75335 0
75336 2
75337 0
75338 1
75339 0
75340 1
75341 2
75342 0
75343 2
75344 1
75345 0
75346 1
75347 0
75348 2
75349 0
75350 2
75351 1
75352 3
75353 2
75354 0
75355 2
75356 3
75357 0
75358 3
75359 1
75360 0
75361 1
75362 2
75363 1
75364 0
75365 2
75366 1
75367 3
75368 0
75369 1
75370 2
75371 1
75372 2
75373 0
75374 1
75375 2
75376 0
75377 2
75378 1
75379 0
75380 1
75381 0
75382 1
75383 2
75384 0
75385 1
75386 0
75387 1
75388 2
75389 1
75390 2
75391 1
75392 0
75393 1
75394 2
75395 3
75396 1
75397 0
75398 1
75399 0
75400 1
75401 0
75402 1
75403 0
75404 2
75405 1
75406 2
75407 3
75408 2
75409 0
75410 1
75411 0
75412 3
75413 0
75414 1
75415 2
75416 1
75417 2
75418 3
75419 1
75420 0
75421 1
75422 0
75423 1
75424 0
75425 2
75426 0
75427 3
75428 1
75429 2
75430 0
75431 2
75432 3
75433 2
75434 1
75435 0
75436 3
75437 2
75438 1
75439 2
75440 0
75441 2
75442 1
75443 0
75444 2
75445 0
75446 2
75447 0
75448 3
75449 1
75450 0
75451 1
75452 2
75453 0
75454 3
75455 0
75456 1
75457 2
75458 0
75459 2
75460 0
75461 1
75462 0
75463 1
75464 0
75465 1
75466 2
75467 1
75468 2
75469 1
75470 3
75471 2
75472 3
75473 0
75474 2
75475 1
75476 0
75477 3
75478 1
75479 2
75480 0
75481 1
75482 2
75483 3
75484 1
75485 2
75486 0
75487 2
75488 1
75489 0
75490 1
75491 2
75492 1
75493 2
75494 1
75495 0
75496 2
75497 0
75498 3
75499 2
75500 1
75501 0
75502 1
75503 2
75504 1
75505 0
75506 1
75507 0
75508 1
75509 3
75510 2
75511 1
75512 0
75513 2
75514 1
75515 2
75516 0
75517 1
75518 0
75519 2
75520 1
75521 0
75522 1
75523 0
75524 1
75525 0
75526 1
75527 0
75528 1
75529 2
75530 1
75531 0
75532 1
75533 2
75534 0
75535 1
75536 0
75537 1
75538 3
75539 2
75540 1
75541 0
75542 1
75543 2
75544 3
75545 1
75546 2
75547 0
75548 1
75549 0
75550 1
75551 0
75552 1
75553 0
75554 1
75555 2
75556 3
75557 0
75558 1
75559 2
75560 1
75561 3
75562 1
75563 0
75564 1
75565 0
75566 2
75567 1
75568 0
75569 1
75570 0
75571 1
75572 0
75573 1
75574 0
75575 2
75576 0
75577 1
75578 2
75579 0
75580 1
75581 2
75582 0
75583 1
75584 0
75585 1
75586 0
75587 2
75588 1
75589 2
75590 1
75591 0
75592 2
75593 1
75594 3
75595 0
75596 2
75597 1
75598 0
75599 1
75600 0
75601 2
75602 0
75603 2
75604 3
75605 0
75606 2
75607 1
75608 2
75609 0
75610 2
75611 1
75612 3
75613 2
75614 0
75615 2
75616 1
75617 0
75618 1
75619 0
75620 1
75621 0
75622 2
75623 1
75624 0
75625 2
75626 1
75627 2
75628 0
75629 1
75630 0
75631 1
75632 2
75633 3
75634 0
75635 1
75636 0
75637 1
75638 2
75639 0
75640 1
75641 2
75642 0
75643 1
75644 2
75645 0
75646 1
75647 0
75648 2
75649 1
75650 0
75651 1
75652 0
75653 2
75654 1
75655 0
75656 1
75657 0
75658 3
75659 0
75660 1
75661 0
75662 1
75663 2
75664 0
75665 2
75666 1
75667 2
75668 1
75669 2
75670 0
75671 2
75672 1
75673 0
75674 2
75675 0
75676 3
75677 1
75678 0
75679 1
75680 3
75681 1
75682 0
75683 1
75684 2
75685 1
75686 0
75687 1
75688 2
75689 3
75690 0
75691 2
75692 1
75693 2
75694 1
75695 2
75696 0
75697 2
75698 1
75699 2
75700 0
75701 3
75702 0
75703 1
75704 3
75705 0
75706 1
75707 0
75708 1
75709 0
75710 2
75711 1
75712 0
75713 1
75714 0
75715 2
75716 1
75717 3
75718 2
75719 0
75720 1
75721 0
75722 1
75723 0
75724 1
75725 0
75726 1
75727 0
75728 1
75729 0
75730 1
75731 2
75732 1
75733 2
75734 0
75735 1
75736 0
75737 1
75738 2
75739 0
75740 1
75741 2
75742 0
75743 1
75744 2
75745 0
75746 2
75747 1
75748 0
75749 2
75750 0
75751 1
75752 0
75753 2
75754 1
75755 0
75756 1
75757 0
75758 2
75759 1
75760 3
75761 2
75762 3
75763 1
75764 2
75765 1
75766 0
75767 1
75768 0
75769 1
75770 2
75771 0
75772 1
75773 0
75774 3
75775 0
75776 1
75777 0
75778 2
75779 1
75780 0
75781 1
75782 2
75783 0
75784 1
75785 2
75786 0
75787 2
75788 1
75789 0
75790 1
75791 0
75792 1
75793 2
75794 0
75795 2
75796 0
75797 2
75798 1
75799 0
75800 1
75801 0
75802 1
75803 0
75804 1
75805 0
75806 1
75807 2
75808 0
75809 1
75810 2
75811 1
75812 2
75813 0
75814 3
75815 1
75816 2
75817 1
75818 2
75819 3
75820 1
75821 0
75822 2
75823 1
75824 2
75825 0
75826 1
75827 3
75828 2
75829 0
75830 2
75831 0
75832 2
75833 0
75834 1
75835 0
75836 2
75837 1
75838 0
75839 1
75840 3
75841 2
75842 1
75843 2
75844 3
75845 0
75846 1
75847 0
75848 2
75849 1
75850 0
75851 2
75852 1
75853 2
75854 1
75855 0
75856 1
75857 0
75858 1
75859 3
75860 0
75861 2
75862 1
75863 0
75864 1
75865 0
75866 1
75867 0
75868 1
75869 0
75870 1
75871 2
75872 1
75873 2
75874 0
75875 2
75876 0
75877 2
75878 0
75879 1
75880 3
75881 2
75882 1
75883 0
75884 1
75885 2
75886 1
75887 0
75888 1
75889 2
75890 0
75891 2
75892 3
75893 0
75894 1
75895 0
75896 1
75897 0
75898 1
75899 0
75900 2
75901 1
75902 0
75903 1
75904 0
75905 1
75906 0
75907 2
75908 1
75909 0
75910 2
75911 0
75912 1
75913 0
75914 2
75915 1
75916 2
75917 3
75918 1
75919 0
75920 2
75921 1
75922 0
75923 1
75924 0
75925 1
75926 0
75927 1
75928 0
75929 1
75930 0
75931 2
75932 0
75933 1
75934 0
75935 1
75936 3
75937 2
75938 0
75939 1
75940 0
75941 2
75942 1
75943 2
75944 1
75945 2
75946 1
75947 0
75948 2
75949 1
75950 0
75951 1
75952 0
75953 1
75954 0
75955 1
75956 0
75957 2
75958 1
75959 0
75960 1
75961 0
75962 1
75963 0
75964 2
75965 3
75966 0
75967 1
75968 0
75969 2
75970 0
75971 1
75972 0
75973 2
75974 1
75975 2
75976 1
75977 2
75978 0
75979 2
75980 0
75981 1
75982 2
75983 0
75984 2
75985 0
75986 2
75987 1
75988 0
75989 1
75990 0
75991 1
75992 0
75993 1
75994 2
75995 0
75996 2
75997 1
75998 0
75999 1
76000 2
76001 1
76002 0
76003 2
76004 0
76005 3
76006 1
76007 2
76008 1
76009 2
76010 1
76011 2
76012 0
76013 2
76014 1
76015 2
76016 1
76017 0
76018 1
76019 0
76020 1
76021 0
76022 1
76023 0
76024 1
76025 3
76026 2
76027 1
76028 2
76029 0
76030 1
76031 0
76032 3
76033 2
76034 1
76035 0
76036 1
76037 3
76038 0
76039 2
76040 1
76041 0
76042 2
76043 1
76044 0
76045 1
76046 2
76047 3
76048 2
76049 1
76050 0
76051 2
76052 0
76053 1
76054 3
76055 2
76056 0
76057 1
76058 0
76059 2
76060 0
76061 1
76062 2
76063 0
76064 2
76065 1
76066 0
76067 1
76068 2
76069 0
76070 1
76071 0
76072 1
76073 2
76074 1
76075 2
76076 1
76077 0
76078 2
76079 1
76080 0
76081 1
76082 0
76083 1
76084 0
76085 1
76086 2
76087 0
76088 1
76089 0
76090 2
76091 1
76092 0
76093 1
76094 0
76095 2
76096 0
76097 2
76098 1
76099 0
76100 1
76101 0
76102 1
76103 0
76104 1
76105 0
76106 2
76107 1
76108 2
76109 1
76110 3
76111 2
76112 0
76113 1
76114 0
76115 1
76116 0
76117 3
76118 1
76119 0
76120 2
76121 1
76122 0
76123 1
76124 2
76125 0
76126 1
76127 2
76128 3
76129 0
76130 2
76131 1
76132 2
76133 0
76134 1
76135 0
76136 1
76137 0
76138 2
76139 1
76140 2
76141 0
76142 2
76143 1
76144 2
76145 1
76146 0
76147 1
76148 2
76149 0
76150 1
76151 2
76152 1
76153 0
76154 2
76155 0
76156 2
76157 1
76158 0
76159 1
76160 0
76161 1
76162 2
76163 0
76164 1
76165 2
76166 3
76167 0
76168 2
76169 0
76170 1
76171 2
76172 0
76173 1
76174 0
76175 2
76176 1
76177 2
76178 1
76179 0
76180 1
76181 0
76182 1
76183 2
76184 0
76185 1
76186 2
76187 0
76188 1
76189 2
76190 0
76191 1
76192 2
76193 0
76194 2
76195 3
76196 0
76197 1
76198 0
76199 1
76200 0
76201 2
76202 0
76203 2
76204 1
76205 0
76206 3
76207 1
76208 0
76209 1
76210 0
76211 2
76212 0
76213 1
76214 0
76215 1
76216 2
76217 0
76218 2
76219 3
76220 1
76221 0
76222 1
76223 0
76224 2
76225 3
76226 2
76227 0
76228 2
76229 3
76230 0
76231 2
76232 0
76233 1
76234 0
76235 1
76236 0
76237 3
76238 2
76239 1
76240 2
76241 0
76242 1
76243 0
76244 2
76245 1
76246 2
76247 1
76248 2
76249 0
76250 1
76251 2
76252 1
76253 0
76254 1
76255 2
76256 0
76257 1
76258 0
76259 2
76260 0
76261 2
76262 0
76263 1
76264 2
76265 0
76266 2
76267 0
76268 2
76269 3
76270 1
76271 0
76272 1
76273 2
76274 0
76275 1
76276 0
76277 2
76278 1
76279 2
76280 0
76281 2
76282 1
76283 2
76284 0
76285 1
76286 2
76287 0
76288 1
76289 0
76290 2
76291 1
76292 2
76293 1
76294 2
76295 3
76296 1
76297 2
76298 0
76299 2
76300 1
76301 0
76302 1
76303 0
76304 2
76305 1
76306 0
76307 3
76308 0
76309 1
76310 0
76311 2
76312 1
76313 0
76314 2
76315 1
76316 0
76317 2
76318 1
76319 2
76320 0
76321 1
76322 0
76323 2
76324 1
76325 0
76326 1
76327 0
76328 2
76329 0
76330 1
76331 2
76332 0
76333 1
76334 0
76335 2
76336 1
76337 0
76338 3
76339 2
76340 1
76341 0
76342 2
76343 1
76344 0
76345 1
76346 2
76347 1
76348 2
76349 1
76350 2
76351 1
76352 3
76353 1
76354 0
76355 2
76356 1
76357 0
76358 1
76359 2
76360 0
76361 2
76362 3
76363 0
76364 3
76365 2
76366 0
76367 2
76368 0
76369 2
76370 1
76371 0
76372 1
76373 2
76374 1
76375 0
76376 2
76377 1
76378 2
76379 1
76380 2
76381 0
76382 1
76383 0
76384 1
76385 0
76386 2
76387 1
76388 2
76389 0
76390 1
76391 0
76392 3
76393 1
76394 2
76395 1
76396 0
76397 1
76398 3
76399 0
76400 1
76401 2
76402 1
76403 0
76404 1
76405 2
76406 1
76407 2
76408 1
76409 0
76410 1
76411 0
76412 1
76413 0
76414 1
76415 2
76416 3
76417 1
76418 2
76419 1
76420 0
76421 2
76422 1
76423 0
76424 1
76425 0
76426 1
76427 0
76428 1
76429 0
76430 2
76431 1
76432 0
76433 1
76434 2
76435 0
76436 2
76437 0
76438 1
76439 0
76440 1
76441 0
76442 1
76443 0
76444 2
76445 3
76446 4
76447 2
76448 0
76449 1
76450 0
76451 1
76452 0
76453 1
76454 0
76455 2
76456 0
76457 3
76458 1
76459 2
76460 0
76461 1
76462 0
76463 1
76464 2
76465 0
76466 1
76467 0
76468 2
76469 1
76470 2
76471 1
76472 0
76473 2
76474 1
76475 2
76476 0
76477 1
76478 2
76479 0
76480 1
76481 0
76482 3
76483 0
76484 1
76485 0
76486 2
76487 1
76488 2
76489 1
76490 0
76491 1
76492 0
76493 2
76494 1
76495 0
76496 1
76497 2
76498 0
76499 2
76500 1
76501 2
76502 0
76503 1
76504 2
76505 0
76506 1
76507 0
76508 1
76509 0
76510 3
76511 2
76512 0
76513 2
76514 0
76515 1
76516 0
76517 1
76518 2
76519 0
76520 1
76521 3
76522 0
76523 2
76524 0
76525 1
76526 2
76527 1
76528 0
76529 1
76530 0
76531 1
76532 0
76533 1
76534 0
76535 1
76536 2
76537 1
76538 0
76539 1
76540 2
76541 3
76542 1
76543 0
76544 1
76545 2
76546 0
76547 1
76548 0
76549 1
76550 2
76551 0
76552 2
76553 0
76554 1
76555 2
76556 1
76557 2
76558 1
76559 2
76560 1
76561 3
76562 1
76563 0
76564 1
76565 2
76566 0
76567 2
76568 0
76569 1
76570 0
76571 2
76572 1
76573 0
76574 1
76575 0
76576 1
76577 0
76578 2
76579 0
76580 1
76581 2
76582 0
76583 2
76584 1
76585 2
76586 1
76587 2
76588 0
76589 1
76590 0
76591 1
76592 2
76593 1
76594 0
76595 3
76596 2
76597 1
76598 0
76599 1
76600 2
76601 1
76602 2
76603 3
76604 2
76605 1
76606 3
76607 0
76608 1
76609 3
76610 2
76611 1
76612 2
76613 0
76614 2
76615 1
76616 2
76617 0
76618 2
76619 0
76620 1
76621 2
76622 0
76623 3
76624 1
76625 2
76626 0
76627 1
76628 0
76629 1
76630 2
76631 1
76632 0
76633 1
76634 0
76635 2
76636 3
76637 0
76638 1
76639 0
76640 2
76641 3
76642 1
76643 0
76644 2
76645 0
76646 1
76647 2
76648 3
76649 1
76650 0
76651 1
76652 0
76653 2
76654 1
76655 2
76656 1
76657 2
76658 0
76659 1
76660 0
76661 1
76662 0
76663 2
76664 1
76665 0
76666 3
76667 2
76668 0
76669 2
76670 0
76671 1
76672 2
76673 1
76674 3
76675 1
76676 2
76677 3
76678 1
76679 0
76680 2
76681 1
76682 0
76683 1
76684 2
76685 3
76686 0
76687 1
76688 2
76689 0
76690 2
76691 0
76692 1
76693 0
76694 1
76695 0
76696 2
76697 0
76698 1
76699 2
76700 1
76701 2
76702 0
76703 1
76704 2
76705 0
76706 2
76707 1
76708 2
76709 0
76710 1
76711 3
76712 0
76713 1
76714 2
76715 1
76716 2
76717 0
76718 1
76719 2
76720 1
76721 0
76722 1
76723 0
76724 2
76725 0
76726 2
76727 1
76728 0
76729 2
76730 1
76731 3
76732 1
76733 2
76734 0
76735 1
76736 0
76737 2
76738 1
76739 3
76740 2
76741 1
76742 2
76743 0
76744 1
76745 0
76746 1
76747 3
76748 2
76749 0
76750 1
76751 0
76752 3
76753 2
76754 0
76755 1
76756 3
76757 2
76758 0
76759 1
76760 2
76761 1
76762 0
76763 1
76764 2
76765 1
76766 2
76767 0
76768 2
76769 1
76770 0
76771 2
76772 1
76773 0
76774 2
76775 0
76776 1
76777 0
76778 1
76779 2
76780 1
76781 0
76782 2
76783 3
76784 0
76785 2
76786 0
76787 2
76788 1
76789 0
76790 1
76791 3
76792 2
76793 3
76794 1
76795 0
76796 2
76797 0
76798 2
76799 0
76800 2
76801 0
76802 1
76803 2
76804 0
76805 1
76806 2
76807 0
76808 1
76809 0
76810 1
76811 2
76812 1
76813 2
76814 0
76815 2
76816 1
76817 0
76818 1
76819 2
76820 0
76821 1
76822 2
76823 0
76824 1
76825 2
76826 0
76827 2
76828 1
76829 2
76830 0
76831 2
76832 1
76833 0
76834 2
76835 1
76836 0
76837 1
76838 0
76839 1
76840 0
76841 2
76842 1
76843 0
76844 3
76845 2
76846 1
76847 0
76848 1
76849 0
76850 2
76851 1
76852 0
76853 1
76854 2
76855 1
76856 0
76857 1
76858 0
76859 2
76860 1
76861 0
76862 1
76863 0
76864 1
76865 2
76866 0
76867 1
76868 2
76869 0
76870 1
76871 0
76872 2
76873 0
76874 1
76875 0
76876 2
76877 1
76878 2
76879 0
76880 1
76881 3
76882 2
76883 1
76884 0
76885 2
76886 1
76887 0
76888 2
76889 0
76890 1
76891 0
76892 2
76893 1
76894 2
76895 3
76896 1
76897 2
76898 0
76899 2
76900 0
76901 1
76902 2
76903 1
76904 2
76905 0
76906 1
76907 2
76908 0
76909 2
76910 1
76911 2
76912 1
76913 0
76914 1
76915 2
76916 0
76917 3
76918 1
76919 2
76920 0
76921 1
76922 0
76923 1
76924 2
76925 1
76926 0
76927 1
76928 0
76929 2
76930 1
76931 0
76932 2
76933 1
76934 0
76935 1
76936 0
76937 2
76938 1
76939 0
76940 2
76941 0
76942 1
76943 2
76944 0
76945 1
76946 0
76947 1
76948 2
76949 3
76950 1
76951 0
76952 2
76953 3
76954 1
76955 2
76956 1
76957 0
76958 2
76959 1
76960 2
76961 0
76962 2
76963 3
76964 0
76965 2
76966 1
76967 2
76968 1
76969 2
76970 1
76971 0
76972 1
76973 0
76974 1
76975 0
76976 2
76977 1
76978 0
76979 1
76980 0
76981 1
76982 0
76983 2
76984 1
76985 0
76986 1
76987 2
76988 3
76989 0
76990 1
76991 0
76992 1
76993 0
76994 1
76995 2
76996 0
76997 1
76998 0
76999 1
77000 0
77001 2
77002 3
77003 0
77004 2
77005 0
77006 1
77007 2
77008 0
77009 1
77010 0
77011 1
77012 2
77013 0
77014 2
77015 0
77016 2
77017 1
77018 2
77019 0
77020 2
77021 3
77022 1
77023 0
77024 1
77025 2
77026 0
77027 1
77028 0
77029 3
77030 1
77031 2
77032 0
77033 2
77034 3
77035 1
77036 2
77037 0
77038 2
77039 1
77040 2
77041 0
77042 2
77043 0
77044 2
77045 1
77046 2
77047 1
77048 3
77049 1
77050 0
77051 1
77052 0
77053 1
77054 0
77055 2
77056 0
77057 2
77058 1
77059 0
77060 1
77061 0
77062 1
77063 2
77064 0
77065 1
77066 0
77067 1
77068 2
77069 0
77070 1
77071 2
77072 0
77073 3
77074 1
77075 0
77076 2
77077 1
77078 2
77079 1
77080 0
77081 2
77082 3
77083 1
77084 0
77085 1
77086 0
77087 1
77088 0
77089 1
77090 2
77091 0
77092 1
77093 0
77094 1
77095 2
77096 0
77097 1
77098 0
77099 2
77100 3
77101 0
77102 1
77103 2
77104 1
77105 2
77106 0
77107 1
77108 0
77109 2
77110 3
77111 2
77112 0
77113 1
77114 2
77115 1
77116 2
77117 1
77118 2
77119 3
77120 0
77121 1
77122 0
77123 2
77124 1
77125 2
77126 0
77127 1
77128 0
77129 1
77130 0
77131 1
77132 0
77133 2
77134 3
77135 1
77136 0
77137 2
77138 1
77139 0
77140 1
77141 0
77142 2
77143 0
77144 1
77145 0
77146 2
77147 0
77148 3
77149 1
77150 2
77151 0
77152 1
77153 2
77154 1
77155 0
77156 2
77157 3
77158 1
77159 0
77160 1
77161 2
77162 1
77163 0
77164 1
77165 2
77166 0
77167 2
77168 0
77169 1
77170 0
77171 2
77172 0
77173 1
77174 3
77175 0
77176 2
77177 1
77178 0
77179 1
77180 2
77181 0
77182 2
77183 1
77184 2
77185 0
77186 1
77187 0
77188 1
77189 0
77190 1
77191 2
77192 1
77193 2
77194 1
77195 0
77196 1
77197 3
77198 2
77199 0
77200 2
77201 1
77202 2
77203 0
77204 1
77205 0
77206 1
77207 0
77208 2
77209 1
77210 2
77211 0
77212 1
77213 2
77214 0
77215 1
77216 0
77217 2
77218 1
77219 2
77220 0
77221 3
77222 1
77223 0
77224 1
77225 2
77226 0
77227 1
77228 3
77229 2
77230 3
77231 0
77232 1
77233 2
77234 0
77235 2
77236 0
77237 1
77238 2
77239 3
77240 0
77241 1
77242 2
77243 0
77244 3
77245 1
77246 0
77247 2
77248 1
77249 3
77250 2
77251 0
77252 2
77253 3
77254 1
77255 2
77256 1
77257 0
77258 2
77259 0
77260 2
77261 1
77262 0
77263 1
77264 2
77265 1
77266 0
77267 2
77268 1
77269 0
77270 3
77271 1
77272 3
77273 1
77274 0
77275 2
77276 0
77277 1
77278 2
77279 1
77280 0
77281 1
77282 0
77283 2
77284 1
77285 0
77286 1
77287 2
77288 0
77289 1
77290 2
77291 0
77292 1
77293 0
77294 1
77295 0
77296 2
77297 0
77298 1
77299 0
77300 1
77301 0
77302 2
77303 3
77304 0
77305 2
77306 0
77307 2
77308 0
77309 2
77310 0
77311 2
77312 1
77313 0
77314 2
77315 3
77316 2
77317 0
77318 2
77319 1
77320 2
77321 0
77322 1
77323 2
77324 0
77325 2
77326 0
77327 1
77328 0
77329 1
77330 3
77331 0
77332 1
77333 0
77334 1
77335 0
77336 2
77337 0
77338 1
77339 0
77340 2
77341 1
77342 2
77343 1
77344 0
77345 1
77346 0
77347 1
77348 0
77349 1
77350 2
77351 1
77352 2
77353 1
77354 2
77355 0
77356 1
77357 2
77358 0
77359 1
77360 3
77361 1
77362 2
77363 1
77364 2
77365 1
77366 0
77367 2
77368 1
77369 0
77370 1
77371 0
77372 1
77373 0
77374 1
77375 2
77376 0
77377 1
77378 2
77379 0
77380 1
77381 3
77382 1
77383 2
77384 0
77385 2
77386 1
77387 0
77388 1
77389 0
77390 1
77391 0
77392 2
77393 0
77394 1
77395 2
77396 0
77397 1
77398 2
77399 1
77400 0
77401 2
77402 1
77403 3
77404 2
77405 1
77406 2
77407 3
77408 1
77409 2
77410 3
77411 1
77412 0
77413 2
77414 0
77415 1
77416 2
77417 0
77418 2
77419 0
77420 2
77421 1
77422 0
77423 2
77424 1
77425 0
77426 2
77427 0
77428 1
77429 2
77430 1
77431 2
77432 3
77433 1
77434 0
77435 1
77436 2
77437 1
77438 0
77439 2
77440 1
77441 0
77442 2
77443 0
77444 2
77445 1
77446 2
77447 0
77448 1
77449 2
77450 1
77451 0
77452 1
77453 0
77454 1
77455 2
77456 1
77457 0
77458 1
77459 2
77460 1
77461 0
77462 2
77463 1
77464 2
77465 1
77466 2
77467 0
77468 1
77469 0
77470 1
77471 0
77472 1
77473 0
77474 2
77475 1
77476 2
77477 0
77478 2
77479 0
77480 2
77481 0
77482 1
77483 0
77484 1
77485 2
77486 0
77487 2
77488 0
77489 1
77490 2
77491 1
77492 2
77493 0
77494 1
77495 0
77496 1
77497 0
77498 3
77499 2
77500 1
77501 0
77502 2
77503 0
77504 1
77505 3
77506 0
77507 1
77508 2
77509 0
77510 2
77511 1
77512 2
77513 1
77514 0
77515 2
77516 1
77517 0
77518 1
77519 2
77520 1
77521 2
77522 0
77523 2
77524 1
77525 0
77526 1
77527 0
77528 1
77529 2
77530 0
77531 1
77532 0
77533 1
77534 2
77535 0
77536 1
77537 2
77538 1
77539 2
77540 0
77541 1
77542 2
77543 0
77544 1
77545 2
77546 0
77547 1
77548 0
77549 1
77550 0
77551 2
77552 1
77553 0
77554 2
77555 0
77556 1
77557 2
77558 1
77559 0
77560 2
77561 1
77562 2
77563 0
77564 2
77565 3
77566 0
77567 1
77568 0
77569 1
77570 2
77571 0
77572 2
77573 1
77574 2
77575 1
77576 0
77577 2
77578 0
77579 3
77580 0
77581 1
77582 0
77583 1
77584 0
77585 1
77586 0
77587 1
77588 2
77589 0
77590 1
77591 0
77592 2
77593 1
77594 2
77595 0
77596 1
77597 0
77598 2
77599 1
77600 2
77601 0
77602 1
77603 2
77604 3
77605 1
77606 2
77607 1
77608 0
77609 1
77610 0
77611 1
77612 2
77613 0
77614 2
77615 3
77616 0
77617 3
77618 1
77619 2
77620 0
77621 1
77622 2
77623 0
77624 1
77625 2
77626 0
77627 1
77628 2
77629 0
77630 1
77631 2
77632 1
77633 2
77634 0
77635 1
77636 0
77637 1
77638 2
77639 1
77640 0
77641 1
77642 0
77643 2
77644 0
77645 2
77646 0
77647 2
77648 0
77649 1
77650 0
77651 3
77652 2
77653 1
77654 2
77655 0
77656 2
77657 1
77658 0
77659 1
77660 0
77661 1
77662 0
77663 1
77664 0
77665 1
77666 0
77667 2
77668 1
77669 2
77670 0
77671 3
77672 2
77673 0
77674 2
77675 1
77676 2
77677 1
77678 2
77679 0
77680 1
77681 2
77682 0
77683 2
77684 1
77685 2
77686 1
77687 0
77688 1
77689 2
77690 0
77691 2
77692 1
77693 0
77694 3
77695 1
77696 2
77697 3
77698 0
77699 2
77700 0
77701 1
77702 2
77703 1
77704 0
77705 2
77706 1
77707 2
77708 3
77709 0
77710 2
77711 1
77712 0
77713 2
77714 1
77715 2
77716 3
77717 2
77718 1
77719 2
77720 1
77721 0
77722 1
77723 0
77724 2
77725 0
77726 1
77727 2
77728 0
77729 1
77730 0
77731 1
77732 0
77733 1
77734 0
77735 2
77736 0
77737 1
77738 0
77739 3
77740 2
77741 1
77742 2
77743 0
77744 1
77745 2
77746 1
77747 3
77748 2
77749 0
77750 2
77751 0
77752 1
77753 2
77754 1
77755 0
77756 1
77757 2
77758 0
77759 2
77760 1
77761 2
77762 0
77763 1
77764 0
77765 1
77766 0
77767 1
77768 2
77769 0
77770 1
77771 0
77772 1
77773 2
77774 0
77775 2
77776 1
77777 0
77778 1
77779 2
77780 3
77781 1
77782 2
77783 1
77784 0
77785 1
77786 0
77787 2
77788 1
77789 2
77790 1
77791 0
77792 1
77793 2
77794 1
77795 2
77796 1
77797 0
77798 2
77799 1
77800 2
77801 0
77802 1
77803 0
77804 2
77805 0
77806 2
77807 1
77808 2
77809 1
77810 2
77811 3
77812 1
77813 0
77814 1
77815 3
77816 2
77817 0
77818 2
77819 1
77820 0
77821 1
77822 2
77823 0
77824 1
77825 0
77826 1
77827 2
77828 0
77829 1
77830 0
77831 1
77832 2
77833 0
77834 1
77835 2
77836 1
77837 0
77838 2
77839 0
77840 1
77841 0
77842 2
77843 3
77844 0
77845 2
77846 1
77847 0
77848 1
77849 0
77850 1
77851 0
77852 1
77853 2
77854 0
77855 2
77856 1
77857 2
77858 1
77859 0
77860 2
77861 0
77862 2
77863 0
77864 1
77865 0
77866 2
77867 1
77868 0
77869 1
77870 0
77871 2
77872 0
77873 1
77874 2
77875 3
77876 0
77877 1
77878 0
77879 1
77880 2
77881 1
77882 2
77883 0
77884 3
77885 2
77886 0
77887 1
77888 2
77889 0
77890 1
77891 0
77892 1
77893 2
77894 0
77895 1
77896 2
77897 0
77898 2
77899 1
77900 2
77901 0
77902 3
77903 2
77904 1
77905 0
77906 1
77907 0
77908 1
77909 2
77910 0
77911 2
77912 1
77913 0
77914 2
77915 1
77916 0
77917 1
77918 2
77919 0
77920 2
77921 0
77922 2
77923 1
77924 0
77925 2
77926 3
77927 0
77928 1
77929 2
77930 1
77931 0
77932 1
77933 2
77934 1
77935 0
77936 2
77937 1
77938 2
77939 1
77940 0
77941 1
77942 0
77943 1
77944 3
77945 2
77946 0
77947 1
77948 2
77949 1
77950 2
77951 0
77952 2
77953 0
77954 1
77955 2
77956 0
77957 1
77958 2
77959 3
77960 1
77961 2
77962 1
77963 2
77964 0
77965 1
77966 2
77967 1
77968 2
77969 1
77970 0
77971 2
77972 1
77973 0
77974 1
77975 2
77976 1
77977 0
77978 2
77979 1
77980 0
77981 1
77982 0
77983 2
77984 0
77985 2
77986 1
77987 0
77988 1
77989 0
77990 2
77991 3
77992 0
77993 1
77994 2
77995 1
77996 0
77997 1
77998 0
77999 2
78000 0
78001 2
78002 0
78003 1
78004 0
78005 1
78006 0
78007 2
78008 0
78009 1
78010 0
78011 1
78012 0
78013 1
78014 2
78015 1
78016 2
78017 1
78018 2
78019 0
78020 1
78021 2
78022 0
78023 1
78024 2
78025 0
78026 1
78027 0
78028 2
78029 1
78030 0
78031 1
78032 0
78033 1
78034 0
78035 1
78036 2
78037 3
78038 1
78039 0
78040 2
78041 0
78042 1
78043 0
78044 1
78045 0
78046 2
78047 1
78048 0
78049 1
78050 2
78051 1
78052 0
78053 2
78054 1
78055 0
78056 2
78057 1
78058 0
78059 1
78060 0
78061 1
78062 2
78063 1
78064 0
78065 1
78066 0
78067 1
78068 2
78069 0
78070 1
78071 2
78072 1
78073 0
78074 1
78075 0
78076 2
78077 1
78078 0
78079 1
78080 0
78081 2
78082 3
78083 0
78084 1
78085 0
78086 2
78087 1
78088 3
78089 2
78090 0
78091 1
78092 0
78093 2
78094 1
78095 0
78096 1
78097 0
78098 1
78099 2
78100 3
78101 1
78102 2
78103 0
78104 3
78105 2
78106 0
78107 1
78108 0
78109 2
78110 1
78111 0
78112 3
78113 2
78114 0
78115 1
78116 2
78117 1
78118 0
78119 3
78120 1
78121 0
78122 1
78123 0
78124 1
78125 2
78126 3
78127 0
78128 2
78129 1
78130 3
78131 0
78132 1
78133 0
78134 2
78135 3
78136 1
78137 0
78138 3
78139 2
78140 0
78141 1
78142 0
78143 1
78144 0
78145 1
78146 0
78147 1
78148 2
78149 1
78150 2
78151 0
78152 1
78153 0
78154 2
78155 0
78156 1
78157 0
78158 1
78159 0
78160 3
78161 0
78162 2
78163 0
78164 1
78165 0
78166 2
78167 1
78168 0
78169 2
78170 0
78171 1
78172 0
78173 1
78174 2
78175 0
78176 1
78177 0
78178 1
78179 0
78180 2
78181 3
78182 1
78183 2
78184 1
78185 0
78186 1
78187 0
78188 2
78189 0
78190 1
78191 0
78192 1
78193 2
78194 0
78195 1
78196 0
78197 1
78198 2
78199 0
78200 1
78201 0
78202 1
78203 0
78204 1
78205 2
78206 0
78207 1
78208 2
78209 0
78210 1
78211 0
78212 1
78213 0
78214 2
78215 1
78216 0
78217 2
78218 1
78219 0
78220 2
78221 1
78222 0
78223 1
78224 0
78225 1
78226 3
78227 0
78228 1
78229 0
78230 1
78231 0
78232 2
78233 1
78234 2
78235 0
78236 1
78237 2
78238 1
78239 0
78240 1
78241 0
78242 2
78243 1
78244 0
78245 2
78246 3
78247 0
78248 1
78249 0
78250 1
78251 3
78252 2
78253 0
78254 1
78255 2
78256 1
78257 0
78258 2
78259 1
78260 0
78261 1
78262 0
78263 2
78264 1
78265 2
78266 1
78267 2
78268 1
78269 0
78270 1
78271 2
78272 1
78273 0
78274 1
78275 3
78276 0
78277 1
78278 2
78279 1
78280 2
78281 0
78282 2
78283 1
78284 0
78285 1
78286 2
78287 0
78288 1
78289 2
78290 0
78291 1
78292 2
78293 0
78294 2
78295 0
78296 2
78297 3
78298 1
78299 2
78300 3
78301 4
78302 1
78303 0
78304 1
78305 2
78306 0
78307 1
78308 3
78309 0
78310 1
78311 0
78312 2
78313 0
78314 1
78315 2
78316 0
78317 1
78318 0
78319 1
78320 0
78321 1
78322 2
78323 0
78324 1
78325 0
78326 1
78327 2
78328 3
78329 1
78330 2
78331 0
78332 2
78333 1
78334 2
78335 1
78336 2
78337 0
78338 2
78339 1
78340 0
78341 2
78342 0
78343 1
78344 0
78345 1
78346 3
78347 0
78348 1
78349 0
78350 1
78351 2
78352 0
78353 2
78354 0
78355 1
78356 0
78357 1
78358 2
78359 0
78360 1
78361 0
78362 2
78363 1
78364 2
78365 0
78366 2
78367 1
78368 2
78369 1
78370 0
78371 3
78372 0
78373 2
78374 0
78375 2
78376 1
78377 0
78378 2
78379 1
78380 3
78381 0
78382 2
78383 0
78384 1
78385 2
78386 0
78387 1
78388 2
78389 0
78390 1
78391 0
78392 1
78393 2
78394 3
78395 0
78396 1
78397 2
78398 3
78399 0
78400 2
78401 0
78402 1
78403 0
78404 3
78405 1
78406 2
78407 1
78408 0
78409 1
78410 0
78411 1
78412 0
78413 3
78414 1
78415 0
78416 2
78417 0
78418 2
78419 1
78420 2
78421 3
78422 2
78423 0
78424 2
78425 1
78426 0
78427 1
78428 0
78429 2
78430 1
78431 2
78432 0
78433 3
78434 1
78435 0
78436 2
78437 0
78438 2
78439 1
78440 0
78441 2
78442 1
78443 0
78444 1
78445 2
78446 3
78447 0
78448 2
78449 1
78450 0
78451 2
78452 1
78453 0
78454 1
78455 0
78456 2
78457 1
78458 2
78459 1
78460 2
78461 0
78462 1
78463 2
78464 3
78465 1
78466 0
78467 1
78468 2
78469 0
78470 1
78471 0
78472 3
78473 2
78474 1
78475 0
78476 2
78477 0
78478 1
78479 3
78480 2
78481 0
78482 3
78483 0
78484 2
78485 1
78486 0
78487 1
78488 0
78489 2
78490 0
78491 1
78492 2
78493 0
78494 2
78495 3
78496 1
78497 2
78498 1
78499 0
78500 2
78501 1
78502 0
78503 1
78504 2
78505 1
78506 2
78507 0
78508 2
78509 0
78510 2
78511 0
78512 3
78513 2
78514 1
78515 0
78516 1
78517 3
78518 0
78519 2
78520 1
78521 0
78522 1
78523 0
78524 1
78525 0
78526 1
78527 2
78528 1
78529 0
78530 2
78531 1
78532 0
78533 1
78534 0
78535 1
78536 0
78537 1
78538 0
78539 1
78540 2
78541 3
78542 0
78543 1
78544 0
78545 1
78546 2
78547 1
78548 2
78549 0
78550 1
78551 0
78552 1
78553 0
78554 1
78555 3
78556 1
78557 2
78558 0
78559 1
78560 0
78561 1
78562 0
78563 1
78564 0
78565 1
78566 0
78567 2
78568 1
78569 0
78570 2
78571 0
78572 1
78573 0
78574 1
78575 2
78576 0
78577 3
78578 1
78579 0
78580 1
78581 0
78582 1
78583 0
78584 1
78585 0
78586 2
78587 0
78588 1
78589 0
78590 2
78591 1
78592 0
78593 2
78594 1
78595 2
78596 3
78597 0
78598 1
78599 0
78600 1
78601 0
78602 1
78603 3
78604 2
78605 1
78606 2
78607 1
78608 0
78609 2
78610 1
78611 0
78612 3
78613 1
78614 0
78615 1
78616 3
78617 1
78618 2
78619 0
78620 2
78621 1
78622 0
78623 1
78624 0
78625 2
78626 0
78627 1
78628 3
78629 2
78630 0
78631 1
78632 0
78633 1
78634 0
78635 1
78636 2
78637 1
78638 0
78639 2
78640 0
78641 2
78642 1
78643 0
78644 1
78645 2
78646 1
78647 0
78648 1
78649 0
78650 1
78651 2
78652 0
78653 3
78654 1
78655 0
78656 1
78657 2
78658 0
78659 1
78660 0
78661 2
78662 1
78663 3
78664 2
78665 1
78666 2
78667 0
78668 2
78669 1
78670 3
78671 1
78672 0
78673 1
78674 2
78675 1
78676 3
78677 2
78678 1
78679 2
78680 1
78681 2
78682 0
78683 1
78684 2
78685 1
78686 2
78687 3
78688 1
78689 0
78690 2
78691 1
78692 2
78693 1
78694 0
78695 1
78696 0
78697 1
78698 2
78699 0
78700 1
78701 2
78702 0
78703 2
78704 1
78705 0
78706 2
78707 0
78708 2
78709 1
78710 0
78711 1
78712 2
78713 0
78714 3
78715 1
78716 0
78717 1
78718 0
78719 3
78720 1
78721 0
78722 2
78723 1
78724 2
78725 1
78726 2
78727 1
78728 0
78729 1
78730 0
78731 2
78732 1
78733 2
78734 1
78735 0
78736 1
78737 0
78738 1
78739 0
78740 2
78741 1
78742 3
78743 2
78744 1
78745 0
78746 1
78747 2
78748 0
78749 2
78750 3
78751 1
78752 2
78753 0
78754 1
78755 2
78756 3
78757 0
78758 1
78759 0
78760 1
78761 2
78762 0
78763 1
78764 2
78765 0
78766 2
78767 1
78768 0
78769 2
78770 0
78771 2
78772 1
78773 0
78774 1
78775 0
78776 1
78777 0
78778 1
78779 2
78780 0
78781 1
78782 2
78783 0
78784 2
78785 1
78786 0
78787 1
78788 2
78789 1
78790 0
78791 2
78792 1
78793 0
78794 2
78795 0
78796 1
78797 0
78798 2
78799 1
78800 0
78801 1
78802 2
78803 0
78804 1
78805 2
78806 0
78807 1
78808 0
78809 2
78810 0
78811 2
78812 1
78813 0
78814 1
78815 0
78816 2
78817 1
78818 2
78819 0
78820 2
78821 1
78822 0
78823 1
78824 2
78825 1
78826 3
78827 0
78828 2
78829 1
78830 0
78831 1
78832 2
78833 0
78834 1
78835 0
78836 1
78837 2
78838 1
78839 2
78840 1
78841 2
78842 0
78843 1
78844 3
78845 2
78846 0
78847 1
78848 0
78849 1
78850 3
78851 0
78852 1
78853 0
78854 2
78855 1
78856 0
78857 2
78858 1
78859 0
78860 1
78861 0
78862 2
78863 1
78864 2
78865 0
78866 1
78867 0
78868 2
78869 0
78870 1
78871 0
78872 3
78873 2
78874 0
78875 3
78876 1
78877 2
78878 0
78879 1
78880 2
78881 1
78882 2
78883 0
78884 1
78885 0
78886 1
78887 2
78888 1
78889 2
78890 1
78891 2
78892 0
78893 2
78894 0
78895 1
78896 2
78897 3
78898 0
78899 2
78900 0
78901 1
78902 3
78903 2
78904 0
78905 2
78906 0
78907 1
78908 2
78909 0
78910 1
78911 2
78912 1
78913 2
78914 0
78915 1
78916 0
78917 1
78918 0
78919 1
78920 2
78921 0
78922 2
78923 1
78924 2
78925 1
78926 2
78927 0
78928 1
78929 2
78930 1
78931 2
78932 1
78933 0
78934 1
78935 0
78936 1
78937 2
78938 1
78939 0
78940 1
78941 0
78942 1
78943 2
78944 0
78945 1
78946 0
78947 1
78948 0
78949 1
78950 2
78951 0
78952 2
78953 1
78954 2
78955 1
78956 4
78957 2
78958 0
78959 3
78960 1
78961 3
78962 2
78963 0
78964 2
78965 1
78966 2
78967 1
78968 2
78969 1
78970 2
78971 0
78972 2
78973 1
78974 0
78975 3
78976 2
78977 3
78978 0
78979 1
78980 0
78981 1
78982 2
78983 0
78984 2
78985 1
78986 2
78987 1
78988 0
78989 2
78990 0
78991 1
78992 2
78993 0
78994 1
78995 0
78996 1
78997 0
78998 2
78999 1
79000 3
79001 2
79002 1
79003 0
79004 2
79005 1
79006 2
79007 3
79008 0
79009 1
79010 0
79011 1
79012 0
79013 2
79014 1
79015 2
79016 0
79017 2
79018 3
79019 0
79020 1
79021 0
79022 2
79023 3
79024 1
79025 2
79026 1
79027 0
79028 2
79029 0
79030 2
79031 1
79032 2
79033 0
79034 3
79035 2
79036 1
79037 0
79038 1
79039 0
79040 2
79041 0
79042 1
79043 0
79044 1
79045 2
79046 0
79047 2
79048 0
79049 2
79050 1
79051 0
79052 1
79053 2
79054 1
79055 2
79056 1
79057 0
79058 2
79059 3
79060 2
79061 0
79062 1
79063 0
79064 2
79065 1
79066 2
79067 0
79068 1
79069 2
79070 1
79071 0
79072 1
79073 0
79074 1
79075 0
79076 2
79077 1
79078 2
79079 1
79080 2
79081 1
79082 2
79083 0
79084 1
79085 0
79086 2
79087 1
79088 2
79089 0
79090 1
79091 0
79092 1
79093 0
79094 2
79095 3
79096 1
79097 2
79098 0
79099 1
79100 2
79101 3
79102 1
79103 0
79104 2
79105 1
79106 0
79107 2
79108 0
79109 2
79110 3
79111 1
79112 2
79113 0
79114 1
79115 0
79116 1
79117 2
79118 1
79119 2
79120 0
79121 2
79122 0
79123 2
79124 1
79125 0
79126 2
79127 1
79128 0
79129 2
79130 1
79131 0
79132 1
79133 0
79134 1
79135 2
79136 0
79137 1
79138 0
79139 1
79140 0
79141 2
79142 0
79143 2
79144 0
79145 2
79146 1
79147 2
79148 0
79149 2
79150 1
79151 2
79152 0
79153 1
79154 2
79155 0
79156 2
79157 1
79158 0
79159 1
79160 0
79161 1
79162 2
79163 0
79164 1
79165 0
79166 1
79167 2
79168 1
79169 2
79170 3
79171 0
79172 1
79173 2
79174 0
79175 2
79176 0
79177 1
79178 2
79179 3
79180 1
79181 0
79182 1
79183 2
79184 1
79185 0
79186 2
79187 3
79188 0
79189 1
79190 2
79191 1
79192 2
79193 1
79194 0
79195 1
79196 2
79197 0
79198 1
79199 0
79200 1
79201 3
79202 2
79203 0
79204 1
79205 0
79206 1
79207 0
79208 2
79209 1
79210 0
79211 1
79212 0
79213 1
79214 2
79215 1
79216 2
79217 0
79218 1
79219 0
79220 1
79221 2
79222 0
79223 1
79224 2
79225 0
79226 2
79227 1
79228 0
79229 3
79230 2
79231 3
79232 1
79233 2
79234 3
79235 2
79236 0
79237 3
79238 2
79239 1
79240 2
79241 1
79242 0
79243 1
79244 0
79245 1
79246 2
79247 0
79248 2
79249 1
79250 0
79251 2
79252 1
79253 3
79254 2
79255 3
79256 1
79257 0
79258 1
79259 2
79260 3
79261 1
79262 2
79263 0
79264 1
79265 0
79266 1
79267 0
79268 2
79269 1
79270 2
79271 0
79272 2
79273 0
79274 1
79275 0
79276 1
79277 2
79278 0
79279 1
79280 2
79281 1
79282 0
79283 2
79284 0
79285 2
79286 1
79287 0
79288 1
79289 0
79290 1
79291 2
79292 1
79293 0
79294 1
79295 2
79296 3
79297 1
79298 2
79299 1
79300 0
79301 1
79302 0
79303 1
79304 0
79305 2
79306 1
79307 2
79308 1
79309 0
79310 2
79311 1
79312 0
79313 1
79314 2
79315 0
79316 2
79317 1
79318 0
79319 1
79320 0
79321 2
79322 1
79323 0
79324 1
79325 0
79326 1
79327 0
79328 1
79329 0
79330 2
79331 1
79332 2
79333 1
79334 0
79335 2
79336 1
79337 2
79338 1
79339 2
79340 1
79341 0
79342 1
79343 0
79344 2
79345 0
79346 1
79347 3
79348 0
79349 1
79350 2
79351 0
79352 2
79353 1
79354 0
79355 1
79356 2
79357 0
79358 1
79359 2
79360 0
79361 1
79362 0
79363 2
79364 1
79365 2
79366 0
79367 1
79368 0
79369 1
79370 0
79371 2
79372 1
79373 0
79374 2
79375 1
79376 0
79377 2
79378 1
79379 0
79380 2
79381 1
79382 2
79383 0
79384 2
79385 1
79386 0
79387 2
79388 0
79389 1
79390 0
79391 1
79392 0
79393 1
79394 0
79395 2
79396 1
79397 0
79398 1
79399 0
79400 1
79401 0
79402 2
79403 0
79404 2
79405 1
79406 0
79407 1
79408 0
79409 2
79410 0
79411 2
79412 0
79413 1
79414 0
79415 1
79416 0
79417 2
79418 0
79419 1
79420 2
79421 0
79422 1
79423 0
79424 2
79425 0
79426 1
79427 0
79428 1
79429 2
79430 0
79431 1
79432 0
79433 1
79434 2
79435 0
79436 1
79437 0
79438 1
79439 0
79440 1
79441 2
79442 0
79443 1
79444 0
79445 2
79446 0
79447 2
79448 1
79449 2
79450 0
79451 1
79452 0
79453 1
79454 2
79455 3
79456 2
79457 1
79458 3
79459 0
79460 1
79461 0
79462 3
79463 1
79464 0
79465 1
79466 2
79467 1
79468 0
79469 2
79470 1
79471 0
79472 1
79473 0
79474 3
79475 1
79476 2
79477 0
79478 2
79479 3
79480 0
79481 1
79482 2
79483 0
79484 2
79485 1
79486 2
79487 0
79488 1
79489 2
79490 0
79491 1
79492 0
79493 1
79494 2
79495 0
79496 1
79497 2
79498 1
79499 0
79500 3
79501 1
79502 0
79503 1
79504 0
79505 1
79506 0
79507 1
79508 0
79509 2
79510 1
79511 3
79512 0
79513 2
79514 3
79515 1
79516 2
79517 0
79518 2
79519 1
79520 0
79521 2
79522 0
79523 1
79524 2
79525 1
79526 0
79527 1
79528 0
79529 2
79530 1
79531 2
79532 0
79533 1
79534 2
79535 0
79536 1
79537 0
79538 2
79539 0
79540 1
79541 0
79542 1
79543 0
79544 1
79545 2
79546 0
79547 2
79548 0
79549 1
79550 0
79551 2
79552 1
79553 0
79554 2
79555 3
79556 2
79557 1
79558 0
79559 1
79560 0
79561 1
79562 2
79563 0
79564 2
79565 1
79566 2
79567 1
79568 0
79569 2
79570 1
79571 2
79572 0
79573 1
79574 2
79575 0
79576 2
79577 0
79578 1
79579 0
79580 1
79581 2
79582 0
79583 1
79584 0
79585 1
79586 0
79587 3
79588 2
79589 1
79590 3
79591 0
79592 1
79593 0
79594 3
79595 0
79596 1
79597 0
79598 1
79599 0
79600 2
79601 1
79602 2
79603 0
79604 1
79605 0
79606 2
79607 3
79608 1
79609 0
79610 2
79611 0
79612 1
79613 0
79614 2
79615 1
79616 2
79617 0
79618 1
79619 0
79620 1
79621 0
79622 2
79623 1
79624 0
79625 1
79626 2
79627 0
79628 2
79629 1
79630 2
79631 0
79632 1
79633 0
79634 1
79635 2
79636 0
79637 1
79638 0
79639 3
79640 1
79641 3
79642 1
79643 0
79644 2
79645 0
79646 2
79647 0
79648 1
79649 2
79650 1
79651 0
79652 2
79653 0
79654 2
79655 0
79656 1
79657 3
79658 1
79659 0
79660 2
79661 0
79662 2
79663 3
79664 0
79665 1
79666 2
79667 3
79668 0
79669 2
79670 1
79671 2
79672 0
79673 1
79674 0
79675 2
79676 0
79677 1
79678 2
79679 0
79680 1
79681 2
79682 0
79683 2
79684 1
79685 2
79686 1
79687 2
79688 0
79689 2
79690 0
79691 2
79692 1
79693 0
79694 1
79695 2
79696 1
79697 0
79698 1
79699 2
79700 0
79701 2
79702 1
79703 0
79704 1
79705 2
79706 0
79707 1
79708 0
79709 1
79710 2
79711 0
79712 2
79713 1
79714 0
79715 1
79716 2
79717 0
79718 1
79719 0
79720 2
79721 1
79722 0
79723 2
79724 3
79725 0
79726 1
79727 3
79728 1
79729 0
79730 1
79731 2
79732 0
79733 1
79734 2
79735 0
79736 1
79737 0
79738 1
79739 0
79740 1
79741 0
79742 2
79743 3
79744 0
79745 1
79746 2
79747 0
79748 2
79749 1
79750 2
79751 0
79752 1
79753 3
79754 2
79755 0
79756 1
79757 2
79758 1
79759 0
79760 1
79761 0
79762 2
79763 1
79764 0
79765 2
79766 1
79767 0
79768 1
79769 0
79770 2
79771 1
79772 2
79773 1
79774 3
79775 0
79776 2
79777 1
79778 0
79779 2
79780 0
79781 2
79782 1
79783 0
79784 1
79785 3
79786 0
79787 2
79788 1
79789 2
79790 3
79791 0
79792 2
79793 1
79794 0
79795 2
79796 0
79797 2
79798 0
79799 1
79800 2
79801 1
79802 0
79803 2
79804 0
79805 2
79806 1
79807 0
79808 2
79809 1
79810 0
79811 1
79812 0
79813 2
79814 0
79815 2
79816 1
79817 2
79818 1
79819 0
79820 1
79821 0
79822 2
79823 1
79824 0
79825 2
79826 1
79827 2
79828 1
79829 2
79830 1
79831 0
79832 2
79833 1
79834 0
79835 1
79836 2
79837 0
79838 2
79839 0
79840 2
79841 0
79842 1
79843 0
79844 1
79845 0
79846 1
79847 0
79848 1
79849 0
79850 2
79851 1
79852 2
79853 0
79854 2
79855 0
79856 1
79857 0
79858 1
79859 0
79860 2
79861 0
79862 1
79863 0
79864 2
79865 1
79866 3
79867 1
79868 0
79869 1
79870 2
79871 0
79872 1
79873 2
79874 0
79875 2
79876 1
79877 2
79878 1
79879 0
79880 1
79881 0
79882 2
79883 0
79884 1
79885 0
79886 1
79887 0
79888 2
79889 0
79890 2
79891 0
79892 2
79893 1
79894 2
79895 1
79896 2
79897 1
79898 0
79899 2
79900 1
79901 2
79902 3
79903 1
79904 0
79905 2
79906 0
79907 1
79908 0
79909 1
79910 2
79911 0
79912 1
79913 0
79914 1
79915 0
79916 1
79917 2
79918 0
79919 1
79920 2
79921 0
79922 1
79923 0
79924 2
79925 3
79926 1
79927 2
79928 0
79929 1
79930 2
79931 0
79932 3
79933 2
79934 1
79935 0
79936 1
79937 2
79938 0
79939 2
79940 0
79941 2
79942 0
79943 2
79944 1
79945 0
79946 2
79947 1
79948 0
79949 3
79950 2
79951 1
79952 0
79953 2
79954 1
79955 0
79956 2
79957 0
79958 2
79959 0
79960 1
79961 2
79962 1
79963 2
79964 1
79965 0
79966 1
79967 2
79968 0
79969 1
79970 2
79971 0
79972 1
79973 0
79974 2
79975 0
79976 1
79977 0
79978 1
79979 0
79980 2
79981 0
79982 1
79983 0
79984 2
79985 0
79986 1
79987 2
79988 0
79989 1
79990 2
79991 0
79992 1
79993 2
79994 0
79995 2
79996 1
79997 0
79998 2
79999 0
80000 2
80001 0
80002 1
80003 0
80004 2
80005 1
80006 3
80007 0
80008 2
80009 0
80010 3
80011 0
80012 1
80013 0
80014 2
80015 1
80016 2
80017 0
80018 1
80019 0
80020 3
80021 2
80022 1
80023 0
80024 1
80025 2
80026 0
80027 1
80028 2
80029 0
80030 3
80031 1
80032 0
80033 1
80034 0
80035 1
80036 0
80037 2
80038 1
80039 0
80040 1
80041 0
80042 2
80043 1
80044 0
80045 2
80046 1
80047 0
80048 2
80049 1
80050 2
80051 1
80052 0
80053 1
80054 0
80055 1
80056 0
80057 1
80058 2
80059 0
80060 1
80061 0
80062 1
80063 0
80064 1
80065 2
80066 1
80067 0
80068 1
80069 2
80070 3
80071 1
80072 2
80073 1
80074 0
80075 2
80076 1
80077 2
80078 0
80079 1
80080 2
80081 1
80082 0
80083 1
80084 2
80085 0
80086 2
80087 0
80088 2
80089 0
80090 1
80091 0
80092 1
80093 3
80094 2
80095 0
80096 1
80097 0
80098 1
80099 2
80100 3
80101 1
80102 0
80103 2
80104 1
80105 0
80106 2
80107 1
80108 2
80109 0
80110 1
80111 2
80112 0
80113 1
80114 0
80115 2
80116 3
80117 1
80118 2
80119 1
80120 3
80121 2
80122 1
80123 0
80124 1
80125 2
80126 0
80127 1
80128 2
80129 0
80130 1
80131 0
80132 2
80133 0
80134 1
80135 0
80136 3
80137 0
80138 1
80139 0
80140 1
80141 0
80142 1
80143 0
80144 1
80145 0
80146 1
80147 2
80148 0
80149 1
80150 3
80151 1
80152 0
80153 3
80154 1
80155 2
80156 1
80157 2
80158 1
80159 2
80160 1
80161 0
80162 2
80163 0
80164 3
80165 1
80166 0
80167 2
80168 1
80169 2
80170 0
80171 2
80172 0
80173 1
80174 2
80175 0
80176 1
80177 0
80178 1
80179 0
80180 1
80181 0
80182 1
80183 0
80184 2
80185 1
80186 0
80187 2
80188 0
80189 1
80190 0
80191 1
80192 2
80193 0
80194 1
80195 0
80196 2
80197 0
80198 1
80199 0
80200 3
80201 2
80202 0
80203 1
80204 0
80205 2
80206 0
80207 1
80208 2
80209 0
80210 1
80211 3
80212 2
80213 3
80214 1
80215 2
80216 1
80217 2
80218 0
80219 1
80220 0
80221 1
80222 2
80223 1
80224 0
80225 1
80226 2
80227 0
80228 1
80229 2
80230 0
80231 2
80232 3
80233 1
80234 0
80235 1
80236 2
80237 0
80238 2
80239 1
80240 0
80241 1
80242 2
80243 1
80244 2
80245 1
80246 2
80247 0
80248 1
80249 0
80250 1
80251 0
80252 1
80253 0
80254 1
80255 0
80256 1
80257 0
80258 1
80259 2
80260 1
80261 0
80262 1
80263 2
80264 0
80265 1
80266 0
80267 2
80268 1
80269 2
80270 0
80271 1
80272 3
80273 2
80274 0
80275 2
80276 0
80277 1
80278 0
80279 1
80280 0
80281 1
80282 0
80283 2
80284 0
80285 1
80286 2
80287 1
80288 2
80289 3
80290 2
80291 3
80292 0
80293 1
80294 0
80295 1
80296 0
80297 2
80298 3
80299 0
80300 1
80301 0
80302 1
80303 2
80304 1
80305 0
80306 3
80307 0
80308 1
80309 2
80310 0
80311 1
80312 2
80313 1
80314 2
80315 1
80316 2
80317 0
80318 1
80319 2
80320 0
80321 1
80322 0
80323 1
80324 0
80325 1
80326 0
80327 2
80328 1
80329 2
80330 1
80331 0
80332 1
80333 0
80334 2
80335 1
80336 0
80337 1
80338 2
80339 3
80340 1
80341 2
80342 1
80343 2
80344 3
80345 0
80346 1
80347 2
80348 1
80349 0
80350 1
80351 2
80352 0
80353 2
80354 1
80355 0
80356 1
80357 0
80358 1
80359 0
80360 2
80361 1
80362 0
80363 1
80364 2
80365 1
80366 0
80367 1
80368 2
80369 1
80370 3
80371 2
80372 3
80373 1
80374 0
80375 1
80376 3
80377 0
80378 3
80379 0
80380 1
80381 0
80382 1
80383 2
80384 0
80385 3
80386 0
80387 2
80388 0
80389 2
80390 3
80391 1
80392 0
80393 1
80394 0
80395 1
80396 0
80397 1
80398 2
80399 1
80400 0
80401 2
80402 1
80403 0
80404 1
80405 0
80406 2
80407 0
80408 1
80409 2
80410 0
80411 2
80412 0
80413 2
80414 3
80415 2
80416 0
80417 1
80418 2
80419 0
80420 1
80421 2
80422 0
80423 2
80424 0
80425 1
80426 2
80427 1
80428 3
80429 2
80430 3
80431 0
80432 2
80433 0
80434 1
80435 2
80436 0
80437 1
80438 0
80439 1
80440 2
80441 1
80442 0
80443 2
80444 3
80445 0
80446 2
80447 0
80448 2
80449 3
80450 1
80451 2
80452 0
80453 1
80454 0
80455 2
80456 1
80457 0
80458 1
80459 0
80460 1
80461 0
80462 1
80463 2
80464 0
80465 2
80466 0
80467 2
80468 0
80469 1
80470 0
80471 3
80472 2
80473 1
80474 0
80475 1
80476 3
80477 1
80478 2
80479 0
80480 2
80481 1
80482 0
80483 1
80484 2
80485 0
80486 1
80487 0
80488 2
80489 3
80490 1
80491 2
80492 1
80493 2
80494 0
80495 2
80496 1
80497 0
80498 1
80499 2
80500 0
80501 1
80502 2
80503 0
80504 2
80505 1
80506 2
80507 1
80508 2
80509 0
80510 1
80511 2
80512 0
80513 2
80514 1
80515 2
80516 0
80517 3
80518 0
80519 2
80520 0
80521 1
80522 0
80523 1
80524 2
80525 1
80526 0
80527 2
80528 0
80529 2
80530 1
80531 0
80532 2
80533 0
80534 1
80535 0
80536 1
80537 2
80538 3
80539 1
80540 2
80541 3
80542 1
80543 0
80544 2
80545 1
80546 0
80547 2
80548 1
80549 0
80550 2
80551 0
80552 1
80553 3
80554 2
80555 3
80556 1
80557 3
80558 0
80559 1
80560 2
80561 0
80562 3
80563 1
80564 2
80565 0
80566 2
80567 1
80568 0
80569 1
80570 0
80571 1
80572 0
80573 2
80574 1
80575 0
80576 2
80577 0
80578 2
80579 0
80580 1
80581 2
80582 0
80583 2
80584 0
80585 2
80586 3
80587 0
80588 1
80589 0
80590 1
80591 0
80592 2
80593 0
80594 2
80595 1
80596 0
80597 1
80598 0
80599 3
80600 1
80601 0
80602 2
80603 1
80604 2
80605 1
80606 0
80607 3
80608 1
80609 0
80610 1
80611 2
80612 0
80613 1
80614 0
80615 2
80616 1
80617 2
80618 0
80619 3
80620 2
80621 1
80622 0
80623 1
80624 0
80625 1
80626 2
80627 1
80628 0
80629 1
80630 2
80631 0
80632 1
80633 3
80634 1
80635 2
80636 0
80637 2
80638 0
80639 1
80640 2
80641 0
80642 2
80643 0
80644 2
80645 0
80646 1
80647 0
80648 1
80649 0
80650 2
80651 1
80652 2
80653 1
80654 0
80655 2
80656 1
80657 0
80658 1
80659 3
80660 2
80661 0
80662 1
80663 0
80664 2
80665 1
80666 2
80667 0
80668 2
80669 3
80670 2
80671 1
80672 2
80673 0
80674 1
80675 2
80676 1
80677 2
80678 0
80679 1
80680 0
80681 2
80682 3
80683 0
80684 2
80685 1
80686 0
80687 2
80688 1
80689 0
80690 3
80691 1
80692 0
80693 2
80694 1
80695 0
80696 1
80697 0
80698 1
80699 2
80700 0
80701 1
80702 0
80703 1
80704 0
80705 1
80706 2
80707 0
80708 2
80709 3
80710 1
80711 3
80712 2
80713 1
80714 2
80715 0
80716 1
80717 0
80718 1
80719 2
80720 0
80721 3
80722 2
80723 1
80724 0
80725 1
80726 2
80727 0
80728 2
80729 0
80730 2
80731 1
80732 0
80733 1
80734 2
80735 1
80736 2
80737 0
80738 2
80739 1
80740 0
80741 1
80742 0
80743 1
80744 2
80745 0
80746 2
80747 3
80748 0
80749 2
80750 1
80751 0
80752 1
80753 2
80754 1
80755 0
80756 1
80757 2
80758 3
80759 0
80760 2
80761 1
80762 0
80763 2
80764 3
80765 1
80766 2
80767 0
80768 2
80769 0
80770 1
80771 2
80772 1
80773 0
80774 1
80775 0
80776 1
80777 2
80778 1
80779 0
80780 1
80781 0
80782 3
80783 2
80784 0
80785 1
80786 2
80787 0
80788 1
80789 2
80790 1
80791 2
80792 1
80793 2
80794 0
80795 1
80796 0
80797 1
80798 2
80799 0
80800 1
80801 0
80802 2
80803 1
80804 2
80805 1
80806 0
80807 1
80808 0
80809 2
80810 1
80811 2
80812 0
80813 1
80814 2
80815 1
80816 2
80817 0
80818 1
80819 2
80820 0
80821 2
80822 1
80823 3
80824 1
80825 2
80826 1
80827 2
80828 0
80829 3
80830 2
80831 3
80832 0
80833 1
80834 2
80835 1
80836 2
80837 3
80838 0
80839 1
80840 2
80841 0
80842 1
80843 0
80844 3
80845 2
80846 1
80847 2
80848 0
80849 1
80850 0
80851 1
80852 0
80853 2
80854 1
80855 0
80856 1
80857 0
80858 1
80859 0
80860 2
80861 0
80862 3
80863 1
80864 0
80865 2
80866 0
80867 1
80868 0
80869 1
80870 0
80871 2
80872 0
80873 1
80874 0
80875 2
80876 1
80877 0
80878 1
80879 0
80880 2
80881 3
80882 2
80883 1
80884 2
80885 1
80886 0
80887 2
80888 1
80889 0
80890 1
80891 2
80892 0
80893 1
80894 0
80895 2
80896 1
80897 0
80898 1
80899 2
80900 1
80901 2
80902 0
80903 2
80904 1
80905 2
80906 0
80907 1
80908 2
80909 0
80910 1
80911 2
80912 1
80913 2
80914 1
80915 0
80916 1
80917 2
80918 0
80919 2
80920 1
80921 3
80922 1
80923 0
80924 1
80925 0
80926 2
80927 3
80928 1
80929 2
80930 0
80931 1
80932 3
80933 2
80934 1
80935 2
80936 0
80937 2
80938 1
80939 0
80940 1
80941 0
80942 1
80943 0
80944 1
80945 2
80946 0
80947 2
80948 3
80949 0
80950 1
80951 3
80952 2
80953 1
80954 3
80955 2
80956 0
80957 3
80958 1
80959 0
80960 1
80961 2
80962 3
80963 2
80964 0
80965 2
80966 3
80967 1
80968 0
80969 2
80970 0
80971 2
80972 0
80973 1
80974 2
80975 1
80976 2
80977 1
80978 2
80979 1
80980 0
80981 2
80982 3
80983 0
80984 3
80985 0
80986 1
80987 2
80988 3
80989 1
80990 0
80991 1
80992 0
80993 2
80994 1
80995 0
80996 3
80997 0
80998 1
80999 0
81000 1
81001 2
81002 0
81003 1
81004 3
81005 1
81006 0
81007 1
81008 2
81009 0
81010 3
81011 1
81012 0
81013 2
81014 1
81015 2
81016 0
81017 2
81018 0
81019 1
81020 0
81021 1
81022 0
81023 3
81024 1
81025 0
81026 1
81027 0
81028 2
81029 1
81030 2
81031 3
81032 0
81033 2
81034 1
81035 2
81036 3
81037 1
81038 2
81039 1
81040 0
81041 2
81042 1
81043 0
81044 2
81045 1
81046 2
81047 0
81048 1
81049 3
81050 1
81051 2
81052 1
81053 2
81054 0
81055 1
81056 2
81057 0
81058 1
81059 2
81060 0
81061 1
81062 2
81063 1
81064 0
81065 1
81066 2
81067 1
81068 2
81069 1
81070 2
81071 1
81072 0
81073 1
81074 2
81075 1
81076 2
81077 1
81078 2
81079 0
81080 1
81081 0
81082 2
81083 3
81084 1
81085 0
81086 1
81087 0
81088 2
81089 0
81090 2
81091 0
81092 1
81093 0
81094 3
81095 0
81096 1
81097 0
81098 1
81099 2
81100 0
81101 1
81102 0
81103 2
81104 1
81105 0
81106 1
81107 0
81108 1
81109 0
81110 2
81111 1
81112 0
81113 2
81114 1
81115 2
81116 1
81117 0
81118 3
81119 1
81120 0
81121 2
81122 1
81123 2
81124 1
81125 2
81126 0
81127 1
81128 0
81129 1
81130 0
81131 2
81132 3
81133 1
81134 2
81135 0
81136 2
81137 0
81138 2
81139 0
81140 2
81141 1
81142 2
81143 0
81144 1
81145 0
81146 2
81147 1
81148 0
81149 1
81150 2
81151 0
81152 2
81153 3
81154 0
81155 1
81156 2
81157 0
81158 3
81159 1
81160 2
81161 1
81162 0
81163 1
81164 2
81165 1
81166 0
81167 2
81168 1
81169 0
81170 1
81171 0
81172 2
81173 0
81174 2
81175 3
81176 0
81177 1
81178 0
81179 2
81180 0
81181 1
81182 2
81183 0
81184 2
81185 1
81186 2
81187 0
81188 2
81189 1
81190 0
81191 1
81192 0
81193 1
81194 3
81195 0
81196 2
81197 1
81198 2
81199 0
81200 2
81201 1
81202 2
81203 1
81204 2
81205 0
81206 1
81207 0
81208 1
81209 0
81210 1
81211 0
81212 1
81213 0
81214 2
81215 0
81216 1
81217 2
81218 0
81219 1
81220 2
81221 1
81222 3
81223 2
81224 0
81225 1
81226 0
81227 1
81228 2
81229 1
81230 2
81231 0
81232 1
81233 0
81234 1
81235 2
81236 0
81237 2
81238 1
81239 2
81240 0
81241 1
81242 2
81243 3
81244 2
81245 1
81246 2
81247 1
81248 2
81249 1
81250 0
81251 2
81252 1
81253 0
81254 1
81255 3
81256 0
81257 1
81258 2
81259 0
81260 1
81261 2
81262 0
81263 1
81264 0
81265 1
81266 0
81267 1
81268 2
81269 1
81270 0
81271 2
81272 0
81273 2
81274 1
81275 2
81276 0
81277 2
81278 0
81279 1
81280 0
81281 1
81282 0
81283 2
81284 1
81285 0
81286 1
81287 0
81288 1
81289 2
81290 0
81291 1
81292 2
81293 0
81294 1
81295 0
81296 2
81297 1
81298 0
81299 1
81300 0
81301 2
81302 1
81303 0
81304 1
81305 2
81306 1
81307 0
81308 2
81309 1
81310 2
81311 3
81312 1
81313 2
81314 1
81315 2
81316 3
81317 1
81318 2
81319 0
81320 1
81321 0
81322 2
81323 1
81324 3
81325 0
81326 1
81327 0
81328 2
81329 0
81330 1
81331 2
81332 3
81333 2
81334 1
81335 2
81336 0
81337 3
81338 1
81339 0
81340 1
81341 0
81342 1
81343 0
81344 2
81345 0
81346 1
81347 0
81348 1
81349 2
81350 0
81351 1
81352 2
81353 1
81354 0
81355 1
81356 2
81357 3
81358 1
81359 0
81360 2
81361 1
81362 0
81363 2
81364 1
81365 0
81366 1
81367 2
81368 1
81369 3
81370 0
81371 2
81372 1
81373 0
81374 1
81375 0
81376 1
81377 0
81378 2
81379 0
81380 1
81381 2
81382 0
81383 1
81384 0
81385 2
81386 0
81387 2
81388 0
81389 1
81390 2
81391 0
81392 2
81393 4
81394 3
81395 1
81396 0
81397 2
81398 1
81399 2
81400 0
81401 1
81402 2
81403 1
81404 0
81405 2
81406 0
81407 1
81408 2
81409 3
81410 1
81411 0
81412 2
81413 1
81414 0
81415 2
81416 1
81417 0
81418 1
81419 2
81420 1
81421 0
81422 1
81423 0
81424 1
81425 2
81426 0
81427 2
81428 1
81429 0
81430 1
81431 0
81432 3
81433 2
81434 0
81435 1
81436 2
81437 0
81438 2
81439 0
81440 2
81441 1
81442 2
81443 0
81444 2
81445 1
81446 0
81447 3
81448 1
81449 0
81450 2
81451 0
81452 1
81453 2
81454 1
81455 0
81456 2
81457 0
81458 1
81459 2
81460 0
81461 1
81462 0
81463 1
81464 0
81465 2
81466 0
81467 2
81468 1
81469 2
81470 0
81471 1
81472 2
81473 0
81474 2
81475 1
81476 0
81477 2
81478 0
81479 2
81480 1
81481 3
81482 0
81483 1
81484 2
81485 0
81486 1
81487 0
81488 1
81489 2
81490 0
81491 1
81492 2
81493 0
81494 2
81495 0
81496 1
81497 0
81498 1
81499 0
81500 2
81501 1
81502 0
81503 1
81504 0
81505 1
81506 0
81507 3
81508 1
81509 2
81510 1
81511 2
81512 0
81513 2
81514 1
81515 2
81516 1
81517 0
81518 2
81519 1
81520 0
81521 1
81522 2
81523 1
81524 2
81525 0
81526 2
81527 1
81528 0
81529 3
81530 0
81531 2
81532 1
81533 2
81534 0
81535 1
81536 2
81537 1
81538 2
81539 0
81540 1
81541 2
81542 0
81543 3
81544 1
81545 0
81546 1
81547 0
81548 1
81549 3
81550 2
81551 1
81552 0
81553 2
81554 0
81555 3
81556 2
81557 0
81558 1
81559 0
81560 2
81561 0
81562 1
81563 0
81564 2
81565 0
81566 1
81567 0
81568 2
81569 0
81570 1
81571 0
81572 2
81573 0
81574 1
81575 2
81576 3
81577 1
81578 3
81579 2
81580 0
81581 2
81582 0
81583 1
81584 2
81585 0
81586 2
81587 0
81588 2
81589 1
81590 2
81591 0
81592 1
81593 2
81594 0
81595 2
81596 1
81597 0
81598 2
81599 1
81600 0
81601 1
81602 0
81603 2
81604 1
81605 0
81606 2
81607 0
81608 1
81609 2
81610 1
81611 0
81612 2
81613 1
81614 0
81615 1
81616 0
81617 1
81618 0
81619 1
81620 2
81621 0
81622 1
81623 3
81624 1
81625 2
81626 0
81627 1
81628 2
81629 0
81630 1
81631 2
81632 1
81633 0
81634 2
81635 1
81636 3
81637 2
81638 1
81639 0
81640 1
81641 0
81642 2
81643 1
81644 2
81645 0
81646 2
81647 0
81648 2
81649 0
81650 1
81651 0
81652 1
81653 2
81654 0
81655 2
81656 0
81657 3
81658 2
81659 1
81660 0
81661 2
81662 0
81663 1
81664 0
81665 2
81666 1
81667 2
81668 0
81669 1
81670 0
81671 1
81672 2
81673 0
81674 2
81675 1
81676 0
81677 1
81678 0
81679 3
81680 2
81681 0
81682 2
81683 1
81684 0
81685 2
81686 0
81687 3
81688 2
81689 3
81690 1
81691 2
81692 0
81693 2
81694 0
81695 1
81696 2
81697 3
81698 1
81699 2
81700 0
81701 2
81702 1
81703 2
81704 0
81705 2
81706 1
81707 0
81708 1
81709 2
81710 1
81711 2
81712 1
81713 0
81714 2
81715 1
81716 2
81717 0
81718 1
81719 0
81720 1
81721 2
81722 1
81723 0
81724 1
81725 0
81726 1
81727 2
81728 1
81729 0
81730 1
81731 0
81732 1
81733 0
81734 3
81735 1
81736 0
81737 1
81738 3
81739 0
81740 1
81741 2
81742 1
81743 0
81744 1
81745 2
81746 0
81747 2
81748 1
81749 0
81750 1
81751 0
81752 1
81753 0
81754 1
81755 0
81756 1
81757 0
81758 2
81759 1
81760 0
81761 3
81762 2
81763 3
81764 1
81765 2
81766 1
81767 0
81768 1
81769 0
81770 1
81771 0
81772 2
81773 3
81774 1
81775 0
81776 1
81777 2
81778 0
81779 1
81780 2
81781 1
81782 2
81783 1
81784 2
81785 0
81786 2
81787 0
81788 1
81789 0
81790 2
81791 1
81792 2
81793 0
81794 1
81795 0
81796 2
81797 1
81798 0
81799 2
81800 1
81801 0
81802 1
81803 0
81804 1
81805 2
81806 1
81807 0
81808 2
81809 3
81810 1
81811 3
81812 1
81813 0
81814 1
81815 0
81816 2
81817 1
81818 0
81819 1
81820 2
81821 1
81822 2
81823 0
81824 2
81825 1
81826 3
81827 2
81828 1
81829 0
81830 2
81831 0
81832 1
81833 2
81834 1
81835 2
81836 1
81837 0
81838 2
81839 1
81840 0
81841 2
81842 1
81843 0
81844 3
81845 2
81846 1
81847 2
81848 0
81849 1
81850 2
81851 1
81852 2
81853 1
81854 0
81855 2
81856 0
81857 2
81858 0
81859 3
81860 1
81861 2
81862 0
81863 1
81864 0
81865 2
81866 1
81867 0
81868 2
81869 3
81870 0
81871 2
81872 0
81873 1
81874 0
81875 2
81876 3
81877 1
81878 0
81879 1
81880 2
81881 3
81882 0
81883 1
81884 0
81885 1
81886 0
81887 2
81888 1
81889 2
81890 0
81891 1
81892 2
81893 1
81894 2
81895 0
81896 1
81897 0
81898 1
81899 2
81900 3
81901 0
81902 2
81903 1
81904 2
81905 0
81906 2
81907 1
81908 0
81909 1
81910 2
81911 1
81912 0
81913 1
81914 0
81915 2
81916 0
81917 1
81918 0
81919 1
81920 0
81921 1
81922 2
81923 3
81924 0
81925 3
81926 1
81927 0
81928 1
81929 0
81930 1
81931 0
81932 2
81933 0
81934 2
81935 0
81936 2
81937 0
81938 2
81939 0
81940 1
81941 2
81942 0
81943 2
81944 1
81945 0
81946 3
81947 2
81948 3
81949 0
81950 3
81951 0
81952 1
81953 0
81954 1
81955 0
81956 1
81957 0
81958 2
81959 1
81960 2
81961 0
81962 1
81963 3
81964 0
81965 2
81966 0
81967 1
81968 2
81969 0
81970 2
81971 0
81972 2
81973 1
81974 0
81975 1
81976 2
81977 0
81978 2
81979 1
81980 3
81981 2
81982 0
81983 2
81984 1
81985 0
81986 1
81987 2
81988 0
81989 2
81990 1
81991 0
81992 1
81993 2
81994 0
81995 2
81996 1
81997 0
81998 1
81999 0
82000 1
82001 2
82002 3
82003 1
82004 0
82005 1
82006 0
82007 1
82008 2
82009 3
82010 1
82011 0
82012 2
82013 3
82014 0
82015 1
82016 2
82017 1
82018 2
82019 0
82020 1
82021 3
82022 0
82023 2
82024 0
82025 2
82026 1
82027 0
82028 1
82029 2
82030 0
82031 1
82032 0
82033 2
82034 1
82035 2
82036 1
82037 0
82038 1
82039 2
82040 1
82041 0
82042 1
82043 2
82044 0
82045 1
82046 2
82047 1
82048 2
82049 0
82050 2
82051 0
82052 2
82053 0
82054 1
82055 2
82056 0
82057 2
82058 1
82059 2
82060 1
82061 0
82062 1
82063 0
82064 1
82065 0
82066 1
82067 0
82068 1
82069 0
82070 2
82071 1
82072 2
82073 0
82074 1
82075 2
82076 0
82077 2
82078 0
82079 1
82080 0
82081 1
82082 2
82083 0
82084 2
82085 3
82086 1
82087 2
82088 0
82089 1
82090 2
82091 1
82092 0
82093 2
82094 1
82095 0
82096 1
82097 0
82098 3
82099 1
82100 0
82101 2
82102 3
82103 1
82104 2
82105 1
82106 0
82107 1
82108 2
82109 1
82110 2
82111 1
82112 0
82113 2
82114 3
82115 0
82116 1
82117 0
82118 1
82119 3
82120 2
82121 3
82122 0
82123 1
82124 2
82125 0
82126 3
82127 1
82128 2
82129 1
82130 0
82131 2
82132 1
82133 2
82134 3
82135 1
82136 2
82137 3
82138 1
82139 0
82140 1
82141 2
82142 1
82143 0
82144 1
82145 0
82146 1
82147 2
82148 0
82149 2
82150 0
82151 1
82152 2
82153 0
82154 1
82155 2
82156 0
82157 2
82158 1
82159 0
82160 3
82161 2
82162 0
82163 1
82164 0
82165 1
82166 0
82167 2
82168 0
82169 1
82170 0
82171 3
82172 2
82173 1
82174 0
82175 1
82176 2
82177 0
82178 3
82179 1
82180 0
82181 1
82182 2
82183 0
82184 1
82185 2
82186 0
82187 1
82188 2
82189 3
82190 1
82191 0
82192 2
82193 0
82194 1
82195 0
82196 1
82197 0
82198 1
82199 2
82200 3
82201 0
82202 2
82203 1
82204 2
82205 0
82206 2
82207 3
82208 1
82209 2
82210 3
82211 1
82212 2
82213 0
82214 2
82215 1
82216 2
82217 1
82218 0
82219 2
82220 1
82221 0
82222 1
82223 2
82224 0
82225 1
82226 2
82227 1
82228 0
82229 1
82230 2
82231 0
82232 1
82233 0
82234 1
82235 0
82236 2
82237 1
82238 0
82239 1
82240 2
82241 0
82242 2
82243 1
82244 2
82245 0
82246 1
82247 0
82248 1
82249 0
82250 1
82251 2
82252 0
82253 2
82254 1
82255 2
82256 0
82257 1
82258 0
82259 1
82260 0
82261 1
82262 0
82263 2
82264 3
82265 1
82266 0
82267 1
82268 0
82269 1
82270 0
82271 1
82272 2
82273 0
82274 1
82275 2
82276 1
82277 2
82278 3
82279 2
82280 1
82281 0
82282 2
82283 1
82284 0
82285 2
82286 1
82287 2
82288 0
82289 1
82290 0
82291 1
82292 0
82293 2
82294 3
82295 0
82296 2
82297 3
82298 0
82299 1
82300 0
82301 2
82302 3
82303 1
82304 0
82305 2
82306 1
82307 0
82308 2
82309 0
82310 2
82311 1
82312 0
82313 1
82314 0
82315 1
82316 0
82317 2
82318 1
82319 0
82320 1
82321 2
82322 0
82323 1
82324 0
82325 2
82326 1
82327 0
82328 1
82329 0
82330 3
82331 1
82332 0
82333 1
82334 2
82335 0
82336 2
82337 1
82338 0
82339 2
82340 1
82341 0
82342 2
82343 1
82344 0
82345 1
82346 0
82347 2
82348 0
82349 1
82350 2
82351 1
82352 2
82353 0
82354 1
82355 0
82356 3
82357 0
82358 1
82359 3
82360 0
82361 2
82362 0
82363 2
82364 1
82365 0
82366 2
82367 1
82368 2
82369 0
82370 1
82371 0
82372 2
82373 1
82374 2
82375 0
82376 1
82377 0
82378 2
82379 1
82380 0
82381 1
82382 2
82383 0
82384 2
82385 1
82386 0
82387 1
82388 0
82389 2
82390 1
82391 2
82392 1
82393 2
82394 0
82395 2
82396 0
82397 1
82398 0
82399 1
82400 0
82401 1
82402 0
82403 1
82404 0
82405 1
82406 0
82407 1
82408 0
82409 1
82410 2
82411 1
82412 0
82413 1
82414 0
82415 2
82416 0
82417 2
82418 3
82419 1
82420 2
82421 1
82422 3
82423 2
82424 1
82425 2
82426 1
82427 2
82428 0
82429 2
82430 0
82431 1
82432 0
82433 1
82434 2
82435 3
82436 1
82437 2
82438 1
82439 0
82440 1
82441 0
82442 2
82443 3
82444 2
82445 0
82446 2
82447 0
82448 2
82449 1
82450 2
82451 0
82452 1
82453 0
82454 2
82455 0
82456 1
82457 0
82458 2
82459 0
82460 1
82461 0
82462 1
82463 2
82464 0
82465 2
82466 0
82467 1
82468 3
82469 0
82470 1
82471 0
82472 1
82473 0
82474 2
82475 1
82476 2
82477 1
82478 2
82479 0
82480 1
82481 2
82482 1
82483 0
82484 2
82485 0
82486 2
82487 1
82488 2
82489 0
82490 1
82491 2
82492 3
82493 1
82494 0
82495 1
82496 2
82497 1
82498 0
82499 2
82500 0
82501 2
82502 0
82503 2
82504 1
82505 3
82506 0
82507 1
82508 2
82509 0
82510 1
82511 0
82512 1
82513 2
82514 0
82515 1
82516 2
82517 1
82518 2
82519 1
82520 2
82521 1
82522 2
82523 1
82524 2
82525 0
82526 2
82527 1
82528 3
82529 0
82530 1
82531 2
82532 0
82533 1
82534 2
82535 1
82536 0
82537 2
82538 0
82539 1
82540 0
82541 1
82542 2
82543 1
82544 2
82545 1
82546 2
82547 0
82548 1
82549 0
82550 1
82551 0
82552 2
82553 0
82554 2
82555 0
82556 2
82557 1
82558 2
82559 0
82560 1
82561 2
82562 3
82563 0
82564 1
82565 0
82566 1
82567 0
82568 2
82569 0
82570 1
82571 2
82572 0
82573 1
82574 2
82575 0
82576 1
82577 0
82578 2
82579 3
82580 1
82581 0
82582 2
82583 0
82584 2
82585 0
82586 1
82587 2
82588 1
82589 2
82590 0
82591 2
82592 3
82593 1
82594 0
82595 1
82596 2
82597 1
82598 0
82599 2
82600 0
82601 2
82602 1
82603 0
82604 2
82605 1
82606 0
82607 1
82608 0
82609 2
82610 1
82611 0
82612 1
82613 0
82614 2
82615 1
82616 0
82617 3
82618 2
82619 0
82620 2
82621 0
82622 1
82623 2
82624 3
82625 1
82626 2
82627 1
82628 2
82629 1
82630 2
82631 1
82632 2
82633 0
82634 1
82635 3
82636 2
82637 0
82638 2
82639 1
82640 0
82641 2
82642 1
82643 3
82644 1
82645 2
82646 0
82647 1
82648 2
82649 0
82650 1
82651 2
82652 1
82653 2
82654 0
82655 1
82656 2
82657 0
82658 2
82659 0
82660 1
82661 0
82662 1
82663 0
82664 1
82665 0
82666 1
82667 3
82668 2
82669 3
82670 0
82671 1
82672 0
82673 1
82674 3
82675 2
82676 0
82677 2
82678 1
82679 0
82680 1
82681 0
82682 1
82683 0
82684 1
82685 2
82686 1
82687 0
82688 1
82689 0
82690 1
82691 3
82692 2
82693 0
82694 1
82695 0
82696 3
82697 2
82698 3
82699 1
82700 2
82701 1
82702 2
82703 0
82704 1
82705 0
82706 1
82707 2
82708 1
82709 0
82710 1
82711 2
82712 1
82713 2
82714 1
82715 0
82716 1
82717 0
82718 2
82719 0
82720 1
82721 0
82722 2
82723 1
82724 0
82725 1
82726 2
82727 1
82728 2
82729 0
82730 1
82731 0
82732 1
82733 2
82734 0
82735 1
82736 2
82737 1
82738 2
82739 0
82740 2
82741 0
82742 1
82743 2
82744 1
82745 0
82746 1
82747 0
82748 1
82749 2
82750 1
82751 0
82752 1
82753 0
82754 1
82755 0
82756 1
82757 3
82758 1
82759 0
82760 1
82761 2
82762 0
82763 2
82764 3
82765 1
82766 0
82767 2
82768 1
82769 2
82770 0
82771 1
82772 0
82773 1
82774 0
82775 3
82776 0
82777 2
82778 3
82779 0
82780 1
82781 0
82782 2
82783 0
82784 2
82785 3
82786 1
82787 0
82788 3
82789 1
82790 0
82791 2
82792 0
82793 1
82794 2
82795 0
82796 1
82797 0
82798 2
82799 3
82800 1
82801 2
82802 0
82803 1
82804 0
82805 2
82806 0
82807 2
82808 1
82809 2
82810 3
82811 1
82812 0
82813 1
82814 0
82815 1
82816 2
82817 0
82818 1
82819 2
82820 1
82821 2
82822 0
82823 2
82824 1
82825 0
82826 1
82827 0
82828 1
82829 2
82830 0
82831 1
82832 2
82833 0
82834 1
82835 2
82836 3
82837 2
82838 1
82839 0
82840 2
82841 0
82842 1
82843 2
82844 1
82845 3
82846 2
82847 1
82848 2
82849 0
82850 2
82851 1
82852 2
82853 0
82854 2
82855 1
82856 0
82857 1
82858 0
82859 1
82860 0
82861 1
82862 2
82863 1
82864 0
82865 3
82866 1
82867 0
82868 2
82869 0
82870 2
82871 0
82872 2
82873 0
82874 2
82875 1
82876 2
82877 3
82878 2
82879 0
82880 2
82881 3
82882 0
82883 1
82884 0
82885 2
82886 1
82887 0
82888 1
82889 2
82890 0
82891 1
82892 0
82893 1
82894 0
82895 1
82896 0
82897 3
82898 1
82899 0
82900 2
82901 0
82902 2
82903 0
82904 1
82905 2
82906 0
82907 1
82908 0
82909 2
82910 1
82911 0
82912 1
82913 2
82914 3
82915 1
82916 0
82917 2
82918 1
82919 2
82920 1
82921 0
82922 3
82923 1
82924 2
82925 0
82926 1
82927 2
82928 0
82929 2
82930 1
82931 2
82932 1
82933 0
82934 1
82935 0
82936 1
82937 0
82938 1
82939 2
82940 1
82941 3
82942 2
82943 1
82944 0
82945 1
82946 0
82947 1
82948 2
82949 0
82950 1
82951 0
82952 2
82953 1
82954 3
82955 1
82956 0
82957 2
82958 0
82959 1
82960 2
82961 0
82962 1
82963 0
82964 2
82965 0
82966 2
82967 1
82968 0
82969 2
82970 1
82971 3
82972 0
82973 3
82974 2
82975 1
82976 2
82977 1
82978 0
82979 1
82980 3
82981 0
82982 2
82983 1
82984 0
82985 1
82986 2
82987 3
82988 1
82989 0
82990 2
82991 0
82992 2
82993 1
82994 2
82995 1
82996 0
82997 1
82998 2
82999 3
83000 0
83001 1
83002 0
83003 2
83004 3
83005 1
83006 2
83007 0
83008 1
83009 3
83010 2
83011 0
83012 1
83013 0
83014 1
83015 3
83016 0
83017 1
83018 2
83019 1
83020 2
83021 3
83022 0
83023 2
83024 1
83025 3
83026 0
83027 1
83028 0
83029 2
83030 0
83031 1
83032 2
83033 1
83034 2
83035 0
83036 2
83037 1
83038 2
83039 3
83040 1
83041 2
83042 0
83043 1
83044 2
83045 1
83046 0
83047 1
83048 3
83049 2
83050 1
83051 0
83052 1
83053 2
83054 0
83055 2
83056 1
83057 0
83058 1
83059 2
83060 3
83061 0
83062 2
83063 0
83064 1
83065 2
83066 3
83067 1
83068 0
83069 1
83070 2
83071 0
83072 1
83073 2
83074 3
83075 1
83076 2
83077 0
83078 2
83079 0
83080 2
83081 1
83082 0
83083 2
83084 1
83085 2
83086 0
83087 1
83088 0
83089 1
83090 0
83091 2
83092 1
83093 2
83094 1
83095 0
83096 1
83097 0
83098 2
83099 0
83100 2
83101 1
83102 2
83103 1
83104 3
83105 2
83106 3
83107 1
83108 0
83109 1
83110 0
83111 1
83112 3
83113 0
83114 2
83115 1
83116 0
83117 2
83118 1
83119 0
83120 1
83121 2
83122 3
83123 0
83124 2
83125 0
83126 3
83127 2
83128 0
83129 1
83130 2
83131 0
83132 3
83133 1
83134 0
83135 1
83136 2
83137 0
83138 1
83139 0
83140 2
83141 1
83142 0
83143 2
83144 1
83145 0
83146 1
83147 2
83148 1
83149 0
83150 1
83151 0
83152 2
83153 1
83154 0
83155 1
83156 2
83157 1
83158 0
83159 1
83160 2
83161 3
83162 1
83163 2
83164 0
83165 2
83166 3
83167 1
83168 2
83169 0
83170 1
83171 0
83172 1
83173 2
83174 1
83175 3
83176 1
83177 0
83178 2
83179 1
83180 2
83181 0
83182 1
83183 0
83184 3
83185 2
83186 0
83187 2
83188 0
83189 2
83190 1
83191 2
83192 1
83193 0
83194 1
83195 2
83196 0
83197 1
83198 2
83199 0
83200 1
83201 0
83202 1
83203 2
83204 3
83205 1
83206 2
83207 0
83208 1
83209 0
83210 1
83211 0
83212 1
83213 0
83214 1
83215 0
83216 1
83217 0
83218 1
83219 0
83220 2
83221 1
83222 3
83223 0
83224 3
83225 1
83226 2
83227 0
83228 1
83229 2
83230 1
83231 2
83232 1
83233 2
83234 0
83235 2
83236 1
83237 2
83238 1
83239 0
83240 2
83241 1
83242 0
83243 3
83244 0
83245 1
83246 0
83247 1
83248 0
83249 2
83250 1
83251 0
83252 1
83253 0
83254 1
83255 2
83256 0
83257 2
83258 0
83259 1
83260 0
83261 1
83262 0
83263 1
83264 0
83265 1
83266 0
83267 2
83268 0
83269 1
83270 0
83271 2
83272 1
83273 2
83274 1
83275 0
83276 1
83277 2
83278 3
83279 0
83280 1
83281 0
83282 2
83283 0
83284 1
83285 2
83286 0
83287 1
83288 2
83289 0
83290 1
83291 0
83292 2
83293 1
83294 2
83295 1
83296 0
83297 2
83298 1
83299 2
83300 0
83301 2
83302 1
83303 0
83304 1
83305 0
83306 1
83307 2
83308 0
83309 2
83310 1
83311 0
83312 1
83313 0
83314 1
83315 0
83316 1
83317 2
83318 0
83319 1
83320 2
83321 1
83322 0
83323 1
83324 0
83325 1
83326 0
83327 1
83328 2
83329 1
83330 0
83331 2
83332 1
83333 2
83334 0
83335 1
83336 0
83337 1
83338 0
83339 2
83340 1
83341 0
83342 3
83343 1
83344 2
83345 0
83346 1
83347 0
83348 1
83349 2
83350 0
83351 1
83352 2
83353 0
83354 1
83355 0
83356 2
83357 0
83358 2
83359 1
83360 2
83361 0
83362 1
83363 0
83364 2
83365 1
83366 2
83367 1
83368 0
83369 1
83370 0
83371 2
83372 0
83373 1
83374 0
83375 1
83376 0
83377 2
83378 1
83379 2
83380 0
83381 2
83382 1
83383 2
83384 0
83385 1
83386 2
83387 1
83388 0
83389 2
83390 1
83391 0
83392 1
83393 2
83394 0
83395 1
83396 2
83397 1
83398 0
83399 1
83400 2
83401 0
83402 1
83403 0
83404 1
83405 2
83406 0
83407 1
83408 2
83409 0
83410 1
83411 0
83412 2
83413 0
83414 2
83415 3
83416 1
83417 0
83418 2
83419 3
83420 1
83421 3
83422 0
83423 2
83424 1
83425 2
83426 0
83427 2
83428 0
83429 1
83430 2
83431 0
83432 2
83433 1
83434 0
83435 1
83436 2
83437 0
83438 2
83439 3
83440 1
83441 0
83442 1
83443 0
83444 1
83445 3
83446 0
83447 2
83448 0
83449 1
83450 3
83451 2
83452 0
83453 1
83454 0
83455 1
83456 2
83457 0
83458 2
83459 1
83460 2
83461 1
83462 0
83463 1
83464 2
83465 0
83466 2
83467 1
83468 0
83469 3
83470 2
83471 1
83472 0
83473 1
83474 2
83475 0
83476 2
83477 1
83478 0
83479 2
83480 0
83481 1
83482 2
83483 1
83484 0
83485 1
83486 2
83487 0
83488 1
83489 2
83490 0
83491 1
83492 0
83493 1
83494 2
83495 0
83496 1
83497 0
83498 2
83499 1
83500 0
83501 1
83502 2
83503 0
83504 1
83505 2
83506 1
83507 3
83508 2
83509 1
83510 0
83511 2
83512 1
83513 0
83514 2
83515 0
83516 1
83517 2
83518 0
83519 1
83520 2
83521 1
83522 0
83523 2
83524 1
83525 2
83526 0
83527 2
83528 3
83529 1
83530 0
83531 1
83532 0
83533 1
83534 2
83535 0
83536 1
83537 0
83538 1
83539 2
83540 0
83541 3
83542 1
83543 2
83544 0
83545 2
83546 1
83547 0
83548 2
83549 1
83550 2
83551 0
83552 1
83553 2
83554 1
83555 0
83556 2
83557 0
83558 2
83559 0
83560 1
83561 3
83562 0
83563 2
83564 1
83565 2
83566 0
83567 1
83568 3
83569 2
83570 0
83571 1
83572 0
83573 2
83574 1
83575 2
83576 1
83577 3
83578 2
83579 1
83580 2
83581 0
83582 2
83583 0
83584 1
83585 2
83586 1
83587 0
83588 3
83589 2
83590 3
83591 1
83592 0
83593 1
83594 0
83595 1
83596 0
83597 2
83598 0
83599 1
83600 0
83601 1
83602 2
83603 0
83604 1
83605 2
83606 0
83607 1
83608 0
83609 2
83610 1
83611 0
83612 2
83613 0
83614 2
83615 0
83616 2
83617 0
83618 1
83619 0
83620 1
83621 0
83622 1
83623 2
83624 1
83625 0
83626 2
83627 1
83628 2
83629 1
83630 0
83631 2
83632 1
83633 0
83634 1
83635 0
83636 1
83637 2
83638 3
83639 1
83640 3
83641 0
83642 2
83643 1
83644 2
83645 1
83646 0
83647 1
83648 0
83649 1
83650 0
83651 2
83652 0
83653 2
83654 0
83655 1
83656 2
83657 1
83658 0
83659 1
83660 0
83661 1
83662 0
83663 1
83664 2
83665 1
83666 2
83667 1
83668 0
83669 2
83670 1
83671 2
83672 1
83673 2
83674 0
83675 3
83676 2
83677 0
83678 1
83679 0
83680 3
83681 2
83682 1
83683 2
83684 0
83685 1
83686 2
83687 0
83688 3
83689 0
83690 2
83691 1
83692 2
83693 3
83694 0
83695 1
83696 2
83697 0
83698 2
83699 0
83700 1
83701 2
83702 0
83703 2
83704 0
83705 2
83706 0
83707 1
83708 0
83709 2
83710 1
83711 2
83712 0
83713 1
83714 2
83715 1
83716 2
83717 1
83718 0
83719 2
83720 3
83721 2
83722 3
83723 0
83724 2
83725 0
83726 2
83727 1
83728 3
83729 2
83730 1
83731 2
83732 0
83733 1
83734 2
83735 0
83736 1
83737 0
83738 1
83739 2
83740 0
83741 1
83742 0
83743 1
83744 0
83745 2
83746 3
83747 0
83748 1
83749 2
83750 0
83751 2
83752 1
83753 0
83754 2
83755 1
83756 0
83757 3
83758 2
83759 1
83760 2
83761 1
83762 0
83763 1
83764 0
83765 2
83766 0
83767 2
83768 1
83769 0
83770 1
83771 2
83772 3
83773 0
83774 1
83775 0
83776 3
83777 1
83778 0
83779 1
83780 2
83781 1
83782 0
83783 1
83784 2
83785 1
83786 0
83787 2
83788 1
83789 0
83790 1
83791 2
83792 1
83793 0
83794 1
83795 0
83796 2
83797 1
83798 0
83799 3
83800 2
83801 0
83802 1
83803 0
83804 2
83805 1
83806 2
83807 3
83808 0
83809 1
83810 2
83811 0
83812 1
83813 0
83814 1
83815 0
83816 1
83817 2
83818 1
83819 0
83820 2
83821 1
83822 0
83823 1
83824 2
83825 1
83826 2
83827 0
83828 1
83829 0
83830 2
83831 1
83832 0
83833 2
83834 0
83835 1
83836 2
83837 0
83838 1
83839 2
83840 1
83841 0
83842 1
83843 0
83844 1
83845 2
83846 0
83847 1
83848 2
83849 1
83850 3
83851 2
83852 0
83853 2
83854 1
83855 2
83856 0
83857 1
83858 2
83859 1
83860 0
83861 2
83862 0
83863 1
83864 2
83865 1
83866 2
83867 0
83868 1
83869 2
83870 3
83871 2
83872 1
83873 2
83874 0
83875 1
83876 2
83877 1
83878 2
83879 0
83880 1
83881 2
83882 0
83883 2
83884 1
83885 0
83886 1
83887 2
83888 1
83889 2
83890 0
83891 2
83892 0
83893 2
83894 0
83895 1
83896 2
83897 1
83898 2
83899 0
83900 1
83901 0
83902 3
83903 1
83904 0
83905 3
83906 0
83907 1
83908 2
83909 0
83910 2
83911 1
83912 2
83913 3
83914 1
83915 0
83916 1
83917 2
83918 1
83919 2
83920 1
83921 0
83922 1
83923 2
83924 0
83925 1
83926 2
83927 0
83928 2
83929 1
83930 0
83931 1
83932 0
83933 2
83934 0
83935 3
83936 1
83937 0
83938 1
83939 0
83940 2
83941 0
83942 1
83943 0
83944 1
83945 0
83946 2
83947 0
83948 1
83949 0
83950 2
83951 1
83952 0
83953 1
83954 2
83955 0
83956 2
83957 1
83958 2
83959 0
83960 1
83961 0
83962 1
83963 2
83964 0
83965 2
83966 0
83967 2
83968 1
83969 2
83970 0
83971 1
83972 2
83973 0
83974 1
83975 0
83976 2
83977 0
83978 1
83979 0
83980 1
83981 3
83982 2
83983 1
83984 0
83985 1
83986 0
83987 1
83988 2
83989 0
83990 2
83991 1
83992 2
83993 1
83994 2
83995 1
83996 0
83997 2
83998 1
83999 0
84000 2
84001 0
84002 2
84003 1
84004 2
84005 1
84006 0
84007 1
84008 0
84009 1
84010 3
84011 2
84012 1
84013 0
84014 1
84015 2
84016 0
84017 1
84018 0
84019 1
84020 0
84021 2
84022 0
84023 1
84024 0
84025 1
84026 2
84027 0
84028 1
84029 0
84030 1
84031 0
84032 1
84033 2
84034 1
84035 0
84036 1
84037 0
84038 1
84039 2
84040 1
84041 0
84042 1
84043 3
84044 0
84045 2
84046 1
84047 0
84048 3
84049 0
84050 1
84051 2
84052 3
84053 1
84054 0
84055 2
84056 0
84057 2
84058 1
84059 0
84060 1
84061 0
84062 2
84063 0
84064 1
84065 0
84066 1
84067 0
84068 2
84069 0
84070 1
84071 2
84072 1
84073 2
84074 3
84075 2
84076 0
84077 2
84078 1
84079 3
84080 2
84081 0
84082 1
84083 2
84084 1
84085 2
84086 0
84087 2
84088 1
84089 2
84090 0
84091 2
84092 1
84093 3
84094 0
84095 1
84096 0
84097 2
84098 0
84099 2
84100 1
84101 0
84102 1
84103 2
84104 0
84105 2
84106 0
84107 1
84108 3
84109 2
84110 0
84111 1
84112 2
84113 0
84114 1
84115 0
84116 2
84117 0
84118 1
84119 2
84120 1
84121 0
84122 1
84123 0
84124 2
84125 0
84126 1
84127 3
84128 2
84129 0
84130 2
84131 0
84132 1
84133 2
84134 0
84135 1
84136 0
84137 1
84138 2
84139 0
84140 2
84141 1
84142 0
84143 2
84144 1
84145 2
84146 0
84147 3
84148 1
84149 0
84150 1
84151 2
84152 1
84153 2
84154 1
84155 2
84156 0
84157 1
84158 2
84159 0
84160 1
84161 0
84162 2
84163 3
84164 0
84165 1
84166 2
84167 0
84168 1
84169 3
84170 0
84171 2
84172 3
84173 0
84174 1
84175 0
84176 2
84177 1
84178 2
84179 0
84180 1
84181 0
84182 1
84183 0
84184 2
84185 0
84186 2
84187 1
84188 0
84189 2
84190 1
84191 3
84192 0
84193 2
84194 1
84195 0
84196 2
84197 1
84198 2
84199 0
84200 3
84201 2
84202 1
84203 0
84204 3
84205 0
84206 1
84207 2
84208 1
84209 0
84210 1
84211 2
84212 1
84213 0
84214 1
84215 0
84216 1
84217 0
84218 1
84219 2
84220 1
84221 2
84222 0
84223 1
84224 2
84225 0
84226 2
84227 1
84228 0
84229 1
84230 0
84231 1
84232 0
84233 1
84234 0
84235 1
84236 0
84237 1
84238 3
84239 1
84240 0
84241 3
84242 1
84243 0
84244 1
84245 0
84246 2
84247 0
84248 1
84249 0
84250 1
84251 2
84252 1
84253 0
84254 1
84255 0
84256 2
84257 1
84258 2
84259 0
84260 1
84261 2
84262 0
84263 1
84264 0
84265 2
84266 0
84267 2
84268 1
84269 2
84270 0
84271 2
84272 0
84273 1
84274 0
84275 1
84276 2
84277 0
84278 1
84279 0
84280 1
84281 0
84282 1
84283 0
84284 3
84285 2
84286 1
84287 0
84288 1
84289 2
84290 0
84291 1
84292 0
84293 2
84294 0
84295 2
84296 0
84297 1
84298 0
84299 3
84300 1
84301 0
84302 3
84303 1
84304 0
84305 2
84306 1
84307 2
84308 0
84309 1
84310 2
84311 1
84312 0
84313 3
84314 1
84315 0
84316 1
84317 2
84318 0
84319 1
84320 0
84321 1
84322 2
84323 0
84324 1
84325 0
84326 2
84327 1
84328 2
84329 0
84330 1
84331 0
84332 1
84333 0
84334 1
84335 2
84336 3
84337 0
84338 2
84339 1
84340 0
84341 2
84342 0
84343 2
84344 0
84345 1
84346 3
84347 2
84348 1
84349 0
84350 2
84351 1
84352 0
84353 3
84354 2
84355 1
84356 2
84357 3
84358 1
84359 0
84360 2
84361 1
84362 0
84363 1
84364 2
84365 0
84366 1
84367 0
84368 1
84369 2
84370 0
84371 2
84372 3
84373 4
84374 1
84375 2
84376 0
84377 2
84378 1
84379 0
84380 2
84381 1
84382 0
84383 1
84384 0
84385 3
84386 2
84387 0
84388 2
84389 0
84390 1
84391 0
84392 2
84393 1
84394 0
84395 2
84396 1
84397 0
84398 1
84399 2
84400 0
84401 1
84402 0
84403 1
84404 3
84405 0
84406 1
84407 0
84408 1
84409 0
84410 2
84411 1
84412 3
84413 2
84414 1
84415 0
84416 2
84417 1
84418 0
84419 1
84420 0
84421 2
84422 1
84423 2
84424 0
84425 1
84426 2
84427 1
84428 2
84429 0
84430 3
84431 1
84432 3
84433 1
84434 0
84435 1
84436 0
84437 3
84438 1
84439 0
84440 3
84441 0
84442 2
84443 1
84444 0
84445 1
84446 0
84447 1
84448 3
84449 1
84450 3
84451 2
84452 1
84453 0
84454 2
84455 1
84456 3
84457 2
84458 1
84459 0
84460 1
84461 0
84462 1
84463 0
84464 1
84465 2
84466 0
84467 2
84468 1
84469 2
84470 1
84471 0
84472 2
84473 1
84474 2
84475 0
84476 2
84477 1
84478 0
84479 1
84480 2
84481 1
84482 2
84483 1
84484 2
84485 1
84486 3
84487 0
84488 2
84489 1
84490 2
84491 0
84492 3
84493 1
84494 0
84495 1
84496 2
84497 1
84498 2
84499 0
84500 2
84501 1
84502 0
84503 2
84504 1
84505 0
84506 2
84507 3
84508 2
84509 0
84510 2
84511 1
84512 3
84513 2
84514 0
84515 1
84516 2
84517 0
84518 3
84519 1
84520 0
84521 2
84522 0
84523 1
84524 0
84525 2
84526 1
84527 2
84528 1
84529 2
84530 0
84531 1
84532 0
84533 1
84534 2
84535 0
84536 1
84537 0
84538 2
84539 1
84540 2
84541 0
84542 1
84543 0
84544 1
84545 0
84546 1
84547 2
84548 1
84549 0
84550 2
84551 1
84552 2
84553 0
84554 1
84555 2
84556 0
84557 2
84558 1
84559 2
84560 0
84561 2
84562 0
84563 1
84564 0
84565 3
84566 1
84567 2
84568 1
84569 0
84570 2
84571 1
84572 0
84573 1
84574 2
84575 0
84576 1
84577 2
84578 1
84579 0
84580 2
84581 0
84582 1
84583 3
84584 0
84585 1
84586 0
84587 1
84588 2
84589 0
84590 2
84591 0
84592 1
84593 0
84594 2
84595 0
84596 1
84597 2
84598 0
84599 1
84600 2
84601 0
84602 1
84603 2
84604 0
84605 2
84606 3
84607 1
84608 0
84609 2
84610 0
84611 1
84612 2
84613 0
84614 2
84615 0
84616 2
84617 1
84618 0
84619 1
84620 0
84621 1
84622 2
84623 0
84624 2
84625 0
84626 1
84627 3
84628 2
84629 0
84630 1
84631 0
84632 2
84633 1
84634 2
84635 3
84636 0
84637 1
84638 2
84639 0
84640 1
84641 2
84642 1
84643 2
84644 1
84645 0
84646 1
84647 0
84648 2
84649 1
84650 0
84651 1
84652 0
84653 1
84654 2
84655 1
84656 2
84657 1
84658 0
84659 2
84660 1
84661 0
84662 1
84663 2
84664 1
84665 0
84666 2
84667 1
84668 2
84669 1
84670 2
84671 0
84672 2
84673 1
84674 2
84675 1
84676 0
84677 1
84678 0
84679 1
84680 0
84681 2
84682 0
84683 2
84684 3
84685 1
84686 0
84687 3
84688 2
84689 1
84690 0
84691 2
84692 1
84693 3
84694 2
84695 1
84696 2
84697 0
84698 1
84699 0
84700 1
84701 0
84702 1
84703 2
84704 0
84705 1
84706 2
84707 0
84708 1
84709 0
84710 2
84711 0
84712 1
84713 0
84714 1
84715 3
84716 0
84717 2
84718 1
84719 2
84720 1
84721 2
84722 0
84723 1
84724 3
84725 2
84726 1
84727 2
84728 3
84729 0
84730 1
84731 0
84732 2
84733 1
84734 0
84735 2
84736 1
84737 3
84738 2
84739 0
84740 2
84741 1
84742 0
84743 2
84744 1
84745 0
84746 1
84747 0
84748 1
84749 0
84750 2
84751 1
84752 0
84753 2
84754 1
84755 2
84756 1
84757 0
84758 1
84759 2
84760 1
84761 0
84762 1
84763 2
84764 3
84765 0
84766 1
84767 3
84768 2
84769 0
84770 1
84771 3
84772 0
84773 1
84774 3
84775 0
84776 1
84777 2
84778 0
84779 1
84780 0
84781 3
84782 1
84783 2
84784 0
84785 1
84786 2
84787 0
84788 1
84789 0
84790 1
84791 2
84792 1
84793 0
84794 2
84795 3
84796 1
84797 0
84798 1
84799 2
84800 1
84801 0
84802 2
84803 1
84804 2
84805 1
84806 2
84807 0
84808 1
84809 0
84810 2
84811 0
84812 1
84813 2
84814 1
84815 0
84816 1
84817 0
84818 2
84819 1
84820 2
84821 0
84822 2
84823 3
84824 1
84825 0
84826 1
84827 0
84828 1
84829 0
84830 2
84831 1
84832 2
84833 1
84834 2
84835 3
84836 0
84837 2
84838 1
84839 2
84840 0
84841 2
84842 1
84843 0
84844 2
84845 1
84846 0
84847 1
84848 2
84849 0
84850 1
84851 2
84852 0
84853 1
84854 2
84855 0
84856 1
84857 3
84858 0
84859 2
84860 0
84861 1
84862 0
84863 1
84864 0
84865 1
84866 2
84867 0
84868 1
84869 2
84870 0
84871 2
84872 1
84873 2
84874 0
84875 1
84876 2
84877 0
84878 2
84879 0
84880 3
84881 2
84882 3
84883 1
84884 2
84885 1
84886 0
84887 2
84888 1
84889 0
84890 2
84891 0
84892 2
84893 1
84894 0
84895 2
84896 0
84897 2
84898 0
84899 1
84900 0
84901 1
84902 0
84903 1
84904 3
84905 2
84906 1
84907 0
84908 2
84909 0
84910 2
84911 1
84912 0
84913 2
84914 1
84915 2
84916 0
84917 2
84918 3
84919 0
84920 1
84921 0
84922 2
84923 0
84924 3
84925 2
84926 1
84927 0
84928 1
84929 2
84930 0
84931 1
84932 0
84933 3
84934 2
84935 0
84936 1
84937 0
84938 2
84939 1
84940 3
84941 0
84942 1
84943 0
84944 2
84945 3
84946 0
84947 1
84948 3
84949 2
84950 3
84951 0
84952 1
84953 0
84954 2
84955 1
84956 3
84957 1
84958 0
84959 1
84960 0
84961 1
84962 3
84963 2
84964 1
84965 0
84966 1
84967 0
84968 1
84969 3
84970 1
84971 2
84972 3
84973 1
84974 3
84975 2
84976 0
84977 2
84978 1
84979 0
84980 1
84981 0
84982 1
84983 2
84984 0
84985 1
84986 2
84987 3
84988 2
84989 1
84990 2
84991 0
84992 1
84993 0
84994 1
84995 0
84996 2
84997 1
84998 0
84999 2
85000 0
85001 3
85002 2
85003 0
85004 1
85005 2
85006 3
85007 0
85008 2
85009 1
85010 2
85011 1
85012 0
85013 1
85014 2
85015 0
85016 1
85017 2
85018 1
85019 0
85020 2
85021 0
85022 2
85023 0
85024 2
85025 1
85026 2
85027 0
85028 1
85029 0
85030 1
85031 2
85032 3
85033 0
85034 1
85035 0
85036 1
85037 0
85038 1
85039 0
85040 1
85041 0
85042 2
85043 0
85044 1
85045 3
85046 1
85047 0
85048 2
85049 1
85050 2
85051 0
85052 2
85053 0
85054 2
85055 0
85056 2
85057 1
85058 0
85059 2
85060 1
85061 0
85062 2
85063 1
85064 2
85065 0
85066 1
85067 2
85068 1
85069 0
85070 3
85071 1
85072 2
85073 0
85074 1
85075 0
85076 1
85077 2
85078 0
85079 1
85080 0
85081 2
85082 1
85083 0
85084 1
85085 0
85086 1
85087 0
85088 1
85089 2
85090 1
85091 0
85092 2
85093 3
85094 0
85095 1
85096 0
85097 2
85098 1
85099 2
85100 1
85101 2
85102 1
85103 0
85104 1
85105 2
85106 0
85107 1
85108 0
85109 1
85110 2
85111 0
85112 1
85113 2
85114 1
85115 0
85116 2
85117 0
85118 2
85119 0
85120 2
85121 1
85122 2
85123 0
85124 1
85125 0
85126 1
85127 0
85128 1
85129 0
85130 1
85131 0
85132 3
85133 0
85134 1
85135 2
85136 0
85137 3
85138 2
85139 1
85140 3
85141 2
85142 3
85143 0
85144 2
85145 0
85146 1
85147 2
85148 0
85149 2
85150 1
85151 0
85152 1
85153 2
85154 0
85155 1
85156 2
85157 0
85158 1
85159 2
85160 1
85161 0
85162 1
85163 2
85164 0
85165 1
85166 2
85167 1
85168 0
85169 3
85170 2
85171 1
85172 0
85173 2
85174 0
85175 1
85176 2
85177 1
85178 2
85179 1
85180 0
85181 2
85182 0
85183 2
85184 1
85185 0
85186 2
85187 1
85188 3
85189 1
85190 2
85191 1
85192 0
85193 2
85194 0
85195 2
85196 1
85197 0
85198 2
85199 1
85200 2
85201 0
85202 1
85203 0
85204 2
85205 1
85206 0
85207 2
85208 1
85209 0
85210 1
85211 0
85212 2
85213 1
85214 0
85215 2
85216 3
85217 1
85218 0
85219 3
85220 2
85221 0
85222 2
85223 1
85224 2
85225 0
85226 2
85227 3
85228 1
85229 3
85230 1
85231 0
85232 2
85233 1
85234 2
85235 3
85236 0
85237 2
85238 1
85239 3
85240 2
85241 1
85242 2
85243 0
85244 2
85245 0
85246 2
85247 3
85248 1
85249 0
85250 1
85251 2
85252 0
85253 1
85254 0
85255 1
85256 2
85257 0
85258 1
85259 3
85260 1
85261 2
85262 3
85263 1
85264 2
85265 0
85266 2
85267 1
85268 0
85269 1
85270 2
85271 1
85272 2
85273 1
85274 2
85275 1
85276 0
85277 1
85278 2
85279 1
85280 2
85281 1
85282 2
85283 0
85284 1
85285 0
85286 2
85287 0
85288 1
85289 2
85290 1
85291 0
85292 2
85293 1
85294 2
85295 1
85296 2
85297 0
85298 1
85299 0
85300 3
85301 0
85302 1
85303 3
85304 1
85305 0
85306 2
85307 3
85308 0
85309 2
85310 1
85311 2
85312 1
85313 0
85314 1
85315 2
85316 1
85317 0
85318 1
85319 2
85320 1
85321 0
85322 1
85323 0
85324 3
85325 1
85326 2
85327 0
85328 2
85329 3
85330 1
85331 2
85332 0
85333 1
85334 0
85335 3
85336 1
85337 0
85338 2
85339 0
85340 1
85341 0
85342 1
85343 2
85344 0
85345 3
85346 0
85347 1
85348 0
85349 1
85350 0
85351 1
85352 2
85353 1
85354 2
85355 0
85356 2
85357 0
85358 1
85359 2
85360 1
85361 2
85362 0
85363 1
85364 2
85365 0
85366 1
85367 0
85368 2
85369 0
85370 2
85371 1
85372 3
85373 0
85374 2
85375 1
85376 0
85377 2
85378 1
85379 0
85380 2
85381 1
85382 2
85383 3
85384 0
85385 1
85386 0
85387 2
85388 1
85389 2
85390 1
85391 2
85392 0
85393 1
85394 2
85395 1
85396 2
85397 0
85398 1
85399 0
85400 2
85401 1
85402 2
85403 0
85404 1
85405 3
85406 2
85407 1
85408 2
85409 1
85410 0
85411 1
85412 0
85413 1
85414 2
85415 1
85416 0
85417 1
85418 3
85419 2
85420 0
85421 1
85422 0
85423 2
85424 1
85425 2
85426 1
85427 0
85428 1
85429 0
85430 1
85431 0
85432 1
85433 0
85434 1
85435 2
85436 0
85437 2
85438 0
85439 2
85440 0
85441 1
85442 0
85443 1
85444 2
85445 0
85446 2
85447 1
85448 2
85449 1
85450 2
85451 1
85452 2
85453 1
85454 0
85455 2
85456 1
85457 2
85458 3
85459 0
85460 2
85461 1
85462 0
85463 2
85464 0
85465 1
85466 0
85467 1
85468 0
85469 2
85470 1
85471 0
85472 1
85473 0
85474 1
85475 0
85476 1
85477 2
85478 3
85479 1
85480 0
85481 1
85482 0
85483 1
85484 0
85485 2
85486 0
85487 1
85488 0
85489 1
85490 0
85491 2
85492 0
85493 1
85494 2
85495 0
85496 1
85497 0
85498 1
85499 2
85500 0
85501 1
85502 2
85503 0
85504 1
85505 0
85506 1
85507 2
85508 1
85509 2
85510 0
85511 2
85512 0
85513 1
85514 0
85515 1
85516 0
85517 1
85518 0
85519 1
85520 2
85521 0
85522 2
85523 0
85524 3
85525 2
85526 1
85527 0
85528 1
85529 2
85530 1
85531 2
85532 1
85533 0
85534 1
85535 0
85536 1
85537 0
85538 2
85539 1
85540 0
85541 1
85542 0
85543 1
85544 0
85545 1
85546 2
85547 0
85548 1
85549 2
85550 0
85551 1
85552 2
85553 0
85554 2
85555 1
85556 2
85557 0
85558 2
85559 0
85560 1
85561 2
85562 0
85563 2
85564 1
85565 0
85566 1
85567 0
85568 1
85569 0
85570 1
85571 0
85572 2
85573 1
85574 2
85575 1
85576 0
85577 2
85578 1
85579 0
85580 1
85581 0
85582 1
85583 2
85584 0
85585 1
85586 2
85587 3
85588 1
85589 0
85590 1
85591 2
85592 0
85593 2
85594 3
85595 1
85596 0
85597 1
85598 2
85599 0
85600 1
85601 3
85602 1
85603 0
85604 1
85605 0
85606 1
85607 2
85608 3
85609 0
85610 2
85611 3
85612 0
85613 1
85614 0
85615 3
85616 2
85617 1
85618 0
85619 2
85620 0
85621 1
85622 0
85623 1
85624 2
85625 0
85626 1
85627 0
85628 1
85629 0
85630 1
85631 0
85632 1
85633 0
85634 2
85635 1
85636 0
85637 2
85638 3
85639 0
85640 1
85641 3
85642 1
85643 2
85644 0
85645 1
85646 0
85647 2
85648 1
85649 0
85650 2
85651 0
85652 2
85653 1
85654 2
85655 1
85656 2
85657 0
85658 1
85659 0
85660 1
85661 2
85662 0
85663 1
85664 2
85665 1
85666 2
85667 0
85668 2
85669 1
85670 0
85671 3
85672 0
85673 1
85674 2
85675 1
85676 2
85677 1
85678 0
85679 2
85680 0
85681 1
85682 0
85683 2
85684 0
85685 2
85686 3
85687 1
85688 0
85689 2
85690 0
85691 2
85692 0
85693 3
85694 1
85695 0
85696 1
85697 0
85698 1
85699 2
85700 1
85701 3
85702 2
85703 3
85704 0
85705 2
85706 0
85707 2
85708 0
85709 2
85710 1
85711 2
85712 0
85713 1
85714 2
85715 0
85716 1
85717 0
85718 1
85719 2
85720 0
85721 1
85722 2
85723 0
85724 1
85725 2
85726 0
85727 2
85728 1
85729 2
85730 0
85731 1
85732 2
85733 1
85734 0
85735 2
85736 1
85737 3
85738 2
85739 0
85740 1
85741 0
85742 2
85743 1
85744 3
85745 2
85746 1
85747 2
85748 1
85749 2
85750 3
85751 0
85752 1
85753 2
85754 0
85755 1
85756 0
85757 1
85758 0
85759 2
85760 1
85761 0
85762 2
85763 3
85764 0
85765 2
85766 0
85767 2
85768 1
85769 3
85770 0
85771 2
85772 1
85773 0
85774 2
85775 1
85776 2
85777 0
85778 1
85779 2
85780 1
85781 0
85782 2
85783 0
85784 1
85785 0
85786 1
85787 0
85788 1
85789 0
85790 2
85791 3
85792 2
85793 1
85794 2
85795 0
85796 1
85797 2
85798 0
85799 1
85800 0
85801 2
85802 1
85803 0
85804 1
85805 0
85806 2
85807 3
85808 0
85809 2
85810 1
85811 0
85812 1
85813 0
85814 3
85815 2
85816 1
85817 3
85818 2
85819 1
85820 2
85821 1
85822 2
85823 0
85824 1
85825 2
85826 1
85827 0
85828 1
85829 2
85830 0
85831 2
85832 0
85833 1
85834 2
85835 3
85836 2
85837 0
85838 2
85839 1
85840 0
85841 2
85842 1
85843 2
85844 3
85845 1
85846 0
85847 1
85848 0
85849 2
85850 0
85851 2
85852 1
85853 0
85854 2
85855 1
85856 2
85857 1
85858 0
85859 2
85860 1
85861 0
85862 2
85863 3
85864 2
85865 1
85866 2
85867 3
85868 0
85869 2
85870 1
85871 2
85872 1
85873 2
85874 1
85875 0
85876 2
85877 1
85878 0
85879 1
85880 2
85881 3
85882 1
85883 2
85884 3
85885 1
85886 2
85887 1
85888 0
85889 2
85890 0
85891 1
85892 2
85893 1
85894 2
85895 0
85896 2
85897 0
85898 1
85899 0
85900 1
85901 0
85902 2
85903 3
85904 0
85905 1
85906 0
85907 1
85908 2
85909 0
85910 1
85911 0
85912 2
85913 1
85914 2
85915 1
85916 0
85917 3
85918 0
85919 2
85920 1
85921 0
85922 1
85923 2
85924 1
85925 2
85926 1
85927 2
85928 0
85929 2
85930 3
85931 0
85932 2
85933 0
85934 1
85935 0
85936 1
85937 0
85938 1
85939 2
85940 1
85941 2
85942 1
85943 0
85944 1
85945 3
85946 2
85947 0
85948 2
85949 0
85950 1
85951 3
85952 0
85953 1
85954 0
85955 2
85956 1
85957 0
85958 2
85959 0
85960 1
85961 0
85962 1
85963 0
85964 2
85965 1
85966 0
85967 1
85968 0
85969 1
85970 0
85971 1
85972 0
85973 1
85974 0
85975 1
85976 2
85977 1
85978 0
85979 2
85980 3
85981 1
85982 0
85983 1
85984 0
85985 1
85986 0
85987 2
85988 0
85989 1
85990 2
85991 0
85992 1
85993 3
85994 1
85995 2
85996 0
85997 1
85998 2
85999 0
86000 2
86001 0
86002 1
86003 2
86004 0
86005 2
86006 1
86007 2
86008 0
86009 1
86010 0
86011 2
86012 1
86013 2
86014 1
86015 2
86016 1
86017 0
86018 2
86019 0
86020 2
86021 1
86022 0
86023 1
86024 2
86025 0
86026 1
86027 0
86028 1
86029 2
86030 1
86031 2
86032 1
86033 0
86034 2
86035 3
86036 1
86037 0
86038 2
86039 1
86040 0
86041 1
86042 0
86043 2
86044 3
86045 1
86046 2
86047 0
86048 1
86049 2
86050 0
86051 1
86052 2
86053 0
86054 2
86055 3
86056 1
86057 0
86058 1
86059 0
86060 2
86061 0
86062 1
86063 0
86064 2
86065 1
86066 0
86067 1
86068 2
86069 1
86070 0
86071 1
86072 2
86073 1
86074 2
86075 0
86076 2
86077 1
86078 2
86079 0
86080 1
86081 0
86082 1
86083 2
86084 1
86085 0
86086 1
86087 2
86088 1
86089 2
86090 0
86091 1
86092 2
86093 1
86094 0
86095 2
86096 1
86097 0
86098 2
86099 3
86100 1
86101 2
86102 1
86103 0
86104 1
86105 2
86106 0
86107 2
86108 0
86109 1
86110 2
86111 0
86112 1
86113 0
86114 3
86115 1
86116 0
86117 1
86118 0
86119 1
86120 0
86121 1
86122 0
86123 2
86124 0
86125 1
86126 0
86127 1
86128 2
86129 0
86130 1
86131 0
86132 2
86133 1
86134 2
86135 0
86136 1
86137 0
86138 1
86139 2
86140 0
86141 1
86142 0
86143 1
86144 0
86145 3
86146 2
86147 0
86148 1
86149 0
86150 1
86151 0
86152 1
86153 0
86154 1
86155 0
86156 2
86157 1
86158 0
86159 2
86160 0
86161 2
86162 1
86163 2
86164 0
86165 2
86166 0
86167 1
86168 2
86169 0
86170 2
86171 1
86172 2
86173 0
86174 1
86175 2
86176 1
86177 0
86178 2
86179 1
86180 0
86181 2
86182 0
86183 1
86184 2
86185 1
86186 2
86187 1
86188 0
86189 1
86190 0
86191 1
86192 0
86193 1
86194 0
86195 1
86196 0
86197 1
86198 2
86199 1
86200 0
86201 2
86202 0
86203 1
86204 0
86205 1
86206 0
86207 1
86208 2
86209 1
86210 2
86211 0
86212 1
86213 0
86214 1
86215 2
86216 1
86217 0
86218 2
86219 0
86220 1
86221 2
86222 0
86223 1
86224 0
86225 2
86226 3
86227 0
86228 1
86229 0
86230 1
86231 0
86232 1
86233 0
86234 2
86235 0
86236 1
86237 0
86238 2
86239 3
86240 0
86241 2
86242 1
86243 0
86244 2
86245 3
86246 1
86247 3
86248 0
86249 1
86250 2
86251 1
86252 3
86253 0
86254 2
86255 1
86256 2
86257 0
86258 1
86259 2
86260 1
86261 0
86262 2
86263 1
86264 2
86265 0
86266 2
86267 3
86268 1
86269 0
86270 1
86271 2
86272 0
86273 1
86274 2
86275 0
86276 2
86277 1
86278 2
86279 0
86280 1
86281 2
86282 1
86283 3
86284 2
86285 0
86286 1
86287 0
86288 2
86289 1
86290 0
86291 2
86292 1
86293 0
86294 1
86295 2
86296 0
86297 1
86298 0
86299 1
86300 2
86301 0
86302 1
86303 0
86304 2
86305 1
86306 2
86307 0
86308 1
86309 0
86310 2
86311 0
86312 2
86313 1
86314 0
86315 1
86316 0
86317 1
86318 0
86319 1
86320 2
86321 0
86322 1
86323 3
86324 1
86325 2
86326 0
86327 2
86328 0
86329 4
86330 3
86331 1
86332 0
86333 1
86334 2
86335 1
86336 2
86337 0
86338 1
86339 2
86340 1
86341 3
86342 1
86343 2
86344 1
86345 0
86346 2
86347 1
86348 0
86349 1
86350 0
86351 1
86352 3
86353 2
86354 4
86355 3
86356 0
86357 1
86358 2
86359 3
86360 1
86361 0
86362 1
86363 0
86364 1
86365 0
86366 1
86367 2
86368 3
86369 0
86370 1
86371 2
86372 0
86373 1
86374 0
86375 1
86376 0
86377 1
86378 2
86379 0
86380 2
86381 1
86382 2
86383 0
86384 1
86385 0
86386 2
86387 1
86388 0
86389 1
86390 2
86391 3
86392 0
86393 2
86394 0
86395 2
86396 1
86397 0
86398 1
86399 0
86400 2
86401 1
86402 0
86403 2
86404 0
86405 2
86406 1
86407 2
86408 0
86409 1
86410 2
86411 0
86412 3
86413 0
86414 1
86415 0
86416 3
86417 2
86418 0
86419 1
86420 0
86421 1
86422 3
86423 1
86424 0
86425 1
86426 2
86427 0
86428 2
86429 0
86430 1
86431 0
86432 1
86433 2
86434 0
86435 1
86436 0
86437 1
86438 0
86439 2
86440 1
86441 2
86442 0
86443 2
86444 1
86445 2
86446 0
86447 2
86448 1
86449 2
86450 1
86451 2
86452 3
86453 1
86454 2
86455 0
86456 1
86457 0
86458 3
86459 1
86460 3
86461 2
86462 3
86463 1
86464 2
86465 0
86466 1
86467 3
86468 2
86469 0
86470 2
86471 1
86472 2
86473 1
86474 0
86475 1
86476 0
86477 1
86478 0
86479 1
86480 0
86481 3
86482 2
86483 0
86484 2
86485 1
86486 0
86487 1
86488 0
86489 1
86490 2
86491 1
86492 3
86493 1
86494 0
86495 1
86496 2
86497 3
86498 0
86499 1
86500 0
86501 1
86502 2
86503 1
86504 0
86505 1
86506 2
86507 1
86508 0
86509 1
86510 2
86511 1
86512 0
86513 1
86514 0
86515 2
86516 1
86517 3
86518 0
86519 1
86520 0
86521 1
86522 3
86523 2
86524 0
86525 2
86526 3
86527 2
86528 0
86529 2
86530 1
86531 0
86532 1
86533 2
86534 1
86535 2
86536 1
86537 2
86538 0
86539 2
86540 1
86541 0
86542 1
86543 0
86544 1
86545 2
86546 1
86547 2
86548 0
86549 2
86550 1
86551 0
86552 2
86553 1
86554 0
86555 2
86556 1
86557 0
86558 2
86559 1
86560 0
86561 2
86562 1
86563 2
86564 0
86565 3
86566 0
86567 2
86568 1
86569 2
86570 0
86571 1
86572 0
86573 1
86574 2
86575 0
86576 2
86577 1
86578 2
86579 1
86580 2
86581 1
86582 0
86583 2
86584 0
86585 1
86586 3
86587 2
86588 0
86589 1
86590 2
86591 3
86592 1
86593 0
86594 1
86595 0
86596 1
86597 0
86598 2
86599 0
86600 1
86601 0
86602 1
86603 2
86604 0
86605 1
86606 0
86607 2
86608 1
86609 0
86610 1
86611 0
86612 1
86613 2
86614 1
86615 0
86616 1
86617 0
86618 1
86619 0
86620 3
86621 2
86622 0
86623 1
86624 2
86625 1
86626 2
86627 1
86628 2
86629 3
86630 0
86631 2
86632 1
86633 3
86634 2
86635 3
86636 1
86637 0
86638 2
86639 0
86640 1
86641 2
86642 0
86643 1
86644 0
86645 2
86646 3
86647 0
86648 2
86649 1
86650 3
86651 2
86652 1
86653 0
86654 1
86655 0
86656 1
86657 2
86658 1
86659 0
86660 1
86661 0
86662 1
86663 2
86664 0
86665 2
86666 0
86667 2
86668 0
86669 1
86670 2
86671 0
86672 2
86673 1
86674 0
86675 1
86676 0
86677 1
86678 2
86679 1
86680 4
86681 2
86682 1
86683 2
86684 0
86685 1
86686 0
86687 1
86688 0
86689 1
86690 2
86691 1
86692 2
86693 0
86694 1
86695 2
86696 0
86697 2
86698 1
86699 2
86700 1
86701 2
86702 3
86703 1
86704 0
86705 1
86706 2
86707 1
86708 0
86709 1
86710 3
86711 2
86712 1
86713 0
86714 1
86715 2
86716 0
86717 1
86718 2
86719 1
86720 2
86721 0
86722 2
86723 1
86724 0
86725 1
86726 2
86727 0
86728 2
86729 1
86730 0
86731 1
86732 0
86733 1
86734 2
86735 0
86736 3
86737 1
86738 0
86739 1
86740 0
86741 1
86742 2
86743 1
86744 0
86745 2
86746 1
86747 3
86748 1
86749 0
86750 1
86751 0
86752 3
86753 2
86754 1
86755 2
86756 3
86757 2
86758 1
86759 2
86760 0
86761 2
86762 0
86763 1
86764 3
86765 1
86766 0
86767 1
86768 2
86769 1
86770 2
86771 1
86772 0
86773 1
86774 0
86775 2
86776 1
86777 0
86778 1
86779 2
86780 3
86781 1
86782 2
86783 0
86784 1
86785 0
86786 2
86787 1
86788 2
86789 0
86790 2
86791 0
86792 2
86793 1
86794 2
86795 0
86796 2
86797 1
86798 3
86799 2
86800 1
86801 2
86802 0
86803 1
86804 0
86805 2
86806 1
86807 2
86808 1
86809 0
86810 1
86811 2
86812 0
86813 1
86814 2
86815 1
86816 0
86817 2
86818 1
86819 2
86820 1
86821 2
86822 0
86823 1
86824 2
86825 0
86826 2
86827 1
86828 0
86829 2
86830 1
86831 3
86832 0
86833 1
86834 0
86835 2
86836 1
86837 0
86838 1
86839 0
86840 1
86841 2
86842 3
86843 2
86844 0
86845 2
86846 1
86847 2
86848 3
86849 0
86850 2
86851 1
86852 0
86853 2
86854 1
86855 0
86856 1
86857 0
86858 2
86859 1
86860 0
86861 2
86862 0
86863 1
86864 0
86865 1
86866 2
86867 1
86868 3
86869 2
86870 0
86871 2
86872 1
86873 2
86874 0
86875 1
86876 2
86877 1
86878 0
86879 2
86880 1
86881 2
86882 1
86883 0
86884 1
86885 0
86886 1
86887 0
86888 1
86889 2
86890 1
86891 2
86892 1
86893 0
86894 1
86895 0
86896 1
86897 2
86898 0
86899 1
86900 2
86901 0
86902 2
86903 0
86904 2
86905 1
86906 0
86907 1
86908 2
86909 1
86910 2
86911 0
86912 3
86913 1
86914 2
86915 3
86916 1
86917 0
86918 2
86919 1
86920 2
86921 1
86922 2
86923 0
86924 1
86925 0
86926 1
86927 0
86928 1
86929 3
86930 2
86931 1
86932 0
86933 2
86934 1
86935 0
86936 1
86937 2
86938 1
86939 0
86940 1
86941 0
86942 1
86943 0
86944 1
86945 0
86946 2
86947 0
86948 2
86949 1
86950 3
86951 1
86952 3
86953 1
86954 0
86955 1
86956 3
86957 2
86958 1
86959 0
86960 2
86961 1
86962 2
86963 0
86964 3
86965 1
86966 2
86967 1
86968 0
86969 2
86970 0
86971 1
86972 2
86973 1
86974 0
86975 1
86976 2
86977 1
86978 0
86979 1
86980 0
86981 2
86982 1
86983 2
86984 3
86985 1
86986 0
86987 1
86988 0
86989 1
86990 0
86991 1
86992 0
86993 2
86994 1
86995 2
86996 1
86997 2
86998 1
86999 0
87000 2
87001 1
87002 0
87003 3
87004 2
87005 3
87006 1
87007 3
87008 1
87009 2
87010 0
87011 1
87012 2
87013 0
87014 1
87015 2
87016 0
87017 3
87018 2
87019 1
87020 0
87021 2
87022 0
87023 1
87024 2
87025 0
87026 2
87027 1
87028 2
87029 1
87030 0
87031 1
87032 2
87033 0
87034 2
87035 0
87036 1
87037 2
87038 0
87039 1
87040 2
87041 0
87042 2
87043 1
87044 0
87045 2
87046 1
87047 3
87048 0
87049 2
87050 1
87051 0
87052 1
87053 2
87054 3
87055 1
87056 0
87057 2
87058 1
87059 0
87060 1
87061 0
87062 2
87063 1
87064 2
87065 0
87066 1
87067 0
87068 1
87069 0
87070 2
87071 0
87072 1
87073 0
87074 1
87075 2
87076 1
87077 3
87078 2
87079 1
87080 2
87081 0
87082 1
87083 2
87084 0
87085 2
87086 0
87087 1
87088 0
87089 2
87090 1
87091 0
87092 1
87093 2
87094 0
87095 1
87096 0
87097 1
87098 0
87099 1
87100 0
87101 1
87102 0
87103 2
87104 0
87105 2
87106 3
87107 0
87108 2
87109 1
87110 3
87111 2
87112 1
87113 2
87114 0
87115 1
87116 0
87117 2
87118 1
87119 2
87120 0
87121 1
87122 2
87123 0
87124 1
87125 3
87126 2
87127 1
87128 0
87129 2
87130 1
87131 0
87132 2
87133 1
87134 0
87135 1
87136 2
87137 0
87138 2
87139 1
87140 0
87141 2
87142 1
87143 0
87144 1
87145 0
87146 2
87147 1
87148 2
87149 0
87150 1
87151 0
87152 1
87153 0
87154 2
87155 1
87156 2
87157 1
87158 2
87159 1
87160 2
87161 0
87162 1
87163 2
87164 1
87165 0
87166 1
87167 2
87168 0
87169 2
87170 1
87171 0
87172 2
87173 1
87174 2
87175 1
87176 3
87177 0
87178 2
87179 1
87180 2
87181 0
87182 1
87183 2
87184 0
87185 1
87186 2
87187 0
87188 1
87189 2
87190 0
87191 2
87192 0
87193 3
87194 2
87195 1
87196 2
87197 1
87198 0
87199 2
87200 1
87201 0
87202 3
87203 0
87204 1
87205 0
87206 3
87207 1
87208 0
87209 1
87210 0
87211 2
87212 1
87213 0
87214 1
87215 2
87216 3
87217 1
87218 2
87219 0
87220 1
87221 2
87222 0
87223 1
87224 2
87225 0
87226 1
87227 0
87228 1
87229 0
87230 2
87231 0
87232 1
87233 2
87234 3
87235 1
87236 0
87237 2
87238 1
87239 0
87240 2
87241 3
87242 0
87243 1
87244 2
87245 0
87246 3
87247 2
87248 0
87249 1
87250 0
87251 1
87252 2
87253 0
87254 2
87255 1
87256 0
87257 1
87258 3
87259 0
87260 2
87261 3
87262 2
87263 1
87264 2
87265 1
87266 2
87267 0
87268 1
87269 0
87270 2
87271 1
87272 0
87273 1
87274 2
87275 1
87276 0
87277 2
87278 3
87279 1
87280 0
87281 2
87282 1
87283 2
87284 0
87285 2
87286 1
87287 2
87288 1
87289 2
87290 1
87291 0
87292 1
87293 2
87294 3
87295 1
87296 2
87297 0
87298 1
87299 0
87300 1
87301 2
87302 1
87303 0
87304 2
87305 1
87306 2
87307 1
87308 0
87309 2
87310 1
87311 0
87312 1
87313 0
87314 2
87315 1
87316 2
87317 0
87318 1
87319 0
87320 1
87321 2
87322 0
87323 2
87324 3
87325 1
87326 0
87327 2
87328 1
87329 3
87330 1
87331 0
87332 1
87333 2
87334 1
87335 2
87336 1
87337 0
87338 1
87339 0
87340 1
87341 0
87342 1
87343 2
87344 0
87345 1
87346 2
87347 0
87348 2
87349 1
87350 2
87351 0
87352 1
87353 2
87354 1
87355 2
87356 0
87357 2
87358 0
87359 1
87360 0
87361 2
87362 1
87363 2
87364 0
87365 2
87366 0
87367 1
87368 2
87369 0
87370 1
87371 0
87372 2
87373 0
87374 2
87375 0
87376 1
87377 0
87378 2
87379 1
87380 0
87381 2
87382 0
87383 1
87384 0
87385 1
87386 0
87387 1
87388 2
87389 0
87390 2
87391 1
87392 0
87393 1
87394 0
87395 1
87396 3
87397 0
87398 2
87399 0
87400 1
87401 0
87402 1
87403 0
87404 1
87405 2
87406 1
87407 2
87408 1
87409 2
87410 1
87411 0
87412 3
87413 2
87414 3
87415 2
87416 1
87417 0
87418 1
87419 2
87420 0
87421 1
87422 0
87423 2
87424 0
87425 2
87426 0
87427 1
87428 2
87429 0
87430 2
87431 0
87432 1
87433 2
87434 0
87435 1
87436 3
87437 0
87438 1
87439 0
87440 1
87441 0
87442 1
87443 0
87444 1
87445 0
87446 1
87447 3
87448 2
87449 0
87450 2
87451 0
87452 1
87453 2
87454 0
87455 2
87456 0
87457 2
87458 1
87459 2
87460 3
87461 1
87462 0
87463 1
87464 0
87465 1
87466 2
87467 1
87468 0
87469 1
87470 3
87471 2
87472 0
87473 2
87474 1
87475 2
87476 3
87477 2
87478 0
87479 2
87480 1
87481 0
87482 1
87483 3
87484 0
87485 1
87486 2
87487 0
87488 2
87489 1
87490 3
87491 2
87492 1
87493 2
87494 0
87495 1
87496 0
87497 2
87498 0
87499 3
87500 1
87501 3
87502 0
87503 2
87504 0
87505 1
87506 0
87507 2
87508 1
87509 2
87510 1
87511 2
87512 0
87513 2
87514 1
87515 3
87516 0
87517 2
87518 1
87519 2
87520 3
87521 1
87522 2
87523 0
87524 1
87525 2
87526 1
87527 2
87528 0
87529 1
87530 0
87531 1
87532 3
87533 0
87534 1
87535 2
87536 0
87537 1
87538 0
87539 2
87540 1
87541 2
87542 3
87543 1
87544 0
87545 2
87546 0
87547 1
87548 0
87549 2
87550 1
87551 0
87552 1
87553 0
87554 2
87555 1
87556 2
87557 0
87558 2
87559 1
87560 0
87561 2
87562 1
87563 0
87564 2
87565 0
87566 1
87567 0
87568 1
87569 2
87570 0
87571 1
87572 2
87573 0
87574 1
87575 0
87576 1
87577 2
87578 0
87579 2
87580 0
87581 2
87582 1
87583 2
87584 1
87585 0
87586 2
87587 1
87588 0
87589 1
87590 0
87591 1
87592 2
87593 1
87594 0
87595 1
87596 0
87597 2
87598 1
87599 0
87600 2
87601 0
87602 2
87603 1
87604 0
87605 1
87606 0
87607 1
87608 3
87609 0
87610 1
87611 0
87612 1
87613 2
87614 0
87615 1
87616 2
87617 1
87618 0
87619 1
87620 0
87621 2
87622 1
87623 2
87624 3
87625 1
87626 0
87627 2
87628 1
87629 2
87630 1
87631 2
87632 1
87633 0
87634 1
87635 0
87636 2
87637 1
87638 0
87639 1
87640 0
87641 1
87642 0
87643 1
87644 0
87645 2
87646 3
87647 1
87648 0
87649 1
87650 2
87651 1
87652 0
87653 1
87654 0
87655 1
87656 0
87657 1
87658 2
87659 1
87660 0
87661 1
87662 0
87663 2
87664 0
87665 1
87666 2
87667 1
87668 2
87669 1
87670 0
87671 2
87672 1
87673 0
87674 2
87675 1
87676 0
87677 2
87678 1
87679 2
87680 0
87681 2
87682 3
87683 1
87684 2
87685 1
87686 0
87687 1
87688 2
87689 1
87690 2
87691 0
87692 1
87693 2
87694 1
87695 2
87696 1
87697 2
87698 0
87699 1
87700 0
87701 3
87702 1
87703 3
87704 0
87705 1
87706 2
87707 3
87708 1
87709 2
87710 1
87711 2
87712 3
87713 1
87714 0
87715 2
87716 1
87717 2
87718 0
87719 1
87720 2
87721 0
87722 1
87723 0
87724 2
87725 3
87726 1
87727 2
87728 1
87729 0
87730 1
87731 0
87732 2
87733 1
87734 0
87735 2
87736 3
87737 0
87738 2
87739 0
87740 1
87741 2
87742 0
87743 2
87744 1
87745 2
87746 0
87747 3
87748 0
87749 2
87750 0
87751 1
87752 2
87753 1
87754 0
87755 2
87756 1
87757 2
87758 0
87759 1
87760 2
87761 0
87762 2
87763 0
87764 1
87765 0
87766 1
87767 2
87768 1
87769 0
87770 1
87771 0
87772 1
87773 2
87774 3
87775 1
87776 2
87777 1
87778 0
87779 1
87780 2
87781 0
87782 2
87783 1
87784 0
87785 1
87786 2
87787 0
87788 2
87789 1
87790 0
87791 1
87792 0
87793 1
87794 3
87795 2
87796 1
87797 0
87798 1
87799 2
87800 0
87801 1
87802 2
87803 0
87804 2
87805 1
87806 0
87807 1
87808 2
87809 0
87810 1
87811 2
87812 1
87813 0
87814 1
87815 0
87816 3
87817 1
87818 0
87819 1
87820 0
87821 2
87822 1
87823 2
87824 0
87825 1
87826 0
87827 1
87828 2
87829 1
87830 0
87831 2
87832 1
87833 0
87834 1
87835 3
87836 2
87837 1
87838 3
87839 0
87840 2
87841 0
87842 1
87843 0
87844 1
87845 0
87846 2
87847 0
87848 3
87849 0
87850 1
87851 0
87852 1
87853 0
87854 3
87855 1
87856 0
87857 1
87858 2
87859 0
87860 1
87861 0
87862 1
87863 2
87864 1
87865 2
87866 0
87867 2
87868 1
87869 2
87870 1
87871 0
87872 1
87873 2
87874 0
87875 2
87876 0
87877 1
87878 0
87879 2
87880 0
87881 1
87882 0
87883 2
87884 1
87885 2
87886 0
87887 2
87888 1
87889 2
87890 3
87891 1
87892 0
87893 1
87894 0
87895 2
87896 1
87897 0
87898 2
87899 1
87900 2
87901 0
87902 2
87903 0
87904 1
87905 0
87906 1
87907 2
87908 3
87909 0
87910 1
87911 2
87912 3
87913 1
87914 3
87915 0
87916 2
87917 1
87918 0
87919 2
87920 1
87921 2
87922 1
87923 0
87924 1
87925 0
87926 1
87927 2
87928 3
87929 0
87930 2
87931 3
87932 1
87933 2
87934 3
87935 1
87936 0
87937 1
87938 0
87939 2
87940 0
87941 2
87942 1
87943 2
87944 3
87945 1
87946 0
87947 2
87948 1
87949 2
87950 3
87951 0
87952 1
87953 0
87954 2
87955 3
87956 0
87957 1
87958 2
87959 1
87960 0
87961 3
87962 0
87963 1
87964 0
87965 2
87966 1
87967 0
87968 1
87969 0
87970 2
87971 0
87972 1
87973 2
87974 1
87975 0
87976 1
87977 2
87978 0
87979 1
87980 2
87981 1
87982 0
87983 2
87984 0
87985 1
87986 2
87987 0
87988 3
87989 1
87990 2
87991 1
87992 2
87993 1
87994 0
87995 3
87996 1
87997 4
87998 1
87999 2
88000 3
88001 1
88002 2
88003 0
88004 2
88005 1
88006 0
88007 2
88008 0
88009 2
88010 1
88011 0
88012 1
88013 2
88014 0
88015 1
88016 0
88017 2
88018 1
88019 0
88020 1
88021 0
88022 3
88023 2
88024 3
88025 0
88026 1
88027 2
88028 0
88029 3
88030 1
88031 0
88032 1
88033 2
88034 0
88035 3
88036 2
88037 0
88038 1
88039 0
88040 1
88041 2
88042 1
88043 0
88044 1
88045 2
88046 0
88047 3
88048 2
88049 3
88050 0
88051 2
88052 0
88053 1
88054 2
88055 1
88056 2
88057 0
88058 1
88059 0
88060 1
88061 0
88062 1
88063 2
88064 0
88065 2
88066 1
88067 0
88068 1
88069 2
88070 0
88071 2
88072 1
88073 3
88074 2
88075 1
88076 0
88077 1
88078 0
88079 2
88080 0
88081 1
88082 0
88083 2
88084 3
88085 0
88086 2
88087 1
88088 0
88089 2
88090 1
88091 2
88092 1
88093 0
88094 2
88095 1
88096 2
88097 1
88098 3
88099 1
88100 0
88101 2
88102 3
88103 0
88104 1
88105 2
88106 0
88107 1
88108 0
88109 2
88110 0
88111 2
88112 1
88113 2
88114 1
88115 2
88116 1
88117 2
88118 1
88119 2
88120 1
88121 0
88122 1
88123 2
88124 0
88125 1
88126 2
88127 1
88128 2
88129 1
88130 2
88131 0
88132 2
88133 0
88134 1
88135 0
88136 1
88137 2
88138 0
88139 3
88140 1
88141 0
88142 2
88143 0
88144 1
88145 0
88146 1
88147 0
88148 1
88149 2
88150 1
88151 2
88152 3
88153 1
88154 2
88155 1
88156 0
88157 1
88158 2
88159 1
88160 2
88161 1
88162 0
88163 1
88164 3
88165 2
88166 1
88167 2
88168 3
88169 2
88170 1
88171 0
88172 1
88173 3
88174 2
88175 0
88176 2
88177 0
88178 1
88179 0
88180 2
88181 0
88182 2
88183 1
88184 0
88185 2
88186 0
88187 1
88188 2
88189 0
88190 1
88191 2
88192 0
88193 2
88194 3
88195 1
88196 0
88197 1
88198 3
88199 2
88200 1
88201 0
88202 1
88203 0
88204 2
88205 1
88206 0
88207 1
88208 0
88209 2
88210 1
88211 0
88212 1
88213 0
88214 2
88215 0
88216 2
88217 0
88218 1
88219 2
88220 0
88221 1
88222 0
88223 1
88224 0
88225 1
88226 2
88227 0
88228 2
88229 1
88230 2
88231 0
88232 1
88233 2
88234 0
88235 2
88236 1
88237 0
88238 1
88239 2
88240 0
88241 1
88242 2
88243 0
88244 2
88245 3
88246 1
88247 2
88248 1
88249 0
88250 3
88251 2
88252 0
88253 3
88254 0
88255 2
88256 0
88257 2
88258 0
88259 1
88260 2
88261 0
88262 1
88263 0
88264 3
88265 1
88266 2
88267 3
88268 0
88269 2
88270 1
88271 0
88272 1
88273 2
88274 0
88275 2
88276 1
88277 0
88278 2
88279 1
88280 0
88281 2
88282 1
88283 0
88284 1
88285 0
88286 1
88287 0
88288 2
88289 1
88290 0
88291 2
88292 1
88293 0
88294 2
88295 1
88296 2
88297 1
88298 2
88299 0
88300 1
88301 2
88302 0
88303 2
88304 1
88305 0
88306 1
88307 0
88308 2
88309 0
88310 2
88311 1
88312 0
88313 2
88314 1
88315 2
88316 0
88317 1
88318 0
88319 2
88320 3
88321 1
88322 2
88323 0
88324 1
88325 0
88326 1
88327 0
88328 2
88329 1
88330 0
88331 1
88332 0
88333 1
88334 2
88335 0
88336 3
88337 2
88338 0
88339 1
88340 0
88341 1
88342 2
88343 1
88344 2
88345 3
88346 1
88347 0
88348 1
88349 2
88350 0
88351 2
88352 1
88353 0
88354 1
88355 0
88356 1
88357 2
88358 3
88359 0
88360 2
88361 1
88362 0
88363 1
88364 2
88365 0
88366 1
88367 0
88368 2
88369 0
88370 1
88371 0
88372 2
88373 1
88374 0
88375 2
88376 0
88377 2
88378 0
88379 3
88380 2
88381 1
88382 0
88383 1
88384 0
88385 1
88386 0
88387 1
88388 0
88389 2
88390 1
88391 0
88392 1
88393 0
88394 2
88395 1
88396 0
88397 2
88398 1
88399 0
88400 3
88401 2
88402 0
88403 3
88404 1
88405 2
88406 3
88407 1
88408 2
88409 0
88410 2
88411 3
88412 1
88413 0
88414 1
88415 2
88416 0
88417 2
88418 1
88419 0
88420 2
88421 1
88422 0
88423 1
88424 2
88425 1
88426 2
88427 1
88428 0
88429 2
88430 1
88431 0
88432 2
88433 1
88434 2
88435 0
88436 1
88437 0
88438 2
88439 0
88440 1
88441 2
88442 3
88443 0
88444 1
88445 0
88446 2
88447 0
88448 2
88449 1
88450 2
88451 0
88452 1
88453 0
88454 1
88455 0
88456 1
88457 0
88458 1
88459 0
88460 1
88461 0
88462 1
88463 0
88464 3
88465 2
88466 0
88467 1
88468 2
88469 0
88470 2
88471 0
88472 2
88473 3
88474 1
88475 0
88476 1
88477 2
88478 0
88479 2
88480 1
88481 0
88482 1
88483 2
88484 1
88485 0
88486 1
88487 0
88488 1
88489 0
88490 2
88491 1
88492 3
88493 0
88494 1
88495 0
88496 1
88497 0
88498 1
88499 2
88500 3
88501 1
88502 0
88503 1
88504 2
88505 1
88506 0
88507 1
88508 0
88509 2
88510 0
88511 1
88512 0
88513 2
88514 1
88515 2
88516 3
88517 1
88518 0
88519 1
88520 0
88521 3
88522 0
88523 1
88524 0
88525 1
88526 2
88527 1
88528 0
88529 1
88530 3
88531 2
88532 1
88533 0
88534 1
88535 0
88536 1
88537 2
88538 0
88539 2
88540 1
88541 3
88542 1
88543 0
88544 2
88545 1
88546 0
88547 2
88548 0
88549 2
88550 1
88551 0
88552 1
88553 0
88554 2
88555 1
88556 2
88557 1
88558 0
88559 2
88560 0
88561 1
88562 0
88563 1
88564 0
88565 2
88566 1
88567 2
88568 0
88569 2
88570 1
88571 2
88572 0
88573 1
88574 2
88575 0
88576 2
88577 1
88578 0
88579 2
88580 1
88581 0
88582 2
88583 1
88584 0
88585 2
88586 1
88587 0
88588 1
88589 2
88590 0
88591 1
88592 2
88593 1
88594 0
88595 2
88596 1
88597 2
88598 3
88599 1
88600 3
88601 2
88602 1
88603 0
88604 2
88605 1
88606 3
88607 2
88608 1
88609 2
88610 0
88611 1
88612 2
88613 0
88614 1
88615 2
88616 3
88617 1
88618 2
88619 0
88620 2
88621 1
88622 2
88623 0
88624 1
88625 2
88626 0
88627 2
88628 3
88629 0
88630 2
88631 1
88632 0
88633 2
88634 1
88635 2
88636 1
88637 3
88638 2
88639 1
88640 0
88641 1
88642 2
88643 0
88644 1
88645 0
88646 1
88647 2
88648 0
88649 2
88650 1
88651 0
88652 1
88653 2
88654 0
88655 1
88656 2
88657 0
88658 2
88659 1
88660 0
88661 1
88662 2
88663 1
88664 0
88665 2
88666 3
88667 1
88668 0
88669 2
88670 3
88671 0
88672 1
88673 0
88674 1
88675 0
88676 2
88677 1
88678 2
88679 0
88680 2
88681 0
88682 2
88683 1
88684 2
88685 0
88686 1
88687 0
88688 1
88689 2
88690 1
88691 2
88692 0
88693 2
88694 1
88695 2
88696 0
88697 1
88698 0
88699 2
88700 1
88701 2
88702 1
88703 2
88704 0
88705 1
88706 2
88707 3
88708 1
88709 2
88710 0
88711 1
88712 2
88713 1
88714 2
88715 0
88716 1
88717 0
88718 2
88719 1
88720 0
88721 1
88722 2
88723 3
88724 0
88725 2
88726 1
88727 2
88728 0
88729 2
88730 1
88731 2
88732 3
88733 0
88734 2
88735 3
88736 1
88737 2
88738 1
88739 0
88740 1
88741 0
88742 3
88743 1
88744 0
88745 1
88746 2
88747 1
88748 0
88749 1
88750 0
88751 2
88752 1
88753 0
88754 1
88755 0
88756 1
88757 0
88758 1
88759 0
88760 1
88761 2
88762 0
88763 1
88764 2
88765 0
88766 1
88767 0
88768 1
88769 0
88770 1
88771 0
88772 2
88773 1
88774 2
88775 1
88776 0
88777 1
88778 0
88779 1
88780 0
88781 1
88782 2
88783 3
88784 0
88785 1
88786 2
88787 1
88788 2
88789 0
88790 1
88791 0
88792 2
88793 0
88794 2
88795 1
88796 0
88797 1
88798 0
88799 1
88800 2
88801 1
88802 2
88803 0
88804 2
88805 0
88806 1
88807 0
88808 2
88809 1
88810 2
88811 0
88812 3
88813 0
88814 2
88815 1
88816 2
88817 0
88818 3
88819 2
88820 1
88821 0
88822 2
88823 1
88824 2
88825 1
88826 0
88827 2
88828 0
88829 1
88830 0
88831 1
88832 2
88833 1
88834 2
88835 0
88836 1
88837 2
88838 0
88839 1
88840 0
88841 1
88842 0
88843 2
88844 1
88845 0
88846 1
88847 0
88848 1
88849 0
88850 2
88851 1
88852 0
88853 1
88854 0
88855 2
88856 0
88857 1
88858 3
88859 2
88860 1
88861 0
88862 2
88863 0
88864 1
88865 0
88866 2
88867 0
88868 1
88869 0
88870 1
88871 2
88872 0
88873 1
88874 0
88875 1
88876 0
88877 1
88878 0
88879 1
88880 0
88881 2
88882 1
88883 0
88884 1
88885 0
88886 2
88887 1
88888 0
88889 1
88890 2
88891 1
88892 0
88893 1
88894 0
88895 2
88896 1
88897 3
88898 0
88899 1
88900 0
88901 1
88902 0
88903 1
88904 0
88905 1
88906 2
88907 0
88908 1
88909 3
88910 1
88911 0
88912 3
88913 2
88914 3
88915 1
88916 2
88917 0
88918 1
88919 0
88920 2
88921 1
88922 3
88923 2
88924 1
88925 0
88926 1
88927 2
88928 1
88929 0
88930 1
88931 0
88932 1
88933 2
88934 3
88935 0
88936 2
88937 1
88938 0
88939 1
88940 0
88941 1
88942 0
88943 2
88944 1
88945 0
88946 1
88947 0
88948 1
88949 2
88950 0
88951 1
88952 0
88953 1
88954 2
88955 0
88956 1
88957 0
88958 1
88959 0
88960 2
88961 0
88962 2
88963 1
88964 2
88965 3
88966 0
88967 1
88968 2
88969 0
88970 2
88971 0
88972 1
88973 2
88974 3
88975 0
88976 1
88977 2
88978 0
88979 1
88980 0
88981 1
88982 2
88983 1
88984 2
88985 3
88986 0
88987 1
88988 0
88989 3
88990 1
88991 0
88992 1
88993 0
88994 2
88995 1
88996 2
88997 0
88998 1
88999 2
89000 1
89001 0
89002 3
89003 2
89004 0
89005 1
89006 0
89007 1
89008 0
89009 2
89010 0
89011 2
89012 1
89013 2
89014 1
89015 0
89016 2
89017 1
89018 2
89019 1
89020 0
89021 1
89022 0
89023 1
89024 0
89025 1
89026 0
89027 1
89028 0
89029 1
89030 0
89031 1
89032 2
89033 0
89034 1
89035 0
89036 2
89037 1
89038 0
89039 2
89040 0
89041 2
89042 1
89043 2
89044 0
89045 1
89046 0
89047 2
89048 1
89049 2
89050 0
89051 1
89052 0
89053 1
89054 2
89055 0
89056 2
89057 0
89058 1
89059 2
89060 1
89061 3
89062 2
89063 0
89064 2
89065 1
89066 0
89067 1
89068 2
89069 1
89070 2
89071 1
89072 2
89073 0
89074 2
89075 1
89076 0
89077 1
89078 2
89079 0
89080 2
89081 1
89082 2
89083 1
89084 2
89085 3
89086 1
89087 0
89088 2
89089 1
89090 2
89091 0
89092 2
89093 1
89094 0
89095 1
89096 0
89097 1
89098 2
89099 1
89100 2
89101 0
89102 2
89103 1
89104 2
89105 0
89106 2
89107 1
89108 2
89109 0
89110 1
89111 2
89112 1
89113 2
89114 1
89115 2
89116 1
89117 0
89118 1
89119 2
89120 0
89121 1
89122 0
89123 1
89124 0
89125 2
89126 1
89127 0
89128 1
89129 0
89130 1
89131 0
89132 1
89133 0
89134 1
89135 2
89136 1
89137 0
89138 3
89139 0
89140 1
89141 3
89142 0
89143 1
89144 3
89145 2
89146 1
89147 2
89148 0
89149 1
89150 2
89151 0
89152 2
89153 0
89154 2
89155 0
89156 1
89157 0
89158 1
89159 2
89160 1
89161 0
89162 2
89163 3
89164 1
89165 2
89166 0
89167 1
89168 0
89169 1
89170 2
89171 1
89172 0
89173 2
89174 3
89175 0
89176 1
89177 0
89178 1
89179 2
89180 1
89181 0
89182 1
89183 2
89184 3
89185 0
89186 2
89187 1
89188 2
89189 1
89190 2
89191 0
89192 1
89193 2
89194 0
89195 2
89196 1
89197 0
89198 2
89199 1
89200 0
89201 2
89202 0
89203 1
89204 0
89205 1
89206 0
89207 1
89208 3
89209 2
89210 3
89211 2
89212 1
89213 0
89214 1
89215 2
89216 1
89217 2
89218 0
89219 2
89220 0
89221 2
89222 0
89223 2
89224 1
89225 0
89226 2
89227 0
89228 1
89229 0
89230 1
89231 0
89232 1
89233 0
89234 1
89235 2
89236 1
89237 0
89238 2
89239 0
89240 1
89241 0
89242 2
89243 0
89244 1
89245 2
89246 1
89247 2
89248 0
89249 1
89250 2
89251 0
89252 1
89253 0
89254 1
89255 2
89256 0
89257 2
89258 1
89259 0
89260 2
89261 1
89262 2
89263 1
89264 0
89265 2
89266 1
89267 2
89268 1
89269 2
89270 0
89271 2
89272 3
89273 1
89274 2
89275 1
89276 0
89277 1
89278 2
89279 0
89280 1
89281 3
89282 1
89283 2
89284 0
89285 1
89286 2
89287 0
89288 1
89289 0
89290 1
89291 0
89292 2
89293 1
89294 0
89295 2
89296 1
89297 2
89298 1
89299 2
89300 1
89301 0
89302 2
89303 1
89304 2
89305 0
89306 2
89307 0
89308 1
89309 2
89310 1
89311 2
89312 0
89313 2
89314 1
89315 2
89316 1
89317 0
89318 2
89319 3
89320 1
89321 0
89322 2
89323 1
89324 0
89325 2
89326 1
89327 0
89328 2
89329 1
89330 0
89331 2
89332 1
89333 0
89334 2
89335 1
89336 0
89337 2
89338 0
89339 1
89340 2
89341 0
89342 1
89343 0
89344 1
89345 2
89346 1
89347 2
89348 3
89349 1
89350 2
89351 3
89352 1
89353 2
89354 1
89355 0
89356 2
89357 3
89358 1
89359 2
89360 0
89361 1
89362 0
89363 1
89364 2
89365 0
89366 1
89367 0
89368 1
89369 0
89370 1
89371 0
89372 1
89373 0
89374 2
89375 0
89376 1
89377 0
89378 1
89379 0
89380 2
89381 1
89382 0
89383 1
89384 2
89385 0
89386 2
89387 0
89388 2
89389 3
89390 1
89391 0
89392 1
89393 0
89394 2
89395 0
89396 2
89397 1
89398 2
89399 1
89400 0
89401 3
89402 1
89403 2
89404 1
89405 2
89406 1
89407 2
89408 0
89409 1
89410 0
89411 2
89412 1
89413 2
89414 0
89415 1
89416 2
89417 1
89418 3
89419 2
89420 1
89421 2
89422 0
89423 1
89424 0
89425 1
89426 0
89427 2
89428 1
89429 2
89430 1
89431 3
89432 0
89433 1
89434 2
89435 1
89436 0
89437 1
89438 2
89439 3
89440 1
89441 2
89442 1
89443 0
89444 1
89445 0
89446 2
89447 1
89448 0
89449 1
89450 2
89451 3
89452 1
89453 0
89454 1
89455 0
89456 2
89457 1
89458 2
89459 0
89460 1
89461 2
89462 1
89463 0
89464 1
89465 0
89466 1
89467 3
89468 1
89469 3
89470 2
89471 3
89472 0
89473 1
89474 0
89475 1
89476 0
89477 1
89478 3
89479 2
89480 1
89481 2
89482 0
89483 1
89484 0
89485 2
89486 0
89487 2
89488 1
89489 2
89490 1
89491 0
89492 1
89493 2
89494 1
89495 0
89496 1
89497 2
89498 0
89499 1
89500 0
89501 2
89502 0
89503 2
89504 0
89505 1
89506 0
89507 2
89508 3
89509 1
89510 0
89511 2
89512 1
89513 0
89514 2
89515 1
89516 2
89517 0
89518 1
89519 0
89520 1
89521 0
89522 2
89523 1
89524 0
89525 2
89526 1
89527 2
89528 0
89529 2
89530 1
89531 0
89532 1
89533 0
89534 2
89535 1
89536 0
89537 1
89538 2
89539 0
89540 1
89541 0
89542 1
89543 0
89544 2
89545 1
89546 0
89547 1
89548 2
89549 3
89550 0
89551 1
89552 0
89553 2
89554 1
89555 0
89556 2
89557 1
89558 2
89559 1
89560 0
89561 1
89562 2
89563 0
89564 1
89565 2
89566 1
89567 0
89568 2
89569 0
89570 1
89571 2
89572 0
89573 1
89574 0
89575 1
89576 0
89577 2
89578 3
89579 0
89580 2
89581 3
89582 1
89583 2
89584 3
89585 0
89586 1
89587 2
89588 0
89589 1
89590 2
89591 0
89592 1
89593 0
89594 3
89595 1
89596 0
89597 1
89598 2
89599 1
89600 0
89601 2
89602 3
89603 4
89604 2
89605 0
89606 2
89607 0
89608 1
89609 0
89610 1
89611 0
89612 1
89613 2
89614 1
89615 0
89616 2
89617 0
89618 2
89619 0
89620 2
89621 1
89622 0
89623 2
89624 0
89625 1
89626 2
89627 1
89628 3
89629 0
89630 3
89631 2
89632 1
89633 2
89634 0
89635 1
89636 0
89637 1
89638 3
89639 0
89640 3
89641 1
89642 0
89643 1
89644 0
89645 1
89646 0
89647 1
89648 0
89649 2
89650 1
89651 2
89652 3
89653 1
89654 0
89655 1
89656 2
89657 1
89658 0
89659 1
89660 2
89661 0
89662 1
89663 3
89664 2
89665 0
89666 2
89667 0
89668 2
89669 0
89670 2
89671 1
89672 0
89673 1
89674 2
89675 0
89676 1
89677 0
89678 1
89679 0
89680 2
89681 1
89682 0
89683 1
89684 2
89685 0
89686 2
89687 1
89688 0
89689 2
89690 3
89691 1
89692 0
89693 1
89694 2
89695 1
89696 0
89697 1
89698 2
89699 1
89700 0
89701 2
89702 0
89703 2
89704 3
89705 0
89706 2
89707 0
89708 2
89709 3
89710 1
89711 0
89712 2
89713 1
89714 2
89715 1
89716 2
89717 1
89718 0
89719 1
89720 0
89721 2
89722 1
89723 0
89724 1
89725 3
89726 0
89727 1
89728 2
89729 1
89730 0
89731 2
89732 0
89733 1
89734 2
89735 1
89736 2
89737 0
89738 2
89739 1
89740 0
89741 2
89742 1
89743 2
89744 0
89745 1
89746 0
89747 2
89748 0
89749 1
89750 2
89751 1
89752 0
89753 2
89754 0
89755 1
89756 2
89757 1
89758 0
89759 2
89760 1
89761 2
89762 0
89763 1
89764 2
89765 0
89766 1
89767 0
89768 1
89769 3
89770 2
89771 1
89772 0
89773 2
89774 1
89775 0
89776 3
89777 2
89778 0
89779 2
89780 1
89781 0
89782 1
89783 3
89784 0
89785 1
89786 2
89787 0
89788 2
89789 1
89790 0
89791 1
89792 0
89793 2
89794 0
89795 1
89796 3
89797 2
89798 0
89799 2
89800 0
89801 1
89802 2
89803 1
89804 0
89805 1
89806 3
89807 2
89808 0
89809 1
89810 0
89811 2
89812 1
89813 2
89814 0
89815 2
89816 0
89817 1
89818 2
89819 0
89820 1
89821 2
89822 0
89823 2
89824 1
89825 2
89826 0
89827 2
89828 1
89829 0
89830 1
89831 0
89832 2
89833 1
89834 0
89835 1
89836 0
89837 2
89838 0
89839 1
89840 0
89841 1
89842 0
89843 2
89844 0
89845 1
89846 2
89847 0
89848 2
89849 0
89850 1
89851 2
89852 0
89853 1
89854 2
89855 1
89856 0
89857 1
89858 0
89859 1
89860 0
89861 2
89862 1
89863 0
89864 2
89865 0
89866 1
89867 0
89868 1
89869 0
89870 1
89871 0
89872 1
89873 0
89874 2
89875 1
89876 0
89877 2
89878 1
89879 0
89880 3
89881 1
89882 2
89883 1
89884 2
89885 0
89886 2
89887 3
89888 1
89889 2
89890 0
89891 1
89892 2
89893 3
89894 1
89895 2
89896 1
89897 0
89898 1
89899 0
89900 2
89901 1
89902 0
89903 1
89904 0
89905 2
89906 1
89907 2
89908 1
89909 0
89910 1
89911 2
89912 0
89913 2
89914 1
89915 0
89916 2
89917 3
89918 1
89919 2
89920 0
89921 1
89922 0
89923 1
89924 0
89925 1
89926 2
89927 0
89928 2
89929 0
89930 1
89931 2
89932 0
89933 1
89934 0
89935 2
89936 1
89937 2
89938 0
89939 1
89940 0
89941 1
89942 2
89943 1
89944 0
89945 3
89946 1
89947 2
89948 0
89949 2
89950 0
89951 2
89952 1
89953 0
89954 1
89955 2
89956 0
89957 1
89958 3
89959 1
89960 0
89961 1
89962 2
89963 1
89964 3
89965 1
89966 2
89967 1
89968 2
89969 1
89970 0
89971 2
89972 1
89973 0
89974 2
89975 1
89976 0
89977 1
89978 0
89979 2
89980 1
89981 0
89982 1
89983 0
89984 1
89985 0
89986 1
89987 2
89988 0
89989 1
89990 0
89991 1
89992 0
89993 1
89994 2
89995 3
89996 1
89997 0
89998 1
89999 0
90000 2
90001 0
90002 3
90003 2
90004 1
90005 0
90006 2
90007 1
90008 2
90009 0
90010 2
90011 0
90012 1
90013 0
90014 3
90015 2
90016 0
90017 1
90018 2
90019 1
90020 0
90021 2
90022 0
90023 1
90024 2
90025 0
90026 2
90027 0
90028 1
90029 2
90030 1
90031 0
90032 2
90033 0
90034 1
90035 3
90036 2
90037 0
90038 2
90039 0
90040 2
90041 0
90042 3
90043 2
90044 0
90045 1
90046 0
90047 3
90048 1
90049 0
90050 2
90051 1
90052 0
90053 1
90054 0
90055 1
90056 0
90057 2
90058 1
90059 2
90060 1
90061 0
90062 1
90063 0
90064 2
90065 3
90066 1
90067 0
90068 1
90069 0
90070 1
90071 0
90072 1
90073 2
90074 1
90075 2
90076 0
90077 1
90078 3
90079 0
90080 1
90081 2
90082 0
90083 1
90084 2
90085 1
90086 2
90087 1
90088 0
90089 1
90090 0
90091 2
90092 1
90093 0
90094 1
90095 0
90096 1
90097 2
90098 1
90099 2
90100 0
90101 1
90102 0
90103 1
90104 0
90105 2
90106 0
90107 1
90108 0
90109 1
90110 0
90111 1
90112 3
90113 2
90114 0
90115 1
90116 2
90117 3
90118 1
90119 0
90120 2
90121 3
90122 2
90123 1
90124 0
90125 1
90126 2
90127 0
90128 1
90129 2
90130 1
90131 2
90132 1
90133 0
90134 1
90135 2
90136 3
90137 0
90138 2
90139 0
90140 1
90141 3
90142 0
90143 1
90144 2
90145 0
90146 1
90147 0
90148 2
90149 1
90150 0
90151 1
90152 2
90153 0
90154 3
90155 0
90156 1
90157 0
90158 1
90159 0
90160 1
90161 0
90162 1
90163 2
90164 1
90165 3
90166 2
90167 1
90168 2
90169 0
90170 1
90171 2
90172 1
90173 0
90174 1
90175 2
90176 0
90177 2
90178 0
90179 1
90180 2
90181 1
90182 0
90183 1
90184 0
90185 2
90186 0
90187 2
90188 1
90189 0
90190 1
90191 2
90192 0
90193 1
90194 0
90195 2
90196 1
90197 2
90198 0
90199 2
90200 0
90201 1
90202 2
90203 1
90204 2
90205 3
90206 0
90207 3
90208 2
90209 3
90210 1
90211 2
90212 0
90213 3
90214 1
90215 0
90216 1
90217 0
90218 2
90219 3
90220 1
90221 2
90222 0
90223 1
90224 2
90225 3
90226 1
90227 2
90228 1
90229 2
90230 1
90231 0
90232 1
90233 2
90234 1
90235 2
90236 0
90237 2
90238 3
90239 0
90240 2
90241 1
90242 0
90243 2
90244 1
90245 0
90246 1
90247 2
90248 0
90249 2
90250 1
90251 2
90252 0
90253 1
90254 0
90255 2
90256 1
90257 2
90258 0
90259 1
90260 2
90261 0
90262 1
90263 0
90264 1
90265 0
90266 1
90267 2
90268 0
90269 1
90270 2
90271 1
90272 2
90273 3
90274 1
90275 2
90276 1
90277 2
90278 0
90279 2
90280 0
90281 1
90282 2
90283 0
90284 2
90285 1
90286 2
90287 0
90288 1
90289 0
90290 1
90291 2
90292 0
90293 1
90294 0
90295 2
90296 1
90297 2
90298 3
90299 1
90300 0
90301 2
90302 0
90303 1
90304 0
90305 1
90306 0
90307 2
90308 3
90309 2
90310 0
90311 2
90312 3
90313 0
90314 2
90315 0
90316 1
90317 0
90318 2
90319 3
90320 1
90321 0
90322 1
90323 2
90324 1
90325 0
90326 1
90327 2
90328 1
90329 0
90330 2
90331 1
90332 0
90333 1
90334 3
90335 1
90336 2
90337 0
90338 1
90339 2
90340 0
90341 1
90342 2
90343 0
90344 1
90345 0
90346 1
90347 2
90348 1
90349 0
90350 2
90351 1
90352 0
90353 1
90354 2
90355 1
90356 2
90357 0
90358 1
90359 0
90360 1
90361 0
90362 1
90363 0
90364 2
90365 0
90366 2
90367 1
90368 0
90369 2
90370 1
90371 0
90372 1
90373 2
90374 3
90375 0
90376 1
90377 2
90378 0
90379 2
90380 0
90381 2
90382 1
90383 0
90384 3
90385 1
90386 2
90387 0
90388 2
90389 1
90390 2
90391 0
90392 1
90393 0
90394 1
90395 3
90396 1
90397 2
90398 1
90399 0
90400 1
90401 2
90402 0
90403 1
90404 0
90405 2
90406 1
90407 2
90408 0
90409 1
90410 0
90411 2
90412 1
90413 0
90414 2
90415 1
90416 2
90417 1
90418 0
90419 1
90420 2
90421 0
90422 1
90423 3
90424 1
90425 0
90426 2
90427 1
90428 0
90429 2
90430 1
90431 2
90432 1
90433 2
90434 0
90435 2
90436 0
90437 2
90438 1
90439 3
90440 1
90441 2
90442 1
90443 2
90444 1
90445 2
90446 0
90447 2
90448 0
90449 1
90450 0
90451 1
90452 0
90453 2
90454 0
90455 3
90456 1
90457 0
90458 2
90459 1
90460 2
90461 1
90462 3
90463 0
90464 1
90465 2
90466 0
90467 2
90468 0
90469 2
90470 1
90471 0
90472 1
90473 2
90474 0
90475 2
90476 1
90477 2
90478 3
90479 1
90480 2
90481 0
90482 2
90483 0
90484 1
90485 2
90486 0
90487 1
90488 2
90489 0
90490 2
90491 1
90492 0
90493 2
90494 1
90495 2
90496 0
90497 2
90498 1
90499 0
90500 1
90501 0
90502 1
90503 2
90504 1
90505 2
90506 1
90507 2
90508 0
90509 2
90510 1
90511 0
90512 1
90513 0
90514 2
90515 0
90516 2
90517 1
90518 0
90519 1
90520 2
90521 0
90522 1
90523 2
90524 0
90525 2
90526 0
90527 1
90528 0
90529 1
90530 0
90531 1
90532 0
90533 1
90534 3
90535 0
90536 1
90537 2
90538 0
90539 1
90540 2
90541 0
90542 2
90543 1
90544 0
90545 2
90546 1
90547 3
90548 1
90549 2
90550 3
90551 2
90552 1
90553 2
90554 0
90555 1
90556 2
90557 1
90558 2
90559 0
90560 1
90561 3
90562 2
90563 3
90564 0
90565 1
90566 3
90567 2
90568 0
90569 1
90570 0
90571 1
90572 2
90573 3
90574 0
90575 1
90576 0
90577 2
90578 1
90579 2
90580 0
90581 2
90582 1
90583 2
90584 3
90585 1
90586 0
90587 2
90588 1
90589 0
90590 1
90591 0
90592 2
90593 3
90594 1
90595 0
90596 2
90597 1
90598 2
90599 1
90600 2
90601 1
90602 0
90603 2
90604 0
90605 1
90606 2
90607 0
90608 1
90609 0
90610 3
90611 1
90612 0
90613 2
90614 3
90615 1
90616 0
90617 2
90618 0
90619 2
90620 1
90621 0
90622 1
90623 2
90624 1
90625 0
90626 2
90627 3
90628 1
90629 2
90630 1
90631 2
90632 0
90633 1
90634 0
90635 1
90636 2
90637 0
90638 2
90639 1
90640 2
90641 1
90642 0
90643 2
90644 0
90645 1
90646 0
90647 1
90648 2
90649 0
90650 2
90651 0
90652 1
90653 2
90654 0
90655 1
90656 0
90657 1
90658 2
90659 1
90660 0
90661 1
90662 2
90663 0
90664 2
90665 1
90666 2
90667 0
90668 1
90669 0
90670 1
90671 0
90672 1
90673 0
90674 2
90675 1
90676 2
90677 1
90678 0
90679 2
90680 1
90681 0
90682 1
90683 0
90684 1
90685 0
90686 1
90687 3
90688 2
90689 1
90690 2
90691 1
90692 0
90693 2
90694 1
90695 0
90696 1
90697 0
90698 2
90699 1
90700 0
90701 2
90702 1
90703 2
90704 0
90705 1
90706 0
90707 1
90708 0
90709 2
90710 1
90711 0
90712 1
90713 3
90714 2
90715 0
90716 3
90717 4
90718 0
90719 1
90720 3
90721 2
90722 1
90723 0
90724 2
90725 0
90726 2
90727 1
90728 2
90729 1
90730 2
90731 0
90732 2
90733 1
90734 2
90735 0
90736 2
90737 1
90738 3
90739 2
90740 1
90741 2
90742 0
90743 2
90744 1
90745 2
90746 1
90747 0
90748 1
90749 2
90750 1
90751 0
90752 2
90753 1
90754 2
90755 0
90756 3
90757 2
90758 1
90759 0
90760 2
90761 1
90762 0
90763 1
90764 3
90765 2
90766 1
90767 2
90768 1
90769 2
90770 1
90771 2
90772 3
90773 1
90774 0
90775 2
90776 1
90777 2
90778 0
90779 1
90780 0
90781 3
90782 0
90783 2
90784 1
90785 0
90786 1
90787 0
90788 2
90789 0
90790 1
90791 0
90792 2
90793 0
90794 2
90795 0
90796 1
90797 2
90798 0
90799 1
90800 2
90801 1
90802 0
90803 1
90804 3
90805 1
90806 2
90807 3
90808 1
90809 2
90810 1
90811 2
90812 0
90813 2
90814 1
90815 2
90816 0
90817 1
90818 2
90819 3
90820 0
90821 1
90822 0
90823 2
90824 1
90825 2
90826 0
90827 1
90828 0
90829 3
90830 2
90831 0
90832 1
90833 2
90834 0
90835 1
90836 2
90837 0
90838 3
90839 2
90840 1
90841 2
90842 0
90843 1
90844 3
90845 2
90846 3
90847 2
90848 0
90849 2
90850 1
90851 3
90852 2
90853 3
90854 0
90855 2
90856 1
90857 0
90858 1
90859 0
90860 1
90861 0
90862 1
90863 0
90864 1
90865 2
90866 0
90867 2
90868 1
90869 2
90870 1
90871 2
90872 1
90873 0
90874 2
90875 0
90876 3
90877 1
90878 2
90879 0
90880 2
90881 1
90882 0
90883 2
90884 3
90885 0
90886 1
90887 2
90888 1
90889 0
90890 2
90891 1
90892 0
90893 2
90894 0
90895 2
90896 0
90897 1
90898 2
90899 0
90900 1
90901 0
90902 2
90903 3
90904 0
90905 2
90906 0
90907 2
90908 3
90909 0
90910 1
90911 2
90912 1
90913 2
90914 0
90915 2
90916 3
90917 1
90918 0
90919 1
90920 2
90921 0
90922 2
90923 0
90924 2
90925 0
90926 1
90927 0
90928 1
90929 2
90930 1
90931 3
90932 2
90933 1
90934 2
90935 0
90936 2
90937 1
90938 2
90939 0
90940 2
90941 0
90942 2
90943 1
90944 2
90945 0
90946 2
90947 1
90948 2
90949 0
90950 1
90951 3
90952 2
90953 0
90954 1
90955 2
90956 1
90957 2
90958 3
90959 1
90960 2
90961 3
90962 1
90963 0
90964 2
90965 0
90966 2
90967 0
90968 1
90969 0
90970 2
90971 1
90972 2
90973 0
90974 3
90975 1
90976 0
90977 2
90978 1
90979 2
90980 0
90981 1
90982 2
90983 0
90984 1
90985 2
90986 0
90987 1
90988 2
90989 0
90990 1
90991 3
90992 2
90993 0
90994 2
90995 1
90996 2
90997 0
90998 1
90999 0
91000 3
91001 2
91002 0
91003 2
91004 0
91005 2
91006 1
91007 2
91008 0
91009 2
91010 0
91011 2
91012 1
91013 2
91014 1
91015 2
91016 0
91017 2
91018 1
91019 2
91020 0
91021 2
91022 1
91023 0
91024 1
91025 2
91026 3
91027 0
91028 3
91029 2
91030 3
91031 0
91032 2
91033 0
91034 1
91035 2
91036 0
91037 1
91038 0
91039 1
91040 0
91041 1
91042 2
91043 1
91044 0
91045 1
91046 0
91047 1
91048 2
91049 1
91050 0
91051 1
91052 0
91053 3
91054 2
91055 0
91056 1
91057 0
91058 3
91059 1
91060 0
91061 1
91062 0
91063 2
91064 1
91065 0
91066 1
91067 0
91068 1
91069 2
91070 1
91071 2
91072 0
91073 1
91074 2
91075 0
91076 2
91077 0
91078 2
91079 0
91080 2
91081 1
91082 3
91083 1
91084 0
91085 1
91086 0
91087 3
91088 2
91089 0
91090 1
91091 2
91092 0
91093 1
91094 0
91095 1
91096 2
91097 1
91098 0
91099 2
91100 1
91101 0
91102 1
91103 0
91104 1
91105 2
91106 1
91107 0
91108 1
91109 2
91110 3
91111 0
91112 1
91113 0
91114 2
91115 0
91116 1
91117 2
91118 3
91119 0
91120 1
91121 2
91122 0
91123 2
91124 1
91125 0
91126 1
91127 2
91128 1
91129 0
91130 1
91131 0
91132 2
91133 1
91134 2
91135 1
91136 0
91137 3
91138 1
91139 0
91140 2
91141 1
91142 2
91143 1
91144 2
91145 0
91146 1
91147 2
91148 0
91149 1
91150 0
91151 1
91152 0
91153 1
91154 0
91155 1
91156 4
91157 3
91158 1
91159 0
91160 2
91161 1
91162 2
91163 0
91164 1
91165 2
91166 3
91167 1
91168 0
91169 1
91170 0
91171 1
91172 0
91173 1
91174 0
91175 1
91176 2
91177 1
91178 0
91179 1
91180 2
91181 0
91182 2
91183 0
91184 1
91185 0
91186 1
91187 0
91188 1
91189 0
91190 1
91191 0
91192 2
91193 0
91194 2
91195 3
91196 1
91197 0
91198 1
91199 2
91200 0
91201 1
91202 0
91203 2
91204 1
91205 0
91206 2
91207 0
91208 1
91209 2
91210 1
91211 2
91212 1
91213 0
91214 1
91215 2
91216 3
91217 1
91218 2
91219 3
91220 2
91221 0
91222 2
91223 0
91224 1
91225 3
91226 0
91227 2
91228 0
91229 1
91230 2
91231 0
91232 2
91233 3
91234 1
91235 2
91236 0
91237 1
91238 2
91239 1
91240 2
91241 1
91242 0
91243 2
91244 1
91245 0
91246 2
91247 1
91248 0
91249 3
91250 0
91251 1
91252 2
91253 1
91254 0
91255 1
91256 0
91257 2
91258 1
91259 0
91260 1
91261 2
91262 0
91263 2
91264 0
91265 1
91266 0
91267 1
91268 0
91269 1
91270 0
91271 1
91272 0
91273 1
91274 2
91275 1
91276 0
91277 3
91278 2
91279 1
91280 0
91281 1
91282 2
91283 0
91284 1
91285 0
91286 1
91287 2
91288 0
91289 2
91290 1
91291 2
91292 3
91293 0
91294 2
91295 1
91296 3
91297 1
91298 2
91299 1
91300 2
91301 1
91302 2
91303 0
91304 1
91305 2
91306 0
91307 2
91308 3
91309 1
91310 2
91311 0
91312 3
91313 1
91314 0
91315 1
91316 0
91317 1
91318 0
91319 3
91320 2
91321 1
91322 2
91323 3
91324 1
91325 2
91326 0
91327 1
91328 2
91329 0
91330 2
91331 1
91332 2
91333 0
91334 2
91335 0
91336 3
91337 2
91338 1
91339 2
91340 1
91341 2
91342 0
91343 1
91344 0
91345 2
91346 3
91347 0
91348 1
91349 2
91350 0
91351 2
91352 3
91353 1
91354 0
91355 1
91356 2
91357 1
91358 2
91359 0
91360 2
91361 0
91362 2
91363 0
91364 1
91365 0
91366 1
91367 0
91368 2
91369 0
91370 2
91371 1
91372 0
91373 1
91374 2
91375 0
91376 2
91377 1
91378 3
91379 2
91380 3
91381 0
91382 3
91383 2
91384 3
91385 0
91386 1
91387 2
91388 1
91389 0
91390 1
91391 0
91392 1
91393 2
91394 0
91395 1
91396 2
91397 0
91398 1
91399 0
91400 2
91401 0
91402 1
91403 2
91404 0
91405 1
91406 0
91407 2
91408 0
91409 1
91410 0
91411 1
91412 2
91413 0
91414 2
91415 1
91416 0
91417 2
91418 3
91419 0
91420 1
91421 0
91422 2
91423 3
91424 0
91425 2
91426 0
91427 1
91428 2
91429 0
91430 3
91431 1
91432 3
91433 2
91434 1
91435 2
91436 0
91437 2
91438 1
91439 2
91440 1
91441 3
91442 0
91443 2
91444 1
91445 0
91446 1
91447 2
91448 1
91449 0
91450 1
91451 2
91452 0
91453 1
91454 0
91455 1
91456 3
91457 0
91458 2
91459 1
91460 3
91461 2
91462 1
91463 0
91464 2
91465 0
91466 1
91467 0
91468 1
91469 0
91470 3
91471 2
91472 0
91473 1
91474 0
91475 1
91476 0
91477 1
91478 2
91479 3
91480 1
91481 0
91482 1
91483 0
91484 1
91485 2
91486 1
91487 2
91488 0
91489 2
91490 0
91491 1
91492 2
91493 1
91494 2
91495 3
91496 1
91497 0
91498 2
91499 1
91500 0
91501 2
91502 1
91503 2
91504 3
91505 0
91506 1
91507 3
91508 2
91509 0
91510 2
91511 3
91512 0
91513 2
91514 1
91515 2
91516 0
91517 1
91518 0
91519 2
91520 1
91521 0
91522 2
91523 0
91524 1
91525 0
91526 1
91527 2
91528 0
91529 2
91530 1
91531 0
91532 1
91533 2
91534 0
91535 1
91536 2
91537 0
91538 2
91539 0
91540 1
91541 3
91542 0
91543 1
91544 2
91545 1
91546 0
91547 1
91548 2
91549 0
91550 1
91551 0
91552 1
91553 0
91554 1
91555 2
91556 0
91557 1
91558 0
91559 2
91560 3
91561 1
91562 0
91563 1
91564 0
91565 2
91566 1
91567 2
91568 1
91569 3
91570 1
91571 0
91572 2
91573 0
91574 1
91575 0
91576 2
91577 1
91578 2
91579 1
91580 2
91581 0
91582 1
91583 3
91584 0
91585 2
91586 0
91587 1
91588 2
91589 0
91590 1
91591 0
91592 2
91593 0
91594 2
91595 1
91596 2
91597 1
91598 0
91599 2
91600 1
91601 2
91602 1
91603 0
91604 1
91605 2
91606 1
91607 0
91608 1
91609 0
91610 1
91611 2
91612 1
91613 0
91614 1
91615 3
91616 2
91617 0
91618 2
91619 1
91620 2
91621 1
91622 2
91623 0
91624 1
91625 0
91626 3
91627 2
91628 1
91629 0
91630 2
91631 0
91632 1
91633 2
91634 0
91635 1
91636 3
91637 2
91638 1
91639 2
91640 1
91641 3
91642 1
91643 2
91644 3
91645 2
91646 1
91647 2
91648 0
91649 1
91650 3
91651 2
91652 0
91653 1
91654 2
91655 0
91656 1
91657 2
91658 0
91659 2
91660 0
91661 1
91662 0
91663 1
91664 2
91665 1
91666 0
91667 1
91668 0
91669 1
91670 3
91671 0
91672 2
91673 1
91674 0
91675 1
91676 3
91677 1
91678 2
91679 1
91680 0
91681 1
91682 0
91683 3
91684 2
91685 1
91686 3
91687 2
91688 3
91689 1
91690 2
91691 1
91692 2
91693 0
91694 1
91695 0
91696 1
91697 2
91698 0
91699 1
91700 0
91701 1
91702 3
91703 0
91704 3
91705 2
91706 3
91707 1
91708 0
91709 1
91710 2
91711 0
91712 1
91713 0
91714 2
91715 0
91716 1
91717 0
91718 1
91719 2
91720 0
91721 1
91722 2
91723 1
91724 0
91725 1
91726 0
91727 1
91728 2
91729 1
91730 2
91731 1
91732 0
91733 2
91734 0
91735 1
91736 0
91737 1
91738 0
91739 1
91740 2
91741 0
91742 2
91743 0
91744 2
91745 0
91746 1
91747 0
91748 1
91749 0
91750 1
91751 0
91752 2
91753 0
91754 2
91755 1
91756 0
91757 1
91758 0
91759 2
91760 1
91761 0
91762 3
91763 1
91764 2
91765 3
91766 0
91767 1
91768 2
91769 0
91770 2
91771 0
91772 1
91773 0
91774 2
91775 0
91776 2
91777 1
91778 0
91779 1
91780 0
91781 2
91782 1
91783 0
91784 1
91785 3
91786 1
91787 0
91788 1
91789 3
91790 2
91791 0
91792 1
91793 2
91794 0
91795 2
91796 1
91797 2
91798 3
91799 1
91800 0
91801 2
91802 1
91803 2
91804 0
91805 1
91806 2
91807 0
91808 1
91809 2
91810 1
91811 0
91812 2
91813 0
91814 1
91815 2
91816 1
91817 2
91818 1
91819 2
91820 0
91821 1
91822 0
91823 1
91824 2
91825 0
91826 2
91827 1
91828 2
91829 0
91830 2
91831 0
91832 1
91833 2
91834 0
91835 1
91836 2
91837 1
91838 2
91839 0
91840 1
91841 0
91842 1
91843 0
91844 2
91845 0
91846 1
91847 0
91848 3
91849 1
91850 3
91851 2
91852 0
91853 2
91854 0
91855 2
91856 1
91857 0
91858 1
91859 0
91860 2
91861 0
91862 1
91863 2
91864 1
91865 2
91866 0
91867 2
91868 1
91869 0
91870 3
91871 0
91872 1
91873 0
91874 2
91875 0
91876 1
91877 0
91878 2
91879 0
91880 3
91881 0
91882 1
91883 3
91884 0
91885 1
91886 0
91887 1
91888 0
91889 2
91890 1
91891 0
91892 2
91893 1
91894 2
91895 3
91896 2
91897 0
91898 2
91899 3
91900 1
91901 2
91902 0
91903 2
91904 1
91905 0
91906 2
91907 1
91908 0
91909 2
91910 1
91911 2
91912 1
91913 0
91914 1
91915 0
91916 2
91917 0
91918 1
91919 0
91920 1
91921 2
91922 1
91923 0
91924 1
91925 2
91926 0
91927 1
91928 3
91929 0
91930 1
91931 0
91932 2
91933 1
91934 0
91935 1
91936 0
91937 2
91938 1
91939 0
91940 2
91941 3
91942 1
91943 0
91944 1
91945 2
91946 0
91947 1
91948 2
91949 0
91950 1
91951 2
91952 1
91953 2
91954 1
91955 0
91956 1
91957 2
91958 0
91959 1
91960 0
91961 1
91962 3
91963 0
91964 1
91965 0
91966 1
91967 2
91968 0
91969 2
91970 1
91971 0
91972 1
91973 2
91974 1
91975 2
91976 0
91977 2
91978 1
91979 2
91980 1
91981 2
91982 0
91983 1
91984 2
91985 0
91986 1
91987 0
91988 1
91989 2
91990 0
91991 1
91992 2
91993 3
91994 0
91995 2
91996 1
91997 0
91998 1
91999 2
92000 3
92001 0
92002 1
92003 2
92004 0
92005 2
92006 1
92007 0
92008 2
92009 0
92010 1
92011 0
92012 2
92013 1
92014 3
92015 2
92016 1
92017 0
92018 1
92019 2
92020 0
92021 2
92022 0
92023 2
92024 1
92025 2
92026 1
92027 2
92028 1
92029 0
92030 2
92031 0
92032 2
92033 1
92034 0
92035 1
92036 2
92037 3
92038 1
92039 0
92040 2
92041 1
92042 3
92043 0
92044 2
92045 1
92046 2
92047 0
92048 2
92049 0
92050 1
92051 0
92052 1
92053 2
92054 0
92055 2
92056 3
92057 0
92058 1
92059 0
92060 1
92061 0
92062 1
92063 0
92064 1
92065 0
92066 1
92067 2
92068 0
92069 2
92070 1
92071 0
92072 2
92073 1
92074 2
92075 1
92076 0
92077 1
92078 0
92079 2
92080 0
92081 1
92082 2
92083 1
92084 2
92085 1
92086 0
92087 1
92088 2
92089 1
92090 0
92091 1
92092 0
92093 1
92094 2
92095 1
92096 3
92097 1
92098 0
92099 2
92100 0
92101 2
92102 1
92103 3
92104 0
92105 1
92106 0
92107 1
92108 3
92109 2
92110 1
92111 2
92112 0
92113 2
92114 1
92115 0
92116 1
92117 2
92118 0
92119 2
92120 0
92121 3
92122 0
92123 2
92124 0
92125 1
92126 0
92127 2
92128 1
92129 0
92130 1
92131 0
92132 1
92133 2
92134 1
92135 2
92136 1
92137 2
92138 0
92139 3
92140 2
92141 0
92142 3
92143 2
92144 0
92145 3
92146 1
92147 2
92148 1
92149 0
92150 1
92151 2
92152 3
92153 1
92154 0
92155 2
92156 1
92157 0
92158 1
92159 0
92160 1
92161 0
92162 2
92163 0
92164 2
92165 0
92166 1
92167 0
92168 1
92169 2
92170 1
92171 2
92172 0
92173 2
92174 1
92175 0
92176 1
92177 2
92178 0
92179 1
92180 2
92181 1
92182 2
92183 0
92184 1
92185 3
92186 0
92187 2
92188 1
92189 0
92190 2
92191 0
92192 1
92193 2
92194 0
92195 1
92196 0
92197 1
92198 2
92199 0
92200 2
92201 0
92202 1
92203 2
92204 0
92205 1
92206 0
92207 1
92208 2
92209 0
92210 2
92211 1
92212 0
92213 1
92214 0
92215 1
92216 0
92217 2
92218 1
92219 2
92220 3
92221 1
92222 0
92223 1
92224 2
92225 0
92226 1
92227 2
92228 0
92229 1
92230 2
92231 0
92232 2
92233 1
92234 2
92235 0
92236 1
92237 0
92238 2
92239 1
92240 0
92241 1
92242 0
92243 1
92244 0
92245 3
92246 2
92247 3
92248 0
92249 2
92250 1
92251 0
92252 1
92253 3
92254 0
92255 2
92256 0
92257 1
92258 0
92259 1
92260 0
92261 2
92262 1
92263 0
92264 2
92265 0
92266 1
92267 0
92268 1
92269 3
92270 1
92271 2
92272 0
92273 1
92274 3
92275 0
92276 1
92277 2
92278 1
92279 3
92280 1
92281 0
92282 1
92283 2
92284 3
92285 0
92286 2
92287 1
92288 0
92289 2
92290 1
92291 3
92292 2
92293 0
92294 1
92295 0
92296 2
92297 1
92298 2
92299 1
92300 2
92301 0
92302 2
92303 1
92304 0
92305 1
92306 2
92307 3
92308 1
92309 2
92310 0
92311 1
92312 0
92313 2
92314 1
92315 2
92316 3
92317 1
92318 2
92319 3
92320 1
92321 2
92322 0
92323 1
92324 0
92325 2
92326 0
92327 3
92328 2
92329 1
92330 2
92331 0
92332 2
92333 1
92334 0
92335 2
92336 1
92337 0
92338 1
92339 2
92340 0
92341 1
92342 2
92343 0
92344 1
92345 0
92346 1
92347 0
92348 2
92349 1
92350 0
92351 1
92352 3
92353 0
92354 1
92355 2
92356 1
92357 2
92358 3
92359 1
92360 2
92361 1
92362 0
92363 1
92364 2
92365 0
92366 1
92367 0
92368 2
92369 3
92370 1
92371 0
92372 3
92373 2
92374 1
92375 2
92376 0
92377 2
92378 0
92379 1
92380 2
92381 1
92382 2
92383 1
92384 2
92385 0
92386 3
92387 1
92388 0
92389 1
92390 0
92391 1
92392 0
92393 1
92394 2
92395 1
92396 2
92397 0
92398 1
92399 2
92400 3
92401 1
92402 2
92403 1
92404 2
92405 0
92406 2
92407 1
92408 2
92409 1
92410 2
92411 1
92412 2
92413 0
92414 2
92415 3
92416 0
92417 2
92418 3
92419 1
92420 0
92421 1
92422 2
92423 0
92424 2
92425 3
92426 0
92427 2
92428 1
92429 2
92430 1
92431 2
92432 1
92433 0
92434 2
92435 0
92436 2
92437 1
92438 0
92439 2
92440 3
92441 0
92442 2
92443 0
92444 2
92445 1
92446 0
92447 1
92448 2
92449 1
92450 3
92451 0
92452 1
92453 2
92454 0
92455 1
92456 0
92457 3
92458 2
92459 1
92460 2
92461 1
92462 0
92463 1
92464 0
92465 2
92466 1
92467 2
92468 0
92469 2
92470 1
92471 0
92472 1
92473 2
92474 0
92475 1
92476 2
92477 0
92478 3
92479 2
92480 1
92481 0
92482 1
92483 0
92484 1
92485 2
92486 3
92487 2
92488 0
92489 1
92490 2
92491 0
92492 2
92493 0
92494 2
92495 0
92496 1
92497 0
92498 3
92499 0
92500 3
92501 0
92502 2
92503 1
92504 2
92505 1
92506 0
92507 2
92508 1
92509 0
92510 1
92511 0
92512 2
92513 1
92514 0
92515 1
92516 2
92517 3
92518 1
92519 2
92520 1
92521 2
92522 0
92523 1
92524 0
92525 1
92526 0
92527 1
92528 2
92529 1
92530 2
92531 0
92532 1
92533 0
92534 1
92535 0
92536 2
92537 0
92538 1
92539 0
92540 1
92541 2
92542 1
92543 0
92544 1
92545 0
92546 2
92547 1
92548 0
92549 1
92550 0
92551 1
92552 0
92553 3
92554 0
92555 3
92556 2
92557 1
92558 0
92559 1
92560 0
92561 1
92562 0
92563 2
92564 1
92565 0
92566 2
92567 0
92568 1
92569 0
92570 1
92571 2
92572 1
92573 0
92574 2
92575 1
92576 0
92577 2
92578 0
92579 1
92580 2
92581 0
92582 1
92583 0
92584 2
92585 1
92586 2
92587 1
92588 0
92589 1
92590 2
92591 0
92592 2
92593 1
92594 2
92595 0
92596 2
92597 1
92598 0
92599 1
92600 0
92601 2
92602 0
92603 1
92604 2
92605 1
92606 2
92607 0
92608 1
92609 0
92610 1
92611 3
92612 0
92613 1
92614 0
92615 1
92616 0
92617 2
92618 1
92619 2
92620 0
92621 2
92622 1
92623 0
92624 1
92625 0
92626 2
92627 3
92628 1
92629 2
92630 0
92631 2
92632 1
92633 0
92634 3
92635 2
92636 1
92637 2
92638 0
92639 2
92640 0
92641 2
92642 0
92643 2
92644 0
92645 1
92646 2
92647 0
92648 1
92649 0
92650 2
92651 0
92652 2
92653 1
92654 2
92655 1
92656 0
92657 1
92658 0
92659 1
92660 0
92661 1
92662 2
92663 3
92664 2
92665 0
92666 1
92667 2
92668 0
92669 1
92670 0
92671 1
92672 0
92673 2
92674 0
92675 1
92676 2
92677 0
92678 2
92679 3
92680 0
92681 1
92682 0
92683 1
92684 3
92685 4
92686 2
92687 0
92688 2
92689 1
92690 2
92691 1
92692 2
92693 0
92694 1
92695 0
92696 1
92697 0
92698 1
92699 0
92700 2
92701 1
92702 0
92703 2
92704 1
92705 2
92706 0
92707 1
92708 2
92709 0
92710 2
92711 1
92712 2
92713 3
92714 1
92715 0
92716 1
92717 2
92718 0
92719 1
92720 2
92721 1
92722 2
92723 0
92724 1
92725 2
92726 1
92727 0
92728 1
92729 2
92730 1
92731 0
92732 1
92733 2
92734 1
92735 2
92736 0
92737 1
92738 0
92739 1
92740 0
92741 2
92742 1
92743 0
92744 3
92745 1
92746 0
92747 1
92748 0
92749 1
92750 2
92751 0
92752 2
92753 1
92754 2
92755 0
92756 1
92757 2
92758 3
92759 1
92760 0
92761 2
92762 1
92763 2
92764 1
92765 2
92766 0
92767 1
92768 0
92769 2
92770 1
92771 0
92772 2
92773 0
92774 2
92775 1
92776 2
92777 1
92778 2
92779 1
92780 3
92781 1
92782 0
92783 2
92784 3
92785 0
92786 2
92787 0
92788 2
92789 0
92790 1
92791 2
92792 1
92793 2
92794 0
92795 2
92796 0
92797 2
92798 1
92799 0
92800 2
92801 0
92802 1
92803 2
92804 1
92805 0
92806 1
92807 2
92808 1
92809 0
92810 2
92811 1
92812 2
92813 0
92814 1
92815 2
92816 1
92817 2
92818 0
92819 2
92820 1
92821 0
92822 1
92823 0
92824 1
92825 2
92826 0
92827 1
92828 2
92829 0
92830 2
92831 0
92832 1
92833 0
92834 2
92835 0
92836 2
92837 0
92838 1
92839 2
92840 1
92841 2
92842 1
92843 0
92844 1
92845 0
92846 1
92847 0
92848 2
92849 1
92850 0
92851 2
92852 0
92853 1
92854 0
92855 2
92856 0
92857 1
92858 0
92859 2
92860 0
92861 1
92862 0
92863 1
92864 3
92865 2
92866 1
92867 2
92868 0
92869 1
92870 0
92871 2
92872 1
92873 0
92874 2
92875 0
92876 1
92877 0
92878 2
92879 0
92880 1
92881 0
92882 1
92883 0
92884 1
92885 2
92886 1
92887 2
92888 1
92889 0
92890 1
92891 2
92892 0
92893 1
92894 2
92895 0
92896 1
92897 0
92898 1
92899 0
92900 2
92901 3
92902 0
92903 2
92904 0
92905 1
92906 3
92907 2
92908 3
92909 2
92910 3
92911 0
92912 1
92913 3
92914 2
92915 3
92916 0
92917 3
92918 0
92919 1
92920 2
92921 1
92922 0
92923 1
92924 0
92925 1
92926 2
92927 1
92928 0
92929 1
92930 0
92931 2
92932 1
92933 0
92934 1
92935 2
92936 1
92937 0
92938 2
92939 1
92940 2
92941 3
92942 0
92943 1
92944 2
92945 3
92946 1
92947 2
92948 1
92949 0
92950 1
92951 0
92952 1
92953 3
92954 0
92955 1
92956 0
92957 2
92958 0
92959 1
92960 2
92961 1
92962 0
92963 2
92964 3
92965 1
92966 2
92967 1
92968 2
92969 0
92970 1
92971 0
92972 2
92973 0
92974 2
92975 1
92976 0
92977 2
92978 1
92979 0
92980 1
92981 0
92982 1
92983 0
92984 1
92985 0
92986 2
92987 1
92988 2
92989 1
92990 2
92991 0
92992 1
92993 2
92994 1
92995 0
92996 1
92997 2
92998 0
92999 2
93000 1
93001 3
93002 0
93003 2
93004 1
93005 2
93006 0
93007 1
93008 0
93009 1
93010 0
93011 1
93012 2
93013 0
93014 2
93015 0
93016 2
93017 0
93018 3
93019 2
93020 0
93021 1
93022 2
93023 3
93024 1
93025 0
93026 2
93027 0
93028 1
93029 0
93030 1
93031 2
93032 1
93033 2
93034 1
93035 2
93036 1
93037 2
93038 1
93039 0
93040 2
93041 0
93042 1
93043 0
93044 2
93045 0
93046 2
93047 1
93048 0
93049 1
93050 2
93051 0
93052 2
93053 0
93054 2
93055 0
93056 3
93057 0
93058 2
93059 0
93060 2
93061 1
93062 2
93063 0
93064 2
93065 1
93066 2
93067 3
93068 1
93069 2
93070 1
93071 2
93072 1
93073 2
93074 1
93075 2
93076 1
93077 0
93078 2
93079 1
93080 2
93081 1
93082 0
93083 2
93084 1
93085 0
93086 1
93087 2
93088 1
93089 2
93090 1
93091 0
93092 2
93093 1
93094 0
93095 1
93096 2
93097 0
93098 2
93099 1
93100 0
93101 2
93102 1
93103 0
93104 2
93105 0
93106 3
93107 1
93108 2
93109 0
93110 1
93111 3
93112 2
93113 1
93114 0
93115 2
93116 3
93117 1
93118 3
93119 2
93120 0
93121 3
93122 1
93123 0
93124 2
93125 1
93126 0
93127 1
93128 3
93129 0
93130 2
93131 1
93132 3
93133 0
93134 2
93135 0
93136 1
93137 0
93138 2
93139 1
93140 0
93141 1
93142 3
93143 2
93144 1
93145 0
93146 2
93147 1
93148 0
93149 3
93150 1
93151 0
93152 3
93153 2
93154 1
93155 0
93156 2
93157 1
93158 2
93159 0
93160 2
93161 1
93162 2
93163 1
93164 2
93165 0
93166 1
93167 0
93168 2
93169 0
93170 1
93171 2
93172 1
93173 2
93174 1
93175 0
93176 1
93177 0
93178 1
93179 2
93180 1
93181 2
93182 0
93183 1
93184 0
93185 2
93186 0
93187 1
93188 2
93189 0
93190 1
93191 3
93192 0
93193 1
93194 0
93195 2
93196 3
93197 1
93198 0
93199 2
93200 0
93201 1
93202 3
93203 0
93204 2
93205 1
93206 2
93207 0
93208 1
93209 2
93210 0
93211 2
93212 3
93213 1
93214 2
93215 3
93216 1
93217 0
93218 3
93219 1
93220 0
93221 1
93222 0
93223 1
93224 0
93225 1
93226 0
93227 2
93228 0
93229 2
93230 0
93231 1
93232 2
93233 0
93234 2
93235 1
93236 0
93237 2
93238 1
93239 2
93240 0
93241 2
93242 1
93243 2
93244 0
93245 2
93246 1
93247 2
93248 1
93249 0
93250 1
93251 0
93252 1
93253 0
93254 2
93255 3
93256 2
93257 3
93258 0
93259 1
93260 2
93261 0
93262 2
93263 1
93264 0
93265 1
93266 0
93267 1
93268 2
93269 0
93270 3
93271 1
93272 2
93273 1
93274 0
93275 1
93276 0
93277 1
93278 0
93279 3
93280 1
93281 0
93282 3
93283 1
93284 0
93285 1
93286 0
93287 2
93288 1
93289 2
93290 0
93291 1
93292 0
93293 1
93294 2
93295 0
93296 1
93297 3
93298 2
93299 0
93300 2
93301 1
93302 0
93303 2
93304 1
93305 2
93306 0
93307 1
93308 2
93309 1
93310 2
93311 1
93312 2
93313 1
93314 0
93315 2
93316 0
93317 2
93318 3
93319 0
93320 3
93321 2
93322 0
93323 1
93324 2
93325 0
93326 1
93327 3
93328 1
93329 2
93330 1
93331 0
93332 1
93333 0
93334 1
93335 2
93336 1
93337 2
93338 1
93339 2
93340 0
93341 1
93342 2
93343 1
93344 2
93345 3
93346 1
93347 0
93348 2
93349 0
93350 3
93351 2
93352 1
93353 0
93354 1
93355 2
93356 3
93357 0
93358 2
93359 1
93360 0
93361 2
93362 0
93363 2
93364 0
93365 1
93366 0
93367 1
93368 2
93369 0
93370 3
93371 0
93372 1
93373 0
93374 1
93375 0
93376 1
93377 0
93378 2
93379 0
93380 1
93381 0
93382 1
93383 2
93384 0
93385 2
93386 1
93387 2
93388 3
93389 2
93390 1
93391 0
93392 1
93393 0
93394 2
93395 1
93396 0
93397 2
93398 1
93399 2
93400 0
93401 2
93402 0
93403 2
93404 1
93405 2
93406 1
93407 3
93408 2
93409 3
93410 0
93411 1
93412 0
93413 1
93414 3
93415 2
93416 0
93417 1
93418 0
93419 1
93420 0
93421 1
93422 0
93423 1
93424 2
93425 0
93426 1
93427 0
93428 1
93429 2
93430 3
93431 1
93432 0
93433 2
93434 3
93435 1
93436 2
93437 1
93438 0
93439 2
93440 1
93441 0
93442 2
93443 0
93444 2
93445 1
93446 2
93447 1
93448 0
93449 2
93450 1
93451 2
93452 0
93453 2
93454 1
93455 0
93456 1
93457 2
93458 0
93459 1
93460 0
93461 2
93462 0
93463 1
93464 0
93465 1
93466 0
93467 1
93468 0
93469 1
93470 0
93471 2
93472 1
93473 2
93474 1
93475 2
93476 0
93477 2
93478 1
93479 2
93480 0
93481 2
93482 3
93483 0
93484 1
93485 0
93486 1
93487 0
93488 1
93489 2
93490 0
93491 1
93492 2
93493 3
93494 0
93495 2
93496 0
93497 2
93498 0
93499 1
93500 2
93501 3
93502 1
93503 0
93504 2
93505 1
93506 0
93507 1
93508 2
93509 0
93510 1
93511 2
93512 0
93513 1
93514 0
93515 2
93516 1
93517 2
93518 0
93519 2
93520 0
93521 1
93522 0
93523 2
93524 1
93525 2
93526 1
93527 3
93528 2
93529 1
93530 0
93531 2
93532 1
93533 2
93534 0
93535 2
93536 1
93537 0
93538 1
93539 0
93540 2
93541 0
93542 2
93543 1
93544 2
93545 0
93546 1
93547 0
93548 2
93549 1
93550 2
93551 0
93552 1
93553 0
93554 3
93555 2
93556 0
93557 2
93558 1
93559 0
93560 1
93561 0
93562 1
93563 0
93564 2
93565 1
93566 0
93567 2
93568 1
93569 2
93570 0
93571 2
93572 3
93573 1
93574 2
93575 1
93576 0
93577 1
93578 0
93579 2
93580 3
93581 2
93582 0
93583 1
93584 0
93585 1
93586 0
93587 1
93588 0
93589 1
93590 3
93591 2
93592 1
93593 0
93594 2
93595 1
93596 2
93597 1
93598 0
93599 2
93600 1
93601 3
93602 2
93603 3
93604 1
93605 0
93606 2
93607 0
93608 2
93609 0
93610 1
93611 0
93612 2
93613 1
93614 0
93615 2
93616 1
93617 2
93618 3
93619 1
93620 3
93621 0
93622 2
93623 1
93624 2
93625 0
93626 2
93627 0
93628 1
93629 0
93630 2
93631 1
93632 0
93633 1
93634 2
93635 1
93636 2
93637 1
93638 2
93639 3
93640 1
93641 2
93642 0
93643 1
93644 2
93645 0
93646 1
93647 0
93648 2
93649 1
93650 0
93651 1
93652 2
93653 0
93654 3
93655 1
93656 0
93657 1
93658 2
93659 1
93660 0
93661 1
93662 0
93663 1
93664 0
93665 2
93666 1
93667 0
93668 2
93669 1
93670 2
93671 1
93672 0
93673 2
93674 1
93675 0
93676 2
93677 1
93678 0
93679 2
93680 1
93681 0
93682 1
93683 2
93684 0
93685 1
93686 2
93687 3
93688 1
93689 2
93690 0
93691 2
93692 1
93693 0
93694 1
93695 2
93696 1
93697 0
93698 1
93699 2
93700 0
93701 3
93702 1
93703 2
93704 0
93705 2
93706 1
93707 0
93708 2
93709 1
93710 2
93711 0
93712 2
93713 0
93714 1
93715 0
93716 3
93717 0
93718 1
93719 3
93720 2
93721 1
93722 0
93723 2
93724 1
93725 0
93726 2
93727 1
93728 0
93729 1
93730 2
93731 0
93732 1
93733 0
93734 2
93735 1
93736 2
93737 1
93738 0
93739 2
93740 1
93741 0
93742 1
93743 2
93744 1
93745 2
93746 1
93747 2
93748 0
93749 3
93750 2
93751 1
93752 0
93753 1
93754 0
93755 1
93756 0
93757 2
93758 1
93759 2
93760 0
93761 1
93762 0
93763 2
93764 1
93765 2
93766 1
93767 2
93768 1
93769 0
93770 1
93771 0
93772 1
93773 0
93774 1
93775 2
93776 1
93777 3
93778 2
93779 0
93780 1
93781 2
93782 1
93783 0
93784 1
93785 2
93786 1
93787 0
93788 1
93789 0
93790 1
93791 2
93792 3
93793 0
93794 1
93795 0
93796 2
93797 1
93798 0
93799 1
93800 2
93801 0
93802 1
93803 3
93804 1
93805 0
93806 1
93807 2
93808 3
93809 1
93810 0
93811 1
93812 3
93813 1
93814 0
93815 1
93816 2
93817 1
93818 0
93819 1
93820 0
93821 1
93822 2
93823 1
93824 2
93825 0
93826 1
93827 2
93828 0
93829 1
93830 2
93831 3
93832 0
93833 2
93834 3
93835 0
93836 1
93837 2
93838 0
93839 3
93840 1
93841 2
93842 3
93843 2
93844 0
93845 2
93846 1
93847 2
93848 1
93849 3
93850 2
93851 0
93852 3
93853 2
93854 0
93855 2
93856 1
93857 0
93858 1
93859 2
93860 0
93861 3
93862 2
93863 1
93864 2
93865 0
93866 1
93867 0
93868 1
93869 0
93870 2
93871 1
93872 0
93873 2
93874 3
93875 1
93876 3
93877 4
93878 1
93879 2
93880 0
93881 1
93882 2
93883 0
93884 3
93885 1
93886 0
93887 1
93888 0
93889 2
93890 1
93891 2
93892 0
93893 3
93894 2
93895 1
93896 0
93897 1
93898 2
93899 0
93900 2
93901 1
93902 0
93903 2
93904 1
93905 0
93906 2
93907 1
93908 0
93909 2
93910 1
93911 2
93912 0
93913 1
93914 0
93915 2
93916 0
93917 2
93918 0
93919 3
93920 2
93921 0
93922 3
93923 2
93924 0
93925 1
93926 0
93927 2
93928 0
93929 1
93930 3
93931 1
93932 0
93933 1
93934 3
93935 1
93936 0
93937 1
93938 2
93939 1
93940 0
93941 1
93942 2
93943 0
93944 1
93945 0
93946 2
93947 1
93948 2
93949 0
93950 1
93951 2
93952 1
93953 0
93954 2
93955 0
93956 1
93957 2
93958 0
93959 1
93960 2
93961 3
93962 0
93963 2
93964 0
93965 3
93966 1
93967 2
93968 0
93969 1
93970 2
93971 1
93972 0
93973 1
93974 0
93975 1
93976 2
93977 0
93978 1
93979 0
93980 1
93981 0
93982 2
93983 1
93984 2
93985 1
93986 0
93987 1
93988 2
93989 1
93990 0
93991 2
93992 0
93993 1
93994 3
93995 1
93996 0
93997 1
93998 3
93999 2
94000 3
94001 2
94002 1
94003 2
94004 1
94005 0
94006 1
94007 2
94008 0
94009 3
94010 1
94011 0
94012 2
94013 1
94014 2
94015 0
94016 1
94017 2
94018 1
94019 2
94020 0
94021 1
94022 2
94023 1
94024 2
94025 0
94026 2
94027 1
94028 0
94029 2
94030 1
94031 0
94032 2
94033 0
94034 1
94035 0
94036 2
94037 1
94038 0
94039 2
94040 1
94041 2
94042 0
94043 1
94044 2
94045 0
94046 2
94047 3
94048 0
94049 3
94050 0
94051 1
94052 2
94053 3
94054 1
94055 3
94056 2
94057 0
94058 1
94059 0
94060 1
94061 0
94062 2
94063 3
94064 0
94065 2
94066 1
94067 0
94068 2
94069 1
94070 0
94071 3
94072 2
94073 0
94074 1
94075 2
94076 1
94077 0
94078 1
94079 0
94080 2
94081 0
94082 1
94083 0
94084 2
94085 1
94086 2
94087 0
94088 2
94089 0
94090 2
94091 0
94092 1
94093 0
94094 2
94095 0
94096 1
94097 2
94098 1
94099 0
94100 1
94101 0
94102 2
94103 0
94104 2
94105 1
94106 2
94107 0
94108 2
94109 0
94110 2
94111 0
94112 1
94113 0
94114 3
94115 0
94116 1
94117 0
94118 1
94119 2
94120 0
94121 1
94122 0
94123 1
94124 2
94125 0
94126 1
94127 2
94128 0
94129 3
94130 2
94131 0
94132 1
94133 0
94134 1
94135 2
94136 1
94137 0
94138 2
94139 0
94140 2
94141 0
94142 2
94143 1
94144 2
94145 0
94146 2
94147 1
94148 0
94149 1
94150 2
94151 0
94152 1
94153 2
94154 0
94155 2
94156 3
94157 1
94158 0
94159 1
94160 3
94161 2
94162 1
94163 2
94164 1
94165 2
94166 1
94167 3
94168 1
94169 2
94170 0
94171 1
94172 2
94173 1
94174 2
94175 0
94176 2
94177 1
94178 3
94179 0
94180 1
94181 2
94182 0
94183 2
94184 0
94185 1
94186 0
94187 1
94188 2
94189 0
94190 1
94191 2
94192 0
94193 2
94194 1
94195 0
94196 2
94197 3
94198 1
94199 2
94200 1
94201 2
94202 0
94203 2
94204 0
94205 3
94206 1
94207 0
94208 2
94209 1
94210 2
94211 0
94212 1
94213 0
94214 1
94215 2
94216 0
94217 2
94218 1
94219 0
94220 1
94221 2
94222 0
94223 1
94224 0
94225 2
94226 1
94227 0
94228 2
94229 1
94230 0
94231 2
94232 1
94233 2
94234 1
94235 0
94236 2
94237 1
94238 2
94239 0
94240 1
94241 2
94242 0
94243 2
94244 0
94245 1
94246 2
94247 1
94248 2
94249 1
94250 0
94251 2
94252 1
94253 0
94254 2
94255 1
94256 0
94257 1
94258 0
94259 1
94260 0
94261 2
94262 0
94263 1
94264 2
94265 1
94266 0
94267 1
94268 0
94269 1
94270 0
94271 1
94272 3
94273 2
94274 1
94275 0
94276 1
94277 0
94278 2
94279 1
94280 2
94281 0
94282 1
94283 0
94284 1
94285 0
94286 1
94287 3
94288 2
94289 1
94290 2
94291 1
94292 0
94293 2
94294 1
94295 2
94296 0
94297 1
94298 2
94299 0
94300 2
94301 1
94302 0
94303 2
94304 0
94305 1
94306 0
94307 2
94308 3
94309 0
94310 2
94311 1
94312 2
94313 3
94314 1
94315 0
94316 1
94317 2
94318 3
94319 0
94320 2
94321 0
94322 2
94323 1
94324 3
94325 1
94326 2
94327 0
94328 2
94329 1
94330 0
94331 1
94332 0
94333 1
94334 2
94335 0
94336 1
94337 2
94338 0
94339 1
94340 3
94341 2
94342 1
94343 2
94344 0
94345 2
94346 1
94347 2
94348 0
94349 1
94350 2
94351 4
94352 2
94353 3
94354 1
94355 2
94356 0
94357 2
94358 1
94359 2
94360 1
94361 2
94362 1
94363 0
94364 1
94365 0
94366 1
94367 0
94368 3
94369 2
94370 1
94371 2
94372 1
94373 0
94374 1
94375 0
94376 1
94377 3
94378 0
94379 1
94380 2
94381 1
94382 2
94383 1
94384 0
94385 1
94386 3
94387 0
94388 2
94389 3
94390 1
94391 2
94392 3
94393 1
94394 2
94395 0
94396 3
94397 2
94398 3
94399 2
94400 0
94401 1
94402 2
94403 1
94404 0
94405 1
94406 0
94407 1
94408 0
94409 2
94410 1
94411 0
94412 2
94413 1
94414 2
94415 1
94416 0
94417 1
94418 0
94419 1
94420 3
94421 2
94422 0
94423 1
94424 3
94425 0
94426 2
94427 3
94428 0
94429 1
94430 0
94431 3
94432 2
94433 1
94434 3
94435 0
94436 2
94437 3
94438 2
94439 0
94440 2
94441 1
94442 0
94443 1
94444 2
94445 3
94446 1
94447 0
94448 2
94449 0
94450 2
94451 0
94452 1
94453 2
94454 0
94455 1
94456 0
94457 1
94458 2
94459 3
94460 0
94461 2
94462 1
94463 0
94464 1
94465 2
94466 1
94467 2
94468 0
94469 1
94470 0
94471 2
94472 1
94473 0
94474 1
94475 0
94476 3
94477 1
94478 2
94479 0
94480 1
94481 2
94482 0
94483 2
94484 0
94485 2
94486 0
94487 1
94488 0
94489 1
94490 0
94491 3
94492 0
94493 1
94494 2
94495 3
94496 2
94497 0
94498 2
94499 1
94500 2
94501 0
94502 1
94503 2
94504 0
94505 2
94506 1
94507 0
94508 1
94509 0
94510 1
94511 2
94512 1
94513 0
94514 1
94515 0
94516 1
94517 0
94518 2
94519 0
94520 1
94521 0
94522 1
94523 2
94524 0
94525 1
94526 0
94527 1
94528 2
94529 0
94530 1
94531 2
94532 1
94533 0
94534 1
94535 0
94536 1
94537 2
94538 0
94539 2
94540 0
94541 2
94542 1
94543 0
94544 2
94545 0
94546 3
94547 2
94548 1
94549 2
94550 0
94551 1
94552 2
94553 0
94554 1
94555 0
94556 2
94557 0
94558 1
94559 2
94560 0
94561 1
94562 2
94563 1
94564 2
94565 0
94566 1
94567 2
94568 0
94569 1
94570 2
94571 3
94572 0
94573 1
94574 2
94575 0
94576 1
94577 2
94578 1
94579 0
94580 1
94581 0
94582 2
94583 3
94584 1
94585 0
94586 1
94587 0
94588 2
94589 1
94590 2
94591 0
94592 1
94593 0
94594 2
94595 1
94596 0
94597 2
94598 1
94599 0
94600 2
94601 0
94602 1
94603 0
94604 1
94605 2
94606 1
94607 0
94608 2
94609 1
94610 0
94611 2
94612 0
94613 2
94614 3
94615 0
94616 1
94617 0
94618 2
94619 0
94620 2
94621 0
94622 2
94623 1
94624 2
94625 0
94626 1
94627 0
94628 1
94629 2
94630 0
94631 1
94632 0
94633 1
94634 0
94635 2
94636 0
94637 1
94638 0
94639 2
94640 0
94641 1
94642 2
94643 1
94644 2
94645 0
94646 2
94647 1
94648 2
94649 0
94650 1
94651 2
94652 0
94653 2
94654 1
94655 0
94656 1
94657 0
94658 2
94659 0
94660 2
94661 3
94662 2
94663 0
94664 1
94665 2
94666 3
94667 4
94668 2
94669 1
94670 2
94671 0
94672 1
94673 0
94674 2
94675 1
94676 2
94677 3
94678 1
94679 2
94680 0
94681 2
94682 0
94683 2
94684 0
94685 2
94686 1
94687 3
94688 1
94689 2
94690 0
94691 1
94692 2
94693 1
94694 3
94695 1
94696 0
94697 2
94698 1
94699 0
94700 1
94701 2
94702 3
94703 0
94704 1
94705 2
94706 0
94707 1
94708 0
94709 1
94710 2
94711 0
94712 1
94713 2
94714 0
94715 2
94716 0
94717 1
94718 2
94719 1
94720 0
94721 2
94722 1
94723 0
94724 2
94725 3
94726 2
94727 0
94728 1
94729 3
94730 2
94731 0
94732 1
94733 3
94734 2
94735 1
94736 0
94737 2
94738 1
94739 2
94740 1
94741 0
94742 2
94743 3
94744 1
94745 0
94746 1
94747 0
94748 2
94749 1
94750 2
94751 1
94752 0
94753 1
94754 2
94755 1
94756 0
94757 2
94758 0
94759 1
94760 0
94761 1
94762 2
94763 0
94764 3
94765 2
94766 1
94767 0
94768 1
94769 2
94770 0
94771 2
94772 1
94773 0
94774 2
94775 0
94776 1
94777 0
94778 1
94779 2
94780 0
94781 2
94782 1
94783 2
94784 0
94785 1
94786 2
94787 0
94788 2
94789 1
94790 0
94791 1
94792 0
94793 2
94794 1
94795 0
94796 1
94797 0
94798 2
94799 1
94800 0
94801 1
94802 0
94803 3
94804 1
94805 2
94806 3
94807 0
94808 2
94809 0
94810 2
94811 1
94812 2
94813 0
94814 2
94815 1
94816 0
94817 1
94818 3
94819 0
94820 1
94821 0
94822 2
94823 0
94824 2
94825 0
94826 1
94827 2
94828 0
94829 2
94830 0
94831 1
94832 0
94833 2
94834 1
94835 0
94836 1
94837 2
94838 1
94839 2
94840 1
94841 2
94842 1
94843 0
94844 2
94845 1
94846 0
94847 1
94848 0
94849 2
94850 0
94851 1
94852 2
94853 3
94854 1
94855 0
94856 2
94857 0
94858 1
94859 0
94860 1
94861 2
94862 0
94863 1
94864 0
94865 1
94866 2
94867 0
94868 2
94869 0
94870 1
94871 2
94872 0
94873 1
94874 2
94875 1
94876 3
94877 2
94878 1
94879 2
94880 0
94881 2
94882 1
94883 2
94884 0
94885 1
94886 0
94887 1
94888 0
94889 1
94890 2
94891 1
94892 2
94893 1
94894 2
94895 0
94896 1
94897 0
94898 2
94899 0
94900 1
94901 2
94902 0
94903 2
94904 1
94905 3
94906 2
94907 0
94908 2
94909 1
94910 0
94911 2
94912 1
94913 0
94914 1
94915 0
94916 1
94917 2
94918 0
94919 2
94920 1
94921 0
94922 1
94923 0
94924 1
94925 2
94926 1
94927 2
94928 1
94929 0
94930 1
94931 0
94932 1
94933 2
94934 0
94935 1
94936 2
94937 1
94938 2
94939 1
94940 0
94941 1
94942 0
94943 1
94944 3
94945 1
94946 2
94947 3
94948 1
94949 2
94950 0
94951 1
94952 0
94953 2
94954 1
94955 2
94956 0
94957 2
94958 0
94959 2
94960 0
94961 1
94962 3
94963 1
94964 0
94965 2
94966 0
94967 1
94968 0
94969 2
94970 3
94971 1
94972 2
94973 1
94974 3
94975 1
94976 0
94977 2
94978 1
94979 0
94980 1
94981 0
94982 1
94983 2
94984 1
94985 2
94986 0
94987 1
94988 0
94989 2
94990 1
94991 2
94992 0
94993 2
94994 1
94995 2
94996 1
94997 0
94998 2
94999 0
95000 1
95001 0
95002 1
95003 0
95004 1
95005 2
95006 3
95007 0
95008 1
95009 0
95010 3
95011 1
95012 2
95013 0
95014 1
95015 0
95016 1
95017 0
95018 1
95019 0
95020 2
95021 1
95022 2
95023 1
95024 2
95025 0
95026 2
95027 1
95028 0
95029 2
95030 1
95031 2
95032 1
95033 0
95034 2
95035 1
95036 0
95037 2
95038 3
95039 1
95040 0
95041 1
95042 2
95043 0
95044 1
95045 2
95046 1
95047 0
95048 1
95049 3
95050 2
95051 0
95052 1
95053 2
95054 1
95055 2
95056 0
95057 1
95058 2
95059 1
95060 0
95061 1
95062 0
95063 2
95064 1
95065 3
95066 2
95067 1
95068 2
95069 0
95070 1
95071 0
95072 1
95073 2
95074 3
95075 1
95076 2
95077 1
95078 2
95079 3
95080 0
95081 1
95082 0
95083 1
95084 2
95085 0
95086 2
95087 1
95088 0
95089 1
95090 2
95091 0
95092 1
95093 0
95094 3
95095 1
95096 2
95097 1
95098 0
95099 1
95100 0
95101 2
95102 1
95103 0
95104 2
95105 0
95106 2
95107 3
95108 2
95109 1
95110 3
95111 1
95112 2
95113 1
95114 0
95115 2
95116 1
95117 0
95118 1
95119 0
95120 1
95121 0
95122 2
95123 1
95124 0
95125 1
95126 0
95127 2
95128 0
95129 1
95130 2
95131 1
95132 0
95133 1
95134 2
95135 0
95136 3
95137 1
95138 0
95139 2
95140 1
95141 2
95142 0
95143 2
95144 1
95145 2
95146 0
95147 1
95148 0
95149 2
95150 1
95151 0
95152 2
95153 1
95154 2
95155 1
95156 2
95157 0
95158 1
95159 2
95160 0
95161 2
95162 1
95163 2
95164 1
95165 3
95166 1
95167 2
95168 0
95169 1
95170 2
95171 1
95172 2
95173 0
95174 2
95175 0
95176 1
95177 0
95178 2
95179 1
95180 0
95181 1
95182 0
95183 1
95184 0
95185 1
95186 0
95187 1
95188 0
95189 1
95190 0
95191 2
95192 1
95193 0
95194 2
95195 1
95196 0
95197 1
95198 2
95199 1
95200 0
95201 3
95202 2
95203 0
95204 2
95205 1
95206 2
95207 1
95208 0
95209 2
95210 1
95211 2
95212 3
95213 0
95214 2
95215 0
95216 1
95217 0
95218 1
95219 0
95220 3
95221 1
95222 2
95223 0
95224 2
95225 1
95226 0
95227 1
95228 2
95229 1
95230 2
95231 1
95232 2
95233 0
95234 3
95235 1
95236 0
95237 2
95238 1
95239 0
95240 1
95241 0
95242 1
95243 0
95244 3
95245 1
95246 3
95247 0
95248 2
95249 1
95250 2
95251 0
95252 1
95253 0
95254 1
95255 2
95256 1
95257 0
95258 1
95259 2
95260 0
95261 1
95262 2
95263 1
95264 2
95265 0
95266 2
95267 0
95268 2
95269 1
95270 0
95271 2
95272 3
95273 1
95274 0
95275 1
95276 2
95277 3
95278 2
95279 3
95280 1
95281 2
95282 0
95283 1
95284 2
95285 1
95286 2
95287 0
95288 1
95289 2
95290 0
95291 1
95292 2
95293 0
95294 2
95295 0
95296 2
95297 3
95298 1
95299 2
95300 0
95301 2
95302 1
95303 0
95304 2
95305 0
95306 1
95307 2
95308 0
95309 1
95310 0
95311 2
95312 1
95313 0
95314 1
95315 0
95316 2
95317 1
95318 0
95319 1
95320 2
95321 0
95322 2
95323 1
95324 2
95325 0
95326 1
95327 2
95328 0
95329 1
95330 2
95331 0
95332 2
95333 0
95334 2
95335 0
95336 2
95337 0
95338 1
95339 0
95340 1
95341 2
95342 0
95343 2
95344 1
95345 3
95346 0
95347 1
95348 0
95349 2
95350 3
95351 1
95352 0
95353 1
95354 2
95355 0
95356 2
95357 0
95358 2
95359 3
95360 1
95361 2
95362 0
95363 3
95364 2
95365 0
95366 1
95367 2
95368 1
95369 0
95370 3
95371 2
95372 1
95373 0
95374 4
95375 1
95376 2
95377 1
95378 0
95379 1
95380 2
95381 0
95382 1
95383 2
95384 3
95385 1
95386 2
95387 4
95388 1
95389 2
95390 1
95391 2
95392 1
95393 0
95394 2
95395 1
95396 2
95397 1
95398 2
95399 1
95400 3
95401 2
95402 0
95403 1
95404 2
95405 1
95406 0
95407 1
95408 2
95409 1
95410 0
95411 2
95412 3
95413 0
95414 1
95415 0
95416 1
95417 2
95418 1
95419 0
95420 1
95421 0
95422 1
95423 0
95424 1
95425 2
95426 1
95427 0
95428 2
95429 0
95430 1
95431 2
95432 1
95433 0
95434 1
95435 0
95436 1
95437 0
95438 2
95439 1
95440 2
95441 3
95442 0
95443 1
95444 0
95445 1
95446 3
95447 1
95448 0
95449 2
95450 1
95451 2
95452 0
95453 1
95454 2
95455 1
95456 0
95457 2
95458 3
95459 0
95460 2
95461 1
95462 3
95463 2
95464 0
95465 1
95466 2
95467 0
95468 1
95469 2
95470 0
95471 1
95472 2
95473 0
95474 1
95475 0
95476 1
95477 0
95478 3
95479 0
95480 1
95481 2
95482 1
95483 0
95484 1
95485 2
95486 1
95487 0
95488 2
95489 0
95490 1
95491 2
95492 0
95493 1
95494 0
95495 3
95496 1
95497 3
95498 0
95499 2
95500 3
95501 2
95502 1
95503 2
95504 1
95505 0
95506 1
95507 2
95508 1
95509 0
95510 2
95511 0
95512 1
95513 3
95514 2
95515 3
95516 1
95517 2
95518 1
95519 0
95520 2
95521 0
95522 1
95523 0
95524 1
95525 2
95526 0
95527 1
95528 2
95529 0
95530 1
95531 0
95532 1
95533 2
95534 1
95535 2
95536 0
95537 1
95538 2
95539 0
95540 1
95541 0
95542 1
95543 2
95544 0
95545 2
95546 1
95547 2
95548 1
95549 0
95550 1
95551 2
95552 1
95553 2
95554 0
95555 1
95556 2
95557 1
95558 0
95559 2
95560 1
95561 2
95562 0
95563 3
95564 1
95565 0
95566 1
95567 0
95568 1
95569 2
95570 0
95571 1
95572 0
95573 1
95574 0
95575 2
95576 1
95577 0
95578 1
95579 0
95580 1
95581 2
95582 1
95583 0
95584 1
95585 0
95586 1
95587 2
95588 1
95589 2
95590 0
95591 2
95592 0
95593 1
95594 0
95595 1
95596 0
95597 2
95598 1
95599 2
95600 1
95601 2
95602 0
95603 1
95604 2
95605 0
95606 1
95607 2
95608 0
95609 2
95610 1
95611 2
95612 1
95613 0
95614 1
95615 0
95616 1
95617 0
95618 2
95619 0
95620 2
95621 0
95622 2
95623 0
95624 1
95625 2
95626 0
95627 1
95628 0
95629 1
95630 2
95631 0
95632 1
95633 2
95634 0
95635 2
95636 0
95637 2
95638 1
95639 2
95640 0
95641 2
95642 3
95643 1
95644 2
95645 1
95646 2
95647 0
95648 2
95649 1
95650 0
95651 1
95652 0
95653 1
95654 0
95655 1
95656 2
95657 0
95658 1
95659 0
95660 2
95661 1
95662 0
95663 2
95664 1
95665 2
95666 0
95667 1
95668 2
95669 0
95670 1
95671 3
95672 1
95673 0
95674 1
95675 2
95676 1
95677 3
95678 0
95679 1
95680 2
95681 1
95682 0
95683 2
95684 0
95685 1
95686 0
95687 2
95688 0
95689 2
95690 1
95691 2
95692 1
95693 2
95694 0
95695 1
95696 2
95697 0
95698 1
95699 0
95700 2
95701 0
95702 3
95703 1
95704 0
95705 1
95706 2
95707 1
95708 0
95709 2
95710 0
95711 1
95712 0
95713 2
95714 0
95715 2
95716 0
95717 1
95718 0
95719 2
95720 0
95721 2
95722 1
95723 3
95724 0
95725 2
95726 1
95727 0
95728 1
95729 2
95730 1
95731 0
95732 2
95733 1
95734 0
95735 2
95736 1
95737 3
95738 0
95739 1
95740 2
95741 0
95742 2
95743 1
95744 0
95745 2
95746 1
95747 3
95748 0
95749 3
95750 2
95751 0
95752 1
95753 0
95754 2
95755 1
95756 0
95757 2
95758 1
95759 0
95760 1
95761 2
95762 1
95763 2
95764 1
95765 3
95766 2
95767 1
95768 0
95769 2
95770 1
95771 2
95772 1
95773 2
95774 0
95775 1
95776 2
95777 0
95778 1
95779 0
95780 1
95781 0
95782 1
95783 2
95784 0
95785 1
95786 0
95787 1
95788 2
95789 1
95790 2
95791 0
95792 2
95793 1
95794 2
95795 0
95796 1
95797 2
95798 0
95799 3
95800 2
95801 0
95802 1
95803 0
95804 1
95805 0
95806 1
95807 2
95808 0
95809 1
95810 3
95811 2
95812 1
95813 0
95814 3
95815 0
95816 1
95817 2
95818 0
95819 1
95820 0
95821 3
95822 1
95823 0
95824 1
95825 0
95826 2
95827 1
95828 0
95829 1
95830 0
95831 1
95832 0
95833 2
95834 0
95835 1
95836 0
95837 1
95838 0
95839 1
95840 2
95841 0
95842 2
95843 0
95844 1
95845 2
95846 1
95847 2
95848 0
95849 1
95850 0
95851 2
95852 1
95853 2
95854 3
95855 0
95856 2
95857 0
95858 1
95859 0
95860 1
95861 2
95862 1
95863 2
95864 0
95865 2
95866 1
95867 0
95868 1
95869 2
95870 1
95871 2
95872 0
95873 2
95874 1
95875 2
95876 0
95877 1
95878 2
95879 3
95880 0
95881 1
95882 0
95883 3
95884 0
95885 2
95886 0
95887 2
95888 1
95889 2
95890 3
95891 0
95892 1
95893 2
95894 0
95895 2
95896 1
95897 0
95898 2
95899 1
95900 0
95901 3
95902 1
95903 0
95904 1
95905 2
95906 0
95907 2
95908 0
95909 2
95910 0
95911 1
95912 0
95913 1
95914 2
95915 0
95916 1
95917 0
95918 1
95919 0
95920 2
95921 3
95922 1
95923 2
95924 0
95925 1
95926 2
95927 3
95928 0
95929 3
95930 2
95931 0
95932 1
95933 0
95934 2
95935 3
95936 0
95937 2
95938 1
95939 2
95940 1
95941 2
95942 1
95943 0
95944 1
95945 2
95946 0
95947 2
95948 0
95949 1
95950 0
95951 1
95952 0
95953 2
95954 1
95955 0
95956 1
95957 0
95958 1
95959 2
95960 1
95961 2
95962 0
95963 2
95964 3
95965 0
95966 1
95967 0
95968 1
95969 2
95970 0
95971 2
95972 0
95973 2
95974 1
95975 2
95976 0
95977 3
95978 1
95979 0
95980 1
95981 0
95982 1
95983 0
95984 1
95985 0
95986 1
95987 2
95988 0
95989 1
95990 2
95991 3
95992 2
95993 1
95994 2
95995 0
95996 1
95997 0
95998 1
95999 0
96000 2
96001 1
96002 0
96003 1
96004 2
96005 1
96006 2
96007 0
96008 1
96009 0
96010 1
96011 2
96012 1
96013 0
96014 2
96015 3
96016 1
96017 2
96018 0
96019 2
96020 0
96021 2
96022 1
96023 0
96024 2
96025 1
96026 2
96027 3
96028 1
96029 2
96030 0
96031 1
96032 2
96033 1
96034 2
96035 0
96036 1
96037 2
96038 1
96039 0
96040 1
96041 0
96042 3
96043 1
96044 2
96045 1
96046 0
96047 3
96048 2
96049 0
96050 1
96051 0
96052 2
96053 1
96054 0
96055 2
96056 1
96057 2
96058 0
96059 2
96060 1
96061 2
96062 1
96063 3
96064 0
96065 2
96066 1
96067 2
96068 1
96069 2
96070 1
96071 0
96072 3
96073 1
96074 2
96075 0
96076 1
96077 2
96078 1
96079 2
96080 0
96081 1
96082 0
96083 1
96084 0
96085 1
96086 0
96087 2
96088 1
96089 0
96090 1
96091 0
96092 1
96093 0
96094 1
96095 2
96096 0
96097 1
96098 2
96099 1
96100 2
96101 0
96102 1
96103 0
96104 1
96105 2
96106 1
96107 0
96108 1
96109 2
96110 1
96111 2
96112 0
96113 1
96114 0
96115 2
96116 0
96117 1
96118 2
96119 0
96120 1
96121 0
96122 2
96123 1
96124 2
96125 1
96126 0
96127 3
96128 0
96129 3
96130 1
96131 0
96132 1
96133 2
96134 1
96135 0
96136 1
96137 2
96138 1
96139 0
96140 1
96141 0
96142 2
96143 1
96144 0
96145 2
96146 1
96147 0
96148 1
96149 0
96150 2
96151 1
96152 2
96153 1
96154 2
96155 0
96156 2
96157 1
96158 2
96159 0
96160 2
96161 1
96162 0
96163 1
96164 2
96165 3
96166 2
96167 1
96168 2
96169 1
96170 0
96171 1
96172 2
96173 0
96174 1
96175 0
96176 2
96177 1
96178 2
96179 0
96180 2
96181 0
96182 2
96183 3
96184 1
96185 0
96186 1
96187 3
96188 0
96189 2
96190 1
96191 0
96192 2
96193 0
96194 2
96195 1
96196 0
96197 2
96198 1
96199 0
96200 2
96201 1
96202 0
96203 1
96204 0
96205 2
96206 1
96207 3
96208 1
96209 0
96210 1
96211 0
96212 1
96213 2
96214 0
96215 2
96216 1
96217 0
96218 2
96219 1
96220 0
96221 1
96222 0
96223 1
96224 0
96225 2
96226 0
96227 1
96228 2
96229 1
96230 2
96231 3
96232 2
96233 1
96234 2
96235 0
96236 1
96237 0
96238 1
96239 2
96240 0
96241 2
96242 0
96243 1
96244 0
96245 1
96246 2
96247 0
96248 2
96249 1
96250 0
96251 2
96252 0
96253 2
96254 1
96255 3
96256 0
96257 2
96258 0
96259 1
96260 0
96261 2
96262 0
96263 1
96264 2
96265 1
96266 0
96267 2
96268 1
96269 2
96270 0
96271 1
96272 2
96273 0
96274 1
96275 2
96276 0
96277 1
96278 0
96279 2
96280 1
96281 0
96282 3
96283 1
96284 0
96285 1
96286 0
96287 1
96288 0
96289 1
96290 0
96291 1
96292 2
96293 0
96294 2
96295 1
96296 0
96297 1
96298 0
96299 2
96300 1
96301 0
96302 2
96303 1
96304 2
96305 1
96306 0
96307 3
96308 1
96309 0
96310 1
96311 0
96312 1
96313 0
96314 2
96315 3
96316 0
96317 1
96318 2
96319 0
96320 1
96321 0
96322 2
96323 3
96324 2
96325 1
96326 0
96327 2
96328 1
96329 2
96330 1
96331 2
96332 1
96333 0
96334 1
96335 2
96336 3
96337 1
96338 0
96339 2
96340 1
96341 2
96342 0
96343 3
96344 2
96345 3
96346 1
96347 2
96348 0
96349 2
96350 1
96351 0
96352 1
96353 2
96354 0
96355 2
96356 0
96357 1
96358 2
96359 3
96360 0
96361 1
96362 0
96363 2
96364 1
96365 0
96366 1
96367 0
96368 3
96369 1
96370 0
96371 1
96372 3
96373 1
96374 2
96375 3
96376 0
96377 2
96378 1
96379 0
96380 2
96381 1
96382 0
96383 1
96384 2
96385 0
96386 1
96387 3
96388 1
96389 2
96390 1
96391 3
96392 1
96393 2
96394 1
96395 2
96396 0
96397 2
96398 1
96399 0
96400 2
96401 1
96402 0
96403 2
96404 1
96405 0
96406 2
96407 0
96408 1
96409 2
96410 0
96411 2
96412 0
96413 2
96414 0
96415 1
96416 2
96417 1
96418 0
96419 1
96420 0
96421 1
96422 2
96423 3
96424 1
96425 2
96426 0
96427 2
96428 0
96429 1
96430 0
96431 2
96432 1
96433 2
96434 1
96435 0
96436 1
96437 2
96438 0
96439 1
96440 2
96441 3
96442 1
96443 0
96444 1
96445 0
96446 1
96447 0
96448 1
96449 2
96450 3
96451 2
96452 1
96453 2
96454 1
96455 2
96456 0
96457 2
96458 1
96459 0
96460 2
96461 1
96462 2
96463 1
96464 2
96465 0
96466 3
96467 2
96468 0
96469 1
96470 2
96471 1
96472 2
96473 0
96474 1
96475 0
96476 1
96477 0
96478 2
96479 1
96480 0
96481 1
96482 2
96483 0
96484 3
96485 2
96486 3
96487 0
96488 1
96489 2
96490 1
96491 0
96492 1
96493 2
96494 1
96495 2
96496 0
96497 1
96498 0
96499 1
96500 2
96501 0
96502 2
96503 0
96504 2
96505 1
96506 2
96507 0
96508 1
96509 0
96510 2
96511 1
96512 0
96513 2
96514 3
96515 1
96516 3
96517 0
96518 1
96519 2
96520 0
96521 1
96522 0
96523 1
96524 0
96525 1
96526 2
96527 0
96528 1
96529 2
96530 0
96531 1
96532 2
96533 0
96534 3
96535 2
96536 1
96537 3
96538 0
96539 1
96540 2
96541 1
96542 2
96543 0
96544 2
96545 1
96546 0
96547 2
96548 0
96549 1
96550 0
96551 1
96552 0
96553 2
96554 0
96555 1
96556 0
96557 1
96558 0
96559 1
96560 0
96561 2
96562 1
96563 2
96564 0
96565 1
96566 0
96567 1
96568 2
96569 0
96570 2
96571 1
96572 2
96573 0
96574 2
96575 1
96576 2
96577 0
96578 2
96579 0
96580 1
96581 0
96582 1
96583 0
96584 1
96585 2
96586 0
96587 1
96588 0
96589 2
96590 1
96591 3
96592 0
96593 1
96594 0
96595 2
96596 1
96597 0
96598 2
96599 0
96600 1
96601 0
96602 1
96603 0
96604 1
96605 2
96606 1
96607 0
96608 2
96609 1
96610 0
96611 2
96612 1
96613 2
96614 1
96615 2
96616 3
96617 0
96618 1
96619 0
96620 1
96621 0
96622 1
96623 0
96624 1
96625 2
96626 1
96627 2
96628 1
96629 0
96630 1
96631 0
96632 3
96633 2
96634 1
96635 0
96636 2
96637 1
96638 0
96639 1
96640 0
96641 3
96642 1
96643 0
96644 2
96645 0
96646 1
96647 2
96648 0
96649 1
96650 0
96651 1
96652 2
96653 0
96654 1
96655 2
96656 0
96657 2
96658 1
96659 2
96660 3
96661 0
96662 2
96663 1
96664 0
96665 1
96666 0
96667 2
96668 1
96669 2
96670 0
96671 1
96672 0
96673 1
96674 0
96675 1
96676 2
96677 1
96678 0
96679 1
96680 0
96681 2
96682 1
96683 2
96684 0
96685 2
96686 3
96687 0
96688 1
96689 2
96690 1
96691 2
96692 3
96693 0
96694 2
96695 0
96696 2
96697 0
96698 2
96699 3
96700 0
96701 1
96702 2
96703 1
96704 2
96705 0
96706 1
96707 2
96708 1
96709 0
96710 2
96711 3
96712 0
96713 2
96714 0
96715 2
96716 1
96717 0
96718 2
96719 3
96720 1
96721 0
96722 1
96723 0
96724 1
96725 2
96726 1
96727 2
96728 0
96729 1
96730 2
96731 0
96732 1
96733 3
96734 0
96735 2
96736 0
96737 1
96738 0
96739 2
96740 1
96741 0
96742 1
96743 2
96744 1
96745 0
96746 2
96747 1
96748 0
96749 1
96750 2
96751 0
96752 2
96753 0
96754 2
96755 0
96756 3
96757 2
96758 0
96759 2
96760 1
96761 3
96762 1
96763 2
96764 1
96765 0
96766 1
96767 3
96768 0
96769 1
96770 0
96771 2
96772 3
96773 1
96774 2
96775 1
96776 3
96777 0
96778 1
96779 2
96780 0
96781 2
96782 0
96783 1
96784 0
96785 1
96786 2
96787 1
96788 2
96789 1
96790 0
96791 1
96792 0
96793 2
96794 1
96795 0
96796 1
96797 0
96798 2
96799 1
96800 0
96801 2
96802 1
96803 0
96804 1
96805 0
96806 1
96807 0
96808 2
96809 1
96810 2
96811 1
96812 2
96813 0
96814 2
96815 1
96816 2
96817 1
96818 0
96819 1
96820 2
96821 3
96822 1
96823 2
96824 1
96825 2
96826 0
96827 2
96828 1
96829 0
96830 1
96831 0
96832 2
96833 3
96834 0
96835 1
96836 0
96837 2
96838 1
96839 0
96840 1
96841 2
96842 3
96843 1
96844 0
96845 1
96846 0
96847 1
96848 2
96849 1
96850 2
96851 0
96852 1
96853 2
96854 0
96855 1
96856 0
96857 1
96858 2
96859 1
96860 2
96861 1
96862 2
96863 1
96864 0
96865 2
96866 1
96867 2
96868 1
96869 0
96870 2
96871 1
96872 0
96873 1
96874 0
96875 2
96876 1
96877 2
96878 0
96879 2
96880 1
96881 0
96882 2
96883 1
96884 0
96885 1
96886 2
96887 0
96888 2
96889 1
96890 0
96891 1
96892 0
96893 1
96894 3
96895 0
96896 2
96897 1
96898 0
96899 1
96900 2
96901 1
96902 0
96903 2
96904 1
96905 2
96906 0
96907 1
96908 2
96909 1
96910 2
96911 0
96912 1
96913 0
96914 3
96915 1
96916 0
96917 1
96918 0
96919 2
96920 0
96921 1
96922 0
96923 2
96924 1
96925 0
96926 1
96927 2
96928 1
96929 2
96930 0
96931 1
96932 0
96933 2
96934 3
96935 0
96936 1
96937 2
96938 0
96939 2
96940 1
96941 0
96942 2
96943 1
96944 2
96945 1
96946 2
96947 0
96948 3
96949 2
96950 1
96951 0
96952 1
96953 2
96954 1
96955 0
96956 2
96957 0
96958 1
96959 0
96960 2
96961 1
96962 0
96963 1
96964 0
96965 3
96966 2
96967 3
96968 0
96969 2
96970 1
96971 2
96972 0
96973 2
96974 0
96975 1
96976 2
96977 0
96978 3
96979 2
96980 1
96981 0
96982 1
96983 0
96984 2
96985 1
96986 0
96987 2
96988 1
96989 0
96990 2
96991 1
96992 0
96993 3
96994 2
96995 1
96996 3
96997 2
96998 0
96999 1
97000 0
97001 1
97002 0
97003 1
97004 0
97005 1
97006 0
97007 1
97008 0
97009 2
97010 0
97011 1
97012 0
97013 1
97014 0
97015 2
97016 0
97017 1
97018 2
97019 0
97020 1
97021 0
97022 1
97023 2
97024 0
97025 2
97026 1
97027 0
97028 1
97029 0
97030 1
97031 2
97032 1
97033 0
97034 1
97035 0
97036 2
97037 3
97038 0
97039 1
97040 2
97041 3
97042 1
97043 2
97044 1
97045 2
97046 0
97047 1
97048 3
97049 2
97050 0
97051 1
97052 0
97053 1
97054 2
97055 0
97056 2
97057 3
97058 2
97059 1
97060 0
97061 3
97062 2
97063 1
97064 0
97065 2
97066 1
97067 0
97068 2
97069 1
97070 2
97071 3
97072 0
97073 2
97074 1
97075 3
97076 2
97077 0
97078 1
97079 0
97080 1
97081 2
97082 0
97083 1
97084 0
97085 2
97086 0
97087 1
97088 2
97089 0
97090 1
97091 2
97092 0
97093 2
97094 1
97095 2
97096 3
97097 1
97098 0
97099 2
97100 1
97101 2
97102 0
97103 2
97104 1
97105 0
97106 1
97107 2
97108 1
97109 0
97110 2
97111 1
97112 0
97113 2
97114 3
97115 2
97116 1
97117 0
97118 2
97119 0
97120 1
97121 0
97122 1
97123 0
97124 1
97125 0
97126 2
97127 1
97128 0
97129 1
97130 2
97131 0
97132 1
97133 2
97134 3
97135 1
97136 0
97137 1
97138 0
97139 1
97140 2
97141 1
97142 0
97143 1
97144 0
97145 1
97146 2
97147 0
97148 2
97149 1
97150 0
97151 1
97152 2
97153 0
97154 2
97155 3
97156 0
97157 1
97158 2
97159 1
97160 0
97161 1
97162 2
97163 0
97164 2
97165 1
97166 0
97167 1
97168 0
97169 1
97170 0
97171 1
97172 0
97173 2
97174 0
97175 1
97176 2
97177 0
97178 1
97179 0
97180 2
97181 0
97182 1
97183 2
97184 0
97185 2
97186 1
97187 0
97188 2
97189 1
97190 2
97191 1
97192 0
97193 1
97194 0
97195 2
97196 1
97197 2
97198 1
97199 0
97200 1
97201 0
97202 1
97203 0
97204 1
97205 0
97206 1
97207 0
97208 2
97209 1
97210 0
97211 2
97212 1
97213 2
97214 1
97215 0
97216 1
97217 2
97218 0
97219 2
97220 3
97221 1
97222 2
97223 1
97224 2
97225 0
97226 2
97227 1
97228 0
97229 3
97230 1
97231 2
97232 1
97233 2
97234 0
97235 1
97236 0
97237 1
97238 0
97239 1
97240 0
97241 2
97242 1
97243 0
97244 2
97245 1
97246 2
97247 3
97248 0
97249 1
97250 2
97251 0
97252 2
97253 1
97254 0
97255 2
97256 1
97257 3
97258 0
97259 2
97260 1
97261 0
97262 2
97263 1
97264 0
97265 1
97266 2
97267 0
97268 2
97269 1
97270 0
97271 1
97272 2
97273 0
97274 1
97275 2
97276 0
97277 2
97278 1
97279 0
97280 3
97281 2
97282 1
97283 2
97284 0
97285 1
97286 2
97287 0
97288 1
97289 2
97290 1
97291 2
97292 0
97293 1
97294 2
97295 1
97296 0
97297 3
97298 0
97299 2
97300 3
97301 1
97302 0
97303 2
97304 0
97305 1
97306 0
97307 1
97308 2
97309 0
97310 2
97311 1
97312 2
97313 1
97314 2
97315 1
97316 0
97317 3
97318 1
97319 3
97320 0
97321 2
97322 1
97323 2
97324 1
97325 0
97326 2
97327 0
97328 1
97329 2
97330 0
97331 2
97332 3
97333 0
97334 1
97335 2
97336 0
97337 1
97338 0
97339 2
97340 1
97341 2
97342 1
97343 0
97344 2
97345 1
97346 2
97347 0
97348 2
97349 3
97350 2
97351 1
97352 2
97353 1
97354 0
97355 1
97356 0
97357 1
97358 0
97359 2
97360 1
97361 2
97362 0
97363 1
97364 2
97365 1
97366 0
97367 2
97368 1
97369 2
97370 0
97371 3
97372 2
97373 3
97374 0
97375 2
97376 1
97377 2
97378 1
97379 2
97380 0
97381 1
97382 2
97383 3
97384 1
97385 0
97386 2
97387 1
97388 3
97389 2
97390 1
97391 3
97392 2
97393 0
97394 1
97395 0
97396 1
97397 0
97398 2
97399 3
97400 0
97401 2
97402 1
97403 2
97404 3
97405 0
97406 1
97407 0
97408 2
97409 0
97410 3
97411 1
97412 3
97413 0
97414 1
97415 0
97416 1
97417 2
97418 0
97419 1
97420 2
97421 0
97422 1
97423 0
97424 1
97425 3
97426 1
97427 2
97428 3
97429 1
97430 3
97431 2
97432 0
97433 1
97434 0
97435 1
97436 2
97437 0
97438 1
97439 0
97440 1
97441 2
97442 3
97443 1
97444 0
97445 2
97446 3
97447 1
97448 2
97449 3
97450 1
97451 0
97452 2
97453 1
97454 3
97455 2
97456 1
97457 2
97458 1
97459 0
97460 1
97461 0
97462 2
97463 0
97464 2
97465 3
97466 0
97467 2
97468 3
97469 0
97470 2
97471 1
97472 0
97473 2
97474 1
97475 0
97476 1
97477 0
97478 1
97479 2
97480 0
97481 1
97482 0
97483 1
97484 0
97485 1
97486 0
97487 1
97488 0
97489 1
97490 0
97491 1
97492 0
97493 3
97494 1
97495 0
97496 1
97497 0
97498 1
97499 2
97500 0
97501 2
97502 1
97503 3
97504 1
97505 3
97506 2
97507 0
97508 2
97509 1
97510 0
97511 1
97512 0
97513 2
97514 1
97515 2
97516 1
97517 3
97518 0
97519 2
97520 1
97521 0
97522 2
97523 0
97524 1
97525 0
97526 2
97527 1
97528 0
97529 1
97530 0
97531 1
97532 2
97533 1
97534 0
97535 2
97536 1
97537 2
97538 1
97539 0
97540 2
97541 0
97542 1
97543 0
97544 1
97545 2
97546 1
97547 0
97548 1
97549 0
97550 2
97551 3
97552 1
97553 2
97554 0
97555 1
97556 2
97557 0
97558 1
97559 0
97560 1
97561 0
97562 2
97563 0
97564 3
97565 0
97566 2
97567 0
97568 2
97569 0
97570 1
97571 3
97572 0
97573 2
97574 0
97575 2
97576 1
97577 2
97578 0
97579 1
97580 0
97581 1
97582 0
97583 1
97584 0
97585 2
97586 1
97587 3
97588 2
97589 3
97590 1
97591 2
97592 1
97593 2
97594 0
97595 1
97596 2
97597 1
97598 2
97599 0
97600 2
97601 0
97602 2
97603 1
97604 0
97605 3
97606 2
97607 1
97608 2
97609 3
97610 2
97611 3
97612 1
97613 0
97614 2
97615 1
97616 2
97617 1
97618 0
97619 2
97620 1
97621 2
97622 0
97623 2
97624 0
97625 2
97626 1
97627 0
97628 2
97629 1
97630 2
97631 0
97632 2
97633 3
97634 0
97635 1
97636 2
97637 0
97638 1
97639 2
97640 1
97641 0
97642 2
97643 0
97644 1
97645 2
97646 1
97647 2
97648 0
97649 2
97650 1
97651 0
97652 1
97653 3
97654 2
97655 0
97656 1
97657 2
97658 0
97659 2
97660 0
97661 2
97662 1
97663 0
97664 1
97665 2
97666 1
97667 0
97668 1
97669 2
97670 0
97671 1
97672 0
97673 2
97674 1
97675 0
97676 3
97677 2
97678 1
97679 2
97680 0
97681 1
97682 0
97683 1
97684 0
97685 2
97686 1
97687 0
97688 1
97689 0
97690 2
97691 1
97692 0
97693 1
97694 0
97695 1
97696 0
97697 1
97698 0
97699 2
97700 1
97701 2
97702 3
97703 1
97704 2
97705 1
97706 2
97707 0
97708 1
97709 2
97710 0
97711 1
97712 0
97713 2
97714 1
97715 0
97716 1
97717 2
97718 0
97719 1
97720 0
97721 2
97722 0
97723 1
97724 2
97725 0
97726 2
97727 0
97728 1
97729 0
97730 2
97731 1
97732 2
97733 0
97734 2
97735 0
97736 1
97737 0
97738 1
97739 0
97740 1
97741 0
97742 2
97743 0
97744 2
97745 0
97746 1
97747 2
97748 0
97749 1
97750 2
97751 3
97752 2
97753 1
97754 2
97755 0
97756 2
97757 1
97758 0
97759 1
97760 0
97761 2
97762 0
97763 2
97764 0
97765 2
97766 3
97767 1
97768 2
97769 3
97770 1
97771 0
97772 3
97773 1
97774 2
97775 1
97776 2
97777 1
97778 0
97779 3
97780 1
97781 2
97782 0
97783 2
97784 0
97785 2
97786 1
97787 2
97788 0
97789 1
97790 2
97791 1
97792 0
97793 2
97794 1
97795 2
97796 0
97797 2
97798 1
97799 2
97800 0
97801 2
97802 1
97803 3
97804 2
97805 1
97806 2
97807 0
97808 1
97809 0
97810 1
97811 2
97812 0
97813 1
97814 0
97815 2
97816 1
97817 2
97818 0
97819 1
97820 2
97821 0
97822 2
97823 1
97824 0
97825 1
97826 0
97827 2
97828 1
97829 0
97830 2
97831 0
97832 2
97833 0
97834 2
97835 0
97836 2
97837 3
97838 1
97839 0
97840 2
97841 0
97842 2
97843 1
97844 0
97845 1
97846 2
97847 1
97848 0
97849 1
97850 3
97851 2
97852 1
97853 2
97854 0
97855 1
97856 2
97857 0
97858 2
97859 0
97860 1
97861 0
97862 1
97863 0
97864 2
97865 1
97866 2
97867 0
97868 2
97869 1
97870 2
97871 0
97872 2
97873 1
97874 0
97875 1
97876 0
97877 1
97878 2
97879 0
97880 3
97881 1
97882 0
97883 2
97884 3
97885 1
97886 3
97887 0
97888 1
97889 0
97890 1
97891 2
97892 1
97893 2
97894 1
97895 3
97896 2
97897 0
97898 1
97899 2
97900 3
97901 0
97902 2
97903 1
97904 0
97905 2
97906 0
97907 1
97908 0
97909 1
97910 0
97911 1
97912 2
97913 0
97914 2
97915 0
97916 1
97917 0
97918 3
97919 2
97920 0
97921 1
97922 2
97923 1
97924 2
97925 0
97926 1
97927 3
97928 2
97929 3
97930 2
97931 0
97932 1
97933 2
97934 1
97935 2
97936 0
97937 2
97938 1
97939 0
97940 1
97941 2
97942 0
97943 1
97944 2
97945 0
97946 1
97947 0
97948 1
97949 2
97950 3
97951 1
97952 0
97953 2
97954 0
97955 2
97956 3
97957 0
97958 1
97959 0
97960 1
97961 0
97962 1
97963 2
97964 1
97965 3
97966 0
97967 1
97968 0
97969 1
97970 0
97971 2
97972 0
97973 1
97974 2
97975 0
97976 1
97977 3
97978 2
97979 0
97980 1
97981 0
97982 1
97983 0
97984 2
97985 0
97986 3
97987 1
97988 0
97989 1
97990 0
97991 1
97992 0
97993 2
97994 3
97995 0
97996 1
97997 0
97998 2
97999 1
98000 0
98001 1
98002 0
98003 2
98004 1
98005 3
98006 2
98007 1
98008 0
98009 2
98010 0
98011 2
98012 0
98013 2
98014 1
98015 2
98016 0
98017 2
98018 1
98019 2
98020 1
98021 0
98022 2
98023 3
98024 1
98025 0
98026 1
98027 0
98028 2
98029 1
98030 2
98031 1
98032 2
98033 1
98034 0
98035 1
98036 2
98037 0
98038 2
98039 1
98040 2
98041 0
98042 2
98043 0
98044 1
98045 2
98046 1
98047 2
98048 1
98049 0
98050 2
98051 0
98052 1
98053 0
98054 1
98055 2
98056 3
98057 0
98058 2
98059 3
98060 0
98061 2
98062 1
98063 0
98064 1
98065 2
98066 1
98067 2
98068 0
98069 1
98070 2
98071 1
98072 0
98073 1
98074 2
98075 0
98076 1
98077 2
98078 1
98079 2
98080 1
98081 2
98082 0
98083 1
98084 0
98085 2
98086 1
98087 0
98088 1
98089 2
98090 3
98091 1
98092 2
98093 0
98094 1
98095 0
98096 2
98097 1
98098 2
98099 1
98100 2
98101 0
98102 3
98103 1
98104 2
98105 0
98106 2
98107 1
98108 2
98109 0
98110 1
98111 2
98112 1
98113 0
98114 1
98115 2
98116 0
98117 1
98118 2
98119 3
98120 2
98121 0
98122 2
98123 0
98124 1
98125 3
98126 1
98127 0
98128 3
98129 1
98130 0
98131 1
98132 2
98133 1
98134 0
98135 1
98136 2
98137 3
98138 1
98139 2
98140 0
98141 3
98142 2
98143 0
98144 2
98145 1
98146 0
98147 2
98148 1
98149 2
98150 0
98151 1
98152 2
98153 0
98154 1
98155 0
98156 2
98157 1
98158 0
98159 1
98160 2
98161 0
98162 2
98163 0
98164 1
98165 0
98166 1
98167 0
98168 2
98169 1
98170 0
98171 1
98172 0
98173 1
98174 0
98175 2
98176 1
98177 2
98178 0
98179 1
98180 0
98181 2
98182 0
98183 1
98184 3
98185 2
98186 1
98187 2
98188 0
98189 1
98190 2
98191 0
98192 1
98193 0
98194 1
98195 0
98196 1
98197 0
98198 1
98199 2
98200 0
98201 2
98202 1
98203 2
98204 0
98205 2
98206 1
98207 2
98208 3
98209 1
98210 2
98211 0
98212 2
98213 0
98214 1
98215 2
98216 0
98217 1
98218 0
98219 2
98220 3
98221 0
98222 1
98223 3
98224 1
98225 0
98226 3
98227 2
98228 1
98229 2
98230 0
98231 1
98232 2
98233 0
98234 1
98235 2
98236 0
98237 1
98238 0
98239 2
98240 1
98241 2
98242 1
98243 0
98244 1
98245 3
98246 1
98247 0
98248 1
98249 0
98250 3
98251 0
98252 2
98253 1
98254 2
98255 0
98256 1
98257 0
98258 1
98259 0
98260 2
98261 0
98262 2
98263 0
98264 1
98265 0
98266 1
98267 0
98268 2
98269 1
98270 0
98271 2
98272 1
98273 0
98274 1
98275 0
98276 2
98277 0
98278 1
98279 2
98280 0
98281 2
98282 1
98283 2
98284 1
98285 2
98286 1
98287 0
98288 2
98289 3
98290 1
98291 0
98292 2
98293 0
98294 3
98295 1
98296 0
98297 2
98298 1
98299 2
98300 0
98301 2
98302 1
98303 2
98304 1
98305 0
98306 1
98307 0
98308 3
98309 1
98310 2
98311 3
98312 0
98313 1
98314 0
98315 2
98316 0
98317 1
98318 0
98319 2
98320 0
98321 1
98322 0
98323 1
98324 0
98325 1
98326 2
98327 1
98328 0
98329 2
98330 1
98331 0
98332 1
98333 0
98334 1
98335 2
98336 0
98337 1
98338 2
98339 0
98340 2
98341 1
98342 2
98343 1
98344 0
98345 2
98346 1
98347 0
98348 2
98349 0
98350 1
98351 0
98352 1
98353 0
98354 2
98355 1
98356 0
98357 1
98358 2
98359 0
98360 1
98361 2
98362 1
98363 0
98364 2
98365 1
98366 0
98367 2
98368 0
98369 2
98370 1
98371 0
98372 2
98373 1
98374 0
98375 1
98376 0
98377 3
98378 1
98379 0
98380 2
98381 3
98382 0
98383 2
98384 1
98385 0
98386 1
98387 0
98388 1
98389 2
98390 0
98391 1
98392 0
98393 1
98394 2
98395 0
98396 3
98397 0
98398 1
98399 2
98400 3
98401 1
98402 0
98403 2
98404 1
98405 0
98406 1
98407 2
98408 0
98409 2
98410 3
98411 1
98412 2
98413 0
98414 2
98415 1
98416 0
98417 2
98418 1
98419 2
98420 0
98421 1
98422 2
98423 1
98424 2
98425 1
98426 0
98427 1
98428 0
98429 1
98430 2
98431 3
98432 1
98433 2
98434 0
98435 2
98436 1
98437 0
98438 1
98439 2
98440 1
98441 0
98442 1
98443 2
98444 0
98445 1
98446 0
98447 2
98448 1
98449 2
98450 1
98451 0
98452 1
98453 0
98454 2
98455 0
98456 1
98457 2
98458 3
98459 0
98460 3
98461 0
98462 1
98463 3
98464 0
98465 2
98466 3
98467 0
98468 2
98469 1
98470 2
98471 1
98472 2
98473 0
98474 2
98475 1
98476 0
98477 2
98478 1
98479 0
98480 1
98481 2
98482 0
98483 2
98484 1
98485 0
98486 1
98487 0
98488 1
98489 0
98490 1
98491 0
98492 1
98493 0
98494 3
98495 2
98496 0
98497 1
98498 0
98499 1
98500 2
98501 1
98502 2
98503 1
98504 2
98505 0
98506 1
98507 0
98508 1
98509 2
98510 0
98511 1
98512 2
98513 1
98514 2
98515 0
98516 1
98517 3
98518 2
98519 1
98520 0
98521 2
98522 1
98523 0
98524 1
98525 2
98526 0
98527 1
98528 2
98529 0
98530 1
98531 0
98532 1
98533 0
98534 1
98535 2
98536 0
98537 1
98538 2
98539 0
98540 1
98541 2
98542 0
98543 1
98544 3
98545 2
98546 1
98547 0
98548 2
98549 1
98550 2
98551 1
98552 2
98553 1
98554 0
98555 3
98556 1
98557 2
98558 0
98559 1
98560 2
98561 0
98562 1
98563 0
98564 2
98565 1
98566 0
98567 2
98568 0
98569 1
98570 0
98571 1
98572 0
98573 2
98574 0
98575 1
98576 2
98577 0
98578 1
98579 2
98580 3
98581 1
98582 3
98583 2
98584 0
98585 2
98586 1
98587 0
98588 2
98589 1
98590 0
98591 2
98592 3
98593 1
98594 0
98595 1
98596 0
98597 2
98598 0
98599 1
98600 0
98601 2
98602 0
98603 1
98604 0
98605 2
98606 1
98607 2
98608 1
98609 0
98610 2
98611 1
98612 0
98613 2
98614 1
98615 2
98616 0
98617 1
98618 0
98619 1
98620 0
98621 2
98622 3
98623 1
98624 2
98625 0
98626 2
98627 1
98628 0
98629 1
98630 2
98631 0
98632 1
98633 2
98634 0
98635 1
98636 0
98637 1
98638 0
98639 1
98640 0
98641 1
98642 2
98643 3
98644 1
98645 0
98646 1
98647 2
98648 1
98649 0
98650 2
98651 1
98652 2
98653 1
98654 2
98655 3
98656 2
98657 0
98658 2
98659 1
98660 0
98661 2
98662 1
98663 0
98664 3
98665 2
98666 1
98667 2
98668 3
98669 0
98670 1
98671 3
98672 2
98673 0
98674 1
98675 0
98676 2
98677 1
98678 0
98679 1
98680 0
98681 1
98682 0
98683 2
98684 0
98685 2
98686 3
98687 0
98688 1
98689 2
98690 1
98691 2
98692 0
98693 2
98694 0
98695 1
98696 2
98697 0
98698 1
98699 0
98700 1
98701 0
98702 1
98703 0
98704 2
98705 0
98706 1
98707 2
98708 1
98709 0
98710 2
98711 1
98712 2
98713 0
98714 2
98715 1
98716 2
98717 0
98718 2
98719 0
98720 1
98721 2
98722 0
98723 2
98724 1
98725 2
98726 1
98727 2
98728 0
98729 2
98730 1
98731 2
98732 0
98733 1
98734 2
98735 1
98736 0
98737 1
98738 0
98739 2
98740 1
98741 2
98742 0
98743 1
98744 2
98745 0
98746 1
98747 2
98748 0
98749 1
98750 2
98751 0
98752 2
98753 1
98754 2
98755 1
98756 0
98757 1
98758 0
98759 2
98760 3
98761 0
98762 1
98763 0
98764 2
98765 3
98766 1
98767 0
98768 1
98769 2
98770 3
98771 1
98772 0
98773 2
98774 0
98775 1
98776 2
98777 1
98778 0
98779 1
98780 0
98781 2
98782 0
98783 2
98784 1
98785 0
98786 1
98787 0
98788 1
98789 2
98790 0
98791 1
98792 0
98793 1
98794 2
98795 1
98796 2
98797 3
98798 0
98799 1
98800 2
98801 0
98802 2
98803 1
98804 0
98805 1
98806 2
98807 0
98808 2
98809 1
98810 2
98811 0
98812 1
98813 2
98814 0
98815 2
98816 0
98817 1
98818 0
98819 2
98820 0
98821 1
98822 2
98823 1
98824 2
98825 1
98826 2
98827 1
98828 0
98829 1
98830 0
98831 1
98832 3
98833 0
98834 1
98835 2
98836 0
98837 1
98838 2
98839 1
98840 0
98841 1
98842 0
98843 1
98844 2
98845 1
98846 0
98847 1
98848 2
98849 0
98850 3
98851 2
98852 1
98853 3
98854 0
98855 3
98856 1
98857 2
98858 0
98859 1
98860 0
98861 3
98862 1
98863 0
98864 1
98865 3
98866 1
98867 2
98868 1
98869 0
98870 2
98871 1
98872 2
98873 0
98874 2
98875 0
98876 1
98877 2
98878 1
98879 2
98880 0
98881 1
98882 2
98883 0
98884 2
98885 0
98886 1
98887 2
98888 0
98889 1
98890 2
98891 1
98892 2
98893 0
98894 2
98895 1
98896 2
98897 0
98898 2
98899 1
98900 0
98901 1
98902 0
98903 2
98904 1
98905 0
98906 1
98907 0
98908 3
98909 1
98910 0
98911 2
98912 1
98913 0
98914 1
98915 0
98916 1
98917 2
98918 0
98919 1
98920 2
98921 1
98922 2
98923 0
98924 1
98925 0
98926 1
98927 0
98928 1
98929 2
98930 0
98931 1
98932 0
98933 2
98934 0
98935 2
98936 1
98937 3
98938 2
98939 1
98940 0
98941 2
98942 1
98943 0
98944 1
98945 3
98946 2
98947 1
98948 0
98949 1
98950 0
98951 2
98952 0
98953 2
98954 1
98955 0
98956 1
98957 2
98958 1
98959 0
98960 1
98961 2
98962 0
98963 2
98964 3
98965 1
98966 2
98967 1
98968 0
98969 2
98970 1
98971 0
98972 1
98973 0
98974 1
98975 0
98976 1
98977 2
98978 3
98979 1
98980 2
98981 0
98982 2
98983 3
98984 1
98985 0
98986 2
98987 0
98988 1
98989 0
98990 1
98991 0
98992 2
98993 0
98994 1
98995 0
98996 1
98997 0
98998 1
98999 0
99000 3
99001 0
99002 1
99003 0
99004 2
99005 1
99006 0
99007 1
99008 2
99009 3
99010 1
99011 0
99012 2
99013 1
99014 2
99015 0
99016 1
99017 2
99018 0
99019 2
99020 0
99021 1
99022 2
99023 0
99024 2
99025 1
99026 0
99027 3
99028 0
99029 1
99030 2
99031 1
99032 0
99033 2
99034 1
99035 2
99036 0
99037 2
99038 1
99039 3
99040 2
99041 3
99042 0
99043 2
99044 1
99045 3
99046 1
99047 2
99048 0
99049 1
99050 0
99051 1
99052 3
99053 0
99054 1
99055 2
99056 0
99057 1
99058 0
99059 2
99060 1
99061 2
99062 0
99063 2
99064 3
99065 1
99066 0
99067 2
99068 0
99069 3
99070 1
99071 2
99072 0
99073 1
99074 2
99075 3
99076 0
99077 1
99078 2
99079 1
99080 0
99081 1
99082 2
99083 1
99084 0
99085 1
99086 0
99087 1
99088 0
99089 2
99090 1
99091 0
99092 2
99093 1
99094 0
99095 1
99096 0
99097 2
99098 0
99099 2
99100 1
99101 2
99102 0
99103 2
99104 0
99105 2
99106 1
99107 0
99108 1
99109 0
99110 2
99111 1
99112 0
99113 2
99114 0
99115 1
99116 0
99117 1
99118 2
99119 1
99120 2
99121 0
99122 2
99123 0
99124 2
99125 1
99126 0
99127 1
99128 0
99129 1
99130 0
99131 1
99132 2
99133 0
99134 2
99135 1
99136 0
99137 2
99138 1
99139 3
99140 0
99141 1
99142 2
99143 1
99144 0
99145 1
99146 2
99147 0
99148 3
99149 2
99150 3
99151 1
99152 0
99153 2
99154 1
99155 0
99156 1
99157 0
99158 1
99159 0
99160 2
99161 1
99162 0
99163 1
99164 0
99165 2
99166 1
99167 0
99168 2
99169 1
99170 2
99171 3
99172 2
99173 0
99174 2
99175 3
99176 1
99177 2
99178 1
99179 0
99180 1
99181 2
99182 0
99183 3
99184 0
99185 3
99186 2
99187 3
99188 0
99189 2
99190 0
99191 2
99192 3
99193 2
99194 0
99195 2
99196 1
99197 0
99198 1
99199 0
99200 2
99201 0
99202 2
99203 3
99204 1
99205 0
99206 1
99207 0
99208 1
99209 0
99210 1
99211 3
99212 0
99213 2
99214 1
99215 3
99216 2
99217 1
99218 0
99219 3
99220 0
99221 1
99222 2
99223 1
99224 3
99225 2
99226 3
99227 0
99228 1
99229 2
99230 1
99231 2
99232 0
99233 2
99234 1
99235 2
99236 0
99237 1
99238 0
99239 2
99240 1
99241 0
99242 1
99243 0
99244 1
99245 0
99246 1
99247 0
99248 3
99249 2
99250 1
99251 0
99252 1
99253 2
99254 3
99255 2
99256 1
99257 2
99258 0
99259 2
99260 1
99261 2
99262 0
99263 1
99264 3
99265 0
99266 1
99267 2
99268 0
99269 1
99270 2
99271 0
99272 1
99273 2
99274 0
99275 1
99276 0
99277 1
99278 0
99279 2
99280 3
99281 0
99282 2
99283 1
99284 2
99285 1
99286 0
99287 2
99288 0
99289 1
99290 2
99291 0
99292 1
99293 0
99294 1
99295 2
99296 1
99297 2
99298 1
99299 0
99300 1
99301 2
99302 0
99303 2
99304 0
99305 1
99306 2
99307 1
99308 0
99309 1
99310 2
99311 1
99312 2
99313 0
99314 1
99315 2
99316 1
99317 2
99318 1
99319 3
99320 2
99321 1
99322 2
99323 1
99324 3
99325 0
99326 1
99327 0
99328 2
99329 0
99330 1
99331 0
99332 2
99333 1
99334 2
99335 1
99336 2
99337 0
99338 1
99339 2
99340 0
99341 2
99342 1
99343 2
99344 0
99345 1
99346 0
99347 2
99348 1
99349 3
99350 1
99351 0
99352 2
99353 0
99354 2
99355 0
99356 3
99357 1
99358 2
99359 0
99360 2
99361 3
99362 0
99363 2
99364 3
99365 0
99366 2
99367 1
99368 2
99369 3
99370 1
99371 2
99372 1
99373 0
99374 1
99375 2
99376 0
99377 2
99378 1
99379 2
99380 0
99381 1
99382 2
99383 1
99384 0
99385 2
99386 1
99387 2
99388 3
99389 1
99390 0
99391 2
99392 3
99393 1
99394 0
99395 3
99396 0
99397 2
99398 1
99399 2
99400 1
99401 2
99402 0
99403 1
99404 0
99405 1
99406 0
99407 1
99408 2
99409 1
99410 2
99411 1
99412 2
99413 0
99414 1
99415 0
99416 2
99417 0
99418 2
99419 1
99420 0
99421 1
99422 2
99423 1
99424 2
99425 3
99426 0
99427 2
99428 0
99429 2
99430 0
99431 2
99432 3
99433 0
99434 2
99435 1
99436 0
99437 3
99438 1
99439 0
99440 1
99441 0
99442 1
99443 2
99444 1
99445 2
99446 1
99447 0
99448 3
99449 2
99450 1
99451 2
99452 3
99453 2
99454 3
99455 0
99456 1
99457 2
99458 1
99459 0
99460 2
99461 3
99462 1
99463 2
99464 1
99465 0
99466 2
99467 1
99468 0
99469 1
99470 0
99471 1
99472 2
99473 0
99474 1
99475 0
99476 2
99477 0
99478 2
99479 1
99480 0
99481 1
99482 2
99483 3
99484 0
99485 1
99486 0
99487 1
99488 2
99489 0
99490 2
99491 1
99492 2
99493 3
99494 1
99495 0
99496 1
99497 2
99498 0
99499 1
99500 0
99501 1
99502 2
99503 1
99504 2
99505 0
99506 2
99507 1
99508 0
99509 2
99510 0
99511 1
99512 2
99513 0
99514 2
99515 1
99516 0
99517 2
99518 1
99519 2
99520 1
99521 3
99522 0
99523 2
99524 0
99525 2
99526 1
99527 0
99528 3
99529 2
99530 1
99531 3
99532 2
99533 0
99534 1
99535 0
99536 1
99537 0
99538 1
99539 3
99540 2
99541 1
99542 0
99543 1
99544 0
99545 1
99546 2
99547 1
99548 2
99549 0
99550 1
99551 2
99552 1
99553 2
99554 0
99555 2
99556 0
99557 1
99558 0
99559 1
99560 0
99561 3
99562 0
99563 2
99564 0
99565 2
99566 0
99567 1
99568 0
99569 2
99570 1
99571 2
99572 0
99573 1
99574 2
99575 3
99576 1
99577 3
99578 4
99579 2
99580 1
99581 2
99582 0
99583 1
99584 2
99585 0
99586 2
99587 0
99588 2
99589 0
99590 2
99591 1
99592 2
99593 1
99594 0
99595 3
99596 1
99597 2
99598 1
99599 3
99600 0
99601 2
99602 3
99603 1
99604 2
99605 0
99606 2
99607 1
99608 0
99609 1
99610 3
99611 2
99612 1
99613 0
99614 1
99615 2
99616 3
99617 2
99618 0
99619 2
99620 1
99621 0
99622 1
99623 0
99624 1
99625 2
99626 1
99627 0
99628 1
99629 0
99630 2
99631 1
99632 2
99633 1
99634 0
99635 1
99636 2
99637 0
99638 1
99639 2
99640 0
99641 2
99642 1
99643 3
99644 4
99645 1
99646 0
99647 2
99648 0
99649 2
99650 3
99651 2
99652 1
99653 2
99654 0
99655 1
99656 0
99657 1
99658 2
99659 1
99660 0
99661 1
99662 2
99663 3
99664 0
99665 1
99666 0
99667 1
99668 3
99669 2
99670 1
99671 0
99672 2
99673 0
99674 1
99675 2
99676 0
99677 2
99678 3
99679 1
99680 2
99681 1
99682 0
99683 2
99684 1
99685 2
99686 3
99687 1
99688 0
99689 1
99690 0
99691 2
99692 1
99693 0
99694 2
99695 3
99696 2
99697 0
99698 2
99699 0
99700 2
99701 0
99702 1
99703 2
99704 0
99705 1
99706 0
99707 2
99708 1
99709 2
99710 0
99711 2
99712 0
99713 1
99714 2
99715 0
99716 2
99717 1
99718 0
99719 1
99720 2
99721 1
99722 2
99723 1
99724 0
99725 2
99726 1
99727 2
99728 0
99729 1
99730 2
99731 0
99732 2
99733 1
99734 3
99735 2
99736 1
99737 2
99738 0
99739 1
99740 0
99741 2
99742 0
99743 3
99744 2
99745 1
99746 0
99747 1
99748 3
99749 2
99750 0
99751 1
99752 0
99753 1
99754 3
99755 2
99756 1
99757 2
99758 0
99759 3
99760 0
99761 1
99762 2
99763 0
99764 1
99765 2
99766 1
99767 0
99768 1
99769 0
99770 1
99771 0
99772 1
99773 0
99774 1
99775 2
99776 0
99777 1
99778 0
99779 2
99780 1
99781 0
99782 2
99783 0
99784 3
99785 0
99786 2
99787 1
99788 0
99789 1
99790 2
99791 1
99792 2
99793 1
99794 2
99795 1
99796 0
99797 1
99798 0
99799 2
99800 0
99801 1
99802 3
99803 1
99804 2
99805 1
99806 0
99807 1
99808 2
99809 1
99810 3
99811 2
99812 1
99813 2
99814 1
99815 0
99816 2
99817 1
99818 0
99819 1
99820 0
99821 1
99822 2
99823 1
99824 0
99825 1
99826 3
99827 0
99828 1
99829 0
99830 1
99831 3
99832 2
99833 1
99834 2
99835 0
99836 2
99837 0
99838 2
99839 0
99840 1
99841 0
99842 2
99843 1
99844 0
99845 1
99846 0
99847 2
99848 1
99849 0
99850 3
99851 2
99852 0
99853 1
99854 0
99855 3
99856 0
99857 2
99858 1
99859 2
99860 0
99861 2
99862 1
99863 0
99864 2
99865 1
99866 0
99867 2
99868 1
99869 2
99870 1
99871 0
99872 1
99873 0
99874 2
99875 0
99876 1
99877 0
99878 2
99879 3
99880 0
99881 1
99882 0
99883 1
99884 0
99885 2
99886 3
99887 1
99888 0
99889 1
99890 2
99891 1
99892 2
99893 0
99894 2
99895 0
99896 2
99897 0
99898 1
99899 2
99900 0
99901 1
99902 0
99903 1
99904 0
99905 2
99906 1
99907 2
99908 1
99909 2
99910 3
99911 2
99912 0
99913 1
99914 0
99915 1
99916 0
99917 3
99918 2
99919 3
99920 0
99921 2
99922 0
99923 1
99924 2
99925 0
99926 2
99927 0
99928 2
99929 0
99930 2
99931 1
99932 0
99933 1
99934 2
99935 0
99936 3
99937 2
99938 3
99939 0
99940 1
99941 0
99942 1
99943 2
99944 1
99945 0
99946 1
99947 2
99948 1
99949 0
99950 1
99951 0
99952 2
99953 0
99954 1
99955 0
99956 2
99957 3
99958 1
99959 2
99960 1
99961 0
99962 2
99963 0
99964 1
99965 2
99966 1
99967 2
99968 0
99969 1
99970 0
99971 3
99972 1
99973 0
99974 1
99975 2
99976 1
99977 2
99978 0
99979 1
99980 0
99981 1
99982 3
99983 0
99984 1
99985 2
99986 0
99987 1
99988 2
99989 1
99990 2
99991 0
99992 2
99993 0
99994 2
99995 1
99996 2
99997 0
99998 1
99999 0
Colors used: 5
Valid: true
Execution time: 15.438450 ms
